strategy,level,slice,n_days,n_trades,total_pnl,mean_daily_pnl,sharpe_arith_daily_pnl,win_rate,worst_day,max_dd_dollars,top5_share_of_total,total_minus_best5,boot_p_mean_gt0
M-HEAD,L1,WF_2021_2024,973,590,-2900.5000000000746,-2.980986639260097,-0.07694745534286215,0.9389830508474576,-11397.00000000004,18395.000000000182,,-6654.50000000008,0.4635
M-HEAD,L1,Y2021,244,44,5436.499999999993,22.280737704918003,3.836091342374783,0.9772727272727273,-1018.0000000000073,1018.0000000000073,0.25659891474294155,4041.4999999999927,0.9985
M-HEAD,L1,Y2022,243,95,-7813.500000000067,-32.1543209876546,-0.5938296352150075,0.9263157894736842,-11397.00000000004,12988.000000000073,,-11567.500000000073,0.2657
M-HEAD,L1,Y2023,242,242,-2602.0,-10.75206611570248,-0.23718001213260873,0.9214876033057852,-5695.999999999964,8291.500000000047,,-4627.0,0.4139
M-HEAD,L1,Y2024,244,209,2078.5,8.51844262295082,0.2687238788266604,0.9569377990430622,-5734.999999999996,11194.500000000065,0.4883329324031754,1063.5,0.6395
M-HEAD,L1,OOT_2025,242,68,-2965.4999999999454,-12.254132231404734,-0.2735594018118109,0.9705882352941176,-10967.499999999978,10967.499999999978,,-4662.999999999945,0.3678
M-HEAD,L1,EXT_2026,176,0,0.0,0.0,,,0.0,0.0,,0.0,0.0
M-HEAD,P75,WF_2021_2024,973,590,-4446.750000000075,-4.570143884892163,-0.11796025169923458,0.9389830508474576,-11402.00000000004,19475.000000000182,,-8178.25000000008,0.4302
M-HEAD,P75,Y2021,244,44,5255.249999999993,21.537909836065545,3.7455038060119445,0.9772727272727273,-1020.5000000000073,1020.5000000000073,0.26021597450168915,3887.7499999999927,0.9984
M-HEAD,P75,Y2022,243,95,-8149.750000000067,-33.53806584362167,-0.6192118153267282,0.9263157894736842,-11402.00000000004,13243.000000000073,,-11881.250000000073,0.2552
M-HEAD,P75,Y2023,242,242,-3209.5,-13.262396694214877,-0.29258104011000674,0.9214876033057852,-5700.999999999964,8330.250000000047,,-5214.5,0.3859
M-HEAD,P75,Y2024,244,209,1657.25,6.792008196721311,0.21426090099650538,0.9569377990430622,-5737.499999999996,11228.250000000065,0.6034092623321768,657.25,0.6234
M-HEAD,P75,OOT_2025,242,68,-3109.2499999999454,-12.848140495867543,-0.2868415464767102,0.9705882352941176,-10968.749999999978,10968.749999999978,,-4782.999999999945,0.3649
M-HEAD,P75,EXT_2026,176,0,0.0,0.0,,,0.0,0.0,,0.0,0.0
M-HEAD,L2,WF_2021_2024,973,590,-5993.000000000075,-6.159301130524229,-0.15896627983487074,0.9389830508474576,-11407.00000000004,20555.000000000182,,-9702.00000000008,0.3943
M-HEAD,L2,Y2021,244,44,5073.999999999993,20.795081967213086,3.6521903587158064,0.9772727272727273,-1023.0000000000074,1023.0000000000073,0.2640914465904616,3733.9999999999927,0.998
M-HEAD,L2,Y2022,243,95,-8486.000000000067,-34.921810699588754,-0.6445758484573014,0.9263157894736842,-11407.00000000004,13498.000000000073,,-12195.000000000073,0.2456
M-HEAD,L2,Y2023,242,242,-3817.0,-15.772727272727273,-0.3479898594639803,0.9214876033057852,-5705.999999999964,8369.000000000047,,-5802.0,0.3589
M-HEAD,L2,Y2024,244,209,1236.0,5.065573770491803,0.15979731759612642,0.9569377990430622,-5739.999999999996,11262.000000000065,0.7969255663430421,251.0,0.6073
M-HEAD,L2,OOT_2025,242,68,-3252.9999999999454,-13.442148760330353,-0.30012493712534166,0.9705882352941176,-10969.999999999978,10969.999999999978,,-4902.999999999945,0.3623
M-HEAD,L2,EXT_2026,176,0,0.0,0.0,,,0.0,0.0,,0.0,0.0
M-HEAD,L3,WF_2021_2024,973,590,-9196.560000000074,-9.451757451181988,-0.24389968277618146,0.9389830508474576,-11417.29000000004,22796.58000000022,,-12854.11000000008,0.3244
M-HEAD,L3,Y2021,244,44,4837.769999999992,19.826926229508164,3.5231560574972085,0.9772727272727273,-1028.2900000000072,1028.2900000000072,0.2704861950857528,3529.219999999993,0.9971
M-HEAD,L3,Y2022,243,95,-9046.39000000007,-37.227942386831565,-0.6869211437438069,0.9263157894736842,-11417.29000000004,13875.640000000109,,-12703.940000000077,0.2301
M-HEAD,L3,Y2023,242,242,-5127.909999999995,-21.189710743801633,-0.4674301920886869,0.9214876033057852,-5716.289999999964,8479.280000000048,,-7061.459999999996,0.3089
M-HEAD,L3,Y2024,244,209,139.97000000000025,0.5736475409836076,0.018096784216493033,0.9569377990430622,-5745.199999999996,11361.160000000065,6.812531256697851,-813.579999999999,0.562
M-HEAD,L3,OOT_2025,242,68,-3625.1099999999497,-14.979793388429544,-0.33443567763662424,0.9705882352941176,-10975.289999999979,10975.289999999979,,-5233.659999999949,0.3565
M-HEAD,L3,EXT_2026,176,0,0.0,0.0,,,0.0,0.0,,0.0,0.0
M-HEAD,L2_1001,WF_2021_2024,973,590,-6478.000000000075,-6.6577595066804465,-0.17221373135348422,0.9389830508474576,-11327.00000000004,20915.000000000182,,-10087.00000000008,0.3817
M-HEAD,L2_1001,Y2021,244,44,5023.999999999993,20.5901639344262,3.6853205030770266,0.9772727272727273,-988.0000000000072,988.0000000000073,0.2627388535031851,3703.9999999999927,0.9984
M-HEAD,L2_1001,Y2022,243,95,-8366.000000000067,-34.427983539094924,-0.6395386457839238,0.9263157894736842,-11327.00000000004,12978.000000000073,,-11885.000000000073,0.2458
M-HEAD,L2_1001,Y2023,242,242,-4237.0,-17.50826446280992,-0.385089816464738,0.9214876033057852,-5775.999999999964,8384.000000000047,,-6232.0,0.3425
M-HEAD,L2_1001,Y2024,244,209,1101.0,4.512295081967213,0.14240403811821092,0.9569377990430622,-5739.999999999996,11197.000000000065,0.9037238873751136,106.0,0.6007
M-HEAD,L2_1001,OOT_2025,242,68,-3182.9999999999454,-13.152892561983245,-0.29364921686447676,0.9705882352941176,-10969.999999999978,10969.999999999978,,-4772.999999999945,0.3623
M-HEAD,L2_1001,EXT_2026,176,0,0.0,0.0,,,0.0,0.0,,0.0,0.0
M-HEAD,L3_1001,WF_2021_2024,973,590,-9697.19000000007,-9.96627954779041,-0.257745051104165,0.9389830508474576,-11337.29000000004,23176.400000000212,,-13254.740000000078,0.3099
M-HEAD,L3_1001,Y2021,244,44,4787.679999999993,19.621639344262267,3.5542798055394336,0.9772727272727273,-993.2900000000072,993.2900000000072,0.26913870601209816,3499.129999999993,0.9978
M-HEAD,L3_1001,Y2022,243,95,-8941.03000000007,-36.794362139917986,-0.6832592107597971,0.9263157894736842,-11337.29000000004,13370.190000000108,,-12408.580000000076,0.2281
M-HEAD,L3_1001,Y2023,242,242,-5552.729999999994,-22.945165289256174,-0.5045995429326668,0.9214876033057852,-5786.289999999964,8494.190000000046,,-7496.279999999993,0.2951
M-HEAD,L3_1001,Y2024,244,209,8.890000000001237,0.03643442622951327,0.0011498524497453525,0.9569377990430622,-5745.199999999996,11296.430000000066,108.94825646792634,-959.6599999999999,0.5569
M-HEAD,L3_1001,OOT_2025,242,68,-3554.9299999999475,-14.689793388429536,-0.32794130497783086,0.9705882352941176,-10975.289999999979,10975.289999999979,,-5103.479999999949,0.3565
M-HEAD,L3_1001,EXT_2026,176,0,0.0,0.0,,,0.0,0.0,,0.0,0.0
M-HEAD,L2_1003,WF_2021_2024,973,590,-4708.000000000075,-4.8386433710175485,-0.12505448688645815,0.940677966101695,-11397.00000000004,19510.000000000182,,-8397.00000000008,0.4211
M-HEAD,L2_1003,Y2021,244,44,5363.999999999993,21.98360655737702,3.9373369118919115,0.9772727272727273,-943.0000000000073,943.0000000000073,0.2526099925428788,4008.9999999999927,0.999
M-HEAD,L2_1003,Y2022,243,95,-7951.000000000067,-32.720164609053775,-0.6075841951042106,0.9263157894736842,-11397.00000000004,12878.000000000073,,-11520.000000000073,0.2562
M-HEAD,L2_1003,Y2023,242,242,-3642.0,-15.049586776859504,-0.3308535570847414,0.9256198347107438,-5775.999999999964,8294.000000000047,,-5637.0,0.3684
M-HEAD,L2_1003,Y2024,244,209,1521.0,6.233606557377049,0.19613655815629868,0.9569377990430622,-5744.999999999996,11162.000000000065,0.8974358974358975,156.0,0.6169
M-HEAD,L2_1003,OOT_2025,242,68,-3097.9999999999454,-12.801652892561759,-0.28607733049277034,0.9705882352941176,-10954.999999999978,10954.999999999978,,-4752.999999999945,0.3654
M-HEAD,L2_1003,EXT_2026,176,0,0.0,0.0,,,0.0,0.0,,0.0,0.0
M-HEAD,L3_1003,WF_2021_2024,973,590,-7951.470000000069,-8.1721171634122,-0.2111600133021455,0.940677966101695,-11407.29000000004,21786.310000000183,,-11589.020000000077,0.35
M-HEAD,L3_1003,Y2021,244,44,5127.679999999993,21.015081967213085,3.8123798665893993,0.9772727272727273,-948.2900000000074,948.2900000000072,0.25811868135297095,3804.1299999999933,0.9986
M-HEAD,L3_1003,Y2022,243,95,-8525.94000000007,-35.08617283950646,-0.6512082707951974,0.9263157894736842,-11407.29000000004,13269.920000000104,,-12043.490000000076,0.2392
M-HEAD,L3_1003,Y2023,242,242,-4972.099999999995,-20.54586776859502,-0.45163241112687635,0.9256198347107438,-5786.289999999964,8404.100000000044,,-6915.650000000002,0.3176
M-HEAD,L3_1003,Y2024,244,209,418.8900000000003,1.7167622950819685,0.05402056252574431,0.9569377990430622,-5750.199999999996,11261.700000000063,3.171596361813361,-909.6599999999999,0.5747
M-HEAD,L3_1003,OOT_2025,242,68,-3469.8399999999474,-14.338181818181601,-0.32039597173371465,0.9705882352941176,-10960.289999999979,10960.289999999979,,-5083.389999999949,0.3585
M-HEAD,L3_1003,EXT_2026,176,0,0.0,0.0,,,0.0,0.0,,0.0,0.0
M-HEAD,L2_1005,WF_2021_2024,973,590,-3628.0000000000746,-3.7286742034944242,-0.09644672897781725,0.9423728813559322,-11357.00000000004,18970.000000000182,,-7107.00000000008,0.4461
M-HEAD,L2_1005,Y2021,244,44,5643.999999999993,23.131147540983577,4.286982722655759,0.9772727272727273,-843.0000000000073,843.0000000000073,0.2613394755492562,4168.999999999993,0.9996
M-HEAD,L2_1005,Y2022,243,95,-8016.000000000067,-32.98765432098793,-0.6146939322909771,0.9263157894736842,-11357.00000000004,13043.000000000073,,-11445.000000000073,0.2529
M-HEAD,L2_1005,Y2023,242,242,-3312.0,-13.685950413223141,-0.29996052748368024,0.9297520661157025,-5805.999999999964,8344.000000000047,,-5287.0,0.384
M-HEAD,L2_1005,Y2024,244,209,2056.0,8.426229508196721,0.2652074003789899,0.9569377990430622,-5739.999999999996,11137.000000000065,0.7198443579766537,576.0,0.6373
M-HEAD,L2_1005,OOT_2025,242,68,-3282.9999999999454,-13.566115702479113,-0.30278279917051426,0.9705882352941176,-10969.999999999978,10969.999999999978,,-4982.999999999945,0.3617
M-HEAD,L2_1005,EXT_2026,176,0,0.0,0.0,,,0.0,0.0,,0.0,0.0
M-HEAD,L3_1005,WF_2021_2024,973,590,-6891.740000000071,-7.082980472764718,-0.1831698332441817,0.9423728813559322,-11367.29000000004,21261.220000000172,,-10319.29000000008,0.3728
M-HEAD,L3_1005,Y2021,244,44,5397.409999999993,22.120532786885214,4.152271224463954,0.9772727272727273,-853.2900000000072,853.2900000000072,0.2665259819061368,3958.8599999999924,0.9993
M-HEAD,L3_1005,Y2022,243,95,-8596.12000000007,-35.3749794238686,-0.6588667005104453,0.9263157894736842,-11367.29000000004,13440.100000000104,,-11973.670000000078,0.2341
M-HEAD,L3_1005,Y2023,242,242,-4651.919999999995,-19.22280991735535,-0.4212760718024424,0.9297520661157025,-5816.289999999964,8454.100000000046,,-6575.469999999995,0.3312
M-HEAD,L3_1005,Y2024,244,209,958.8900000000012,3.929877049180333,0.12369712091512683,0.9569377990430622,-5745.199999999996,11236.520000000062,1.510652942464723,-489.65999999999985,0.5944
M-HEAD,L3_1005,OOT_2025,242,68,-3654.659999999948,-15.101900826446066,-0.3370396368867343,0.9705882352941176,-10975.289999999979,10975.289999999979,,-5313.20999999995,0.3561
M-HEAD,L3_1005,EXT_2026,176,0,0.0,0.0,,,0.0,0.0,,0.0,0.0
M-HEAD,DOUBLE,WF_2021_2024,973,590,-16073.440000000066,-16.51946557040089,-0.4261004904503754,0.9389830508474576,-11438.58000000004,27598.780000000115,,-19629.54000000008,0.1944
M-HEAD,DOUBLE,Y2021,244,44,4195.219999999992,17.193524590163904,3.15376937132152,0.9772727272727273,-1039.5800000000072,1039.5800000000072,0.29011589380294767,2978.119999999992,0.9945
M-HEAD,DOUBLE,Y2022,243,95,-10371.040000000066,-42.67917695473278,-0.7867328423998501,0.9263157894736842,-11438.58000000004,14823.760000000062,,-13927.140000000072,0.1921
M-HEAD,DOUBLE,Y2023,242,242,-7892.939999999997,-32.61545454545453,-0.7194672429124123,0.9214876033057852,-5737.579999999964,9438.05999999998,,-9730.04,0.2116
M-HEAD,DOUBLE,Y2024,244,209,-2004.6799999999985,-8.215901639344256,-0.2591742447296944,0.9569377990430622,-5756.399999999996,11568.040000000112,,-2894.279999999998,0.4649
M-HEAD,DOUBLE,OOT_2025,242,68,-4350.199999999944,-17.97603305785101,-0.40133547967177235,0.9705882352941176,-10984.079999999978,10984.079999999978,,-5864.799999999946,0.3494
M-HEAD,DOUBLE,EXT_2026,176,0,0.0,0.0,,,0.0,0.0,,0.0,0.0
M-SKIP,L1,WF_2021_2024,973,973,-15483.00000000001,-15.912641315519023,-0.2765781392693772,0.9290853031860226,-12695.500000000025,46426.00000000007,,-21223.00000000001,0.3109
M-SKIP,L1,Y2021,244,244,14945.500000000007,61.2520491803279,1.5764713279844544,0.9180327868852459,-4614.500000000004,11780.499999999982,0.3439162289652402,9805.500000000007,0.9264
M-SKIP,L1,Y2022,243,243,-25234.500000000044,-103.84567901234585,-1.1523560407865747,0.9218106995884774,-12695.500000000025,34174.0000000001,,-30774.500000000044,0.1191
M-SKIP,L1,Y2023,242,242,-2602.0,-10.75206611570248,-0.23718001213260873,0.9214876033057852,-5695.999999999964,8291.500000000047,,-4627.0,0.4139
M-SKIP,L1,Y2024,244,244,-2591.999999999975,-10.62295081967203,-0.26975746694841296,0.9549180327868853,-5734.999999999996,14613.500000000025,,-3751.999999999975,0.4417
M-SKIP,L1,OOT_2025,242,242,1295.0000000000782,5.351239669421811,0.07468479319504606,0.9669421487603306,-13154.99999999998,20294.499999999956,1.5907335907334947,-764.9999999999218,0.5617
M-SKIP,L1,EXT_2026,176,176,13981.5,79.4403409090909,3.6780616562261432,0.9886363636363636,-3519.5000000000214,3519.500000000022,0.06758931445123914,13036.5,0.9983
M-SKIP,P75,WF_2021_2024,973,973,-18438.000000000007,-18.949640287769792,-0.3293848868211982,0.9290853031860226,-12696.750000000025,48553.50000000007,,-24145.50000000001,0.2743
M-SKIP,P75,Y2021,244,244,13949.250000000007,57.169057377049214,1.4717982142981123,0.9180327868852459,-4618.250000000004,12071.749999999982,0.366148717672993,8841.750000000007,0.913
M-SKIP,P75,Y2022,243,243,-26095.750000000044,-107.38991769547343,-1.191724394704152,0.9218106995884774,-12696.750000000025,34724.0000000001,,-31603.250000000044,0.1105
M-SKIP,P75,Y2023,242,242,-3209.5,-13.262396694214877,-0.29258104011000674,0.9214876033057852,-5700.999999999964,8330.250000000047,,-5214.5,0.3859
M-SKIP,P75,Y2024,244,244,-3081.9999999999736,-12.631147540983498,-0.3207235977083123,0.9549180327868853,-5737.499999999996,14782.250000000025,,-4226.9999999999745,0.4231
M-SKIP,P75,OOT_2025,242,242,725.0000000000819,2.9958677685953794,0.04181439311159312,0.9669421487603306,-13157.499999999976,20355.749999999956,2.796551724137615,-1302.4999999999181,0.5472
M-SKIP,P75,EXT_2026,176,176,13652.75,77.57244318181819,3.592433920509657,0.9886363636363636,-3520.750000000022,3520.750000000022,0.06848437128051126,12717.75,0.9978
M-SKIP,L2,WF_2021_2024,973,973,-21393.000000000007,-21.986639260020564,-0.3821959168590724,0.9280575539568345,-12698.000000000025,50681.00000000007,,-27068.000000000007,0.2417
M-SKIP,L2,Y2021,244,244,12953.000000000007,53.08606557377052,1.367051495674455,0.9139344262295082,-4622.000000000004,12362.999999999982,0.3918011271520109,7878.000000000007,0.8961
M-SKIP,L2,Y2022,243,243,-26957.000000000044,-110.934156378601,-1.2310896622959144,0.9218106995884774,-12698.000000000025,35274.0000000001,,-32432.000000000044,0.1039
M-SKIP,L2,Y2023,242,242,-3817.0,-15.772727272727273,-0.3479898594639803,0.9214876033057852,-5705.999999999964,8369.000000000047,,-5802.0,0.3589
M-SKIP,L2,Y2024,244,244,-3571.9999999999745,-14.639344262294978,-0.37167915990830136,0.9549180327868853,-5739.999999999996,14951.000000000025,,-4701.9999999999745,0.4064
M-SKIP,L2,OOT_2025,242,242,155.00000000008004,0.6404958677689258,0.008940133982581139,0.9669421487603306,-13159.999999999978,20416.999999999956,12.870967741928839,-1839.99999999992,0.5321
M-SKIP,L2,EXT_2026,176,176,13324.0,75.70454545454545,3.5067447975175963,0.9886363636363636,-3522.0000000000223,3522.000000000022,0.06942359651756229,12399.0,0.9977
M-SKIP,L3,WF_2021_2024,973,973,-26896.20000000001,-27.642548818088397,-0.48047351499299623,0.9280575539568345,-12703.290000000026,54770.72000000058,,-32519.750000000004,0.1834
M-SKIP,L3,Y2021,244,244,11502.460000000006,47.141229508196744,1.214099853304856,0.9139344262295082,-4627.2000000000035,12786.920000000038,0.43673701103937745,6478.91000000001,0.8695
M-SKIP,L3,Y2022,243,243,-28414.280000000046,-116.93119341563805,-1.297556459217996,0.9218106995884774,-12703.290000000026,36063.370000000185,,-33837.830000000045,0.0897
M-SKIP,L3,Y2023,242,242,-5127.909999999995,-21.189710743801633,-0.4674301920886869,0.9214876033057852,-5716.289999999964,8479.280000000048,,-7061.459999999996,0.3089
M-SKIP,L3,Y2024,244,244,-4856.469999999973,-19.903565573770383,-0.5052154876700014,0.9549180327868853,-5745.199999999996,15399.510000000017,,-5955.019999999972,0.353
M-SKIP,L3,OOT_2025,242,242,-1161.0899999999292,-4.797892561983178,-0.06697259909760447,0.9669421487603306,-13165.199999999979,20575.139999999956,,-3104.639999999934,0.4974
M-SKIP,L3,EXT_2026,176,176,12399.17,70.44982954545455,3.2633294973201004,0.9886363636363636,-3527.290000000022,3527.290000000022,0.07246856039557487,11500.620000000003,0.9963
M-SKIP,L2_1001,WF_2021_2024,973,973,-19828.000000000007,-20.37821171634122,-0.35470154083277494,0.9290853031860226,-12688.000000000025,49491.00000000007,,-25953.00000000001,0.2585
M-SKIP,L2_1001,Y2021,244,244,13288.000000000007,54.45901639344265,1.4039389803685849,0.9180327868852459,-4642.000000000004,12247.999999999982,0.37439795304033696,8313.000000000007,0.9033
M-SKIP,L2_1001,Y2022,243,243,-25227.000000000044,-103.814814814815,-1.1551054544774872,0.9218106995884774,-12688.000000000025,34089.0000000001,,-31152.000000000036,0.1209
M-SKIP,L2_1001,Y2023,242,242,-4237.0,-17.50826446280992,-0.385089816464738,0.9214876033057852,-5775.999999999964,8384.000000000047,,-6232.0,0.3425
M-SKIP,L2_1001,Y2024,244,244,-3651.999999999974,-14.967213114753992,-0.3797133614528789,0.9549180327868853,-5739.999999999996,15206.000000000025,,-4761.9999999999745,0.4028
M-SKIP,L2_1001,OOT_2025,242,242,105.00000000008004,0.4338842975209919,0.0060522995925190864,0.9669421487603306,-13174.999999999978,20241.999999999956,19.380952380937607,-1929.99999999992,0.5297
M-SKIP,L2_1001,EXT_2026,176,176,13194.0,74.9659090909091,3.4798335864961865,0.9886363636363636,-3517.000000000022,3517.000000000022,0.07541306654539942,12199.0,0.9975
M-SKIP,L3_1001,WF_2021_2024,973,973,-25337.82,-26.040924974306268,-0.4532420098764218,0.9290853031860226,-12693.290000000026,53581.800000000585,,-31411.37000000001,0.1998
M-SKIP,L3_1001,Y2021,244,244,11827.460000000014,48.47319672131153,1.2498215472240224,0.9180327868852459,-4647.2000000000035,12676.830000000034,0.4162812641091151,6903.910000000013,0.878
M-SKIP,L3_1001,Y2022,243,243,-26684.91000000005,-109.81444444444465,-1.221766823087358,0.9218106995884774,-12693.290000000026,34878.7300000002,,-32558.46000000005,0.1056
M-SKIP,L3_1001,Y2023,242,242,-5552.729999999994,-22.945165289256174,-0.5045995429326668,0.9214876033057852,-5786.289999999964,8494.190000000046,,-7496.279999999993,0.2951
M-SKIP,L3_1001,Y2024,244,244,-4927.639999999971,-20.195245901639225,-0.5123481913572661,0.9549180327868853,-5745.199999999996,15645.230000000014,,-6011.189999999971,0.3515
M-SKIP,L3_1001,OOT_2025,242,242,-1215.7299999999323,-5.023677685950133,-0.07007922666348533,0.9669421487603306,-13180.19999999998,20399.77999999996,,-3199.2799999999334,0.4948
M-SKIP,L3_1001,EXT_2026,176,176,12269.800000000001,69.71477272727273,3.236073481727579,0.9886363636363636,-3522.2900000000222,3522.2900000000227,0.07893771699620204,11301.25,0.9958
M-SKIP,L2_1003,WF_2021_2024,973,973,-17653.000000000007,-18.14285714285715,-0.31573456488157536,0.9290853031860226,-12693.000000000025,46721.00000000007,,-23638.00000000001,0.2819
M-SKIP,L2_1003,Y2021,244,244,13148.000000000007,53.88524590163937,1.3851753723227118,0.9180327868852459,-4657.000000000004,12172.999999999982,0.3608913903255246,8403.000000000007,0.9032
M-SKIP,L2_1003,Y2022,243,243,-23867.000000000044,-98.21810699588495,-1.0933313870378192,0.9176954732510288,-12693.000000000025,33614.0000000001,,-29542.000000000044,0.1347
M-SKIP,L2_1003,Y2023,242,242,-3642.0,-15.049586776859504,-0.3308535570847414,0.9256198347107438,-5775.999999999964,8294.000000000047,,-5637.0,0.3684
M-SKIP,L2_1003,Y2024,244,244,-3291.9999999999736,-13.491803278688417,-0.3416811576783072,0.9549180327868853,-5744.999999999996,14956.000000000025,,-4721.9999999999745,0.4155
M-SKIP,L2_1003,OOT_2025,242,242,85.00000000008004,0.35123966942181833,0.004904246242028545,0.9669421487603306,-13164.999999999978,20246.999999999956,23.470588235272018,-1909.99999999992,0.5314
M-SKIP,L2_1003,EXT_2026,176,176,12914.0,73.375,3.383134304540205,0.9886363636363636,-3532.0000000000214,3532.000000000022,0.08091993185689948,11869.0,0.9964
M-SKIP,L3_1003,WF_2021_2024,973,973,-23216.740000000005,-23.860986639260027,-0.4152184773648963,0.9280575539568345,-12698.290000000026,50851.71000000059,,-29150.290000000008,0.22
M-SKIP,L3_1003,Y2021,244,244,11677.910000000009,47.86028688524594,1.2304852047332444,0.9180327868852459,-4662.2000000000035,12601.830000000038,0.40191695260538884,6984.36000000001,0.8784
M-SKIP,L3_1003,Y2022,243,243,-25345.180000000048,-104.30115226337468,-1.1609206099399578,0.9176954732510288,-12698.290000000026,34413.55000000021,,-30968.730000000047,0.1174
M-SKIP,L3_1003,Y2023,242,242,-4972.099999999995,-20.54586776859502,-0.45163241112687635,0.9256198347107438,-5786.289999999964,8404.100000000044,,-6915.650000000002,0.3176
M-SKIP,L3_1003,Y2024,244,244,-4577.36999999997,-18.759713114753975,-0.47510928468308644,0.9508196721311475,-5750.199999999996,15400.320000000014,,-5970.91999999997,0.3622
M-SKIP,L3_1003,OOT_2025,242,242,-1230.0999999999258,-5.083057851239363,-0.07097604435137414,0.9669421487603306,-13170.199999999977,20404.869999999955,,-3173.649999999927,0.4957
M-SKIP,L3_1003,EXT_2026,176,176,11990.61,68.1284659090909,3.141306237229275,0.9886363636363636,-3537.2000000000216,3537.2000000000216,0.08494563662732756,10972.06,0.9943
M-SKIP,L2_1005,WF_2021_2024,973,973,-17708.000000000007,-18.199383350462494,-0.3172047551934235,0.9290853031860226,-12708.000000000025,47071.00000000007,,-23407.000000000015,0.2808
M-SKIP,L2_1005,Y2021,244,244,13478.000000000007,55.23770491803282,1.4246585957402667,0.9180327868852459,-4642.000000000004,11927.999999999982,0.3357323044962159,8953.000000000007,0.9084
M-SKIP,L2_1005,Y2022,243,243,-25072.000000000044,-103.17695473251047,-1.150264311937424,0.9176954732510288,-12708.000000000025,33784.0000000001,,-30571.000000000047,0.1193
M-SKIP,L2_1005,Y2023,242,242,-3312.0,-13.685950413223141,-0.29996052748368024,0.9297520661157025,-5805.999999999964,8344.000000000047,,-5287.0,0.384
M-SKIP,L2_1005,Y2024,244,244,-2801.999999999975,-11.483606557376946,-0.29299034706976385,0.9508196721311475,-5739.999999999996,14866.000000000025,,-4296.9999999999745,0.4326
M-SKIP,L2_1005,OOT_2025,242,242,-274.9999999999218,-1.1363636363633132,-0.015865150274688516,0.9669421487603306,-13154.99999999998,20231.999999999956,,-2269.999999999922,0.5233
M-SKIP,L2_1005,EXT_2026,176,176,12474.0,70.875,3.2757922713258227,0.9886363636363636,-3532.0000000000214,3532.000000000022,0.0837742504409171,11429.0,0.9954
M-SKIP,L3_1005,WF_2021_2024,973,973,-23301.920000000006,-23.948530318602266,-0.41736940818661156,0.9290853031860226,-12713.290000000026,51221.89000000058,,-28949.47000000001,0.2203
M-SKIP,L3_1005,Y2021,244,244,11983.000000000007,49.110655737704946,1.2668518149995331,0.9180327868852459,-4647.2000000000035,12371.740000000042,0.3733247100058414,7509.450000000009,0.8842
M-SKIP,L3_1005,Y2022,243,243,-26545.450000000048,-109.24053497942407,-1.2177158573421827,0.9176954732510288,-12713.290000000026,34578.9100000002,,-31993.000000000055,0.104
M-SKIP,L3_1005,Y2023,242,242,-4651.919999999995,-19.22280991735535,-0.4212760718024424,0.9297520661157025,-5816.289999999964,8454.100000000046,,-6575.469999999995,0.3312
M-SKIP,L3_1005,Y2024,244,244,-4087.549999999969,-16.752254098360527,-0.4273198582527704,0.9508196721311475,-5745.199999999996,15310.230000000014,,-5551.099999999969,0.3833
M-SKIP,L3_1005,OOT_2025,242,242,-1605.0099999999256,-6.63227272727242,-0.09259980325687014,0.9669421487603306,-13160.199999999979,20389.959999999955,,-3548.5599999999286,0.4857
M-SKIP,L3_1005,EXT_2026,176,176,11551.330000000002,65.63255681818183,3.033526015651392,0.9886363636363636,-3537.2000000000216,3537.2000000000216,0.08817599358688566,10532.78,0.9933
M-SKIP,DOUBLE,WF_2021_2024,973,971,-39218.36,-40.30663926002055,-0.7005994536422311,0.925849639546859,-12712.080000000025,63778.64000000087,,-44720.45999999999,0.0849
M-SKIP,DOUBLE,Y2021,244,243,7856.06000000001,32.196967213114796,0.8297425529524917,0.9094650205761317,-4640.900000000003,13827.679999999988,0.6239896334803953,2953.9600000000137,0.7909
M-SKIP,DOUBLE,Y2022,243,242,-31820.140000000043,-130.94707818930058,-1.4530398843357843,0.9214876033057852,-12712.080000000025,38069.420000000224,,-37122.240000000034,0.0633
M-SKIP,DOUBLE,Y2023,242,242,-7892.939999999997,-32.61545454545453,-0.7194672429124123,0.9214876033057852,-5737.579999999964,9438.05999999998,,-9730.04,0.2116
M-SKIP,DOUBLE,Y2024,244,244,-7361.339999999972,-30.169426229508083,-0.7654597284894209,0.9508196721311475,-5756.399999999996,16268.980000000005,,-8393.439999999971,0.2693
M-SKIP,DOUBLE,OOT_2025,242,242,-3853.419999999918,-15.92322314049553,-0.22230085039232153,0.9669421487603306,-13176.399999999978,20883.339999999953,,-5675.519999999917,0.4228
M-SKIP,DOUBLE,EXT_2026,176,176,10646.959999999995,60.494090909090886,2.8035409819190513,0.9886363636363636,-3535.9000000000224,3535.9000000000224,0.07979742574406218,9797.359999999997,0.9909
M-FORCED,L1,WF_2021_2024,973,973,-18903.000000000007,-19.427543679342246,-0.33079653772405027,0.9280575539568345,-12695.500000000025,49726.00000000007,,-24593.00000000001,0.2727
M-FORCED,L1,Y2021,244,244,14745.500000000007,60.43237704918036,1.521381958085162,0.9180327868852459,-4614.500000000004,12205.499999999982,0.3635007290359769,9385.500000000007,0.9225
M-FORCED,L1,Y2022,243,243,-28454.500000000044,-117.09670781893023,-1.2625816652599537,0.9176954732510288,-12695.500000000025,38624.000000000095,,-33904.500000000044,0.0883
M-FORCED,L1,Y2023,242,242,-2602.0,-10.75206611570248,-0.23718001213260873,0.9214876033057852,-5695.999999999964,8291.500000000047,,-4627.0,0.4139
M-FORCED,L1,Y2024,244,244,-2591.999999999975,-10.62295081967203,-0.26975746694841296,0.9549180327868853,-5734.999999999996,14613.500000000025,,-3751.999999999975,0.4417
M-FORCED,L1,OOT_2025,242,242,1295.0000000000782,5.351239669421811,0.07468479319504606,0.9669421487603306,-13154.99999999998,20294.499999999956,1.5907335907334947,-764.9999999999218,0.5617
M-FORCED,L1,EXT_2026,176,176,13981.5,79.4403409090909,3.6780616562261432,0.9886363636363636,-3519.5000000000214,3519.500000000022,0.06758931445123914,13036.5,0.9983
M-FORCED,P75,WF_2021_2024,973,973,-21875.500000000007,-22.48252826310381,-0.38281384200320523,0.9280575539568345,-12696.750000000025,51871.00000000007,,-27528.00000000001,0.2375
M-FORCED,P75,Y2021,244,244,13749.250000000007,56.34938524590167,1.4189999240373776,0.9180327868852459,-4618.250000000004,12496.749999999982,0.3871120242922339,8426.750000000007,0.9084
M-FORCED,P75,Y2022,243,243,-29333.250000000044,-120.71296296296315,-1.30148929031635,0.9176954732510288,-12696.750000000025,39186.500000000095,,-34750.750000000044,0.0818
M-FORCED,P75,Y2023,242,242,-3209.5,-13.262396694214877,-0.29258104011000674,0.9214876033057852,-5700.999999999964,8330.250000000047,,-5214.5,0.3859
M-FORCED,P75,Y2024,244,244,-3081.9999999999736,-12.631147540983498,-0.3207235977083123,0.9549180327868853,-5737.499999999996,14782.250000000025,,-4226.9999999999745,0.4231
M-FORCED,P75,OOT_2025,242,242,725.0000000000819,2.9958677685953794,0.04181439311159312,0.9669421487603306,-13157.499999999976,20355.749999999956,2.796551724137615,-1302.4999999999181,0.5472
M-FORCED,P75,EXT_2026,176,176,13652.75,77.57244318181819,3.592433920509657,0.9886363636363636,-3520.750000000022,3520.750000000022,0.06848437128051126,12717.75,0.9978
M-FORCED,L2,WF_2021_2024,973,973,-24848.000000000007,-25.537512846865372,-0.4348283268902375,0.9270298047276464,-12698.000000000025,54016.00000000007,,-30463.00000000001,0.2087
M-FORCED,L2,Y2021,244,244,12753.000000000007,52.26639344262298,1.3165454181414928,0.9139344262295082,-4622.000000000004,12787.999999999982,0.41441229514623984,7468.000000000007,0.8913
M-FORCED,L2,Y2022,243,243,-30212.000000000044,-124.32921810699607,-1.3403853745756042,0.9176954732510288,-12698.000000000025,39749.000000000095,,-35597.00000000004,0.0746
M-FORCED,L2,Y2023,242,242,-3817.0,-15.772727272727273,-0.3479898594639803,0.9214876033057852,-5705.999999999964,8369.000000000047,,-5802.0,0.3589
M-FORCED,L2,Y2024,244,244,-3571.9999999999745,-14.639344262294978,-0.37167915990830136,0.9549180327868853,-5739.999999999996,14951.000000000025,,-4701.9999999999745,0.4064
M-FORCED,L2,OOT_2025,242,242,155.00000000008004,0.6404958677689258,0.008940133982581139,0.9669421487603306,-13159.999999999978,20416.999999999956,12.870967741928839,-1839.99999999992,0.5321
M-FORCED,L2,EXT_2026,176,176,13324.0,75.70454545454545,3.5067447975175963,0.9886363636363636,-3522.0000000000223,3522.000000000022,0.06942359651756229,12399.0,0.9977
M-FORCED,L3,WF_2021_2024,973,973,-30361.29000000001,-31.203792394655718,-0.5312597240180461,0.9270298047276464,-12703.290000000026,58110.72000000057,,-35924.84000000001,0.1524
M-FORCED,L3,Y2021,244,244,11297.370000000008,46.30069672131151,1.1664361508940218,0.9139344262295082,-4627.2000000000035,13211.920000000038,0.4632538369549724,6063.8200000000115,0.8667
M-FORCED,L3,Y2022,243,243,-31674.280000000053,-130.34683127572038,-1.4051415528633824,0.9176954732510288,-12703.290000000026,40543.370000000155,,-37007.83000000005,0.0622
M-FORCED,L3,Y2023,242,242,-5127.909999999995,-21.189710743801633,-0.4674301920886869,0.9214876033057852,-5716.289999999964,8479.280000000048,,-7061.459999999996,0.3089
M-FORCED,L3,Y2024,244,244,-4856.469999999973,-19.903565573770383,-0.5052154876700014,0.9549180327868853,-5745.199999999996,15399.510000000017,,-5955.019999999972,0.353
M-FORCED,L3,OOT_2025,242,242,-1161.0899999999292,-4.797892561983178,-0.06697259909760447,0.9669421487603306,-13165.199999999979,20575.139999999956,,-3104.639999999934,0.4974
M-FORCED,L3,EXT_2026,176,176,12399.17,70.44982954545455,3.2633294973201004,0.9886363636363636,-3527.290000000022,3527.290000000022,0.07246856039557487,11500.620000000003,0.9963
M-FORCED,L2_1001,WF_2021_2024,973,973,-23428.000000000007,-24.0781089414183,-0.4105547960467066,0.9280575539568345,-12688.000000000025,52936.00000000007,,-29513.00000000001,0.2222
M-FORCED,L2_1001,Y2021,244,244,13073.000000000007,53.57786885245905,1.3494102767270764,0.9180327868852459,-4642.000000000004,12687.999999999982,0.4050332746882886,7778.000000000007,0.8985
M-FORCED,L2_1001,Y2022,243,243,-28612.000000000044,-117.74485596707837,-1.2730979522894215,0.9176954732510288,-12688.000000000025,38584.000000000095,,-34227.000000000044,0.0889
M-FORCED,L2_1001,Y2023,242,242,-4237.0,-17.50826446280992,-0.385089816464738,0.9214876033057852,-5775.999999999964,8384.000000000047,,-6232.0,0.3425
M-FORCED,L2_1001,Y2024,244,244,-3651.999999999974,-14.967213114753992,-0.3797133614528789,0.9549180327868853,-5739.999999999996,15206.000000000025,,-4761.9999999999745,0.4028
M-FORCED,L2_1001,OOT_2025,242,242,105.00000000008004,0.4338842975209919,0.0060522995925190864,0.9669421487603306,-13174.999999999978,20241.999999999956,19.380952380937607,-1929.99999999992,0.5297
M-FORCED,L2_1001,EXT_2026,176,176,13194.0,74.9659090909091,3.4798335864961865,0.9886363636363636,-3517.000000000022,3517.000000000022,0.07541306654539942,12199.0,0.9975
M-FORCED,L3_1001,WF_2021_2024,973,973,-28947.910000000007,-29.751192189105865,-0.5072537016765154,0.9280575539568345,-12693.290000000026,57031.80000000058,,-34981.460000000014,0.1661
M-FORCED,L3_1001,Y2021,244,244,11607.370000000014,47.57118852459022,1.1983431755634513,0.9180327868852459,-4647.2000000000035,13116.830000000034,0.45174315973385826,6363.820000000013,0.8755
M-FORCED,L3_1001,Y2022,243,243,-30074.910000000054,-123.76506172839528,-1.338060813838123,0.9176954732510288,-12693.290000000026,39378.730000000185,,-35638.46000000006,0.0758
M-FORCED,L3_1001,Y2023,242,242,-5552.729999999994,-22.945165289256174,-0.5045995429326668,0.9214876033057852,-5786.289999999964,8494.190000000046,,-7496.279999999993,0.2951
M-FORCED,L3_1001,Y2024,244,244,-4927.639999999971,-20.195245901639225,-0.5123481913572661,0.9549180327868853,-5745.199999999996,15645.230000000014,,-6011.189999999971,0.3515
M-FORCED,L3_1001,OOT_2025,242,242,-1215.7299999999323,-5.023677685950133,-0.07007922666348533,0.9669421487603306,-13180.19999999998,20399.77999999996,,-3199.2799999999334,0.4948
M-FORCED,L3_1001,EXT_2026,176,176,12269.800000000001,69.71477272727273,3.236073481727579,0.9886363636363636,-3522.2900000000222,3522.2900000000227,0.07893771699620204,11301.25,0.9958
M-FORCED,L2_1003,WF_2021_2024,973,973,-21168.000000000007,-21.755395683453244,-0.3706836734146372,0.9280575539568345,-12693.000000000025,50116.00000000007,,-26843.00000000001,0.2449
M-FORCED,L2_1003,Y2021,244,244,12913.000000000007,52.922131147541016,1.3306133886154055,0.9180327868852459,-4657.000000000004,12607.999999999982,0.38836831100441394,7898.000000000007,0.897
M-FORCED,L2_1003,Y2022,243,243,-27147.000000000044,-111.71604938271624,-1.2070970553870755,0.9135802469135802,-12693.000000000025,38124.000000000095,,-32732.000000000044,0.1007
M-FORCED,L2_1003,Y2023,242,242,-3642.0,-15.049586776859504,-0.3308535570847414,0.9256198347107438,-5775.999999999964,8294.000000000047,,-5637.0,0.3684
M-FORCED,L2_1003,Y2024,244,244,-3291.9999999999736,-13.491803278688417,-0.3416811576783072,0.9549180327868853,-5744.999999999996,14956.000000000025,,-4721.9999999999745,0.4155
M-FORCED,L2_1003,OOT_2025,242,242,85.00000000008004,0.35123966942181833,0.004904246242028545,0.9669421487603306,-13164.999999999978,20246.999999999956,23.470588235272018,-1909.99999999992,0.5314
M-FORCED,L2_1003,EXT_2026,176,176,12914.0,73.375,3.383134304540205,0.9886363636363636,-3532.0000000000214,3532.000000000022,0.08091993185689948,11869.0,0.9964
M-FORCED,L3_1003,WF_2021_2024,973,973,-26741.830000000005,-27.483895169578627,-0.46825508028843926,0.9270298047276464,-12698.290000000026,54251.71000000058,,-32365.38000000001,0.188
M-FORCED,L3_1003,Y2021,244,244,11437.820000000009,46.87631147540987,1.1788126027026038,0.9180327868852459,-4662.2000000000035,13036.830000000038,0.4339594433204926,6474.2700000000095,0.8737
M-FORCED,L3_1003,Y2022,243,243,-28630.180000000055,-117.81967078189324,-1.27288872524198,0.9135802469135802,-12698.290000000026,38928.55000000017,,-34163.73000000006,0.0855
M-FORCED,L3_1003,Y2023,242,242,-4972.099999999995,-20.54586776859502,-0.45163241112687635,0.9256198347107438,-5786.289999999964,8404.100000000044,,-6915.650000000002,0.3176
M-FORCED,L3_1003,Y2024,244,244,-4577.36999999997,-18.759713114753975,-0.47510928468308644,0.9508196721311475,-5750.199999999996,15400.320000000014,,-5970.91999999997,0.3622
M-FORCED,L3_1003,OOT_2025,242,242,-1230.0999999999258,-5.083057851239363,-0.07097604435137414,0.9669421487603306,-13170.199999999977,20404.869999999955,,-3173.649999999927,0.4957
M-FORCED,L3_1003,EXT_2026,176,176,11990.61,68.1284659090909,3.141306237229275,0.9886363636363636,-3537.2000000000216,3537.2000000000216,0.08494563662732756,10972.06,0.9943
M-FORCED,L2_1005,WF_2021_2024,973,973,-21033.000000000007,-21.616649537512853,-0.3692951498216508,0.9280575539568345,-12708.000000000025,50266.00000000007,,-26478.00000000001,0.2443
M-FORCED,L2_1005,Y2021,244,244,13218.000000000007,54.172131147541016,1.3666269092747327,0.9180327868852459,-4642.000000000004,12362.999999999982,0.35898017854440895,8473.000000000007,0.903
M-FORCED,L2_1005,Y2022,243,243,-28137.000000000044,-115.7901234567903,-1.2552155129597016,0.9135802469135802,-12708.000000000025,38094.000000000095,,-33436.000000000044,0.0887
M-FORCED,L2_1005,Y2023,242,242,-3312.0,-13.685950413223141,-0.29996052748368024,0.9297520661157025,-5805.999999999964,8344.000000000047,,-5287.0,0.384
M-FORCED,L2_1005,Y2024,244,244,-2801.999999999975,-11.483606557376946,-0.29299034706976385,0.9508196721311475,-5739.999999999996,14866.000000000025,,-4296.9999999999745,0.4326
M-FORCED,L2_1005,OOT_2025,242,242,-274.9999999999218,-1.1363636363633132,-0.015865150274688516,0.9669421487603306,-13154.99999999998,20231.999999999956,,-2269.999999999922,0.5233
M-FORCED,L2_1005,EXT_2026,176,176,12474.0,70.875,3.2757922713258227,0.9886363636363636,-3532.0000000000214,3532.000000000022,0.0837742504409171,11429.0,0.9954
M-FORCED,L3_1005,WF_2021_2024,973,973,-26632.01000000001,-27.3710277492292,-0.4675532771782063,0.9280575539568345,-12713.290000000026,54416.89000000058,,-32025.560000000012,0.1888
M-FORCED,L3_1005,Y2021,244,244,11717.910000000007,48.024221311475436,1.2117662442380766,0.9180327868852459,-4647.2000000000035,12806.740000000042,0.40054497773067016,7024.360000000009,0.8796
M-FORCED,L3_1005,Y2022,243,243,-29610.450000000048,-121.8537037037039,-1.3207626462683713,0.9135802469135802,-12713.290000000026,38893.910000000185,,-34858.00000000006,0.0766
M-FORCED,L3_1005,Y2023,242,242,-4651.919999999995,-19.22280991735535,-0.4212760718024424,0.9297520661157025,-5816.289999999964,8454.100000000046,,-6575.469999999995,0.3312
M-FORCED,L3_1005,Y2024,244,244,-4087.549999999969,-16.752254098360527,-0.4273198582527704,0.9508196721311475,-5745.199999999996,15310.230000000014,,-5551.099999999969,0.3833
M-FORCED,L3_1005,OOT_2025,242,242,-1605.0099999999256,-6.63227272727242,-0.09259980325687014,0.9669421487603306,-13160.199999999979,20389.959999999955,,-3548.5599999999286,0.4857
M-FORCED,L3_1005,EXT_2026,176,176,11551.330000000002,65.63255681818183,3.033526015651392,0.9886363636363636,-3537.2000000000216,3537.2000000000216,0.08817599358688566,10532.78,0.9933
M-FORCED,DOUBLE,WF_2021_2024,973,971,-42728.53999999999,-43.914224049331956,-0.7475613474243963,0.9248197734294542,-12712.080000000025,67158.64000000086,,-48165.639999999985,0.0662
M-FORCED,DOUBLE,Y2021,244,243,7645.880000000012,31.33557377049185,0.7899563831185674,0.9094650205761317,-4640.900000000003,14252.67999999998,0.6673005592554412,2543.7800000000116,0.7835
M-FORCED,DOUBLE,Y2022,243,242,-35120.14000000004,-144.52732510288084,-1.5576213278676976,0.9173553719008265,-12712.080000000025,42579.42000000027,,-40332.240000000034,0.0433
M-FORCED,DOUBLE,Y2023,242,242,-7892.939999999997,-32.61545454545453,-0.7194672429124123,0.9214876033057852,-5737.579999999964,9438.05999999998,,-9730.04,0.2116
M-FORCED,DOUBLE,Y2024,244,244,-7361.339999999972,-30.169426229508083,-0.7654597284894209,0.9508196721311475,-5756.399999999996,16268.980000000005,,-8393.439999999971,0.2693
M-FORCED,DOUBLE,OOT_2025,242,242,-3853.419999999918,-15.92322314049553,-0.22230085039232153,0.9669421487603306,-13176.399999999978,20883.339999999953,,-5675.519999999917,0.4228
M-FORCED,DOUBLE,EXT_2026,176,176,10646.959999999995,60.494090909090886,2.8035409819190513,0.9886363636363636,-3535.9000000000224,3535.9000000000224,0.07979742574406218,9797.359999999997,0.9909
B-FIX-05,L1,WF_2021_2024,973,973,-6101.499999999996,-6.270811921891055,-0.14878411265694083,0.9630010277492291,-12695.500000000025,31667.5000000001,,-7771.499999999996,0.4103
B-FIX-05,L1,Y2021,244,244,14380.499999999998,58.936475409836056,2.8649892606115666,0.9795081967213115,-4614.500000000004,6154.000000000044,0.07857863078474324,13250.499999999998,0.9839
B-FIX-05,L1,Y2022,243,243,-19197.000000000106,-79.00000000000044,-1.1435117060454623,0.9423868312757202,-12695.500000000025,26874.000000000087,,-20819.500000000106,0.1243
B-FIX-05,L1,Y2023,242,242,-659.9999999998836,-2.727272727272246,-0.09522809027878237,0.9669421487603306,-4116.499999999984,4466.999999999971,,-1282.4999999998836,0.4772
B-FIX-05,L1,Y2024,244,244,-625.0000000000041,-2.561475409836082,-0.07802766766384513,0.9631147540983607,-5734.999999999996,10981.000000000025,,-1582.500000000004,0.5191
B-FIX-05,L1,OOT_2025,242,242,-165.49999999989632,-0.6838842975202327,-0.009726998292466264,0.9752066115702479,-13154.99999999998,20616.999999999956,,-2022.9999999998963,0.5178
B-FIX-05,L1,EXT_2026,176,176,13981.5,79.4403409090909,3.6780616562261432,0.9886363636363636,-3519.5000000000214,3519.500000000022,0.06758931445123914,13036.5,0.9983
B-FIX-05,P75,WF_2021_2024,973,973,-8512.749999999996,-8.748972250770809,-0.2075890245340974,0.9630010277492291,-12696.750000000025,33223.7500000001,,-10140.249999999996,0.3677
B-FIX-05,P75,Y2021,244,244,13634.249999999998,55.878073770491795,2.716612654992356,0.9795081967213115,-4618.250000000004,6184.000000000044,0.08104589544712765,12529.249999999998,0.9796
B-FIX-05,P75,Y2022,243,243,-19924.500000000106,-81.99382716049426,-1.1868873403660813,0.9423868312757202,-12696.750000000025,27409.000000000087,,-21508.250000000106,0.1131
B-FIX-05,P75,Y2023,242,242,-1129.9999999998836,-4.669421487602825,-0.16307070717726352,0.9669421487603306,-4117.749999999984,4554.499999999971,,-1741.2499999998836,0.4449
B-FIX-05,P75,Y2024,244,244,-1092.5000000000032,-4.477459016393456,-0.1363801086368212,0.9631147540983607,-5737.499999999996,11143.500000000025,,-2033.7500000000032,0.4962
B-FIX-05,P75,OOT_2025,242,242,-671.7499999998927,-2.7758264462805484,-0.03948247730696121,0.9752066115702479,-13157.499999999976,20674.499999999956,,-2497.9999999998927,0.4999
B-FIX-05,P75,EXT_2026,176,176,13652.75,77.57244318181819,3.592433920509657,0.9886363636363636,-3520.750000000022,3520.750000000022,0.06848437128051126,12717.75,0.9978
B-FIX-05,L2,WF_2021_2024,973,973,-10923.999999999996,-11.227132579650561,-0.26639589244226636,0.9630010277492291,-12698.000000000025,34780.0000000001,,-12513.999999999996,0.3227
B-FIX-05,L2,Y2021,244,244,12887.999999999998,52.819672131147534,2.568120258058221,0.9795081967213115,-4622.000000000004,6214.000000000044,0.08379888268156425,11807.999999999998,0.9731
B-FIX-05,L2,Y2022,243,243,-20652.000000000106,-84.98765432098809,-1.2302587224277104,0.9423868312757202,-12698.000000000025,27944.000000000087,,-22197.000000000102,0.1051
B-FIX-05,L2,Y2023,242,242,-1599.9999999998836,-6.611570247933403,-0.2309365036052962,0.9669421487603306,-4118.999999999984,4641.999999999971,,-2199.9999999998836,0.4167
B-FIX-05,L2,Y2024,244,244,-1560.0000000000036,-6.393442622950834,-0.19472130730323015,0.9631147540983607,-5739.999999999996,11306.000000000025,,-2485.0000000000036,0.4727
B-FIX-05,L2,OOT_2025,242,242,-1177.9999999998945,-4.867768595040887,-0.0692400467559526,0.9752066115702479,-13159.999999999978,20731.999999999956,,-2972.9999999998945,0.4839
B-FIX-05,L2,EXT_2026,176,176,13324.0,75.70454545454545,3.5067447975175963,0.9886363636363636,-3522.0000000000223,3522.000000000022,0.06942359651756229,12399.0,0.9977
B-FIX-05,L3,WF_2021_2024,973,973,-16016.959999999988,-16.46141829393627,-0.3905994227627891,0.9630010277492291,-12703.290000000026,38227.94000000052,,-17565.509999999995,0.2439
B-FIX-05,L3,Y2021,244,244,11612.809999999996,47.59348360655736,2.31406619838962,0.9795081967213115,-4627.2000000000035,6250.490000000047,0.0907230894159123,10559.259999999997,0.9624
B-FIX-05,L3,Y2022,243,243,-21934.870000000104,-90.26695473251071,-1.3067002472141591,0.9423868312757202,-12703.290000000026,28782.800000000156,,-23443.4200000001,0.0891
B-FIX-05,L3,Y2023,242,242,-2858.9399999998795,-11.813801652892064,-0.41264655939359723,0.9669421487603306,-4124.199999999983,4823.999999999972,,-3432.4899999998784,0.3391
B-FIX-05,L3,Y2024,244,244,-2835.9600000000023,-11.622786885245912,-0.3539973308200412,0.9631147540983607,-5745.199999999996,11748.340000000013,,-3729.510000000002,0.413
B-FIX-05,L3,OOT_2025,242,242,-2471.029999999906,-10.210867768594653,-0.1452442163691498,0.9752066115702479,-13165.199999999979,20885.139999999956,,-4219.579999999907,0.4432
B-FIX-05,L3,EXT_2026,176,176,12399.17,70.44982954545455,3.2633294973201004,0.9886363636363636,-3527.290000000022,3527.290000000022,0.07246856039557487,11500.620000000003,0.9963
B-FIX-05,L2_1001,WF_2021_2024,973,973,-9878.999999999996,-10.15313463514902,-0.24090948995576392,0.9630010277492291,-12688.000000000025,34085.0000000001,,-11653.999999999998,0.3408
B-FIX-05,L2_1001,Y2021,244,244,12972.999999999998,53.16803278688524,2.571726557070966,0.9795081967213115,-4642.000000000004,6194.000000000044,0.08594773760888,11857.999999999998,0.9729
B-FIX-05,L2_1001,Y2022,243,243,-19597.000000000106,-80.64609053497986,-1.1677782295822892,0.9423868312757202,-12688.000000000025,26984.000000000087,,-21372.000000000106,0.1191
B-FIX-05,L2_1001,Y2023,242,242,-1644.9999999998836,-6.797520661156543,-0.23712394198775127,0.9669421487603306,-4118.999999999984,4561.999999999971,,-2359.9999999998836,0.4156
B-FIX-05,L2_1001,Y2024,244,244,-1610.0000000000032,-6.598360655737718,-0.20105943094961817,0.9631147540983607,-5739.999999999996,11526.000000000025,,-2475.000000000003,0.4693
B-FIX-05,L2_1001,OOT_2025,242,242,-1177.9999999998945,-4.867768595040887,-0.06919007624979408,0.9752066115702479,-13174.999999999978,20621.999999999956,,-2957.9999999998945,0.4819
B-FIX-05,L2_1001,EXT_2026,176,176,13194.0,74.9659090909091,3.4798335864961865,0.9886363636363636,-3517.000000000022,3517.000000000022,0.07541306654539942,12199.0,0.9975
B-FIX-05,L3_1001,WF_2021_2024,973,973,-14985.229999999985,-15.401058581706048,-0.3654378927933224,0.9630010277492291,-12693.290000000026,37545.130000000514,,-16708.77999999999,0.258
B-FIX-05,L3_1001,Y2021,244,244,11697.269999999997,47.93963114754097,2.3188790979907217,0.9795081967213115,-4647.2000000000035,6230.490000000049,0.0930601755794301,10608.719999999996,0.9626
B-FIX-05,L3_1001,Y2022,243,243,-20895.590000000106,-85.99008230452718,-1.24520447994134,0.9423868312757202,-12693.290000000026,27838.34000000016,,-22619.140000000098,0.1023
B-FIX-05,L3_1001,Y2023,242,242,-2904.5999999998794,-12.002479338842477,-0.4186945449441177,0.9669421487603306,-4124.199999999983,4929.029999999928,,-3593.1499999998778,0.3358
B-FIX-05,L3_1001,Y2024,244,244,-2882.310000000002,-11.812745901639353,-0.35994939384235025,0.9631147540983607,-5745.199999999996,11964.060000000014,,-3720.860000000002,0.411
B-FIX-05,L3_1001,OOT_2025,242,242,-2470.579999999909,-10.209008264462433,-0.1451128351698977,0.9752066115702479,-13180.19999999998,20774.77999999996,,-4204.129999999908,0.4405
B-FIX-05,L3_1001,EXT_2026,176,176,12269.800000000001,69.71477272727273,3.236073481727579,0.9886363636363636,-3522.2900000000222,3522.2900000000227,0.07893771699620204,11301.25,0.9958
B-FIX-05,L2_1003,WF_2021_2024,973,973,-7683.999999999996,-7.897225077081188,-0.18745641069274144,0.9630010277492291,-12693.000000000025,31730.0000000001,,-9708.999999999995,0.3819
B-FIX-05,L2_1003,Y2021,244,244,13292.999999999998,54.479508196721305,2.6228039676385144,0.9795081967213115,-4657.000000000004,6199.000000000044,0.08463100880162493,12167.999999999998,0.9782
B-FIX-05,L2_1003,Y2022,243,243,-18177.000000000106,-74.80246913580291,-1.0845707616476419,0.9382716049382716,-12693.000000000025,26619.000000000087,,-20202.000000000106,0.1393
B-FIX-05,L2_1003,Y2023,242,242,-1389.9999999998836,-5.743801652892081,-0.20033332887764907,0.9710743801652892,-4113.999999999984,4606.999999999971,,-2219.9999999998836,0.4324
B-FIX-05,L2_1003,Y2024,244,244,-1410.0000000000032,-5.778688524590177,-0.175684125647306,0.9631147540983607,-5744.999999999996,11296.000000000025,,-2380.0000000000027,0.4783
B-FIX-05,L2_1003,OOT_2025,242,242,-1077.9999999998945,-4.454545454545019,-0.06336298024710814,0.9752066115702479,-13164.999999999978,20546.999999999956,,-2967.9999999998945,0.487
B-FIX-05,L2_1003,EXT_2026,176,176,12914.0,73.375,3.383134304540205,0.9886363636363636,-3532.0000000000214,3532.000000000022,0.08091993185689948,11869.0,0.9964
B-FIX-05,L3_1003,WF_2021_2024,973,973,-12800.739999999985,-13.155950668036985,-0.31227563199866903,0.9609455292908531,-12698.290000000026,35201.18000000041,,-14774.28999999999,0.2914
B-FIX-05,L3_1003,Y2021,244,244,12017.269999999997,49.251106557377035,2.3711454755545742,0.9795081967213115,-4662.2000000000035,6235.580000000049,0.09141427295883345,10918.719999999996,0.9681
B-FIX-05,L3_1003,Y2022,243,243,-19485.860000000106,-80.18872427983582,-1.1626331112178836,0.9382716049382716,-12698.290000000026,27477.890000000152,,-21459.410000000105,0.1199
B-FIX-05,L3_1003,Y2023,242,242,-2649.749999999881,-10.949380165288764,-0.38189581734161127,0.9669421487603306,-4119.199999999983,4844.119999999927,,-3453.2999999998788,0.3539
B-FIX-05,L3_1003,Y2024,244,244,-2682.400000000001,-10.993442622950823,-0.33422494872865044,0.9590163934426229,-5750.199999999996,11734.420000000013,,-3625.950000000003,0.4195
B-FIX-05,L3_1003,OOT_2025,242,242,-2370.1299999999083,-9.793925619834331,-0.13931507687582054,0.9752066115702479,-13170.199999999977,20699.869999999955,,-4213.6799999999075,0.4458
B-FIX-05,L3_1003,EXT_2026,176,176,11990.61,68.1284659090909,3.141306237229275,0.9886363636363636,-3537.2000000000216,3537.2000000000216,0.08494563662732756,10972.06,0.9943
B-FIX-05,L2_1005,WF_2021_2024,973,973,-7543.999999999996,-7.753340184994857,-0.18426888659806526,0.9619732785200411,-12708.000000000025,31850.0000000001,,-9598.999999999995,0.3842
B-FIX-05,L2_1005,Y2021,244,244,13422.999999999998,55.0122950819672,2.653821803936915,0.9795081967213115,-4642.000000000004,6144.000000000044,0.08604633837443196,12267.999999999998,0.9796
B-FIX-05,L2_1005,Y2022,243,243,-18502.000000000106,-76.13991769547368,-1.1050462239852565,0.9382716049382716,-12708.000000000025,26729.000000000087,,-20557.000000000106,0.1339
B-FIX-05,L2_1005,Y2023,242,242,-1434.9999999998836,-5.929752066115221,-0.2065347399572365,0.9710743801652892,-4123.999999999984,4676.999999999971,,-2314.9999999998836,0.4287
B-FIX-05,L2_1005,Y2024,244,244,-1030.0000000000036,-4.221311475409851,-0.12892054759938412,0.9590163934426229,-5739.999999999996,11196.000000000025,,-2130.0000000000036,0.4974
B-FIX-05,L2_1005,OOT_2025,242,242,-1397.9999999998963,-5.776859504131803,-0.08217065586653637,0.9752066115702479,-13154.99999999998,20551.999999999956,,-3342.9999999998963,0.4776
B-FIX-05,L2_1005,EXT_2026,176,176,12474.0,70.875,3.2757922713258227,0.9886363636363636,-3532.0000000000214,3532.000000000022,0.0837742504409171,11429.0,0.9954
B-FIX-05,L3_1005,WF_2021_2024,973,973,-12661.939999999984,-13.013299075025678,-0.3092715854989447,0.9609455292908531,-12713.290000000026,35321.93000000043,,-14665.489999999989,0.2926
B-FIX-05,L3_1005,Y2021,244,244,12146.819999999996,49.78204918032785,2.4015674718197766,0.9795081967213115,-4647.2000000000035,6180.580000000047,0.09290909060972341,11018.269999999995,0.9689
B-FIX-05,L3_1005,Y2022,243,243,-19811.400000000103,-81.52839506172882,-1.1832153551687097,0.9382716049382716,-12713.290000000026,27588.610000000157,,-21814.950000000106,0.1147
B-FIX-05,L3_1005,Y2023,242,242,-2694.7799999998792,-11.135454545454046,-0.3878522840916771,0.9669421487603306,-4129.199999999983,5079.029999999928,,-3548.329999999879,0.3491
B-FIX-05,L3_1005,Y2024,244,244,-2302.580000000001,-9.436803278688528,-0.2882039768543482,0.9590163934426229,-5745.199999999996,11634.330000000013,,-3376.1300000000015,0.4354
B-FIX-05,L3_1005,OOT_2025,242,242,-2704.7699999999077,-11.176735537189701,-0.15898346288111168,0.9752066115702479,-13160.199999999979,20704.959999999955,,-4598.319999999907,0.4378
B-FIX-05,L3_1005,EXT_2026,176,176,11551.330000000002,65.63255681818183,3.033526015651392,0.9886363636363636,-3537.2000000000216,3537.2000000000216,0.08817599358688566,10532.78,0.9933
B-FIX-05,DOUBLE,WF_2021_2024,973,971,-26846.119999999988,-27.591079136690634,-0.6547121870557954,0.9618949536560247,-12712.080000000025,45427.900000000795,,-28283.219999999994,0.1035
B-FIX-05,DOUBLE,Y2021,244,243,8641.219999999998,35.41483606557376,1.7221772782107585,0.9794238683127572,-4640.900000000003,6353.980000000041,0.11278500026616617,7666.619999999998,0.9205
B-FIX-05,DOUBLE,Y2022,243,242,-24898.640000000098,-102.46353909465061,-1.4833303515805074,0.9421487603305785,-12712.080000000025,30835.560000000187,,-26300.740000000114,0.0596
B-FIX-05,DOUBLE,Y2023,242,242,-5298.859999999888,-21.896115702478877,-0.765071052440976,0.9669421487603306,-4132.899999999983,6210.1599999999435,,-5818.999999999888,0.1942
B-FIX-05,DOUBLE,Y2024,244,244,-5289.840000000004,-21.679672131147555,-0.6601843647577945,0.9590163934426229,-5756.399999999996,12599.5,,-6116.940000000003,0.3051
B-FIX-05,DOUBLE,OOT_2025,242,242,-5012.439999999897,-20.71256198347065,-0.29464972053469174,0.9752066115702479,-13176.399999999978,21180.659999999956,,-6647.039999999895,0.3959
B-FIX-05,DOUBLE,EXT_2026,176,176,10646.959999999995,60.494090909090886,2.8035409819190513,0.9886363636363636,-3535.9000000000224,3535.9000000000224,0.07979742574406218,9797.359999999997,0.9909
B-FIX-10,L1,WF_2021_2024,973,973,-11114.499999999858,-11.422918807810749,-0.18462754827996145,0.9239465570400822,-15518.000000000024,45297.499999999956,,-14534.499999999862,0.3825
B-FIX-10,L1,Y2021,244,244,15905.500000000016,65.18647540983613,1.7614586095855842,0.930327868852459,-6012.000000000004,9506.500000000044,0.14586149445160465,13585.500000000016,0.9491
B-FIX-10,L1,Y2022,243,243,-29653.49999999992,-122.03086419753053,-1.2605637387280564,0.897119341563786,-15518.000000000024,40561.499999999935,,-33073.49999999993,0.1069
B-FIX-10,L1,Y2023,242,242,2882.4999999999895,11.911157024793345,0.27973573660704326,0.9297520661157025,-5528.999999999984,7651.500000000047,0.4778837814397242,1504.999999999989,0.6508
B-FIX-10,L1,Y2024,244,244,-248.99999999994543,-1.020491803278465,-0.01950797899490351,0.9385245901639344,-7167.499999999996,18301.5,,-2138.9999999999454,0.5219
B-FIX-10,L1,OOT_2025,242,242,-2599.0000000000073,-10.739669421487633,-0.11373155403306417,0.9297520661157025,-15087.499999999978,23100.499999999978,,-6469.000000000007,0.4644
B-FIX-10,L1,EXT_2026,176,176,27489.999999999967,156.19318181818164,4.120461068614152,0.9659090909090909,-5417.000000000022,5417.000000000022,0.07257184430702082,25494.999999999967,0.9994
B-FIX-10,P75,WF_2021_2024,973,973,-14878.249999999865,-15.291109969167385,-0.24720847310673066,0.9239465570400822,-15520.500000000025,47082.499999999935,,-18215.749999999854,0.3358
B-FIX-10,P75,Y2021,244,244,14754.250000000016,60.4682377049181,1.6347734198117865,0.930327868852459,-6017.000000000004,9550.250000000044,0.15334564616974752,12491.750000000016,0.9384
B-FIX-10,P75,Y2022,243,243,-30812.249999999927,-126.79938271604908,-1.3100307757671887,0.897119341563786,-15520.500000000025,41485.24999999995,,-34149.74999999992,0.0974
B-FIX-10,P75,Y2023,242,242,2276.249999999989,9.405991735537144,0.22095095425808903,0.9297520661157025,-5531.499999999984,7697.750000000047,0.5991213618890748,912.4999999999891,0.6244
B-FIX-10,P75,Y2024,244,244,-1096.4999999999454,-4.4938524590161695,-0.08595005004625694,0.9385245901639344,-7168.749999999996,18855.25,,-2758.999999999945,0.5017
B-FIX-10,P75,OOT_2025,242,242,-3411.5000000000055,-14.097107438016552,-0.14930701792517473,0.9297520661157025,-15088.749999999976,23199.249999999978,,-7229.0000000000055,0.4477
B-FIX-10,P75,EXT_2026,176,176,27034.999999999967,153.60795454545436,4.053307955968036,0.9659090909090909,-5419.500000000022,5419.500000000022,0.0730534492324765,25059.999999999967,0.9994
B-FIX-10,L2,WF_2021_2024,973,973,-18641.99999999987,-19.159301130524018,-0.3097925305209466,0.9239465570400822,-15523.000000000025,49639.99999999994,,-21946.999999999854,0.2922
B-FIX-10,L2,Y2021,244,244,13603.000000000016,55.750000000000064,1.5079008344361073,0.930327868852459,-6022.000000000004,9594.000000000044,0.16209659633904266,11398.000000000016,0.9257
B-FIX-10,L2,Y2022,243,243,-31970.999999999927,-131.5679012345676,-1.3594794869254914,0.897119341563786,-15523.000000000025,42408.99999999995,,-35275.99999999991,0.089
B-FIX-10,L2,Y2023,242,242,1669.9999999999886,6.900826446280945,0.16213893842020996,0.9297520661157025,-5533.999999999984,7744.000000000047,0.8083832335329396,319.9999999999891,0.5954
B-FIX-10,L2,Y2024,244,244,-1943.9999999999463,-7.9672131147538785,-0.15240370407522125,0.9385245901639344,-7169.999999999997,19409.0,,-3588.999999999947,0.4789
B-FIX-10,L2,OOT_2025,242,242,-4224.000000000007,-17.454545454545485,-0.1848909490181328,0.9297520661157025,-15089.999999999978,23297.999999999978,,-7989.000000000006,0.4292
B-FIX-10,L2,EXT_2026,176,176,26579.999999999967,151.02272727272708,3.9860644125125235,0.9659090909090909,-5422.000000000022,5422.000000000022,0.07355154251316788,24624.999999999967,0.9994
B-FIX-10,L3,WF_2021_2024,973,973,-24142.13999999986,-24.812065775950526,-0.40117823475731834,0.9239465570400822,-15533.290000000026,53479.14000000043,,-27395.68999999985,0.238
B-FIX-10,L3,Y2021,244,244,12207.01000000002,50.028729508196804,1.3535986760142433,0.930327868852459,-6027.290000000004,9630.940000000046,0.17641912311040922,10053.46000000002,0.9038
B-FIX-10,L3,Y2022,243,243,-33471.379999999925,-137.74230452674865,-1.423191778698008,0.897119341563786,-15533.290000000026,43513.01000000008,,-36724.92999999991,0.0783
B-FIX-10,L3,Y2023,242,242,389.22999999999456,1.6083884297520437,0.03779069372400466,0.9297520661157025,-5539.289999999984,7855.000000000047,3.3875857462169376,-929.3200000000068,0.5357
B-FIX-10,L3,Y2024,244,244,-3266.999999999942,-13.389344262294843,-0.25610030139874274,0.9385245901639344,-7175.289999999996,20062.190000000013,,-4860.549999999942,0.4414
B-FIX-10,L3,OOT_2025,242,242,-5719.090000000007,-23.632603305785153,-0.2503177627275911,0.9297520661157025,-15095.289999999977,23486.409999999978,,-9432.640000000012,0.3974
B-FIX-10,L3,EXT_2026,176,176,25503.959999999974,144.9088636363635,3.826304643733488,0.9659090909090909,-5427.290000000022,5427.290000000023,0.07463742885418585,23600.40999999997,0.9992
B-FIX-10,L2_1001,WF_2021_2024,973,973,-15726.999999999865,-16.163412127440765,-0.2613131488104865,0.9239465570400822,-15493.000000000024,47689.99999999994,,-19451.999999999854,0.3233
B-FIX-10,L2_1001,Y2021,244,244,13843.000000000016,56.733606557377115,1.5267344539421628,0.930327868852459,-6067.000000000004,9599.000000000044,0.16939969659755813,11498.000000000016,0.9285
B-FIX-10,L2_1001,Y2022,243,243,-29800.99999999992,-122.6378600823042,-1.2682581198072085,0.897119341563786,-15493.000000000024,40252.99999999996,,-33525.99999999992,0.1054
B-FIX-10,L2_1001,Y2023,242,242,1529.999999999989,6.322314049586732,0.14838784138167607,0.9297520661157025,-5528.999999999984,7774.000000000047,1.0065359477124254,-10.000000000010914,0.59
B-FIX-10,L2_1001,Y2024,244,244,-1298.9999999999454,-5.323770491803055,-0.10166715192812392,0.9385245901639344,-7184.999999999996,19419.0,,-3213.9999999999454,0.494
B-FIX-10,L2_1001,OOT_2025,242,242,-3954.0000000000073,-16.338842975206642,-0.1729857414124037,0.9297520661157025,-15114.999999999978,23057.999999999978,,-7709.000000000007,0.436
B-FIX-10,L2_1001,EXT_2026,176,176,26329.999999999967,149.60227272727255,3.963132087689423,0.9715909090909091,-5407.000000000022,5407.000000000022,0.07956703380174715,24234.999999999967,0.9992
B-FIX-10,L3_1001,WF_2021_2024,973,973,-21330.129999999863,-21.92202466598136,-0.35441246121495296,0.9239465570400822,-15503.290000000028,51592.04000000043,,-25003.67999999984,0.2621
B-FIX-10,L3_1001,Y2021,244,244,12421.92000000002,50.9095081967214,1.3703708324293147,0.930327868852459,-6072.290000000004,9635.94000000005,0.184637318546569,10128.370000000019,0.9079
B-FIX-10,L3_1001,Y2022,243,243,-31350.749999999935,-129.01543209876516,-1.334151693307972,0.897119341563786,-15503.290000000028,41328.6400000001,,-35024.29999999992,0.0946
B-FIX-10,L3_1001,Y2023,242,242,235.21999999999525,0.9719834710743606,0.022813754312037814,0.9297520661157025,-5534.289999999984,7884.820000000047,6.370844315959657,-1263.3300000000063,0.5303
B-FIX-10,L3_1001,Y2024,244,244,-2636.519999999939,-10.805409836065325,-0.20637023337107996,0.9385245901639344,-7190.199999999995,20071.89000000001,,-4500.06999999994,0.4569
B-FIX-10,L3_1001,OOT_2025,242,242,-5444.000000000006,-22.49586776859507,-0.23814800756353052,0.9297520661157025,-15120.289999999977,23246.409999999978,,-9147.550000000007,0.4007
B-FIX-10,L3_1001,EXT_2026,176,176,25238.959999999974,143.40318181818168,3.8007579834401755,0.9715909090909091,-5412.290000000022,5412.290000000023,0.08096807475426888,23195.40999999997,0.9992
B-FIX-10,L2_1003,WF_2021_2024,973,973,-11551.999999999865,-11.87255909558054,-0.1919683217256419,0.9249743062692704,-15513.000000000025,44223.999999999985,,-15596.999999999862,0.3761
B-FIX-10,L2_1003,Y2021,244,244,14513.000000000016,59.479508196721376,1.5926569092999812,0.930327868852459,-6102.000000000004,9624.000000000044,0.15951216151036984,12198.000000000016,0.9364
B-FIX-10,L2_1003,Y2022,243,243,-27075.999999999927,-111.42386831275691,-1.1533959041322839,0.897119341563786,-15513.000000000025,39472.99999999998,,-31120.999999999924,0.1304
B-FIX-10,L2_1003,Y2023,242,242,2084.999999999989,8.615702479338799,0.20226619413445232,0.9338842975206612,-5523.999999999984,7704.000000000047,0.7482014388489248,524.9999999999891,0.6117
B-FIX-10,L2_1003,Y2024,244,244,-1073.9999999999454,-4.401639344262072,-0.08393437730483581,0.9385245901639344,-7184.999999999996,18884.0,,-2928.9999999999445,0.5015
B-FIX-10,L2_1003,OOT_2025,242,242,-3554.0000000000055,-14.685950413223162,-0.1556974742582892,0.9297520661157025,-15089.999999999978,22877.999999999978,,-7549.0000000000055,0.4432
B-FIX-10,L2_1003,EXT_2026,176,176,25619.999999999967,145.56818181818164,3.8167754053048784,0.9715909090909091,-5447.000000000022,5447.000000000022,0.08528493364558949,23434.999999999967,0.9992
B-FIX-10,L3_1003,WF_2021_2024,973,973,-17277.69999999986,-17.75714285714271,-0.2871175494117307,0.9249743062692704,-15523.290000000026,47211.050000000425,,-21271.249999999847,0.3053
B-FIX-10,L3_1003,Y2021,244,244,13068.180000000018,53.55811475409843,1.434642226881828,0.930327868852459,-6107.2000000000035,9665.76000000005,0.17321080670759026,10804.63000000002,0.9203
B-FIX-10,L3_1003,Y2022,243,243,-28710.569999999927,-118.15049382716019,-1.2229575022043182,0.897119341563786,-15523.290000000026,40568.46000000009,,-32704.119999999923,0.1144
B-FIX-10,L3_1003,Y2023,242,242,785.7599999999941,3.246942148760306,0.07623023855008805,0.9338842975206612,-5529.289999999984,7814.640000000047,1.9325875585420629,-732.7900000000075,0.5562
B-FIX-10,L3_1003,Y2024,244,244,-2421.069999999939,-9.922418032786634,-0.1892328988326587,0.9385245901639344,-7190.199999999995,19551.800000000014,,-4224.619999999941,0.4639
B-FIX-10,L3_1003,OOT_2025,242,242,-5073.640000000011,-20.96545454545459,-0.22225503571329686,0.9297520661157025,-15095.289999999977,23071.40999999998,,-9017.19000000001,0.4091
B-FIX-10,L3_1003,EXT_2026,176,176,24538.95999999997,139.42590909090893,3.6574712965315936,0.9715909090909091,-5452.290000000022,5452.290000000023,0.0869454125195201,22405.409999999967,0.9989
B-FIX-10,L2_1005,WF_2021_2024,973,973,-11241.999999999865,-11.553956834532237,-0.1872901740792368,0.9260020554984584,-15528.000000000027,44393.999999999985,,-15386.999999999862,0.3788
B-FIX-10,L2_1005,Y2021,244,244,14693.000000000016,60.217213114754166,1.6160769432867015,0.930327868852459,-6077.000000000004,9509.000000000044,0.1650445790512487,12268.000000000016,0.9387
B-FIX-10,L2_1005,Y2022,243,243,-27695.999999999927,-113.975308641975,-1.1821537771378785,0.897119341563786,-15528.000000000027,39697.99999999998,,-31840.999999999924,0.1222
B-FIX-10,L2_1005,Y2023,242,242,2069.999999999989,8.553719008264418,0.20055093834886598,0.9380165289256198,-5553.999999999984,7839.000000000047,0.7463768115942069,524.9999999999891,0.6093
B-FIX-10,L2_1005,Y2024,244,244,-308.99999999994543,-1.2663934426227272,-0.02433256940393074,0.9385245901639344,-7179.999999999996,18689.0,,-2383.9999999999454,0.5198
B-FIX-10,L2_1005,OOT_2025,242,242,-4169.000000000007,-17.22727272727276,-0.18284675850985227,0.9297520661157025,-15074.999999999978,22832.999999999978,,-8194.000000000007,0.429
B-FIX-10,L2_1005,EXT_2026,176,176,25114.999999999967,142.69886363636346,3.761534483084917,0.9659090909090909,-5437.000000000022,5437.000000000022,0.09496316942066506,22729.999999999967,0.999
B-FIX-10,L3_1005,WF_2021_2024,973,973,-16980.539999999863,-17.451736896197186,-0.2829104709804056,0.9260020554984584,-15533.290000000026,47249.430000000415,,-21074.089999999855,0.3094
B-FIX-10,L3_1005,Y2021,244,244,13243.36000000002,54.27606557377057,1.4570752062442018,0.930327868852459,-6082.290000000004,9555.85000000005,0.17922566478597549,10869.81000000002,0.9231
B-FIX-10,L3_1005,Y2022,243,243,-29325.47999999993,-120.6809876543207,-1.2518289017861504,0.897119341563786,-15533.290000000026,40803.46000000009,,-33419.029999999926,0.1082
B-FIX-10,L3_1005,Y2023,242,242,776.4799999999937,3.2085950413222877,0.07523140352776256,0.9380165289256198,-5559.289999999984,7949.370000000047,1.9428059962909698,-732.0700000000065,0.5521
B-FIX-10,L3_1005,Y2024,244,244,-1674.8999999999387,-6.86434426229483,-0.13188670155914045,0.9385245901639344,-7185.199999999996,19361.17000000001,,-3698.4499999999393,0.4832
B-FIX-10,L3_1005,OOT_2025,242,242,-5688.010000000014,-23.504173553719067,-0.2494524182967822,0.9297520661157025,-15080.28999999998,23036.40999999998,,-9661.560000000016,0.3969
B-FIX-10,L3_1005,EXT_2026,176,176,24044.049999999974,136.6139204545453,3.602496630506338,0.9659090909090909,-5442.290000000022,5442.290000000023,0.09705311709133872,21710.49999999997,0.9984
B-FIX-10,DOUBLE,WF_2021_2024,973,971,-37607.09999999986,-38.65066803699883,-0.6250021645104075,0.9227600411946447,-15549.580000000025,62593.000000000844,,-40739.19999999985,0.1193
B-FIX-10,DOUBLE,Y2021,244,243,8282.840000000018,33.94606557377057,0.9194843508155917,0.9259259259259259,-6043.580000000004,9762.380000000043,0.2399056362310507,6295.740000000018,0.8253
B-FIX-10,DOUBLE,Y2022,243,243,-37531.719999999914,-154.4515226337445,-1.5960317611334949,0.897119341563786,-15549.580000000025,46633.340000000135,,-40663.81999999991,0.0516
B-FIX-10,DOUBLE,Y2023,242,242,-2340.460000000009,-9.671322314049625,-0.22733743477938304,0.9297520661157025,-5550.579999999984,8079.320000000047,,-3595.0600000000095,0.413
B-FIX-10,DOUBLE,Y2024,244,243,-6017.75999999994,-24.662950819671885,-0.47162234454238494,0.9382716049382716,-7183.899999999997,21433.87999999999,,-7519.859999999941,0.3674
B-FIX-10,DOUBLE,OOT_2025,242,242,-9081.18,-37.525537190082645,-0.39754044823349466,0.9297520661157025,-15104.079999999978,23901.319999999978,,-12633.280000000004,0.3303
B-FIX-10,DOUBLE,EXT_2026,176,176,23341.919999999976,132.6245454545453,3.5049137062672027,0.9659090909090909,-5438.580000000022,5438.580000000022,0.07741865279291514,21534.81999999997,0.9987
B-FIX-15,L1,WF_2021_2024,973,973,-11445.499999999985,-11.763103802672132,-0.15376216125605552,0.8869475847893115,-16848.000000000025,53529.99999999993,,-17290.49999999998,0.4045
B-FIX-15,L1,Y2021,244,244,16515.999999999927,67.68852459016364,1.2928890041737455,0.8975409836065574,-6889.500000000004,11319.000000000044,0.2179704528941642,12915.999999999927,0.9156
B-FIX-15,L1,Y2022,243,243,-32916.49999999988,-135.45884773662505,-1.1550984675536138,0.8559670781893004,-16848.000000000025,47708.99999999991,,-38761.49999999989,0.1356
B-FIX-15,L1,Y2023,242,242,4070.5000000000637,16.82024793388456,0.3276993369967581,0.8884297520661157,-5978.999999999984,10844.000000000011,0.5601277484338446,1790.5000000000637,0.6651
B-FIX-15,L1,Y2024,244,244,884.4999999999109,3.6249999999996345,0.055471373237167235,0.9057377049180327,-7622.499999999996,22622.50000000005,3.4143583945735494,-2135.500000000088,0.5476
B-FIX-15,L1,OOT_2025,242,242,-3865.500000000131,-15.973140495868309,-0.1388111792484729,0.8925619834710744,-16477.499999999978,25699.499999999993,,-9920.500000000131,0.4466
B-FIX-15,L1,EXT_2026,176,176,33617.999999999956,191.0113636363634,3.550078380821523,0.9204545454545454,-6767.000000000023,9766.00000000008,0.09265869474686192,30502.99999999996,0.9953
B-FIX-15,P75,WF_2021_2024,973,973,-17316.749999999985,-17.797276464542637,-0.23280698558162197,0.8869475847893115,-16850.500000000025,55412.49999999993,,-22659.249999999978,0.3496
B-FIX-15,P75,Y2021,244,244,14638.499999999927,59.9938524590161,1.1469319389413377,0.8975409836065574,-6895.750000000004,11369.000000000044,0.24097414352563565,11110.999999999927,0.8932
B-FIX-15,P75,Y2022,243,243,-34915.24999999989,-143.68415637860036,-1.2262044699541084,0.8559670781893004,-16850.500000000025,49343.99999999993,,-40257.74999999988,0.1198
B-FIX-15,P75,Y2023,242,242,3309.2500000000637,13.674586776859767,0.2664845978603449,0.8884297520661157,-5981.499999999984,10896.500000000011,0.6776459922943134,1066.7500000000637,0.6408
B-FIX-15,P75,Y2024,244,244,-349.2500000000864,-1.4313524590167475,-0.021923883547069825,0.9057377049180327,-7623.749999999996,23461.250000000047,,-2996.7500000000864,0.5209
B-FIX-15,P75,OOT_2025,242,242,-5044.250000000133,-20.84400826446336,-0.18116483669619207,0.8925619834710744,-16486.249999999978,25833.249999999993,,-10964.250000000135,0.4272
B-FIX-15,P75,EXT_2026,176,176,32962.999999999956,187.2897727272725,3.481117430619582,0.9204545454545454,-6772.000000000022,9781.00000000008,0.09389315292904178,29867.99999999996,0.9947
B-FIX-15,L2,WF_2021_2024,973,973,-23187.999999999985,-23.83144912641314,-0.3118669060040285,0.8869475847893115,-16853.000000000025,57294.99999999993,,-28482.999999999978,0.2924
B-FIX-15,L2,Y2021,244,244,12760.999999999927,52.299180327868555,1.0004350813969691,0.8975409836065574,-6902.000000000004,11419.000000000044,0.2707468066765943,9305.999999999927,0.8655
B-FIX-15,L2,Y2022,243,243,-36913.99999999988,-151.90946502057565,-1.29703274305076,0.8559670781893004,-16853.000000000025,50978.999999999905,,-42208.99999999988,0.1042
B-FIX-15,L2,Y2023,242,242,2548.0000000000637,10.528925619834974,0.20523593099243087,0.8884297520661157,-5983.999999999984,10949.000000000011,0.8653846153845938,343.00000000006366,0.613
B-FIX-15,L2,Y2024,244,244,-1583.0000000000864,-6.487704918033141,-0.09940710036756466,0.9057377049180327,-7624.999999999996,24300.000000000047,,-4208.000000000087,0.4939
B-FIX-15,L2,OOT_2025,242,242,-6223.000000000129,-25.714876033058385,-0.2235251910471956,0.8925619834710744,-16494.999999999978,25966.999999999993,,-12008.00000000013,0.4071
B-FIX-15,L2,EXT_2026,176,176,32307.99999999996,183.56818181818159,3.4121026659252918,0.9204545454545454,-6777.000000000022,9796.00000000008,0.09517766497461941,29232.99999999996,0.9938
B-FIX-15,L3,WF_2021_2024,973,971,-30061.179999999975,-30.895354573484045,-0.4043113048456753,0.8867147270854789,-16863.290000000026,61334.58000000045,,-35304.729999999974,0.2331
B-FIX-15,L3,Y2021,244,242,11028.899999999932,45.2004098360653,0.8649906670047922,0.8966942148760331,-6907.290000000003,11461.030000000048,0.3086028525056915,7625.349999999931,0.8332
B-FIX-15,L3,Y2022,243,243,-39059.4699999999,-160.73855967078148,-1.3723578689839346,0.8559670781893004,-16863.290000000026,52503.01000000004,,-44303.0199999999,0.0914
B-FIX-15,L3,Y2023,242,242,1112.9100000000699,4.598801652892851,0.08966124967864586,0.8884297520661157,-5989.289999999984,11060.090000000011,1.935062134404278,-1040.6399999999294,0.5645
B-FIX-15,L3,Y2024,244,244,-3143.5200000000787,-12.883278688524912,-0.1974140762247464,0.9057377049180327,-7630.289999999996,25100.140000000065,,-5717.070000000088,0.4574
B-FIX-15,L3,OOT_2025,242,242,-8193.180000000146,-33.85611570247994,-0.294307564787874,0.8925619834710744,-16500.28999999998,26245.409999999996,,-13926.730000000143,0.3753
B-FIX-15,L3,EXT_2026,176,176,30731.959999999966,174.6134090909089,3.2454501879144764,0.9204545454545454,-6787.290000000021,9837.160000000084,0.09838454820323869,27708.409999999963,0.9914
B-FIX-15,L2_1001,WF_2021_2024,973,973,-17347.99999999999,-17.82939362795477,-0.23339148550337563,0.8838643371017472,-16813.000000000025,54482.00000000003,,-23272.99999999998,0.3465
B-FIX-15,L2_1001,Y2021,244,244,13985.999999999927,57.31967213114724,1.0907535482126778,0.8975409836065574,-6977.000000000004,11454.000000000044,0.26633776633776773,10260.999999999927,0.8844
B-FIX-15,L2_1001,Y2022,243,243,-33443.99999999988,-137.62962962962916,-1.1771377650087302,0.8559670781893004,-16813.000000000025,48031.00000000001,,-39368.999999999876,0.1313
B-FIX-15,L2_1001,Y2023,242,242,2478.0000000000637,10.239669421487866,0.19992658141264957,0.8842975206611571,-5973.999999999984,10949.000000000011,0.9786117836965044,53.000000000063665,0.6138
B-FIX-15,L2_1001,Y2024,244,244,-368.0000000000882,-1.508196721311837,-0.023045967654192964,0.8975409836065574,-7644.999999999997,23920.000000000047,,-3493.000000000088,0.5188
B-FIX-15,L2_1001,OOT_2025,242,242,-5533.000000000131,-22.863636363636903,-0.1988722534397005,0.8966942148760331,-16514.999999999978,25651.999999999993,,-11538.000000000131,0.4195
B-FIX-15,L2_1001,EXT_2026,176,176,32047.99999999996,182.09090909090887,3.399048101728773,0.9204545454545454,-6757.000000000022,9766.00000000008,0.10125436844732913,28802.99999999996,0.9927
B-FIX-15,L3_1001,WF_2021_2024,973,973,-24333.189999999966,-25.008417266187017,-0.3273771283969605,0.8838643371017472,-16823.290000000026,57518.92000000043,,-30206.739999999965,0.2817
B-FIX-15,L3_1001,Y2021,244,244,12196.319999999934,49.98491803278662,0.9515462221254573,0.8975409836065574,-6982.290000000003,11500.940000000048,0.3012015099636628,8522.769999999935,0.8553
B-FIX-15,L3_1001,Y2022,243,243,-35584.46999999989,-146.4381481481477,-1.2524390370849436,0.8559670781893004,-16823.290000000026,49149.93000000009,,-41458.019999999895,0.115
B-FIX-15,L3_1001,Y2023,242,242,1013.4500000000717,4.187809917355668,0.08178750609383956,0.8842975206611571,-5979.289999999984,11060.090000000011,2.3420494350977674,-1360.0999999999358,0.5603
B-FIX-15,L3_1001,Y2024,244,244,-1958.4900000000798,-8.026598360656065,-0.12265854015112536,0.8975409836065574,-7650.289999999996,24735.20000000006,,-5032.040000000085,0.4825
B-FIX-15,L3_1001,OOT_2025,242,242,-7443.180000000137,-30.756942148760896,-0.26752969669122284,0.8966942148760331,-16520.28999999998,25915.409999999993,,-13396.730000000136,0.3881
B-FIX-15,L3_1001,EXT_2026,176,176,30521.959999999963,173.42022727272706,3.237281346639497,0.9204545454545454,-6767.290000000023,9807.160000000084,0.10463122289656379,27328.409999999963,0.99
B-FIX-15,L2_1003,WF_2021_2024,973,973,-11137.999999999989,-11.447070914696802,-0.14994996704653385,0.8838643371017472,-16833.000000000025,52207.000000000015,,-17472.99999999998,0.4079
B-FIX-15,L2_1003,Y2021,244,244,15095.999999999927,61.8688524590161,1.1751121428720968,0.8975409836065574,-7037.000000000005,11464.000000000044,0.23483041865394919,11550.999999999927,0.9018
B-FIX-15,L2_1003,Y2022,243,243,-29423.99999999989,-121.08641975308598,-1.0373656260279127,0.8518518518518519,-16833.000000000025,46421.0,,-35758.999999999876,0.1629
B-FIX-15,L2_1003,Y2023,242,242,3318.0000000000637,13.710743801653155,0.26825524542921064,0.8842975206611571,-5968.999999999984,10894.000000000011,0.7429174201325958,853.0000000000637,0.6404
B-FIX-15,L2_1003,Y2024,244,244,-128.00000000008913,-0.5245901639347915,-0.0079932020035675,0.9016393442622951,-7644.999999999997,23695.00000000005,,-3103.000000000088,0.5235
B-FIX-15,L2_1003,OOT_2025,242,242,-4988.000000000131,-20.611570247934427,-0.17959762305754995,0.8966942148760331,-16474.999999999978,25371.999999999993,,-11403.000000000131,0.4241
B-FIX-15,L2_1003,EXT_2026,176,176,31077.99999999996,176.57954545454524,3.263396179921131,0.9318181818181818,-6827.000000000022,10156.00000000008,0.11310251624943704,27562.99999999996,0.9895
B-FIX-15,L3_1003,WF_2021_2024,973,973,-18092.829999999965,-18.5948920863309,-0.24359981519606308,0.8838643371017472,-16843.290000000026,53518.960000000065,,-24376.379999999965,0.3365
B-FIX-15,L3_1003,Y2021,244,244,13336.499999999933,54.65778688524563,1.03861558464811,0.8975409836065574,-7042.290000000004,11510.94000000005,0.26195403591647115,9842.949999999933,0.8797
B-FIX-15,L3_1003,Y2022,243,243,-31504.469999999896,-129.6480246913576,-1.110679628651344,0.8518518518518519,-16843.290000000026,47514.93000000009,,-37788.0199999999,0.1443
B-FIX-15,L3_1003,Y2023,242,242,1818.5400000000718,7.5146280991738506,0.14707050195182855,0.8842975206611571,-5974.289999999984,11010.090000000011,1.327191043364405,-595.0099999999284,0.5888
B-FIX-15,L3_1003,Y2024,244,244,-1743.4000000000806,-7.145081967213445,-0.1088899867783179,0.9016393442622951,-7650.289999999996,24530.290000000063,,-4666.950000000093,0.4874
B-FIX-15,L3_1003,OOT_2025,242,242,-6878.000000000137,-28.421487603306353,-0.247656091105876,0.8966942148760331,-16480.28999999998,25640.409999999993,,-13241.550000000138,0.3943
B-FIX-15,L3_1003,EXT_2026,176,176,29601.959999999966,168.19295454545434,3.1091219153347587,0.9261363636363636,-6837.290000000021,10197.160000000084,0.11700407675707974,26138.409999999963,0.9869
B-FIX-15,L2_1005,WF_2021_2024,973,973,-10427.999999999989,-10.717368961973268,-0.14080447325096682,0.8848920863309353,-16863.000000000025,52507.000000000015,,-16922.999999999978,0.417
B-FIX-15,L2_1005,Y2021,244,244,15190.999999999927,62.25819672131118,1.1842474026469958,0.8975409836065574,-6992.000000000004,11289.000000000044,0.243236126653941,11495.999999999927,0.905
B-FIX-15,L2_1005,Y2022,243,243,-30133.99999999989,-124.00823045267445,-1.0642570191628837,0.8559670781893004,-16863.000000000025,46816.0,,-36628.99999999989,0.1563
B-FIX-15,L2_1005,Y2023,242,242,3453.000000000064,14.268595041322579,0.27930314518462435,0.8842975206611571,-6008.999999999984,11069.000000000011,0.7370402548508407,908.0000000000637,0.6452
B-FIX-15,L2_1005,Y2024,244,244,1061.9999999999136,4.352459016393088,0.06695933263944072,0.9016393442622951,-7639.999999999995,23235.000000000044,3.055555555555804,-2183.0000000000873,0.5479
B-FIX-15,L2_1005,OOT_2025,242,242,-5983.000000000133,-24.723140495868318,-0.21582032533103732,0.8966942148760331,-16439.999999999978,25231.999999999993,,-12538.000000000133,0.4075
B-FIX-15,L2_1005,EXT_2026,176,176,30432.99999999996,172.9147727272725,3.2106998987128215,0.9261363636363636,-6807.000000000022,10058.000000000047,0.12141425426346417,26737.99999999996,0.9886
B-FIX-15,L3_1005,WF_2021_2024,973,973,-17476.839999999964,-17.961808838643332,-0.23598340240394947,0.8848920863309353,-16873.290000000026,53823.960000000065,,-23920.389999999978,0.3446
B-FIX-15,L3_1005,Y2021,244,244,13382.129999999936,54.84479508196695,1.0437326205346982,0.8975409836065574,-6997.290000000004,11335.94000000005,0.27226981056080146,9738.57999999993,0.8788
B-FIX-15,L3_1005,Y2022,243,243,-32224.469999999903,-132.61098765432058,-1.1379848753625148,0.8559670781893004,-16873.290000000026,47914.93000000009,,-38668.0199999999,0.1369
B-FIX-15,L3_1005,Y2023,242,242,1933.5400000000718,7.989834710744098,0.1564562642755145,0.8842975206611571,-6014.289999999984,11190.090000000011,1.2896293844450633,-560.0099999999284,0.5924
B-FIX-15,L3_1005,Y2024,244,244,-568.04000000008,-2.328032786885574,-0.03581334732572254,0.9016393442622951,-7645.289999999997,24075.020000000066,,-3761.590000000081,0.5139
B-FIX-15,L3_1005,OOT_2025,242,242,-7848.000000000136,-32.429752066116265,-0.28307172663833374,0.8925619834710744,-16450.28999999998,25500.409999999996,,-14351.550000000134,0.3785
B-FIX-15,L3_1005,EXT_2026,176,176,28936.959999999963,164.41454545454525,3.052568536577486,0.9261363636363636,-6817.290000000023,10150.900000000056,0.12591336477639686,25293.40999999996,0.9853
B-FIX-15,DOUBLE,WF_2021_2024,973,967,-47245.11999999994,-48.556135662898186,-0.6355658173420057,0.8831437435367114,-16879.580000000027,73302.26000000085,,-52337.219999999936,0.1151
B-FIX-15,DOUBLE,Y2021,244,240,6272.319999999951,25.706229508196518,0.4927611483071666,0.9,-6926.0800000000045,11609.880000000045,0.510512856486918,3070.2199999999484,0.7147
B-FIX-15,DOUBLE,Y2022,243,242,-44802.859999999884,-184.3739094650201,-1.5743519267044845,0.8512396694214877,-16879.580000000027,56823.44000000012,,-49894.959999999875,0.0584
B-FIX-15,DOUBLE,Y2023,242,242,-2086.319999999928,-8.62115702479309,-0.16819907087825897,0.8801652892561983,-6000.579999999984,11297.180000000011,,-4123.419999999929,0.4419
B-FIX-15,DOUBLE,Y2024,244,243,-6628.260000000076,-27.165000000000312,-0.41630281143130116,0.9012345679012346,-7639.079999999996,26912.50000000004,,-9100.360000000073,0.3829
B-FIX-15,DOUBLE,OOT_2025,242,242,-12762.680000000117,-52.7383471074385,-0.4585437684491119,0.8925619834710744,-16524.07999999998,26820.319999999992,,-18169.78000000012,0.304
B-FIX-15,DOUBLE,EXT_2026,176,176,27669.91999999997,157.21545454545438,2.9220006544851134,0.9204545454545454,-6808.580000000022,9912.32000000008,0.10578635572491729,24742.81999999997,0.9873
B-FIX-20,L1,WF_2021_2024,973,973,-12962.500000000055,-13.322199383350519,-0.14838198301967093,0.8499486125385406,-17693.000000000025,59464.49999999995,,-20762.500000000062,0.4105
B-FIX-20,L1,Y2021,244,244,17839.999999999978,73.11475409836056,1.0958303657076622,0.8729508196721312,-7312.000000000005,12184.500000000055,0.2769058295964129,12899.999999999976,0.9073
B-FIX-20,L1,Y2022,243,243,-37074.49999999993,-152.56995884773633,-1.1299649167139112,0.8189300411522634,-17693.000000000025,54000.999999999956,,-44659.49999999992,0.1433
B-FIX-20,L1,Y2023,242,242,4744.999999999925,19.60743801652862,0.32110334372267435,0.8512396694214877,-6813.999999999984,14290.000000000055,0.663856691253962,1594.9999999999254,0.6601
B-FIX-20,L1,Y2024,244,244,1526.9999999999663,6.258196721311338,0.08199057970245627,0.8565573770491803,-8057.499999999997,26779.49999999998,2.982973149967322,-3028.0000000000337,0.5517
B-FIX-20,L1,OOT_2025,242,242,-1547.0000000000546,-6.3925619834713,-0.04842669949798562,0.871900826446281,-17359.999999999978,27372.50000000003,,-10152.000000000055,0.4835
B-FIX-20,L1,EXT_2026,176,176,38911.99999999999,221.09090909090904,3.248820455136683,0.8806818181818182,-7622.000000000022,12561.00000000008,0.11590254934210528,34401.99999999999,0.9928
B-FIX-20,P75,WF_2021_2024,973,973,-19531.25000000005,-20.073227132579703,-0.22369042767220423,0.8489208633093526,-17698.000000000025,61148.24999999995,,-27003.75000000006,0.3531
B-FIX-20,P75,Y2021,244,244,15564.999999999978,63.79098360655729,0.9572781209163697,0.8729508196721312,-7319.500000000003,12248.250000000055,0.3136845486668813,10682.499999999978,0.8787
B-FIX-20,P75,Y2022,243,243,-39018.24999999993,-160.56893004115196,-1.189534367511985,0.8148148148148148,-17698.000000000025,55415.99999999994,,-46463.24999999993,0.1284
B-FIX-20,P75,Y2023,242,242,3677.4999999999272,15.196280991735236,0.248954707045029,0.8512396694214877,-6816.499999999983,14370.000000000055,0.8477226376614716,559.9999999999263,0.6303
B-FIX-20,P75,Y2024,244,244,244.4999999999709,1.0020491803277496,0.013139587211397314,0.8565573770491803,-8058.749999999995,27578.24999999998,17.627811860942792,-4065.50000000003,0.5288
B-FIX-20,P75,OOT_2025,242,242,-3017.0000000000546,-12.466942148760555,-0.09444743482989415,0.871900826446281,-17369.999999999978,27601.25000000003,,-11542.000000000055,0.4615
B-FIX-20,P75,EXT_2026,176,176,37991.99999999999,215.86363636363632,3.1715573728929924,0.8806818181818182,-7624.500000000021,12578.50000000008,0.11811697199410405,33504.49999999999,0.9921
B-FIX-20,L2,WF_2021_2024,973,973,-26100.00000000006,-26.824254881808898,-0.2990537710606354,0.8478931140801644,-17703.000000000025,62831.99999999994,,-33455.00000000006,0.2971
B-FIX-20,L2,Y2021,244,244,13289.999999999978,54.46721311475401,0.8181548216777023,0.8688524590163934,-7327.000000000004,12312.000000000055,0.36305492851768306,8464.999999999978,0.8412
B-FIX-20,L2,Y2022,243,243,-40961.99999999993,-168.5679012345676,-1.2491159036474913,0.8148148148148148,-17703.000000000025,56830.99999999994,,-48316.99999999993,0.1162
B-FIX-20,L2,Y2023,242,242,2609.9999999999254,10.78512396694184,0.1767494430516275,0.8512396694214877,-6818.999999999984,14450.000000000055,1.1819923371647847,-475.0000000000746,0.6003
B-FIX-20,L2,Y2024,244,244,-1038.0000000000346,-4.254098360655879,-0.055823452640255074,0.8565573770491803,-8059.999999999996,28376.99999999998,,-5103.000000000035,0.5056
B-FIX-20,L2,OOT_2025,242,242,-4487.000000000055,-18.54132231404981,-0.14047031163160828,0.871900826446281,-17379.999999999978,27830.00000000003,,-12932.000000000055,0.4401
B-FIX-20,L2,EXT_2026,176,176,37071.99999999999,210.6363636363636,3.0941937627480223,0.8806818181818182,-7627.000000000022,12596.00000000008,0.12044130340958138,32606.999999999993,0.9909
B-FIX-20,L3,WF_2021_2024,973,973,-34522.080000000045,-35.480041109969214,-0.3955455020337247,0.8468653648509764,-17713.290000000026,68309.91000000047,,-41825.63000000004,0.2326
B-FIX-20,L3,Y2021,244,244,11279.329999999985,46.226762295081905,0.6944724232270103,0.8647540983606558,-7337.2900000000045,12379.03000000006,0.4232121943413311,6505.779999999983,0.8033
B-FIX-20,L3,Y2022,243,243,-43442.46999999994,-178.7755967078187,-1.3247784662287039,0.8148148148148148,-17713.290000000026,58590.59000000009,,-50746.01999999993,0.0999
B-FIX-20,L3,Y2023,242,242,709.8199999999342,2.9331404958674967,0.048068647621418596,0.8512396694214877,-6829.289999999983,14642.250000000058,4.273689104280354,-2323.7300000000696,0.5417
B-FIX-20,L3,Y2024,244,244,-3068.760000000021,-12.576885245901726,-0.16502557024822503,0.8565573770491803,-8065.289999999995,29427.38,,-7082.310000000025,0.4687
B-FIX-20,L3,OOT_2025,242,242,-6852.180000000066,-28.314793388430022,-0.2145127432370903,0.871900826446281,-17390.28999999998,28154.280000000035,,-15245.730000000061,0.4058
B-FIX-20,L3,EXT_2026,176,176,35275.96,200.43159090909091,2.944372826536598,0.8806818181818182,-7637.290000000021,12637.160000000084,0.12511495080502416,30862.409999999996,0.9887
B-FIX-20,L2_1001,WF_2021_2024,973,973,-20235.000000000055,-20.796505652620816,-0.23224838469764642,0.8468653648509764,-17643.000000000025,59777.000000000015,,-28440.00000000005,0.3478
B-FIX-20,L2_1001,Y2021,244,244,14314.999999999978,58.668032786885156,0.8773666734734277,0.8647540983606558,-7417.000000000004,12357.000000000055,0.3587146349982541,9179.999999999978,0.8593
B-FIX-20,L2_1001,Y2022,243,243,-36616.99999999993,-150.68724279835362,-1.1202613379740711,0.8189300411522634,-17643.000000000025,53491.000000000015,,-44821.99999999993,0.1472
B-FIX-20,L2_1001,Y2023,242,242,2724.9999999999236,11.26033057851208,0.18500979349597493,0.8512396694214877,-6808.9999999999845,14465.000000000055,1.2348623853211356,-640.0000000000755,0.6033
B-FIX-20,L2_1001,Y2024,244,244,-658.0000000000327,-2.696721311475544,-0.03537533290647189,0.8524590163934426,-8084.999999999996,29101.999999999985,,-4853.000000000033,0.5107
B-FIX-20,L2_1001,OOT_2025,242,242,-3842.0000000000546,-15.876033057851465,-0.12062007621185868,0.871900826446281,-17409.999999999978,27345.00000000003,,-12127.000000000055,0.4504
B-FIX-20,L2_1001,EXT_2026,176,176,36881.99999999999,209.55681818181813,3.0988405594249033,0.8863636363636364,-7607.000000000022,12546.00000000008,0.12295970934331113,32346.999999999993,0.99
B-FIX-20,L3_1001,WF_2021_2024,973,973,-28507.08000000004,-29.29812949640292,-0.3271934952803252,0.8468653648509764,-17653.290000000026,64394.91000000047,,-36660.63000000004,0.278
B-FIX-20,L3_1001,Y2021,244,244,12354.329999999985,50.63249999999994,0.7573851408683423,0.8647540983606558,-7422.290000000004,12414.030000000057,0.41147921417025507,7270.779999999989,0.8234
B-FIX-20,L3_1001,Y2022,243,243,-39037.46999999993,-160.64802469135773,-1.194334850610424,0.8189300411522634,-17653.290000000026,54684.9300000001,,-47191.01999999993,0.1286
B-FIX-20,L3_1001,Y2023,242,242,864.8199999999333,3.573636363636088,0.058716946351813334,0.8512396694214877,-6819.289999999984,14652.250000000058,3.8314909460931244,-2448.730000000067,0.5495
B-FIX-20,L3_1001,Y2024,244,244,-2688.7600000000284,-11.019508196721429,-0.14454503546498493,0.8524590163934426,-8090.289999999995,30102.380000000005,,-6832.310000000038,0.4729
B-FIX-20,L3_1001,OOT_2025,242,242,-6157.1800000000585,-25.44289256198371,-0.1932995547001951,0.871900826446281,-17420.28999999998,27664.28000000004,,-14390.730000000061,0.4171
B-FIX-20,L3_1001,EXT_2026,176,176,35120.96,199.55090909090907,2.950988256358025,0.8806818181818182,-7617.290000000023,12587.160000000084,0.12766023479995992,30637.409999999996,0.9865
B-FIX-20,L2_1003,WF_2021_2024,973,973,-12255.000000000056,-12.595066803699956,-0.1407457389188903,0.8499486125385406,-17673.000000000025,56597.000000000015,,-21030.00000000006,0.4159
B-FIX-20,L2_1003,Y2021,244,244,15469.999999999976,63.4016393442622,0.9471860973225318,0.8688524590163934,-7487.000000000005,12357.000000000055,0.3177117000646417,10554.999999999978,0.8805
B-FIX-20,L2_1003,Y2022,243,243,-31011.999999999935,-127.62139917695447,-0.9499010609752851,0.8271604938271605,-17673.000000000025,51226.000000000015,,-39786.99999999993,0.1888
B-FIX-20,L2_1003,Y2023,242,242,3834.9999999999236,15.847107438016213,0.2611723409000804,0.8471074380165289,-6808.9999999999845,14315.000000000055,0.890482398956993,419.9999999999245,0.634
B-FIX-20,L2_1003,Y2024,244,244,-548.0000000000337,-2.2459016393444,-0.02937600548064266,0.8565573770491803,-8084.999999999996,28923.999999999978,,-4573.000000000033,0.5135
B-FIX-20,L2_1003,OOT_2025,242,242,-2917.0000000000546,-12.053719008264688,-0.09176078406945722,0.871900826446281,-17339.999999999978,26975.00000000003,,-11732.000000000055,0.464
B-FIX-20,L2_1003,EXT_2026,176,176,35726.99999999999,202.99431818181813,2.979239646844656,0.8863636363636364,-7707.000000000022,13076.00000000008,0.13645142329330762,30851.999999999993,0.9838
B-FIX-20,L3_1003,WF_2021_2024,973,973,-20556.900000000052,-21.127338129496458,-0.2360980699002475,0.8499486125385406,-17683.290000000026,58044.05000000007,,-29280.45000000004,0.3403
B-FIX-20,L3_1003,Y2021,244,244,13464.329999999985,55.18168032786879,0.8246200852661816,0.8688524590163934,-7492.290000000004,12409.03000000006,0.36121737955026395,8600.779999999988,0.8478
B-FIX-20,L3_1003,Y2022,243,243,-33432.46999999994,-137.5821810699586,-1.0240356728991862,0.8271604938271605,-17683.290000000026,52424.930000000095,,-42156.01999999993,0.1698
B-FIX-20,L3_1003,Y2023,242,242,1949.8199999999315,8.057107438016246,0.13280443364501976,0.8471074380165289,-6819.289999999984,14517.250000000058,1.7250566718979794,-1413.7300000000669,0.5791
B-FIX-20,L3_1003,Y2024,244,244,-2538.5800000000245,-10.404016393442724,-0.13608574053746525,0.8565573770491803,-8090.289999999995,29887.29000000001,,-6512.1300000000365,0.4769
B-FIX-20,L3_1003,OOT_2025,242,242,-5242.180000000062,-21.661900826446537,-0.1649018269551508,0.871900826446281,-17350.28999999998,27294.280000000035,,-14005.730000000058,0.4296
B-FIX-20,L3_1003,EXT_2026,176,176,33955.96,192.93159090909091,2.8316100784993683,0.8806818181818182,-7717.290000000023,13117.160000000084,0.14205311821547675,29132.409999999996,0.9803
B-FIX-20,L2_1005,WF_2021_2024,973,973,-11065.000000000055,-11.37204522096614,-0.12746104830912494,0.8509763617677287,-17713.000000000025,56822.000000000015,,-20080.00000000005,0.4272
B-FIX-20,L2_1005,Y2021,244,244,15704.999999999978,64.36475409836056,0.96203805522498,0.8688524590163934,-7437.000000000005,12182.000000000055,0.32823941419930003,10549.999999999978,0.8822
B-FIX-20,L2_1005,Y2022,243,243,-31746.999999999927,-130.64609053497912,-0.9736200944600266,0.831275720164609,-17713.000000000025,51536.00000000002,,-40761.99999999993,0.1823
B-FIX-20,L2_1005,Y2023,242,242,3929.9999999999254,16.239669421487296,0.2680396049523546,0.8471074380165289,-6868.999999999984,14553.000000000044,0.8664122137404745,524.9999999999254,0.6388
B-FIX-20,L2_1005,Y2024,244,244,1046.9999999999673,4.290983606557242,0.05679146717350879,0.8565573770491803,-8079.999999999996,28296.99999999998,4.312320916905579,-3468.0000000000327,0.5415
B-FIX-20,L2_1005,OOT_2025,242,242,-4312.000000000055,-17.818181818182044,-0.1360409662213177,0.871900826446281,-17289.999999999978,26800.00000000003,,-13277.000000000055,0.442
B-FIX-20,L2_1005,EXT_2026,176,176,35191.99999999999,199.9545454545454,2.9513201761958836,0.8863636363636364,-7657.000000000022,13068.000000000047,0.14108320072743807,30226.999999999993,0.9836
B-FIX-20,L3_1005,WF_2021_2024,973,973,-19346.630000000045,-19.883484069886993,-0.22287139440249729,0.8499486125385406,-17723.290000000026,58259.05000000006,,-28310.180000000033,0.3529
B-FIX-20,L3_1005,Y2021,244,244,13674.419999999984,56.04270491803272,0.8379527420029698,0.8647540983606558,-7442.290000000004,12234.03000000006,0.37321875443346086,8570.869999999986,0.8505
B-FIX-20,L3_1005,Y2022,243,243,-34117.46999999993,-140.40111111111082,-1.0462999441334573,0.831275720164609,-17723.290000000026,52719.93000000011,,-43081.01999999993,0.1625
B-FIX-20,L3_1005,Y2023,242,242,2054.9999999999327,8.491735537189804,0.1401698642789152,0.8471074380165289,-6879.289999999983,14727.250000000058,1.6318978102190316,-1298.5500000000657,0.5814
B-FIX-20,L3_1005,Y2024,244,244,-958.5800000000263,-3.928606557377157,-0.052002901245506425,0.8565573770491803,-8085.289999999996,29267.290000000008,,-5422.130000000038,0.504
B-FIX-20,L3_1005,OOT_2025,242,242,-6582.180000000068,-27.19909090909119,-0.20765735964569268,0.871900826446281,-17300.28999999998,27114.280000000035,,-15495.730000000061,0.4081
B-FIX-20,L3_1005,EXT_2026,176,176,33480.96,190.23272727272726,2.807898619128539,0.8863636363636364,-7667.290000000023,13165.900000000056,0.14675654461520818,28567.409999999996,0.9799
B-FIX-20,DOUBLE,WF_2021_2024,973,972,-56749.04000000001,-58.32378211716342,-0.6506283818710982,0.8436213991769548,-17734.580000000027,83405.82000000088,,-63896.14,0.1072
B-FIX-20,DOUBLE,Y2021,244,243,4780.279999999991,19.591311475409796,0.29474754935741154,0.8641975308641975,-7363.5800000000045,12580.560000000056,0.9627260327846924,178.1799999999912,0.6501
B-FIX-20,DOUBLE,Y2022,243,243,-50053.439999999915,-205.98123456790088,-1.5271190416323939,0.8106995884773662,-17734.580000000027,63351.180000000146,,-57200.539999999906,0.0651
B-FIX-20,DOUBLE,Y2023,242,242,-3567.3600000000615,-14.741157024793642,-0.24172383090417532,0.8471074380165289,-6845.579999999984,15019.500000000053,,-6479.460000000062,0.4113
B-FIX-20,DOUBLE,Y2024,244,244,-7908.520000000023,-32.41196721311485,-0.42568912628254485,0.8524590163934426,-8074.079999999996,32197.259999999987,,-11375.620000000024,0.3735
B-FIX-20,DOUBLE,OOT_2025,242,242,-12399.360000000055,-51.237024793388656,-0.3881732910072091,0.8677685950413223,-17421.57999999998,28968.06000000003,,-20576.460000000046,0.3329
B-FIX-20,DOUBLE,EXT_2026,176,176,31463.920000000006,178.77227272727276,2.625000606489812,0.8806818181818182,-7653.580000000022,12717.320000000085,0.13704903902628787,27151.820000000003,0.9814
B-FIX-25,L1,WF_2021_2024,973,973,-19677.000000000095,-20.22302158273391,-0.19707489954692614,0.8191161356628982,-18893.000000000025,70444.99999999994,,-29567.000000000084,0.3728
B-FIX-25,L1,Y2021,244,244,19200.500000000025,78.69057377049191,0.9920080041297006,0.8565573770491803,-7722.000000000004,13712.000000000055,0.3244707169084134,12970.500000000025,0.8881
B-FIX-25,L1,Y2022,243,243,-47098.99999999993,-193.82304526748942,-1.2695808849072279,0.7901234567901234,-18893.000000000025,65050.99999999997,,-56988.99999999993,0.1139
B-FIX-25,L1,Y2023,242,242,5949.999999999807,24.586776859503335,0.3498094430734648,0.8181818181818182,-7198.999999999984,16947.500000000055,0.6848739495798541,1874.9999999998072,0.6691
B-FIX-25,L1,Y2024,244,244,2271.499999999992,9.309426229508164,0.10716101000766055,0.8114754098360656,-8454.999999999996,30236.99999999993,2.568787145058341,-3563.5000000000073,0.5561
B-FIX-25,L1,OOT_2025,242,242,-1162.0000000000364,-4.801652892562134,-0.0326289777114515,0.8264462809917356,-18284.999999999978,31722.0,,-12287.000000000036,0.4907
B-FIX-25,L1,EXT_2026,176,176,39791.99999999999,226.09090909090904,2.749239893116763,0.8465909090909091,-8084.999999999977,14538.000000000047,0.147391435464415,33926.99999999999,0.9889
B-FIX-25,P75,WF_2021_2024,973,973,-27442.000000000087,-28.20349434737933,-0.27501869413897295,0.8191161356628982,-18898.000000000025,72342.49999999994,,-37182.00000000008,0.3183
B-FIX-25,P75,Y2021,244,244,17016.750000000025,69.7407786885247,0.8799483052469084,0.8565573770491803,-7729.500000000004,13799.500000000055,0.3630246668723458,10839.250000000025,0.861
B-FIX-25,P75,Y2022,243,243,-49336.49999999993,-203.03086419753058,-1.3301525432059476,0.7901234567901234,-18898.000000000025,66660.99999999997,,-59076.49999999993,0.1032
B-FIX-25,P75,Y2023,242,242,4627.499999999807,19.121900826445483,0.2721472047916272,0.8181818181818182,-7203.999999999983,17048.750000000055,0.8708806050783723,597.4999999998072,0.6364
B-FIX-25,P75,Y2024,244,244,250.24999999999454,1.0256147540983382,0.011830758434489693,0.8114754098360656,-8457.499999999996,31589.49999999993,20.23976023976068,-4814.7500000000055,0.5233
B-FIX-25,P75,OOT_2025,242,242,-2782.0000000000364,-11.495867768595192,-0.07812010073183404,0.8223140495867769,-18289.999999999978,31932.0,,-13827.000000000036,0.4692
B-FIX-25,P75,EXT_2026,176,176,38864.49999999999,220.8210227272727,2.6842176269666123,0.8465909090909091,-8089.999999999979,14578.000000000047,0.15026566661091745,33024.49999999999,0.9874
B-FIX-25,L2,WF_2021_2024,973,973,-35207.000000000095,-36.18396711202476,-0.35297454544410845,0.8180883864337102,-18903.000000000025,74239.99999999994,,-44892.00000000009,0.2674
B-FIX-25,L2,Y2021,244,244,14833.000000000027,60.79098360655749,0.7676230544048684,0.8524590163934426,-7737.000000000005,13887.000000000055,0.4129306276545533,8708.000000000027,0.8285
B-FIX-25,L2,Y2022,243,243,-51573.99999999992,-212.23868312757168,-1.3907205851633377,0.7901234567901234,-18903.000000000025,68270.99999999999,,-61258.99999999993,0.091
B-FIX-25,L2,Y2023,242,242,3304.999999999807,13.657024793387633,0.1944281097667819,0.8181818181818182,-7208.9999999999845,17150.000000000055,1.2057488653555923,-680.0000000001946,0.602
B-FIX-25,L2,Y2024,244,244,-1771.000000000009,-7.258196721311513,-0.08380087390339444,0.8114754098360656,-8459.999999999996,32941.99999999993,,-6706.000000000009,0.492
B-FIX-25,L2,OOT_2025,242,242,-4402.000000000035,-18.19008264462824,-0.12361121570363023,0.8223140495867769,-18294.999999999978,32142.0,,-15367.000000000036,0.4481
B-FIX-25,L2,EXT_2026,176,176,37936.99999999999,215.55113636363632,2.619194492200323,0.8465909090909091,-8094.999999999978,14618.000000000047,0.15328043862192586,32121.999999999993,0.9861
B-FIX-25,L3,WF_2021_2024,973,973,-44654.1700000001,-45.89328879753351,-0.44769026983881943,0.817060637204522,-18913.290000000026,80361.91000000044,,-54287.72000000008,0.2047
B-FIX-25,L3,Y2021,244,244,12602.240000000034,51.64852459016407,0.6522520527801776,0.8483606557377049,-7747.290000000004,13954.030000000053,0.4819420991823663,6528.690000000034,0.7873
B-FIX-25,L3,Y2022,243,243,-54069.46999999994,-222.50810699588453,-1.4580099952895875,0.7901234567901234,-18913.290000000026,70030.59000000004,,-63703.01999999992,0.0792
B-FIX-25,L3,Y2023,242,242,974.8199999998124,4.028181818181043,0.05735032398985602,0.8181818181818182,-7219.289999999984,17382.250000000065,4.035155208141767,-2958.7300000001924,0.5456
B-FIX-25,L3,Y2024,244,244,-4161.759999999998,-17.056393442622944,-0.19692265463499986,0.8114754098360656,-8470.289999999997,34034.189999999944,,-9045.310000000009,0.4526
B-FIX-25,L3,OOT_2025,242,242,-6882.180000000048,-28.43876033057871,-0.1932560285430778,0.8223140495867769,-18305.28999999998,32471.280000000006,,-17795.730000000047,0.415
B-FIX-25,L3,EXT_2026,176,176,36125.96,205.26113636363635,2.4941591443036932,0.8465909090909091,-8105.289999999978,14720.900000000052,0.15954039698875824,30362.41,0.982
B-FIX-25,L2_1001,WF_2021_2024,973,973,-26897.000000000095,-27.643371017471836,-0.27036542484395376,0.8232271325796505,-18823.000000000025,69633.0,,-37472.00000000009,0.3198
B-FIX-25,L2_1001,Y2021,244,244,15918.000000000025,65.23770491803289,0.8203123306608187,0.8565573770491803,-7847.000000000004,13852.000000000055,0.4011182309335337,9533.000000000025,0.8467
B-FIX-25,L2_1001,Y2022,243,243,-46123.99999999993,-189.81069958847706,-1.2500517477650746,0.7983539094650206,-18823.000000000025,63449.000000000044,,-56698.99999999992,0.1195
B-FIX-25,L2_1001,Y2023,242,242,3449.999999999807,14.256198347106642,0.20398730627419434,0.8264462809917356,-7188.999999999984,17150.000000000055,1.2710144927536942,-935.0000000001928,0.612
B-FIX-25,L2_1001,Y2024,244,244,-141.00000000000728,-0.5778688524590462,-0.006656179003625109,0.8114754098360656,-8494.999999999996,32811.99999999993,,-5766.000000000007,0.5156
B-FIX-25,L2_1001,OOT_2025,242,242,-3877.000000000038,-16.02066115702495,-0.10933718255095097,0.8264462809917356,-18324.999999999978,31532.0,,-14622.000000000036,0.4552
B-FIX-25,L2_1001,EXT_2026,176,176,37686.99999999999,214.13068181818178,2.623292568978071,0.8465909090909091,-8007.000000000022,15258.000000000047,0.15695067264573995,31771.999999999993,0.9814
B-FIX-25,L3_1001,WF_2021_2024,973,973,-36224.170000000086,-37.22936279547799,-0.3641341752709901,0.8232271325796505,-18833.290000000026,74206.91000000047,,-46747.72000000008,0.2553
B-FIX-25,L3_1001,Y2021,244,244,13697.240000000034,56.13622950819686,0.70597370109379,0.8565573770491803,-7857.290000000003,13919.030000000057,0.4623960739535837,7363.690000000034,0.8122
B-FIX-25,L3_1001,Y2022,243,243,-48604.46999999993,-200.0183950617281,-1.3172691291904526,0.7983539094650206,-18833.290000000026,64795.59000000006,,-59128.01999999994,0.1066
B-FIX-25,L3_1001,Y2023,242,242,1184.8199999998142,4.895950413222373,0.07006621530512815,0.8264462809917356,-7199.289999999984,17377.250000000065,3.6575597981133674,-3148.7300000001887,0.5546
B-FIX-25,L3_1001,Y2024,244,244,-2501.760000000001,-10.253114754098366,-0.11810851613143834,0.8114754098360656,-8500.289999999997,33879.189999999944,,-8075.310000000014,0.4816
B-FIX-25,L3_1001,OOT_2025,242,242,-6342.180000000048,-26.207355371901023,-0.17885833363412484,0.8264462809917356,-18335.28999999998,31861.280000000002,,-17035.73000000004,0.421
B-FIX-25,L3_1001,EXT_2026,176,176,35875.96,203.84068181818182,2.497230856076486,0.8409090909090909,-8017.290000000023,15360.900000000056,0.16343952886556903,30012.409999999996,0.9768
B-FIX-25,L2_1003,WF_2021_2024,973,973,-16882.000000000095,-17.350462487153234,-0.16980355914516926,0.8221993833504625,-18853.000000000025,65853.0,,-28137.0000000001,0.3926
B-FIX-25,L2_1003,Y2021,244,244,17383.000000000025,71.24180327868864,0.894344251234989,0.8565573770491803,-7932.000000000003,13942.000000000055,0.3711097048840818,10932.000000000022,0.8671
B-FIX-25,L2_1003,Y2022,243,243,-39388.99999999993,-162.094650205761,-1.068298119266042,0.7860082304526749,-18853.000000000025,60639.00000000003,,-50643.99999999993,0.1604
B-FIX-25,L2_1003,Y2023,242,242,5074.999999999807,20.97107438016449,0.3014466521954771,0.8264462809917356,-7198.999999999984,16915.000000000055,0.8581280788177665,719.9999999998072,0.6497
B-FIX-25,L2_1003,Y2024,244,244,48.999999999992724,0.20081967213111773,0.0023083957275376495,0.819672131147541,-8499.999999999996,32526.99999999993,102.95918367348467,-4996.000000000007,0.5179
B-FIX-25,L2_1003,OOT_2025,242,242,-2592.0000000000364,-10.710743801653043,-0.07321795830435383,0.8305785123966942,-18264.999999999978,31027.0,,-14087.000000000036,0.4723
B-FIX-25,L2_1003,EXT_2026,176,176,36046.99999999999,204.81249999999997,2.4937876941751167,0.8409090909090909,-8214.999999999978,15928.000000000047,0.17740727383693514,29651.999999999993,0.9727
B-FIX-25,L3_1003,WF_2021_2024,973,973,-26129.08000000008,-26.85414182939371,-0.26282373028280853,0.8211716341212744,-18863.290000000026,67330.05000000006,,-37332.63000000008,0.324
B-FIX-25,L3_1003,Y2021,244,244,15187.330000000033,62.24315573770505,0.7815051586245406,0.8565573770491803,-7937.2900000000045,14004.03000000006,0.42137426394237765,8787.780000000028,0.8383
B-FIX-25,L3_1003,Y2022,243,243,-41874.46999999993,-172.32292181069928,-1.1357162804866954,0.7860082304526749,-18863.290000000026,61842.9300000001,,-53078.01999999993,0.1446
B-FIX-25,L3_1003,Y2023,242,242,2834.819999999814,11.714132231404191,0.1684030070041191,0.8264462809917356,-7209.2899999999845,17137.250000000062,1.5181034421939603,-1468.7300000001896,0.5942
B-FIX-25,L3_1003,Y2024,244,244,-2276.760000000003,-9.330983606557389,-0.10726665473419293,0.8155737704918032,-8505.289999999997,33569.189999999944,,-7270.310000000007,0.4813
B-FIX-25,L3_1003,OOT_2025,242,242,-5037.180000000046,-20.81479338842994,-0.14228860419973519,0.8305785123966942,-18275.28999999998,31351.280000000006,,-16480.730000000043,0.4379
B-FIX-25,L3_1003,EXT_2026,176,176,34235.96,194.5225,2.368497121709756,0.8409090909090909,-8225.289999999979,16030.900000000056,0.18528909368979285,27892.409999999996,0.9677
B-FIX-25,L2_1005,WF_2021_2024,973,973,-15422.000000000093,-15.849948612538636,-0.15571618707409562,0.829393627954779,-18913.000000000025,65897.99999999999,,-26707.000000000084,0.4049
B-FIX-25,L2_1005,Y2021,244,244,17523.000000000025,71.81557377049191,0.9024367313322462,0.860655737704918,-7867.000000000004,13652.000000000055,0.3789876162757515,10882.000000000022,0.8688
B-FIX-25,L2_1005,Y2022,243,243,-40268.99999999993,-165.71604938271574,-1.0944539183723503,0.7983539094650206,-18913.000000000025,60919.00000000002,,-51553.99999999993,0.1528
B-FIX-25,L2_1005,Y2023,242,242,5269.999999999807,21.776859504131433,0.313641122516101,0.8223140495867769,-7278.999999999983,17210.000000000055,0.8548387096774507,764.9999999998081,0.6551
B-FIX-25,L2_1005,Y2024,244,244,2053.999999999992,8.418032786885213,0.09806352176194207,0.8360655737704918,-8489.999999999996,31606.99999999993,2.626582278481023,-3341.0000000000073,0.5497
B-FIX-25,L2_1005,OOT_2025,242,242,-4577.000000000036,-18.91322314049602,-0.12969965155704494,0.8264462809917356,-18314.999999999978,30887.0,,-16232.000000000036,0.4452
B-FIX-25,L2_1005,EXT_2026,176,176,35696.99999999999,202.8238636363636,2.48325351326418,0.8409090909090909,-8077.000000000022,16088.000000000047,0.18250833403367234,29181.999999999993,0.9726
B-FIX-25,L3_1005,WF_2021_2024,973,973,-24604.08000000008,-25.286824254881893,-0.24842778563898404,0.8263103802672148,-18923.290000000026,67375.05000000005,,-35837.630000000085,0.336
B-FIX-25,L3_1005,Y2021,244,244,15337.24000000003,62.85754098360668,0.7898925526536711,0.8565573770491803,-7877.290000000004,13719.03000000006,0.42964379510263845,8747.690000000031,0.8392
B-FIX-25,L3_1005,Y2022,243,243,-42754.46999999993,-175.94432098765404,-1.1620004300112816,0.7942386831275721,-18923.290000000026,62117.9300000001,,-53988.01999999993,0.1378
B-FIX-25,L3_1005,Y2023,242,242,3059.9099999998143,12.64425619834634,0.18210981584609093,0.8223140495867769,-7289.289999999984,17432.25000000006,1.4554513041234123,-1393.6400000001886,0.6017
B-FIX-25,L3_1005,Y2024,244,244,-246.7599999999993,-1.0113114754098331,-0.01178190857574811,0.8319672131147541,-8495.289999999997,32644.189999999944,,-5590.310000000017,0.5117
B-FIX-25,L3_1005,OOT_2025,242,242,-7007.180000000044,-28.95528925619853,-0.19856373915381142,0.8264462809917356,-18325.28999999998,31211.280000000002,,-18610.730000000043,0.4139
B-FIX-25,L3_1005,EXT_2026,176,176,33885.96,192.53386363636363,2.357268936334412,0.8409090909090909,-8087.290000000021,16190.900000000052,0.19074419021919403,27422.409999999996,0.9671
B-FIX-25,DOUBLE,WF_2021_2024,973,971,-69289.18000000004,-71.21190133607404,-0.6949081028304778,0.815653964984552,-18934.580000000027,97342.74000000092,,-78756.28000000003,0.0918
B-FIX-25,DOUBLE,Y2021,244,243,5772.560000000044,23.658032786885425,0.29918609627224824,0.8436213991769548,-7773.580000000004,14203.060000000054,1.0241729839100773,-139.53999999995722,0.6517
B-FIX-25,DOUBLE,Y2022,243,243,-61282.939999999915,-252.19316872427947,-1.6530033013166554,0.7901234567901234,-18934.580000000027,75181.18000000012,,-70750.0399999999,0.0495
B-FIX-25,DOUBLE,Y2023,242,242,-4242.360000000175,-17.53041322314122,-0.24972456934915577,0.8181818181818182,-7240.579999999984,18981.820000000123,,-8059.4600000001765,0.4096
B-FIX-25,DOUBLE,Y2024,244,243,-9536.439999999993,-39.08377049180325,-0.4511910795784482,0.8106995884773662,-8486.579999999996,36711.67999999998,,-14303.539999999997,0.3646
B-FIX-25,DOUBLE,OOT_2025,242,242,-12844.36000000003,-53.07586776859517,-0.3606653755216248,0.8223140495867769,-18326.57999999998,33252.56,,-23541.46000000003,0.3415
B-FIX-25,DOUBLE,EXT_2026,176,176,32283.920000000006,183.43136363636367,2.2271445766402675,0.8409090909090909,-8126.579999999978,14913.800000000045,0.1752296499309873,26626.820000000007,0.9726
B-FIX-30,L1,WF_2021_2024,973,973,-24131.500000000044,-24.801130524152153,-0.2191019947570492,0.7810894141829393,-19263.000000000025,75966.99999999993,,-36466.50000000006,0.357
B-FIX-30,L1,Y2021,244,244,16443.499999999945,67.39139344262273,0.7386440240343027,0.8155737704918032,-8477.000000000004,14797.000000000055,0.46705385106577224,8763.499999999945,0.8245
B-FIX-30,L1,Y2022,243,243,-52079.99999999983,-214.3209876543203,-1.2867332963679403,0.7366255144032922,-19263.000000000025,70597.99999999996,,-64324.999999999825,0.1108
B-FIX-30,L1,Y2023,242,242,8915.49999999981,36.84090909090831,0.4769823708152267,0.7892561983471075,-7198.999999999984,18692.00000000017,0.5720374628456181,3815.499999999811,0.7188
B-FIX-30,L1,Y2024,244,244,2589.500000000022,10.612704918032877,0.11072868661638123,0.7827868852459017,-8971.0,32642.49999999994,2.9098281521529006,-4945.499999999978,0.5576
B-FIX-30,L1,OOT_2025,242,242,1020.5,4.216942148760331,0.026241817482043767,0.7975206611570248,-18684.999999999978,35046.000000000015,13.748162665360118,-13009.5,0.5157
B-FIX-30,L1,EXT_2026,176,176,45313.000000000146,257.4602272727281,2.6998361830653144,0.8068181818181818,-8772.000000000022,16381.00000000008,0.16021892172224256,38053.000000000146,0.9895
B-FIX-30,P75,WF_2021_2024,973,973,-32342.750000000044,-33.240236382322756,-0.2936971223033608,0.7800616649537513,-19268.000000000025,78026.49999999983,,-44522.75000000006,0.3033
B-FIX-30,P75,Y2021,244,244,13819.749999999945,56.638319672130926,0.6203840236200339,0.8155737704918032,-8562.000000000004,14957.000000000055,0.5506611914108454,6209.749999999947,0.7841
B-FIX-30,P75,Y2022,243,243,-54427.499999999825,-223.98148148148076,-1.3450527202155391,0.7366255144032922,-19268.000000000025,72267.49999999988,,-66572.49999999983,0.099
B-FIX-30,P75,Y2023,242,242,7216.749999999811,29.821280991734756,0.3863205108241732,0.7851239669421488,-7203.999999999983,18982.00000000017,0.7028787196452881,2144.249999999809,0.6814
B-FIX-30,P75,Y2024,244,244,1048.250000000021,4.296106557377135,0.04484003463991012,0.7827868852459017,-8976.0,33408.74999999994,7.097543524922347,-6391.749999999978,0.5308
B-FIX-30,P75,OOT_2025,242,242,-1090.75,-4.507231404958677,-0.028040252642920035,0.7975206611570248,-18689.999999999978,35271.000000000015,,-15018.25,0.4931
B-FIX-30,P75,EXT_2026,176,176,44358.000000000146,252.03409090909173,2.6433366118347315,0.8068181818181818,-8774.500000000022,16398.50000000008,0.1629356598584241,37130.500000000146,0.988
B-FIX-30,L2,WF_2021_2024,973,973,-40554.000000000044,-41.67934224049336,-0.36829618249777635,0.7780061664953751,-19273.000000000025,80103.99999999984,,-52629.00000000006,0.253
B-FIX-30,L2,Y2021,244,244,11195.999999999945,45.885245901639124,0.5022034676519505,0.8073770491803278,-8647.000000000004,15117.000000000055,0.6739013933547728,3650.999999999945,0.7393
B-FIX-30,L2,Y2022,243,243,-56774.999999999825,-233.64197530864126,-1.4033801565193955,0.7366255144032922,-19273.000000000025,73954.9999999999,,-68849.99999999983,0.0865
B-FIX-30,L2,Y2023,242,242,5517.999999999811,22.8016528925612,0.2955281423423284,0.7851239669421488,-7208.9999999999845,19272.00000000017,0.9142805364262727,472.999999999809,0.6447
B-FIX-30,L2,Y2024,244,244,-492.9999999999782,-2.020491803278599,-0.02109584971507317,0.7827868852459017,-8981.0,34174.99999999994,,-7837.999999999978,0.5082
B-FIX-30,L2,OOT_2025,242,242,-3202.0,-13.231404958677686,-0.0822886397012773,0.7975206611570248,-18694.999999999978,35496.000000000015,,-17027.0,0.4668
B-FIX-30,L2,EXT_2026,176,176,43403.000000000146,246.60795454545539,2.5867926407451027,0.8068181818181818,-8777.000000000022,16448.000000000047,0.16577195124760905,36208.000000000146,0.987
B-FIX-30,L3,WF_2021_2024,973,973,-50441.170000000035,-51.84087358684484,-0.45808919442413115,0.7780061664953751,-19283.290000000026,82380.91000000027,,-62464.720000000016,0.1954
B-FIX-30,L3,Y2021,244,244,8790.239999999958,36.02557377049163,0.39429963155358616,0.8073770491803278,-8657.290000000005,15184.030000000057,0.8524852563752566,1296.6899999999566,0.6948
B-FIX-30,L3,Y2022,243,243,-59275.46999999983,-243.93197530864126,-1.4651874657218977,0.7366255144032922,-19283.290000000026,75714.58999999975,,-71299.01999999983,0.0772
B-FIX-30,L3,Y2023,242,242,3042.8199999998124,12.573636363635588,0.162968371720809,0.7851239669421488,-7219.289999999984,19907.560000000187,1.6410928020718636,-1950.7300000001906,0.5891
B-FIX-30,L3,Y2024,244,244,-2998.75999999997,-12.289999999999878,-0.12831963213381825,0.7827868852459017,-8991.29,35312.189999999944,,-10292.309999999983,0.4698
B-FIX-30,L3,OOT_2025,242,242,-5687.180000000015,-23.500743801652956,-0.14615548617454116,0.7975206611570248,-18705.28999999998,35825.28000000002,,-19460.73000000001,0.4364
B-FIX-30,L3,EXT_2026,176,176,41591.96000000015,236.31795454545542,2.478855748270044,0.8068181818181818,-8787.290000000023,16550.900000000056,0.1717531465215867,34448.41000000015,0.9834
B-FIX-30,L2_1001,WF_2021_2024,973,973,-31614.00000000005,-32.49126413155195,-0.28833513239078185,0.7810894141829393,-19183.000000000025,76761.99999999993,,-44729.00000000005,0.3071
B-FIX-30,L2_1001,Y2021,244,244,12950.999999999942,53.07786885245878,0.5801502650026097,0.8114754098360656,-8647.000000000004,15052.000000000055,0.6196432707899032,4925.9999999999445,0.7714
B-FIX-30,L2_1001,Y2022,243,243,-50974.99999999983,-209.77366255143963,-1.2680576885408843,0.7325102880658436,-19183.000000000025,70407.99999999996,,-64089.999999999825,0.1167
B-FIX-30,L2_1001,Y2023,242,242,6612.999999999811,27.326446280990954,0.35580909394543037,0.7975206611570248,-7188.999999999984,18314.000000000182,0.8626946922728207,907.999999999809,0.677
B-FIX-30,L2_1001,Y2024,244,244,-202.99999999997817,-0.8319672131146646,-0.008699472957431545,0.7827868852459017,-9091.0,35669.99999999994,,-7117.999999999978,0.51
B-FIX-30,L2_1001,OOT_2025,242,242,-1932.0,-7.983471074380165,-0.049952441051133514,0.7975206611570248,-18734.999999999978,34846.000000000015,,-15507.0,0.4823
B-FIX-30,L2_1001,EXT_2026,176,176,42773.000000000146,243.02840909090992,2.569118011874008,0.8125,-8747.000000000022,17208.000000000047,0.17078530848899948,35468.000000000146,0.9818
B-FIX-30,L3_1001,WF_2021_2024,973,973,-41411.17000000003,-42.56029804727649,-0.3776998646934872,0.7810894141829393,-19193.290000000026,78249.04999999999,,-54474.720000000045,0.2448
B-FIX-30,L3_1001,Y2021,244,244,10550.239999999952,43.23868852458997,0.47260957037476053,0.8114754098360656,-8657.290000000005,15119.030000000057,0.7557695369963182,2576.6899999999523,0.7323
B-FIX-30,L3_1001,Y2022,243,243,-53475.46999999983,-220.06366255143962,-1.3302595562891106,0.7325102880658436,-19193.290000000026,71611.93000000004,,-66539.01999999984,0.1041
B-FIX-30,L3_1001,Y2023,242,242,4187.819999999814,17.305041322313283,0.22535322008074765,0.7975206611570248,-7199.289999999984,18967.560000000183,1.3499983284860024,-1465.7300000001906,0.6197
B-FIX-30,L3_1001,Y2024,244,244,-2673.759999999972,-10.95803278688513,-0.11459181032822098,0.7827868852459017,-9101.29,36792.18999999996,,-9537.309999999983,0.4757
B-FIX-30,L3_1001,OOT_2025,242,242,-4412.180000000015,-18.23214876033064,-0.1140780280018065,0.7975206611570248,-18745.28999999998,35175.28000000001,,-17935.73000000001,0.4508
B-FIX-30,L3_1001,EXT_2026,176,176,40961.960000000145,232.73840909090993,2.4603396824553494,0.8068181818181818,-8757.290000000023,17310.900000000056,0.17708014948503378,33708.41000000015,0.9785
B-FIX-30,L2_1003,WF_2021_2024,973,973,-19819.00000000005,-20.368961973278573,-0.1808750913682033,0.7831449126413155,-19223.000000000025,72356.99999999993,,-33764.00000000005,0.3797
B-FIX-30,L2_1003,Y2021,244,244,14655.999999999944,60.065573770491575,0.6565427602118751,0.819672131147541,-8777.000000000004,15187.000000000055,0.5304994541484737,6880.9999999999445,0.7985
B-FIX-30,L2_1003,Y2022,243,243,-42854.999999999825,-176.35802469135731,-1.066164678110245,0.7325102880658436,-19223.000000000025,67077.99999999996,,-56799.999999999825,0.1593
B-FIX-30,L2_1003,Y2023,242,242,8562.99999999981,35.384297520660375,0.46236509353728716,0.7975206611570248,-7198.999999999984,18073.000000000025,0.6709097278991156,2817.999999999809,0.7191
B-FIX-30,L2_1003,Y2024,244,244,-182.99999999997817,-0.7499999999999105,-0.00783485662719651,0.7827868852459017,-9051.0,35459.99999999994,,-6457.999999999978,0.5118
B-FIX-30,L2_1003,OOT_2025,242,242,-327.0,-1.3512396694214877,-0.008469763389292647,0.7975206611570248,-18674.999999999978,34206.000000000015,,-14752.0,0.5033
B-FIX-30,L2_1003,EXT_2026,176,176,40793.000000000146,231.77840909090992,2.439283285293077,0.8181818181818182,-8917.000000000022,18038.000000000047,0.18495820361336437,33248.000000000146,0.9726
B-FIX-30,L3_1003,WF_2021_2024,973,973,-29566.170000000027,-30.386608427543706,-0.2698357232257885,0.7831449126413155,-19233.290000000026,73844.04999999997,,-43459.72000000006,0.3165
B-FIX-30,L3_1003,Y2021,244,244,12280.23999999995,50.32885245901619,0.5501151650331748,0.819672131147541,-8787.290000000005,15254.030000000057,0.6289412910496889,4556.6899999999505,0.7622
B-FIX-30,L3_1003,Y2022,243,243,-45355.46999999983,-186.6480246913573,-1.1283724203264236,0.7325102880658436,-19233.290000000026,68281.93000000004,,-59249.01999999983,0.1428
B-FIX-30,L3_1003,Y2023,242,242,6152.819999999814,25.42487603305708,0.33223969715617224,0.7975206611570248,-7209.2899999999845,18289.090000000033,0.9253561781427333,459.26999999980944,0.6642
B-FIX-30,L3_1003,Y2024,244,244,-2643.7599999999784,-10.835081967213027,-0.11319949557213563,0.7827868852459017,-9061.29,36582.18999999996,,-8867.31,0.4745
B-FIX-30,L3_1003,OOT_2025,242,242,-2802.1800000000076,-11.579256198347139,-0.07258025136095834,0.7975206611570248,-18685.28999999998,34530.28000000001,,-17175.730000000003,0.4722
B-FIX-30,L3_1003,EXT_2026,176,176,38981.96000000015,221.48840909090995,2.3309892250131967,0.8181818181818182,-8927.290000000023,18140.900000000056,0.19223122695728925,31488.410000000145,0.9684
B-FIX-30,L2_1005,WF_2021_2024,973,973,-17574.000000000047,-18.061664953751333,-0.16110833748351877,0.7831449126413155,-19283.000000000025,72131.99999999993,,-31589.00000000005,0.3948
B-FIX-30,L2_1005,Y2021,244,244,14920.999999999945,61.15163934426207,0.6694410894121637,0.8237704918032787,-8677.000000000004,14862.000000000055,0.5465451377253555,6765.9999999999445,0.804
B-FIX-30,L2_1005,Y2022,243,243,-43529.999999999825,-179.1358024691351,-1.0857614085773648,0.7325102880658436,-19283.000000000025,67157.99999999996,,-57544.999999999825,0.1549
B-FIX-30,L2_1005,Y2023,242,242,8702.99999999981,35.96280991735459,0.4712653299532974,0.7892561983471075,-7278.999999999983,18473.000000000025,0.6647133172469408,2917.999999999811,0.72
B-FIX-30,L2_1005,Y2024,244,244,2332.0000000000227,9.55737704918042,0.10129237917699205,0.7868852459016393,-8701.0,34339.99999999994,2.716552315608893,-4002.999999999978,0.552
B-FIX-30,L2_1005,OOT_2025,242,242,-2412.0,-9.96694214876033,-0.06270802652872254,0.7975206611570248,-18714.999999999978,33906.000000000015,,-16987.0,0.479
B-FIX-30,L2_1005,EXT_2026,176,176,40753.000000000146,231.5511363636372,2.4518751304163415,0.8295454545454546,-8837.000000000022,18208.000000000047,0.19667263759723141,32738.000000000142,0.9739
B-FIX-30,L3_1005,WF_2021_2024,973,973,-27226.17000000004,-27.981675231243617,-0.2495963561510413,0.7821171634121274,-19293.290000000026,73619.04999999997,,-41189.72000000005,0.3333
B-FIX-30,L3_1005,Y2021,244,244,12595.239999999954,51.61983606557358,0.5650851414234092,0.819672131147541,-8687.290000000005,14929.030000000057,0.6433819442900675,4491.689999999956,0.767
B-FIX-30,L3_1005,Y2022,243,243,-46025.46999999984,-189.4052263374479,-1.1480039181615178,0.7325102880658436,-19293.290000000026,68361.93000000004,,-59989.019999999844,0.1387
B-FIX-30,L3_1005,Y2023,242,242,6307.819999999814,26.065371900825678,0.3415785427986086,0.7892561983471075,-7289.289999999984,18684.090000000033,0.9089590381463277,574.269999999804,0.6682
B-FIX-30,L3_1005,Y2024,244,244,-103.75999999997293,-0.4252459016392333,-0.004507316184913796,0.7868852459016393,-8711.29,35447.189999999966,,-6387.309999999981,0.5113
B-FIX-30,L3_1005,OOT_2025,242,242,-4877.180000000004,-20.15363636363638,-0.1267990900537363,0.7975206611570248,-18725.28999999998,34230.28000000002,,-19400.730000000003,0.4455
B-FIX-30,L3_1005,EXT_2026,176,176,38941.96000000015,221.26113636363723,2.34291520265178,0.8295454545454546,-8847.290000000023,18310.900000000056,0.20449792460369148,30978.410000000145,0.9689
B-FIX-30,DOUBLE,WF_2021_2024,973,973,-77723.48,-79.880246659815,-0.7058948071624838,0.775950668036999,-19304.580000000027,101425.96000000079,,-89565.57999999999,0.0846
B-FIX-30,DOUBLE,Y2021,244,244,893.3399999999638,3.661229508196573,0.03999215109439994,0.8032786885245902,-8838.580000000004,15997.200000000115,8.179528510981594,-6413.760000000035,0.536
B-FIX-30,DOUBLE,Y2022,243,243,-66713.93999999981,-274.5429629629622,-1.6497229439094558,0.7366255144032922,-19304.580000000027,81020.18000000004,,-78556.0399999998,0.0503
B-FIX-30,DOUBLE,Y2023,242,242,-3071.860000000175,-12.693636363637088,-0.16464339635512223,0.7851239669421488,-7240.579999999984,21240.120000000177,,-7953.960000000175,0.4453
B-FIX-30,DOUBLE,Y2024,244,244,-8831.019999999962,-36.19270491803263,-0.37812736639328154,0.7786885245901639,-9012.58,38092.87999999994,,-15878.119999999972,0.3755
B-FIX-30,DOUBLE,OOT_2025,242,242,-12636.859999999991,-52.21842975206608,-0.32451804709861903,0.7975206611570248,-18726.57999999998,36636.56000000001,,-26148.959999999992,0.3538
B-FIX-30,DOUBLE,EXT_2026,176,176,37694.92000000016,214.1756818181827,2.247158432791925,0.8068181818181818,-8803.580000000022,16763.800000000047,0.18628770136665554,30672.820000000153,0.9753
B-FIX-40,L1,WF_2021_2024,973,973,-25326.499999999894,-26.029290853031753,-0.1930827047465319,0.7225077081192189,-20638.000000000025,89760.99999999997,,-43001.499999999905,0.369
B-FIX-40,L1,Y2021,244,244,17161.999999999993,70.33606557377047,0.6276378294293464,0.7459016393442623,-8747.000000000004,16250.000000000211,0.6312201375131123,6328.999999999964,0.7942
B-FIX-40,L1,Y2022,243,243,-62704.99999999988,-258.0452674897115,-1.3170209283487457,0.6872427983539094,-20638.000000000025,85698.99999999999,,-80379.99999999988,0.1035
B-FIX-40,L1,Y2023,242,242,13303.499999999876,54.973140495867256,0.5907399386141672,0.7355371900826446,-7863.999999999984,22867.000000000116,0.5701507122185944,5718.499999999873,0.7622
B-FIX-40,L1,Y2024,244,244,6913.000000000116,28.33196721311523,0.24822503582494237,0.7213114754098361,-9996.0,34633.999999999956,1.5116447273253035,-3536.9999999998836,0.6085
B-FIX-40,L1,OOT_2025,242,242,7816.500000000164,32.29958677686018,0.1735006213050499,0.7520661157024794,-19888.999999999956,38881.00000000003,2.5107145141686953,-11808.49999999985,0.5849
B-FIX-40,L1,EXT_2026,176,176,43085.00000000024,244.80113636363774,2.0456322133869524,0.7386363636363636,-9447.000000000022,19202.00000000002,0.24358825577346968,32590.00000000024,0.969
B-FIX-40,P75,WF_2021_2024,973,973,-35015.2499999999,-35.986896197327745,-0.2669945763508908,0.7225077081192189,-20645.500000000025,92450.99999999997,,-52610.24999999991,0.3151
B-FIX-40,P75,Y2021,244,244,14309.499999999996,58.645491803278674,0.523313396198964,0.7459016393442623,-8797.000000000004,17007.50000000021,0.7516335301722654,3553.999999999965,0.7512
B-FIX-40,P75,Y2022,243,243,-65749.99999999988,-270.5761316872423,-1.3812395107891053,0.6872427983539094,-20645.500000000025,87371.49999999996,,-83344.99999999988,0.0908
B-FIX-40,P75,Y2023,242,242,11487.249999999869,47.46797520661103,0.5101293100614004,0.7355371900826446,-7871.4999999999845,23269.500000000116,0.6537683083418647,3977.249999999869,0.7331
B-FIX-40,P75,Y2024,244,244,4938.000000000116,20.237704918033263,0.17741742761475157,0.7213114754098361,-10003.5,35708.999999999956,2.083333333333284,-5349.499999999884,0.5818
B-FIX-40,P75,OOT_2025,242,242,5120.250000000171,21.158057851240375,0.11366032261839734,0.7520661157024794,-19896.499999999956,39143.50000000003,3.7874127239879636,-14272.24999999985,0.5553
B-FIX-40,P75,EXT_2026,176,176,41992.50000000024,238.59375000000136,1.9941347059897605,0.7386363636363636,-9452.000000000022,19257.00000000002,0.24933023754241687,31522.50000000024,0.9651
B-FIX-40,L2,WF_2021_2024,973,973,-44703.9999999999,-45.94450154162374,-0.3409197241931004,0.7204522096608428,-20653.000000000025,95140.99999999996,,-62218.999999999905,0.2665
B-FIX-40,L2,Y2021,244,244,11456.999999999995,46.954918032786864,0.41895995248407536,0.7459016393442623,-8847.000000000004,17765.00000000021,0.9320066334991738,778.9999999999636,0.7057
B-FIX-40,L2,Y2022,243,243,-68794.99999999988,-283.1069958847732,-1.4454423610620253,0.6831275720164609,-20653.000000000025,89043.99999999999,,-86309.99999999988,0.0787
B-FIX-40,L2,Y2023,242,242,9670.999999999876,39.96280991735486,0.4294956936604774,0.7355371900826446,-7878.999999999983,23672.000000000116,0.7718953572536548,2205.9999999998763,0.7047
B-FIX-40,L2,Y2024,244,244,2963.0000000001164,12.143442622951296,0.10651899694476878,0.7172131147540983,-10011.0,36783.999999999956,3.4171447856900445,-7161.999999999884,0.5532
B-FIX-40,L2,OOT_2025,242,242,2424.0000000001637,10.016528925620511,0.05380909972709895,0.7520661157024794,-19903.999999999956,39406.00000000003,7.904290429042378,-16735.99999999985,0.5282
B-FIX-40,L2,EXT_2026,176,176,40900.00000000024,232.386363636365,1.942599780734461,0.7386363636363636,-9457.000000000022,19312.00000000002,0.25537897310513297,30455.00000000024,0.962
B-FIX-40,L3,WF_2021_2024,973,973,-54691.1699999999,-56.20880781089404,-0.41708270695457,0.7204522096608428,-20663.290000000026,97147.54999999993,,-72154.7199999999,0.2159
B-FIX-40,L3,Y2021,244,244,8966.240000000002,36.746885245901645,0.32787584497147687,0.7459016393442623,-8857.290000000005,18351.53000000022,1.1851734952443864,-1660.310000000029,0.6658
B-FIX-40,L3,Y2022,243,243,-71295.4699999999,-293.3969958847733,-1.4979793951570148,0.6831275720164609,-20663.290000000026,90247.92999999988,,-88759.01999999992,0.0699
B-FIX-40,L3,Y2023,242,242,7185.819999999883,29.693471074379683,0.3191264554195279,0.7355371900826446,-7889.289999999984,24340.850000000122,1.0316915814757566,-227.73000000011598,0.6588
B-FIX-40,L3,Y2024,244,244,452.2400000001235,1.8534426229513257,0.016257897798958316,0.7172131147540983,-10021.29,37926.18999999997,22.27478772332666,-9621.309999999907,0.5193
B-FIX-40,L3,OOT_2025,242,242,-61.17999999985477,-0.25280991735477176,-0.0013581017318270003,0.7520661157024794,-19914.289999999957,39735.28000000006,,-19169.72999999986,0.5025
B-FIX-40,L3,EXT_2026,176,176,39088.96000000024,222.096363636365,1.8565820323994655,0.7386363636363636,-9467.290000000023,19435.48000000003,0.26589476926477285,28695.410000000244,0.9546
B-FIX-40,L2_1001,WF_2021_2024,973,973,-32643.9999999999,-33.54984583761552,-0.2503453387808257,0.723535457348407,-20523.000000000025,91025.99999999997,,-51638.999999999905,0.3287
B-FIX-40,L2_1001,Y2021,244,244,13351.999999999996,54.72131147540982,0.4873262386296227,0.75,-9017.000000000004,17020.00000000021,0.825943678849613,2323.9999999999673,0.7387
B-FIX-40,L2_1001,Y2022,243,243,-60004.99999999988,-246.93415637860033,-1.2711290341696622,0.6872427983539094,-20523.000000000025,85093.99999999999,,-78999.99999999988,0.1157
B-FIX-40,L2_1001,Y2023,242,242,10355.999999999876,42.79338842975155,0.4636145625260654,0.7396694214876033,-7848.999999999984,22034.000000000106,0.7884318269602257,2190.9999999998763,0.7227
B-FIX-40,L2_1001,Y2024,244,244,3653.0000000001164,14.971311475410314,0.1315429484188741,0.7172131147540983,-10171.0,38443.999999999956,2.5518751710921634,-5668.9999999998545,0.5634
B-FIX-40,L2_1001,OOT_2025,242,242,4994.000000000164,20.63636363636431,0.11169229238810548,0.7520661157024794,-20083.999999999956,38416.00000000003,3.7985582699237876,-13975.99999999985,0.5566
B-FIX-40,L2_1001,EXT_2026,176,176,40050.00000000024,227.55681818181955,1.9211272581364631,0.7443181818181818,-9407.000000000022,20362.00000000002,0.24257178526841303,30335.00000000024,0.9519
B-FIX-40,L3_1001,WF_2021_2024,973,973,-42611.169999999904,-43.79359712230206,-0.32678385891118794,0.7214799588900308,-20533.290000000026,93027.55000000002,,-61554.71999999989,0.2759
B-FIX-40,L3_1001,Y2021,244,244,10871.240000000007,44.554262295082,0.39679130577327304,0.7459016393442623,-9027.290000000005,17601.53000000024,1.0096870274228167,-105.31000000003314,0.7009
B-FIX-40,L3_1001,Y2022,243,243,-62505.46999999993,-257.2241563786005,-1.3240982869997644,0.6831275720164609,-20533.290000000026,86297.92999999989,,-81449.0199999999,0.1047
B-FIX-40,L3_1001,Y2023,242,242,7880.819999999872,32.565371900825916,0.35280423311767045,0.7396694214876033,-7859.2899999999845,22651.40000000011,1.029531190916698,-232.73000000012144,0.6794
B-FIX-40,L3_1001,Y2024,244,244,1142.2400000001217,4.681311475410334,0.04113156786257486,0.7172131147540983,-10181.29,39586.18999999997,8.116113951532938,-8128.309999999858,0.5273
B-FIX-40,L3_1001,OOT_2025,242,242,2508.8200000001634,10.367024793389104,0.056110468702802216,0.7520661157024794,-20094.289999999957,38745.28000000006,7.540816001147466,-16409.729999999865,0.5294
B-FIX-40,L3_1001,EXT_2026,176,176,38238.96000000024,217.26681818181953,1.8342548908561773,0.7443181818181818,-9417.290000000023,20485.48000000003,0.25271477048538815,28575.41000000024,0.9443
B-FIX-40,L2_1003,WF_2021_2024,973,973,-18008.99999999991,-18.508735868448007,-0.13828487415291443,0.7204522096608428,-20583.000000000025,83927.9999999998,,-38043.999999999905,0.4094
B-FIX-40,L2_1003,Y2021,244,244,15396.999999999993,63.10245901639341,0.5637026644773084,0.7418032786885246,-9177.000000000004,16232.000000000055,0.7013054491134659,4598.999999999964,0.7715
B-FIX-40,L2_1003,Y2022,243,243,-49554.99999999988,-203.9300411522629,-1.0491261686852371,0.6831275720164609,-20583.000000000025,80463.99999999999,,-69589.99999999988,0.1632
B-FIX-40,L2_1003,Y2023,242,242,12745.999999999876,52.6694214876028,0.5736307096304707,0.7355371900826446,-7878.999999999983,20304.000000000106,0.6374548878079459,4620.999999999876,0.764
B-FIX-40,L2_1003,Y2024,244,244,3403.0000000001164,13.946721311475887,0.1225567106040636,0.7213114754098361,-10111.0,38193.999999999956,2.540405524537086,-5241.999999999884,0.5579
B-FIX-40,L2_1003,OOT_2025,242,242,7304.000000000164,30.18181818181886,0.16371940301515275,0.7603305785123967,-20223.999999999956,37536.00000000003,2.7437020810514197,-12735.99999999985,0.5853
B-FIX-40,L2_1003,EXT_2026,176,176,37460.00000000024,212.84090909091046,1.7960426388451445,0.7386363636363636,-9637.000000000022,21732.00000000002,0.24786438868125843,28175.00000000024,0.9336
B-FIX-40,L3_1003,WF_2021_2024,973,973,-27981.169999999933,-28.757625899280505,-0.21485833615540667,0.7204522096608428,-20593.290000000026,85415.04999999987,,-47964.71999999993,0.3506
B-FIX-40,L3_1003,Y2021,244,244,12911.239999999996,52.91491803278687,0.47270772268364886,0.7418032786885246,-9187.290000000005,16299.030000000057,0.8323406582171837,2164.689999999973,0.7349
B-FIX-40,L3_1003,Y2022,243,243,-52055.46999999993,-214.2200411522631,-1.1020634809849532,0.6831275720164609,-20593.290000000026,81667.92999999992,,-72039.0199999999,0.1499
B-FIX-40,L3_1003,Y2023,242,242,10270.819999999883,42.441404958677204,0.4622329250029836,0.7355371900826446,-7889.289999999984,20921.400000000107,0.7860667405328973,2197.269999999882,0.7229
B-FIX-40,L3_1003,Y2024,244,244,892.2400000001107,3.656721311475864,0.03213341153963548,0.7213114754098361,-10121.29,39336.19000000001,9.631433246658895,-7701.309999999896,0.5244
B-FIX-40,L3_1003,OOT_2025,242,242,4823.8200000001525,19.9331404958684,0.10812595676848764,0.7603305785123967,-20234.289999999957,37865.28000000006,4.143718049180812,-15164.729999999878,0.5596
B-FIX-40,L3_1003,EXT_2026,176,176,35648.96000000024,202.55090909091044,1.7092112170444478,0.7386363636363636,-9647.290000000023,21855.48000000003,0.25901316616248937,26415.41000000024,0.9242
B-FIX-40,L2_1005,WF_2021_2024,973,973,-15043.999999999902,-15.461459403905346,-0.11611694158340706,0.7255909558067831,-20663.000000000025,83582.99999999983,,-34928.99999999989,0.424
B-FIX-40,L2_1005,Y2021,244,244,15551.999999999995,63.73770491803276,0.5700485346982498,0.75,-9067.000000000004,16211.00000000003,0.7271090534979445,4243.999999999966,0.7729
B-FIX-40,L2_1005,Y2022,243,243,-50294.99999999988,-206.97530864197483,-1.0685722974138716,0.691358024691358,-20663.000000000025,80403.99999999999,,-70179.99999999988,0.1583
B-FIX-40,L2_1005,Y2023,242,242,12775.999999999876,52.79338842975155,0.5763372205415469,0.7396694214876033,-7988.999999999984,20023.000000000025,0.6398716343143456,4600.999999999871,0.7659
B-FIX-40,L2_1005,Y2024,244,244,6923.000000000116,28.372950819672607,0.2533968943750958,0.7213114754098361,-9641.0,36532.99999999999,1.2906254513938826,-2011.9999999998836,0.603
B-FIX-40,L2_1005,OOT_2025,242,242,4264.000000000167,17.61983471074449,0.09607172509857047,0.756198347107438,-20183.999999999956,37146.00000000003,4.60365853658519,-15365.99999999985,0.5564
B-FIX-40,L2_1005,EXT_2026,176,176,37760.00000000024,214.5454545454559,1.8240838101923524,0.7329545454545454,-9527.000000000022,21892.00000000002,0.26920021186440507,27595.00000000024,0.9355
B-FIX-40,L3_1005,WF_2021_2024,973,973,-25001.16999999991,-25.69493319630001,-0.1929716803961034,0.7245632065775951,-20673.290000000026,85070.04999999987,,-44834.7199999999,0.3666
B-FIX-40,L3_1005,Y2021,244,244,13081.24,53.611639344262294,0.47949498466251933,0.7459016393442623,-9077.290000000005,16468.250000000033,0.8605109301564705,1824.6899999999778,0.7363
B-FIX-40,L3_1005,Y2022,243,243,-52795.46999999993,-217.26530864197503,-1.1216975180623359,0.691358024691358,-20673.290000000026,81607.9299999999,,-72629.0199999999,0.1455
B-FIX-40,L3_1005,Y2023,242,242,10300.819999999881,42.56537190082596,0.4646769494461176,0.7396694214876033,-7999.289999999984,20319.630000000077,0.7886313905106674,2177.2699999998913,0.7217
B-FIX-40,L3_1005,Y2024,244,244,4412.240000000129,18.08295081967266,0.16149760410769703,0.7213114754098361,-9651.29,37666.19,2.013387757692179,-4471.309999999892,0.5709
B-FIX-40,L3_1005,OOT_2025,242,242,1783.8200000001489,7.3711570247940035,0.04019128911951047,0.756198347107438,-20194.289999999957,37475.28000000005,10.975630949310123,-17794.72999999986,0.5265
B-FIX-40,L3_1005,EXT_2026,176,176,35948.96000000024,204.2554545454559,1.7365973498213054,0.7329545454545454,-9537.290000000023,22015.48000000003,0.28133080901366636,25835.410000000244,0.9282
B-FIX-40,DOUBLE,WF_2021_2024,973,973,-85028.83999999985,-87.38832476875628,-0.648547788712241,0.7173689619732785,-20689.580000000027,109636.32000000062,,-102275.93999999986,0.1028
B-FIX-40,DOUBLE,Y2021,244,244,526.4800000000103,2.1577049180328287,0.01924467664895576,0.7418032786885246,-8968.580000000004,20510.06000000021,19.782517854429084,-9888.62000000002,0.5176
B-FIX-40,DOUBLE,Y2022,243,243,-80128.93999999989,-329.7487242798349,-1.6839856945099774,0.6790123456790124,-20689.580000000027,94913.86000000007,,-97376.0399999999,0.0468
B-FIX-40,DOUBLE,Y2023,242,242,826.1399999998903,3.4138016528921087,0.036690518592423615,0.731404958677686,-7915.579999999984,25879.70000000011,8.820659936573666,-6460.960000000114,0.5377
B-FIX-40,DOUBLE,Y2024,244,244,-6252.5199999998695,-25.62508196721258,-0.2250105630987609,0.7172131147540983,-10047.58,41329.37999999995,,-15944.619999999864,0.4269
B-FIX-40,DOUBLE,OOT_2025,242,242,-8180.859999999826,-33.80520661156953,-0.18157722684679659,0.7479338842975206,-19940.579999999958,40621.560000000034,,-26767.95999999985,0.415
B-FIX-40,DOUBLE,EXT_2026,176,176,34916.92000000025,198.39159090909234,1.6589693266234309,0.7386363636363636,-9488.580000000022,19680.96000000003,0.2946164782002515,24629.820000000254,0.9375
B-FIX-45,L1,WF_2021_2024,973,973,-24582.00000000014,-25.264131551901478,-0.17454678059295511,0.6988694758478932,-20948.000000000025,93786.00000000006,,-45572.000000000146,0.3753
B-FIX-45,L1,Y2021,244,244,16708.99999999993,68.47950819672103,0.5616815160444033,0.7295081967213115,-9072.000000000004,17643.000000000222,0.7328385899814501,4463.999999999929,0.7586
B-FIX-45,L1,Y2022,243,243,-64090.0,-263.7448559670782,-1.2593248350508024,0.6460905349794238,-20948.000000000025,88406.00000000007,,-84900.00000000001,0.1101
B-FIX-45,L1,Y2023,242,242,12665.99999999976,52.33884297520562,0.5212665725266185,0.7066115702479339,-8143.999999999984,25933.00000000021,0.6789831043739273,4065.99999999976,0.7378
B-FIX-45,L1,Y2024,244,244,10133.000000000171,41.52868852459086,0.33961012884647,0.7131147540983607,-10301.0,33773.99999999992,1.2381328333168684,-2412.999999999869,0.6381
B-FIX-45,L1,OOT_2025,242,242,5295.000000000204,21.88016528925704,0.11062672816617304,0.7355371900826446,-20843.999999999956,40809.0000000001,4.215297450424767,-17024.999999999793,0.5508
B-FIX-45,L1,EXT_2026,176,176,41172.000000000175,233.93181818181918,1.7762659876478235,0.6988636363636364,-9752.000000000022,21969.000000000062,0.3038472748469821,28662.000000000175,0.9447
B-FIX-45,P75,WF_2021_2024,973,973,-35279.50000000014,-36.25847893114094,-0.25059140808821606,0.696813977389517,-20955.500000000025,96721.00000000006,,-56027.000000000146,0.3241
B-FIX-45,P75,Y2021,244,244,13658.999999999929,55.97950819672102,0.4590168602981019,0.7213114754098361,-9124.500000000004,18563.000000000222,0.8917197452229345,1478.999999999929,0.7166
B-FIX-45,P75,Y2022,243,243,-67607.5,-278.2201646090535,-1.3291943566633164,0.6460905349794238,-20955.500000000025,90198.50000000007,,-88335.0,0.0962
B-FIX-45,P75,Y2023,242,242,10750.999999999756,44.425619834709735,0.4424804804730572,0.7066115702479339,-8151.499999999984,26415.50000000021,0.7927169565621982,2228.4999999997544,0.709
B-FIX-45,P75,Y2024,244,244,7918.000000000169,32.45081967213184,0.26558957840118563,0.7131147540983607,-10306.0,34936.49999999992,1.5589163930285144,-4425.499999999873,0.6096
B-FIX-45,P75,OOT_2025,242,242,2342.5000000002037,9.679752066116544,0.048960821741577,0.7355371900826446,-20853.999999999956,41056.5000000001,9.330843116327896,-19514.999999999793,0.5241
B-FIX-45,P75,EXT_2026,176,176,39979.500000000175,227.156250000001,1.725305231190131,0.6988636363636364,-9754.500000000022,22044.000000000062,0.31184732175239677,27512.000000000175,0.9404
B-FIX-45,L2,WF_2021_2024,973,973,-45977.00000000016,-47.252826310380435,-0.3266719491839705,0.6957862281603289,-20963.000000000025,99656.00000000006,,-66622.00000000016,0.2753
B-FIX-45,L2,Y2021,244,244,10608.999999999929,43.47950819672102,0.35638962711596534,0.7213114754098361,-9177.000000000004,19483.000000000222,1.141954943915551,-1506.000000000071,0.674
B-FIX-45,L2,Y2022,243,243,-71125.00000000001,-292.6954732510289,-1.3990803123540438,0.6460905349794238,-20963.000000000025,91991.00000000004,,-91770.00000000001,0.082
B-FIX-45,L2,Y2023,242,242,8835.999999999756,36.51239669421387,0.3636766516459398,0.7066115702479339,-8158.9999999999845,26898.00000000021,0.9580126754187679,370.99999999975626,0.6795
B-FIX-45,L2,Y2024,244,244,5703.000000000171,23.37295081967283,0.1914374947003407,0.7090163934426229,-10311.0,36098.99999999992,2.1288795370856874,-6437.999999999869,0.5819
B-FIX-45,L2,OOT_2025,242,242,-609.9999999997963,-2.5206611570239517,-0.01275377204910659,0.7355371900826446,-20863.999999999956,41304.0000000001,,-22044.99999999979,0.4934
B-FIX-45,L2,EXT_2026,176,176,38787.000000000175,220.3806818181828,1.674298932622963,0.6988636363636364,-9757.000000000022,22119.000000000062,0.3203392889370135,26362.000000000175,0.9357
B-FIX-45,L3,WF_2021_2024,973,973,-55979.170000000166,-57.53254881808856,-0.39773828274793527,0.6937307297019527,-20973.290000000026,101657.55000000002,,-76572.72000000015,0.2256
B-FIX-45,L3,Y2021,244,244,8108.239999999931,33.230491803278404,0.27238054887030544,0.7213114754098361,-9187.290000000005,20064.530000000243,1.4878136315649393,-3955.310000000066,0.6363
B-FIX-45,L3,Y2022,243,243,-73625.47000000003,-302.9854732510289,-1.4482663699798002,0.6460905349794238,-20973.290000000026,93194.92999999996,,-94219.02000000002,0.0736
B-FIX-45,L3,Y2023,242,242,6345.819999999763,26.2223966942139,0.2611845370696939,0.7024793388429752,-8169.289999999984,27618.300000000225,1.3258412624373703,-2067.7300000002324,0.6351
B-FIX-45,L3,Y2024,244,244,3192.24000000018,13.082950819672869,0.10715665931654071,0.7049180327868853,-10321.29,37241.18999999996,3.7871682580255115,-8897.309999999892,0.5509
B-FIX-45,L3,OOT_2025,242,242,-3100.179999999811,-12.810661157024013,-0.0648180148052624,0.7355371900826446,-20874.289999999957,41633.28000000012,,-24483.729999999818,0.4699
B-FIX-45,L3,EXT_2026,176,176,36975.96000000017,210.09068181818276,1.5961226792664907,0.6988636363636364,-9767.290000000023,22242.480000000072,0.33463769432896245,24602.410000000174,0.9268
B-FIX-45,L2_1001,WF_2021_2024,973,973,-32572.00000000014,-33.47584789311422,-0.23293994802504583,0.7009249743062693,-20823.000000000025,94606.00000000006,,-54877.00000000016,0.3365
B-FIX-45,L2_1001,Y2021,244,244,12733.999999999929,52.188524590163645,0.4273535292978932,0.7254098360655737,-9367.000000000004,18283.000000000222,0.9396104915973038,768.9999999999291,0.7067
B-FIX-45,L2_1001,Y2022,243,243,-61125.0,-251.54320987654322,-1.2126475491596527,0.654320987654321,-20823.000000000025,87451.00000000007,,-83430.00000000001,0.1236
B-FIX-45,L2_1001,Y2023,242,242,9355.99999999976,38.661157024792395,0.3888374486252177,0.7148760330578512,-8118.999999999984,24510.0000000002,0.978516460025677,200.99999999975626,0.6953
B-FIX-45,L2_1001,Y2024,244,244,6463.000000000171,26.487704918033486,0.21781284924943137,0.7090163934426229,-10501.0,38148.99999999992,1.6681107844653806,-4317.999999999869,0.5906
B-FIX-45,L2_1001,OOT_2025,242,242,2400.0000000002037,9.91735537190167,0.05060250336423665,0.7355371900826446,-21053.999999999956,40374.0000000001,9.089583333332563,-19414.999999999793,0.5233
B-FIX-45,L2_1001,EXT_2026,176,176,37657.000000000175,213.96022727272828,1.6424582678418176,0.7102272727272727,-9707.000000000022,23259.000000000062,0.3028653371219148,26252.00000000018,0.9233
B-FIX-45,L3_1001,WF_2021_2024,973,973,-42579.17000000018,-43.760709146968324,-0.30450652431474284,0.6998972250770812,-20833.290000000026,96612.55000000013,,-64832.720000000176,0.2881
B-FIX-45,L3_1001,Y2021,244,244,10228.239999999927,41.91901639344233,0.3432596870786079,0.7213114754098361,-9377.290000000005,18869.53000000026,1.1647702830594593,-1685.3100000000668,0.6714
B-FIX-45,L3_1001,Y2022,243,243,-63625.47000000006,-261.83320987654344,-1.2622539101780132,0.654320987654321,-20833.290000000026,88654.92999999998,,-85879.02000000003,0.1119
B-FIX-45,L3_1001,Y2023,242,242,6865.819999999756,28.37115702479238,0.28534501191962014,0.7148760330578512,-8129.289999999983,25198.30000000022,1.3259231963553257,-2237.730000000245,0.6509
B-FIX-45,L3_1001,Y2024,244,244,3952.2400000001726,16.197704918033494,0.13319644984025802,0.7090163934426229,-10511.29,39291.18999999997,2.714802238730333,-6777.309999999878,0.5582
B-FIX-45,L3_1001,OOT_2025,242,242,-90.17999999981112,-0.37264462809839305,-0.001901389063907048,0.7355371900826446,-21064.289999999957,40703.28000000012,,-21853.72999999982,0.4997
B-FIX-45,L3_1001,EXT_2026,176,176,35845.960000000174,203.67022727272825,1.5634674395391852,0.7102272727272727,-9717.290000000023,23382.480000000072,0.31673164842007145,24492.41000000018,0.9143
B-FIX-45,L2_1003,WF_2021_2024,973,973,-16102.000000000156,-16.548818088386593,-0.11527489652185609,0.7040082219938335,-20883.000000000025,86172.99999999988,,-39607.00000000015,0.4214
B-FIX-45,L2_1003,Y2021,244,244,15193.999999999929,62.2704918032784,0.5118608735199706,0.7254098360655737,-9557.000000000004,17921.00000000005,0.7953797551665168,3108.999999999928,0.7418
B-FIX-45,L2_1003,Y2022,243,243,-49375.000000000015,-203.18930041152268,-0.9780066188944124,0.6707818930041153,-20883.000000000025,82191.00000000007,,-72880.00000000001,0.1748
B-FIX-45,L2_1003,Y2023,242,242,12015.999999999756,49.65289256198246,0.5017436977117636,0.7148760330578512,-8168.999999999984,22630.0000000002,0.7643974700399623,2830.999999999758,0.7397
B-FIX-45,L2_1003,Y2024,244,244,6063.000000000171,24.848360655738407,0.2045863164131172,0.7049180327868853,-10431.0,38048.99999999992,1.6204849084611122,-3761.999999999829,0.5847
B-FIX-45,L2_1003,OOT_2025,242,242,5040.000000000204,20.826446280992577,0.10652626532957968,0.7396694214876033,-21233.999999999956,39244.000000000095,4.612103174602988,-18204.999999999793,0.5583
B-FIX-45,L2_1003,EXT_2026,176,176,35037.000000000175,199.07386363636462,1.5302105544887157,0.7159090909090909,-9967.000000000022,24819.000000000062,0.31780688985929,23902.000000000175,0.9001
B-FIX-45,L3_1003,WF_2021_2024,973,973,-26099.17000000017,-26.823401849948787,-0.1868449156711166,0.7040082219938335,-20893.290000000026,87778.23999999996,,-49552.72000000016,0.3681
B-FIX-45,L3_1003,Y2021,244,244,12698.239999999929,52.04196721311446,0.4277815687869335,0.7254098360655737,-9567.290000000005,18250.280000000053,0.9476549506073335,664.6899999999368,0.7055
B-FIX-45,L3_1003,Y2022,243,243,-51875.47000000004,-213.4793004115228,-1.027535251002705,0.6707818930041153,-20893.290000000026,83394.93000000001,,-75329.02000000003,0.1627
B-FIX-45,L3_1003,Y2023,242,242,9525.819999999767,39.362892561982505,0.3977629952177639,0.7148760330578512,-8179.289999999983,23298.85000000021,0.9588203430256107,392.2699999997676,0.7014
B-FIX-45,L3_1003,Y2024,244,244,3552.240000000169,14.558360655738397,0.11986470338369544,0.7049180327868853,-10441.29,39191.18999999998,2.751376596175803,-6221.309999999845,0.5538
B-FIX-45,L3_1003,OOT_2025,242,242,2549.820000000196,10.536446280992546,0.05389341306799183,0.7396694214876033,-21244.289999999957,39573.280000000115,9.096151885230416,-20643.729999999807,0.5299
B-FIX-45,L3_1003,EXT_2026,176,176,33225.960000000174,188.78386363636463,1.4511149549053828,0.7102272727272727,-9977.290000000023,24942.480000000072,0.3335810312177569,22142.410000000178,0.8899
B-FIX-45,L2_1005,WF_2021_2024,973,973,-12777.000000000164,-13.131551901336243,-0.09198618197362324,0.7060637204522097,-20973.000000000025,85359.99999999988,,-36172.00000000016,0.4398
B-FIX-45,L2_1005,Y2021,244,244,15213.999999999927,62.35245901639315,0.5132309556232406,0.7254098360655737,-9427.000000000004,18991.00000000005,0.8377152622584502,2468.999999999929,0.7435
B-FIX-45,L2_1005,Y2022,243,243,-50165.000000000015,-206.44032921810705,-0.9979048731080242,0.6625514403292181,-20973.000000000025,82021.00000000004,,-73560.00000000001,0.17
B-FIX-45,L2_1005,Y2023,242,242,12170.999999999756,50.29338842975106,0.5093380577357629,0.7231404958677686,-8298.999999999984,21828.00000000021,0.7579492235642252,2945.9999999997544,0.7409
B-FIX-45,L2_1005,Y2024,244,244,10003.000000000171,40.995901639344964,0.34321074870055446,0.7131147540983607,-9921.0,36138.99999999992,0.9917024892532107,83.0000000001346,0.6331
B-FIX-45,L2_1005,OOT_2025,242,242,1855.0000000002037,7.6652892561991886,0.039439650029590254,0.7479338842975206,-21183.999999999956,38814.000000000095,12.20754716980998,-20789.999999999796,0.5244
B-FIX-45,L2_1005,EXT_2026,176,176,35617.000000000175,202.36931818181918,1.5664360536242161,0.7045454545454546,-9847.000000000022,24989.000000000062,0.34941179773703396,23172.000000000175,0.9056
B-FIX-45,L3_1005,WF_2021_2024,973,973,-22774.170000000166,-23.40613566289842,-0.16395923074539528,0.7050359712230215,-20983.290000000026,86928.23999999999,,-46117.72000000016,0.3862
B-FIX-45,L3_1005,Y2021,244,244,12713.239999999925,52.10344262295051,0.4288689809308664,0.7254098360655737,-9437.290000000005,19320.28000000005,0.9984512209318847,19.68999999992434,0.7084
B-FIX-45,L3_1005,Y2022,243,243,-52665.47000000003,-216.73032921810713,-1.0476453534839922,0.6625514403292181,-20983.290000000026,83224.93000000001,,-76009.02000000003,0.1579
B-FIX-45,L3_1005,Y2023,242,242,9685.819999999765,40.02404958677589,0.40533620139986026,0.7231404958677686,-8309.289999999985,22548.30000000022,0.9471113442124902,512.2699999997676,0.6997
B-FIX-45,L3_1005,Y2024,244,244,7492.240000000169,30.705901639344955,0.25706461060124525,0.7090163934426229,-9931.29,37281.18999999999,1.3171694980406143,-2376.3099999998667,0.6035
B-FIX-45,L3_1005,OOT_2025,242,242,-630.1799999998257,-2.604049586776139,-0.013398500323444128,0.7479338842975206,-21194.289999999957,39143.28000000012,,-23223.729999999814,0.4969
B-FIX-45,L3_1005,EXT_2026,176,176,33805.96000000017,192.07931818181913,1.4867864944093583,0.7045454545454546,-9857.290000000023,25112.480000000072,0.36660843235926266,21412.41000000018,0.8961
B-FIX-45,DOUBLE,WF_2021_2024,973,972,-88321.76000000013,-90.77262076053456,-0.6278099108394432,0.691358024691358,-20999.580000000027,113125.24000000076,,-108693.8600000001,0.1079
B-FIX-45,DOUBLE,Y2021,244,243,-708.9400000000587,-2.905491803278929,-0.023793238578365045,0.720164609053498,-9303.580000000004,22515.480000000218,,-12586.040000000057,0.4923
B-FIX-45,DOUBLE,Y2022,243,243,-83403.94000000002,-343.2260905349795,-1.6421095171194735,0.6460905349794238,-20999.580000000027,98100.86000000016,,-103776.04000000001,0.0465
B-FIX-45,DOUBLE,Y2023,242,242,-216.36000000022614,-0.894049586777794,-0.008905009279076854,0.7024793388429752,-8195.579999999984,29373.60000000021,,-8503.460000000227,0.5182
B-FIX-45,DOUBLE,Y2024,244,244,-3992.5199999998113,-16.36278688524513,-0.1341998270855466,0.6967213114754098,-10342.58,40819.37999999992,,-15620.619999999857,0.4602
B-FIX-45,DOUBLE,OOT_2025,242,242,-11737.359999999793,-48.50148760330493,-0.24550061470775492,0.7272727272727273,-20905.579999999958,42489.5600000001,,-32284.4599999998,0.3866
B-FIX-45,DOUBLE,EXT_2026,176,176,32603.92000000018,185.24954545454648,1.408121446875231,0.6988636363636364,-9783.580000000022,22527.960000000072,0.37517267862269116,20371.820000000174,0.9041
B-RAND-0,L1,WF_2021_2024,973,973,-18750.49999999997,-19.270811921891028,-0.18493977047931226,0.828365878725591,-20638.000000000025,65072.49999999988,,-33325.49999999997,0.3779
B-RAND-0,L1,Y2021,244,244,15189.500000000051,62.25204918032808,0.7488970230089391,0.8483606557377049,-7559.000000000001,10071.999999999978,0.6787583528095043,4879.500000000049,0.8399
B-RAND-0,L1,Y2022,243,243,-46045.499999999905,-189.48765432098728,-1.2248579259578143,0.7942386831275721,-20638.000000000025,62117.49999999996,,-60580.49999999991,0.0994
B-RAND-0,L1,Y2023,242,242,17787.99999999991,73.50413223140458,1.1311510454173626,0.8429752066115702,-6813.999999999984,15015.500000000044,0.3744097144142137,11127.999999999909,0.8895
B-RAND-0,L1,Y2024,244,244,-5682.500000000022,-23.2889344262296,-0.25526587412485563,0.8278688524590164,-9097.99999999997,36549.99999999993,,-12682.500000000022,0.437
B-RAND-0,L1,OOT_2025,242,242,8002.500000000116,33.068181818182296,0.23476983559843462,0.8553719008264463,-18164.999999999978,32816.50000000001,1.913152139956236,-7307.499999999884,0.6269
B-RAND-0,L1,EXT_2026,176,176,34660.00000000006,196.9318181818185,2.2338774749620387,0.8465909090909091,-8084.999999999977,18110.500000000047,0.31433929601846455,23765.00000000006,0.9507
B-RAND-0,P75,WF_2021_2024,973,973,-26381.749999999964,-27.113823227132542,-0.26034504806230074,0.8273381294964028,-20645.500000000025,66843.74999999988,,-40901.74999999996,0.3208
B-RAND-0,P75,Y2021,244,244,12805.75000000005,52.482581967213314,0.6319576008716182,0.8483606557377049,-7571.500000000001,10086.999999999978,0.8013978095777257,2543.250000000049,0.8013
B-RAND-0,P75,Y2022,243,243,-48066.749999999905,-197.80555555555517,-1.2784895597189656,0.7942386831275721,-20645.500000000025,63676.24999999996,,-62546.749999999905,0.0861
B-RAND-0,P75,Y2023,242,242,16600.499999999913,68.59710743801617,1.0566093642838283,0.8388429752066116,-6816.499999999983,15101.750000000044,0.3941146351013544,10057.999999999909,0.8755
B-RAND-0,P75,Y2024,244,244,-7721.250000000022,-31.644467213114844,-0.3475126581349008,0.8278688524590164,-9115.49999999997,37944.99999999993,,-14097.750000000018,0.4035
B-RAND-0,P75,OOT_2025,242,242,6568.750000000113,27.14359504132278,0.1927480929002801,0.8512396694214877,-18177.499999999978,32967.75000000001,2.3227402473834045,-8688.749999999887,0.6052
B-RAND-0,P75,EXT_2026,176,176,33802.50000000006,192.05965909090943,2.1793341259198105,0.8465909090909091,-8089.999999999979,18156.750000000047,0.32142593003476017,22937.50000000006,0.9478
B-RAND-0,L2,WF_2021_2024,973,973,-34012.99999999997,-34.956834532374074,-0.33574332601910706,0.8252826310380267,-20653.000000000025,68614.99999999988,,-48477.99999999997,0.2669
B-RAND-0,L2,Y2021,244,244,10422.000000000051,42.71311475409857,0.5146990106615437,0.8442622950819673,-7584.000000000001,10101.999999999978,0.9801381692573354,207.00000000005002,0.755
B-RAND-0,L2,Y2022,243,243,-50087.999999999905,-206.12345679012307,-1.332082819948497,0.7942386831275721,-20653.000000000025,65234.99999999996,,-64512.999999999905,0.0765
B-RAND-0,L2,Y2023,242,242,15412.999999999909,63.69008264462772,0.9819069650921105,0.8388429752066116,-6818.999999999984,15188.000000000044,0.4168559008629104,8987.999999999909,0.8594
B-RAND-0,L2,Y2024,244,244,-9760.000000000022,-40.00000000000009,-0.43962721379393627,0.8237704918032787,-9132.99999999997,39339.99999999993,,-16054.000000000018,0.373
B-RAND-0,L2,OOT_2025,242,242,5135.00000000012,21.219008264463305,0.15070665759673935,0.8512396694214877,-18189.999999999978,33119.00000000001,2.9610516066211576,-10069.999999999878,0.5828
B-RAND-0,L2,EXT_2026,176,176,32945.00000000006,187.18750000000034,2.1247258847275083,0.8465909090909091,-8094.999999999978,18203.000000000047,0.3288814691151914,22110.00000000006,0.9447
B-RAND-0,L3,WF_2021_2024,973,972,-42293.61999999998,-43.46723535457346,-0.4174715353100195,0.8251028806584362,-20663.290000000026,70369.41999999994,,-56707.169999999984,0.2178
B-RAND-0,L3,Y2021,244,243,8355.410000000058,34.24348360655762,0.4126508853615157,0.8436213991769548,-7594.290000000002,10132.869999999977,1.2164035038376249,-1808.1399999999423,0.7109
B-RAND-0,L3,Y2022,243,243,-52276.669999999925,-215.13032921810668,-1.3902200775480942,0.7942386831275721,-20663.290000000026,66798.11000000006,,-66650.21999999993,0.0672
B-RAND-0,L3,Y2023,242,242,13430.60999999992,55.498388429751735,0.8557725071075943,0.8388429752066116,-6829.289999999983,15359.090000000058,0.4745540224904184,7057.059999999919,0.8308
B-RAND-0,L3,Y2024,244,244,-11802.97000000002,-48.37282786885254,-0.5316288896532873,0.8237704918032787,-9143.289999999972,40296.19999999994,,-18045.52000000002,0.3407
B-RAND-0,L3,OOT_2025,242,242,2980.9900000001,12.318140495868182,0.08749044897208998,0.8512396694214877,-18200.28999999998,33418.280000000035,5.083395113703666,-12172.559999999907,0.5524
B-RAND-0,L3,EXT_2026,176,176,31344.770000000066,178.09528409090947,2.02158958247413,0.8465909090909091,-8105.289999999978,18300.900000000056,0.3440302800116248,20561.220000000067,0.9379
B-RAND-0,L2_1001,WF_2021_2024,973,973,-24412.999999999975,-25.090441932168524,-0.24187548981190493,0.828365878725591,-20523.000000000025,63656.99999999991,,-39157.99999999997,0.333
B-RAND-0,L2_1001,Y2021,244,244,12437.000000000047,50.97131147541003,0.6121559948899898,0.8483606557377049,-7614.000000000003,9931.999999999978,0.8175605049449216,2269.000000000019,0.7975
B-RAND-0,L2_1001,Y2022,243,243,-44787.999999999905,-184.3127572016457,-1.199953664690106,0.7942386831275721,-20523.000000000025,60151.99999999999,,-59352.999999999905,0.1066
B-RAND-0,L2_1001,Y2023,242,242,16057.999999999909,66.35537190082607,1.0199662960550564,0.8471074380165289,-6808.9999999999845,15133.000000000044,0.441835845061654,8962.999999999909,0.8674
B-RAND-0,L2_1001,Y2024,244,244,-8120.000000000022,-33.27868852459025,-0.3661947581085825,0.8237704918032787,-8982.99999999997,38554.99999999993,,-14984.000000000018,0.3948
B-RAND-0,L2_1001,OOT_2025,242,242,3860.0000000001164,15.950413223140977,0.11351136176127022,0.8471074380165289,-18229.999999999978,32784.00000000001,3.7862694300516995,-10754.999999999885,0.5684
B-RAND-0,L2_1001,EXT_2026,176,176,32875.00000000006,186.78977272727306,2.1283349187255256,0.8579545454545454,-8007.000000000022,18593.000000000047,0.3149809885931553,22520.00000000006,0.9406
B-RAND-0,L3_1001,WF_2021_2024,973,973,-32679.819999999956,-33.58665981500509,-0.32377471025691074,0.828365878725591,-20533.290000000026,65359.41999999995,,-47373.36999999995,0.2725
B-RAND-0,L3_1001,Y2021,244,244,10374.03000000006,42.51651639344287,0.5106214501515361,0.8483606557377049,-7624.290000000002,9962.869999999977,0.9751803301127883,257.4800000000332,0.7586
B-RAND-0,L3_1001,Y2022,243,243,-46976.75999999993,-193.3199999999997,-1.2585378056992584,0.7942386831275721,-20533.290000000026,61663.110000000066,,-61490.309999999925,0.0935
B-RAND-0,L3_1001,Y2023,242,242,14105.879999999921,58.288760330578185,0.8961643670518109,0.8471074380165289,-6819.289999999984,15299.000000000058,0.4993343201558527,7062.329999999917,0.8402
B-RAND-0,L3_1001,Y2024,244,244,-10182.970000000021,-41.73348360655746,-0.4592209873942606,0.8237704918032787,-8993.289999999972,39511.10999999995,,-16995.520000000022,0.3629
B-RAND-0,L3_1001,OOT_2025,242,242,1715.8100000001032,7.090123966942575,0.05045629059592904,0.8471074380165289,-18240.28999999998,33078.28000000003,8.487857047108434,-12847.739999999894,0.5369
B-RAND-0,L3_1001,EXT_2026,176,176,31290.04000000007,177.78431818181858,2.0257986600220272,0.8579545454545454,-8017.290000000023,18690.900000000056,0.3292916851496507,20986.490000000063,0.9336
B-RAND-0,L2_1003,WF_2021_2024,973,973,-17667.999999999975,-18.158273381294936,-0.17562763300193468,0.828365878725591,-20583.000000000025,62256.9999999999,,-33062.99999999997,0.3852
B-RAND-0,L2_1003,Y2021,244,244,14197.00000000005,58.1844262295084,0.7036312978307269,0.8483606557377049,-7694.000000000002,10388.000000000045,0.7321969430161276,3802.000000000049,0.8257
B-RAND-0,L2_1003,Y2022,243,243,-40267.999999999905,-165.71193415637822,-1.0831485092570339,0.7901234567901234,-20583.000000000025,59631.99999999998,,-55462.99999999991,0.1369
B-RAND-0,L2_1003,Y2023,242,242,16567.99999999991,68.462809917355,1.056721464947304,0.8471074380165289,-6808.9999999999845,14913.000000000044,0.42401014002897386,9542.999999999909,0.8756
B-RAND-0,L2_1003,Y2024,244,244,-8165.000000000022,-33.46311475409845,-0.36713656797691274,0.8278688524590164,-9292.99999999997,38134.99999999993,,-14999.000000000018,0.3962
B-RAND-0,L2_1003,OOT_2025,242,242,6340.000000000116,26.198347107438497,0.18577153669991373,0.8553719008264463,-18129.999999999978,32239.000000000007,2.5228706624605217,-9654.999999999884,0.6097
B-RAND-0,L2_1003,EXT_2026,176,176,30340.00000000006,172.38636363636397,1.9653398576047205,0.8579545454545454,-8214.999999999978,19603.000000000047,0.31822676334871397,20685.00000000006,0.9225
B-RAND-0,L3_1003,WF_2021_2024,973,973,-25964.639999999963,-26.685138746145903,-0.2580962754025727,0.828365878725591,-20593.290000000026,63924.09999999998,,-41308.189999999966,0.3228
B-RAND-0,L3_1003,Y2021,244,244,12124.390000000056,49.6901229508199,0.6009238798237345,0.8483606557377049,-7704.290000000002,10418.870000000044,0.853119208471515,1780.840000000059,0.7904
B-RAND-0,L3_1003,Y2022,243,243,-42446.93999999993,-174.6787654320985,-1.1417064737150047,0.7901234567901234,-20593.290000000026,61102.79000000008,,-57590.48999999992,0.1214
B-RAND-0,L3_1003,Y2023,242,242,14590.879999999921,60.292892561983145,0.9308155773225348,0.8471074380165289,-6819.289999999984,15084.000000000058,0.4779389591306376,7617.329999999918,0.8473
B-RAND-0,L3_1003,Y2024,244,244,-10232.970000000018,-41.938401639344335,-0.4601115527523461,0.8278688524590164,-9303.289999999972,39096.19999999994,,-17015.52000000002,0.3646
B-RAND-0,L3_1003,OOT_2025,242,242,4195.9900000001035,17.33880165289299,0.12294767696179643,0.8553719008264463,-18140.28999999998,32538.280000000035,3.7997111527910232,-11747.559999999894,0.58
B-RAND-0,L3_1003,EXT_2026,176,176,28739.86000000007,163.29465909090948,1.8617254987218077,0.8579545454545454,-8225.289999999979,19700.900000000056,0.33415437653488833,19136.310000000063,0.9139
B-RAND-0,L2_1005,WF_2021_2024,973,973,-14732.999999999975,-15.141829393627928,-0.1471639240182789,0.8314491264131552,-20663.000000000025,61391.99999999991,,-29527.99999999998,0.4086
B-RAND-0,L2_1005,Y2021,244,244,13657.000000000047,55.97131147541003,0.676847608925937,0.8524590163934426,-7714.000000000003,10528.000000000045,0.7487003002123427,3432.000000000048,0.8185
B-RAND-0,L2_1005,Y2022,243,243,-39937.999999999905,-164.3539094650202,-1.077679213758128,0.7983539094650206,-20663.000000000025,58541.99999999999,,-54572.99999999991,0.1387
B-RAND-0,L2_1005,Y2023,242,242,16882.99999999991,69.76446280991698,1.0719921784912605,0.8429752066115702,-6868.999999999984,15223.000000000044,0.48480720251140463,8697.999999999909,0.8735
B-RAND-0,L2_1005,Y2024,244,244,-5335.000000000022,-21.864754098360745,-0.24434143737197983,0.8319672131147541,-8792.99999999997,36504.99999999993,,-12909.000000000018,0.437
B-RAND-0,L2_1005,OOT_2025,242,242,4765.000000000113,19.690082644628564,0.14045091174898852,0.8553719008264463,-18049.999999999978,31959.000000000007,3.2140608604406373,-10549.999999999887,0.5856
B-RAND-0,L2_1005,EXT_2026,176,176,30075.00000000006,170.88068181818215,1.958793581063738,0.8522727272727273,-8077.000000000022,19743.000000000047,0.3170407315045713,20540.00000000006,0.9221
B-RAND-0,L3_1005,WF_2021_2024,973,973,-22954.729999999963,-23.591706063720416,-0.22928509328299113,0.8314491264131552,-20673.290000000026,63069.27999999997,,-37698.27999999996,0.3449
B-RAND-0,L3_1005,Y2021,244,244,11614.210000000057,47.599221311475645,0.5756106037500918,0.8524590163934426,-7724.290000000002,10558.870000000046,0.8759571249357424,1440.6600000000585,0.7828
B-RAND-0,L3_1005,Y2022,243,243,-42116.93999999993,-173.32074074074046,-1.1364235128335372,0.7983539094650206,-20673.290000000026,60022.88000000008,,-56700.48999999992,0.1226
B-RAND-0,L3_1005,Y2023,242,242,14915.969999999921,61.63623966942116,0.9472687684725134,0.8429752066115702,-6879.289999999983,15389.000000000058,0.5452913890280044,6782.419999999921,0.8467
B-RAND-0,L3_1005,Y2024,244,244,-7367.97000000001,-30.19659836065578,-0.3374519382931296,0.8319672131147541,-8803.289999999972,37451.10999999994,,-14890.520000000017,0.406
B-RAND-0,L3_1005,OOT_2025,242,242,2656.0800000001072,10.975537190083088,0.07828953206283303,0.8553719008264463,-18060.28999999998,32263.28000000003,5.746645432366263,-12607.469999999887,0.5571
B-RAND-0,L3_1005,EXT_2026,176,176,28479.950000000066,161.8178977272731,1.854910082793073,0.8522727272727273,-8087.290000000021,19835.81000000005,0.3329904020196657,18996.400000000067,0.913
B-RAND-0,DOUBLE,WF_2021_2024,973,971,-65276.05999999995,-67.08742034943468,-0.6443420103994847,0.8218331616889805,-20689.580000000027,85123.00000000071,,-79523.15999999993,0.1009
B-RAND-0,DOUBLE,Y2021,244,243,1506.4400000000624,6.1739344262297635,0.07447008878544235,0.8436213991769548,-7630.580000000002,10504.44000000003,6.662794402697474,-8530.659999999938,0.5471
B-RAND-0,DOUBLE,Y2022,243,243,-58750.299999999916,-241.77078189300377,-1.561799823540427,0.7901234567901234,-20689.580000000027,71647.36000000012,,-72957.39999999989,0.0402
B-RAND-0,DOUBLE,Y2023,242,242,8832.299999999923,36.49710743801621,0.563838839480964,0.8347107438016529,-6845.579999999984,15723.680000000042,0.6886201782095325,2750.1999999999225,0.7455
B-RAND-0,DOUBLE,Y2024,244,243,-16864.5,-69.11680327868852,-0.7594250478515935,0.8189300411522634,-9189.57999999997,42850.63999999995,,-22920.6,0.2654
B-RAND-0,DOUBLE,OOT_2025,242,242,-2281.799999999872,-9.428925619834182,-0.0669938098394746,0.8471074380165289,-18236.57999999998,34051.88000000001,,-17273.899999999867,0.4779
B-RAND-0,DOUBLE,EXT_2026,176,176,27853.900000000067,158.26079545454584,1.7975611532839435,0.8465909090909091,-8126.579999999978,18501.300000000054,0.3829661196457219,17186.800000000072,0.9213
B-ROLLBEST,L1,WF_2021_2024,973,973,-63320.49999999966,-65.07759506680335,-0.6456242315121412,0.8211716341212744,-20948.000000000025,94823.49999999994,,-75385.49999999967,0.1167
B-ROLLBEST,L1,Y2021,244,244,-30126.999999999884,-123.47131147540937,-1.3236776381143005,0.8073770491803278,-8969.000000000002,37074.5,,-39406.99999999988,0.085
B-ROLLBEST,L1,Y2022,243,243,-53758.99999999994,-221.23045267489687,-1.603341466033556,0.831275720164609,-20948.000000000025,60432.50000000001,,-64663.99999999994,0.0541
B-ROLLBEST,L1,Y2023,242,242,4190.499999999982,17.316115702479262,0.22060882671205137,0.8016528925619835,-7863.999999999984,14520.000000000015,1.6346498031261256,-2659.500000000018,0.6217
B-ROLLBEST,L1,Y2024,244,244,16375.000000000178,67.11065573770564,0.8221968276944865,0.8442622950819673,-9124.999999999996,18977.49999999998,0.3926717557251866,9945.000000000178,0.7591
B-ROLLBEST,L1,OOT_2025,242,242,-32129.999999999774,-132.7685950413214,-1.0024957088343758,0.8305785123966942,-18869.999999999978,36426.99999999974,,-40854.999999999774,0.1501
B-ROLLBEST,L1,EXT_2026,176,176,25231.000000000044,143.3579545454548,1.3144575254479913,0.8181818181818182,-9752.000000000022,23985.00000000009,0.4409258451904396,14106.000000000038,0.8467
B-ROLLBEST,P75,WF_2021_2024,973,973,-69614.24999999968,-71.54599177800584,-0.7095600260809237,0.8201438848920863,-20955.500000000025,97577.24999999993,,-81619.24999999967,0.0926
B-ROLLBEST,P75,Y2021,244,244,-31884.499999999884,-130.67418032786838,-1.3998879021321973,0.8032786885245902,-8986.500000000002,38703.25000000001,,-41111.99999999988,0.0731
B-ROLLBEST,P75,Y2022,243,243,-55461.49999999994,-228.23662551440304,-1.6534255074066724,0.831275720164609,-20955.500000000025,61496.250000000015,,-66166.49999999994,0.0469
B-ROLLBEST,P75,Y2023,242,242,2646.74999999998,10.936983471074297,0.13939468903741567,0.8016528925619835,-7871.4999999999845,14595.000000000015,2.558798526494777,-4125.750000000021,0.589
B-ROLLBEST,P75,Y2024,244,244,15085.000000000178,61.82377049180401,0.7573531536735675,0.8442622950819673,-9127.499999999996,19491.24999999998,0.42442823997347856,8682.500000000178,0.7403
B-ROLLBEST,P75,OOT_2025,242,242,-33674.999999999774,-139.15289256198253,-1.0495472545905284,0.8305785123966942,-18884.999999999978,37824.49999999974,,-42339.999999999774,0.1384
B-ROLLBEST,P75,EXT_2026,176,176,24338.500000000044,138.28693181818207,1.268180547646844,0.8181818181818182,-9754.500000000022,24025.00000000009,0.455451239805246,13253.500000000044,0.838
B-ROLLBEST,L2,WF_2021_2024,973,973,-75907.99999999967,-78.01438848920829,-0.7734172260792148,0.8201438848920863,-20963.000000000025,101041.99999999991,,-87852.99999999967,0.0722
B-ROLLBEST,L2,Y2021,244,244,-33641.99999999988,-137.8770491803274,-1.4759397324767876,0.8032786885245902,-9004.000000000002,40332.00000000001,,-42816.99999999988,0.0618
B-ROLLBEST,L2,Y2022,243,243,-57163.99999999994,-235.24279835390922,-1.7033980971741802,0.831275720164609,-20963.000000000025,62560.00000000001,,-67778.99999999994,0.0405
B-ROLLBEST,L2,Y2023,242,242,1102.9999999999836,4.557851239669354,0.058109526578967494,0.8016528925619835,-7878.999999999983,14670.000000000015,6.069809610154215,-5592.000000000017,0.5531
B-ROLLBEST,L2,Y2024,244,244,13795.000000000178,56.53688524590237,0.6924917488529024,0.8442622950819673,-9129.999999999996,20004.99999999998,0.4621239579557751,7420.000000000178,0.7223
B-ROLLBEST,L2,OOT_2025,242,242,-35219.999999999774,-145.5371900826437,-1.0964566031968455,0.8305785123966942,-18899.999999999978,39221.99999999974,,-43854.999999999774,0.1267
B-ROLLBEST,L2,EXT_2026,176,176,23446.000000000044,133.21590909090935,1.2218754895692008,0.8181818181818182,-9757.000000000022,24065.00000000009,0.47108248741789555,12401.000000000044,0.8293
B-ROLLBEST,L3,WF_2021_2024,973,973,-83834.23999999966,-86.16057553956799,-0.8540946474608786,0.8180883864337102,-20973.290000000026,105261.21999999892,,-95727.78999999966,0.0534
B-ROLLBEST,L3,Y2021,244,244,-35588.16999999989,-145.85315573770447,-1.5609537276197485,0.8032786885245902,-9014.290000000003,42118.31000000012,,-44711.71999999988,0.051
B-ROLLBEST,L3,Y2022,243,243,-59081.499999999956,-243.1337448559669,-1.760347204809145,0.831275720164609,-20973.290000000026,63817.120000000104,,-69645.04999999996,0.0344
B-ROLLBEST,L3,Y2023,242,242,-973.7600000000093,-4.0238016528926,-0.05129681041041177,0.7975206611570248,-7889.289999999984,15232.209999999948,,-7617.310000000005,0.496
B-ROLLBEST,L3,Y2024,244,244,11809.190000000192,48.39831967213193,0.5928354121349888,0.8401639344262295,-9140.289999999997,20717.95000000002,0.5354770310241344,5485.640000000189,0.6951
B-ROLLBEST,L3,OOT_2025,242,242,-37288.73999999979,-154.08570247933795,-1.1607262108749523,0.8305785123966942,-18910.28999999998,40932.60999999985,,-45872.28999999978,0.112
B-ROLLBEST,L3,EXT_2026,176,176,21850.320000000047,124.14954545454572,1.1386848349501348,0.8181818181818182,-9767.290000000023,24162.900000000096,0.5031299312778932,10856.770000000044,0.8141
B-ROLLBEST,L2_1001,WF_2021_2024,973,973,-68212.99999999967,-70.10585817060603,-0.6982161456300361,0.8211716341212744,-20823.000000000025,94903.99999999994,,-80627.99999999967,0.0979
B-ROLLBEST,L2_1001,Y2021,244,244,-31866.999999999884,-130.60245901639297,-1.405835569998941,0.8073770491803278,-9044.000000000002,38282.00000000001,,-40921.99999999988,0.0723
B-ROLLBEST,L2_1001,Y2022,243,243,-51538.99999999994,-212.09465020576107,-1.5442573365630108,0.831275720164609,-20823.000000000025,58978.00000000003,,-63043.99999999994,0.0666
B-ROLLBEST,L2_1001,Y2023,242,242,947.9999999999818,3.9173553719007512,0.05024554056609858,0.8057851239669421,-7848.999999999984,14785.000000000015,7.832278481012809,-6477.000000000018,0.5463
B-ROLLBEST,L2_1001,Y2024,244,244,14245.000000000178,58.38114754098434,0.7132554785565786,0.8401639344262295,-9189.999999999996,20589.99999999998,0.5240435240435175,6780.000000000178,0.7266
B-ROLLBEST,L2_1001,OOT_2025,242,242,-32459.999999999774,-134.13223140495774,-1.0218862135241853,0.8264462809917356,-18949.999999999978,36651.99999999974,,-41919.999999999774,0.1407
B-ROLLBEST,L2_1001,EXT_2026,176,176,23616.000000000044,134.18181818181844,1.2413831217464095,0.8181818181818182,-9707.000000000022,24215.00000000009,0.4706554878048772,12501.000000000044,0.8286
B-ROLLBEST,L3_1001,WF_2021_2024,973,973,-76129.41999999966,-78.2419527235351,-0.7791764158545459,0.8211716341212744,-20833.290000000026,97519.8199999998,,-88492.96999999968,0.0716
B-ROLLBEST,L3_1001,Y2021,244,244,-33793.34999999989,-138.4973360655733,-1.4904523098220843,0.8073770491803278,-9054.290000000003,40048.490000000136,,-42796.899999999885,0.0604
B-ROLLBEST,L3_1001,Y2022,243,243,-53456.04999999996,-219.9837448559669,-1.6015399842226876,0.831275720164609,-20833.290000000026,59739.500000000095,,-64909.59999999996,0.0572
B-ROLLBEST,L3_1001,Y2023,242,242,-1128.9400000000169,-4.665041322314119,-0.059831583443559704,0.8057851239669421,-7859.2899999999845,15310.029999999955,,-8502.490000000009,0.4902
B-ROLLBEST,L3_1001,Y2024,244,244,12248.920000000186,50.20049180327945,0.6133438113033678,0.8401639344262295,-9200.289999999997,21303.310000000045,0.6052411151350395,4835.370000000176,0.6989
B-ROLLBEST,L3_1001,OOT_2025,242,242,-34508.10999999978,-142.59549586776768,-1.086234607563025,0.8264462809917356,-18960.28999999998,38347.42999999983,,-43916.65999999978,0.1235
B-ROLLBEST,L3_1001,EXT_2026,176,176,22010.320000000047,125.05863636363664,1.1569541447922205,0.8181818181818182,-9717.290000000023,24302.9000000001,0.5026528464829214,10946.770000000051,0.8147
B-ROLLBEST,L2_1003,WF_2021_2024,973,973,-61902.99999999966,-63.620760534429245,-0.6374805716363544,0.8232271325796505,-20883.000000000025,92468.99999999994,,-74877.99999999967,0.1167
B-ROLLBEST,L2_1003,Y2021,244,244,-29941.999999999884,-122.71311475409789,-1.3171584943583607,0.8073770491803278,-9164.000000000002,37072.0,,-39606.99999999988,0.0852
B-ROLLBEST,L2_1003,Y2022,243,243,-48858.99999999994,-201.06584362139893,-1.4879725055407929,0.8353909465020576,-20883.000000000025,58338.00000000003,,-60033.99999999994,0.0715
B-ROLLBEST,L2_1003,Y2023,242,242,1217.9999999999818,5.033057851239594,0.0647858148741626,0.8099173553719008,-7878.999999999983,14840.000000000015,5.857963875205342,-5917.000000000017,0.5539
B-ROLLBEST,L2_1003,Y2024,244,244,15680.000000000178,64.26229508196795,0.7782626252781273,0.8401639344262295,-9199.999999999996,19494.99999999998,0.48883928571428015,8015.000000000178,0.7437
B-ROLLBEST,L2_1003,OOT_2025,242,242,-31569.999999999774,-130.45454545454453,-0.9997967455002357,0.8264462809917356,-18799.999999999978,36884.99999999973,,-40759.999999999774,0.1406
B-ROLLBEST,L2_1003,EXT_2026,176,176,20831.000000000044,118.35795454545479,1.0969344261874652,0.8238636363636364,-9967.000000000022,25350.00000000009,0.47837357784071716,10866.000000000044,0.7962
B-ROLLBEST,L3_1003,WF_2021_2024,973,973,-69814.14999999966,-71.75143884892051,-0.7188863814143046,0.8232271325796505,-20893.290000000026,95089.54999999983,,-82737.69999999963,0.0872
B-ROLLBEST,L3_1003,Y2021,244,244,-31873.07999999989,-130.62737704917987,-1.4017833915333908,0.8073770491803278,-9174.290000000003,38843.22000000014,,-41486.62999999988,0.0703
B-ROLLBEST,L3_1003,Y2022,243,243,-50766.40999999995,-208.91526748971174,-1.5459023522387878,0.8353909465020576,-20893.290000000026,59099.50000000008,,-61889.95999999996,0.0628
B-ROLLBEST,L3_1003,Y2023,242,242,-858.5800000000054,-3.547851239669444,-0.045664812355894285,0.8099173553719008,-7889.289999999984,14995.010000000013,,-7942.1300000000065,0.4975
B-ROLLBEST,L3_1003,Y2024,244,244,13683.920000000186,56.08163934426305,0.6792325406364201,0.8401639344262295,-9210.289999999997,20208.580000000053,0.5563866202082369,6070.370000000184,0.7153
B-ROLLBEST,L3_1003,OOT_2025,242,242,-33612.92999999978,-138.89640495867678,-1.0643684688683888,0.8264462809917356,-18810.28999999998,38502.81999999981,,-42751.47999999978,0.1228
B-ROLLBEST,L3_1003,EXT_2026,176,176,19220.32000000005,109.20636363636392,1.012090177992595,0.8238636363636364,-9977.290000000023,25437.900000000092,0.515784856859822,9306.770000000048,0.7819
B-ROLLBEST,L2_1005,WF_2021_2024,973,973,-60712.99999999967,-62.39773895169545,-0.6268185793716129,0.8273381294964028,-20973.000000000025,91723.99999999994,,-73507.99999999967,0.1203
B-ROLLBEST,L2_1005,Y2021,244,244,-29951.999999999884,-122.75409836065526,-1.3166411542182752,0.8114754098360656,-9194.000000000002,36617.0,,-39416.99999999988,0.0831
B-ROLLBEST,L2_1005,Y2022,243,243,-49043.99999999994,-201.8271604938269,-1.5019301633832283,0.8353909465020576,-20973.000000000025,57763.00000000003,,-60218.99999999994,0.0686
B-ROLLBEST,L2_1005,Y2023,242,242,1357.9999999999818,5.611570247933809,0.07250580984237684,0.8181818181818182,-7988.999999999984,14845.000000000015,5.6001472754050825,-6247.000000000018,0.5596
B-ROLLBEST,L2_1005,Y2024,244,244,16925.00000000018,69.36475409836139,0.8385356913636544,0.8442622950819673,-9179.999999999996,19299.99999999998,0.4975480059084155,8504.000000000156,0.7575
B-ROLLBEST,L2_1005,OOT_2025,242,242,-33164.999999999774,-137.04545454545362,-1.057803455557447,0.8347107438016529,-18679.999999999978,39074.99999999973,,-42604.999999999774,0.1266
B-ROLLBEST,L2_1005,EXT_2026,176,176,21866.000000000044,124.23863636363662,1.160068019099023,0.8238636363636364,-9847.000000000022,25155.00000000009,0.4653343089728336,11691.000000000044,0.8096
B-ROLLBEST,L3_1005,WF_2021_2024,973,973,-68633.96999999965,-70.53850976361731,-0.7085361881493637,0.8263103802672148,-20983.290000000026,94359.90999999981,,-81377.51999999965,0.0906
B-ROLLBEST,L3_1005,Y2021,244,244,-31903.16999999989,-130.75069672131102,-1.4021097985047224,0.8114754098360656,-9204.290000000003,38408.22000000014,,-41316.71999999988,0.0699
B-ROLLBEST,L3_1005,Y2022,243,243,-50951.49999999994,-209.67695473251004,-1.5601859874026753,0.8353909465020576,-20983.290000000026,58519.770000000084,,-62075.04999999996,0.0593
B-ROLLBEST,L3_1005,Y2023,242,242,-718.4000000000142,-2.9685950413223727,-0.038353824900644325,0.8181818181818182,-7999.289999999984,15000.010000000013,,-8271.950000000008,0.5028
B-ROLLBEST,L3_1005,Y2024,244,244,14939.100000000186,61.22581967213191,0.7401911027376251,0.8401639344262295,-9190.289999999997,20008.49000000005,0.5602445930477684,6569.550000000158,0.7313
B-ROLLBEST,L3_1005,OOT_2025,242,242,-35192.47999999978,-145.42347107437925,-1.1223436650778182,0.8347107438016529,-18690.28999999998,40692.36999999982,,-44581.02999999978,0.1112
B-ROLLBEST,L3_1005,EXT_2026,176,176,20265.320000000054,115.14386363636395,1.075118192459664,0.8238636363636364,-9857.290000000023,25242.900000000092,0.49955046355053717,10141.770000000055,0.793
B-ROLLBEST,DOUBLE,WF_2021_2024,973,972,-105303.87999999963,-108.22598150051348,-1.0717448364545974,0.8168724279835391,-20999.580000000027,117879.50000000015,,-117020.97999999962,0.02
B-ROLLBEST,DOUBLE,Y2021,244,244,-41292.25999999987,-169.23057377049128,-1.8077923042388169,0.8032786885245902,-9060.580000000002,47387.0400000001,,-50254.35999999987,0.0283
B-ROLLBEST,DOUBLE,Y2022,243,242,-64633.139999999934,-265.97999999999973,-1.9235315000741644,0.8305785123966942,-20999.580000000027,67357.9600000002,,-75050.23999999995,0.0226
B-ROLLBEST,DOUBLE,Y2023,242,242,-6379.120000000004,-26.360000000000017,-0.3361394950276828,0.7975206611570248,-7915.579999999984,16691.559999999936,,-12816.220000000005,0.3668
B-ROLLBEST,DOUBLE,Y2024,244,244,7000.640000000196,28.69114754098441,0.3513071274463404,0.8360655737704918,-9156.579999999996,22548.21999999996,0.887361726927799,788.5400000002,0.6194
B-ROLLBEST,DOUBLE,OOT_2025,242,242,-42687.679999999775,-176.39537190082552,-1.3254787610384957,0.8223140495867769,-18951.57999999998,45630.85999999986,,-51154.77999999977,0.0815
B-ROLLBEST,DOUBLE,EXT_2026,176,176,18293.64000000005,103.94113636363664,0.9535856614776237,0.8181818181818182,-9783.580000000022,24350.80000000009,0.5934904152481392,7436.5400000000445,0.7805
B-ROLLSHARPE,L1,WF_2021_2024,973,973,-11999.999999999567,-12.332990750256492,-0.1490995504786599,0.9033915724563206,-15427.000000000038,69799.99999999987,,-26224.999999999574,0.4155
B-ROLLSHARPE,L1,Y2021,244,244,14566.50000000013,59.698770491803806,1.4936128906976822,0.9590163934426229,-6351.999999999967,10965.999999999996,0.5512648886142814,6536.500000000129,0.9358
B-ROLLSHARPE,L1,Y2022,243,243,-56913.999999999985,-234.21399176954728,-1.7056205826960325,0.8600823045267489,-15427.000000000038,66474.99999999999,,-71138.99999999999,0.0334
B-ROLLSHARPE,L1,Y2023,242,242,10468.000000000073,43.25619834710774,0.8368753534631993,0.8966942148760331,-4771.0,10252.500000000015,0.6849445930454672,3298.0000000000728,0.8098
B-ROLLSHARPE,L1,Y2024,244,244,19879.500000000222,81.47336065573862,1.275720989101829,0.8975409836065574,-8789.00000000003,15750.500000000098,0.34739304308458,12973.500000000236,0.8695
B-ROLLSHARPE,L1,OOT_2025,242,242,-21002.999999999916,-86.78925619834676,-0.8773193666783139,0.9214876033057852,-17024.999999999978,32915.999999999985,,-27192.999999999916,0.1664
B-ROLLSHARPE,L1,EXT_2026,176,176,14546.99999999992,82.65340909090864,1.3797874357068622,0.9261363636363636,-5197.00000000004,13085.000000000164,0.7300474324603051,3926.9999999999204,0.8546
B-ROLLSHARPE,P75,WF_2021_2024,973,973,-16217.499999999574,-16.66752312435722,-0.2015413366071206,0.9033915724563206,-15437.000000000042,71219.99999999988,,-30252.499999999574,0.3786
B-ROLLSHARPE,P75,Y2021,244,244,13660.25000000013,55.98463114754151,1.4004955394416458,0.9590163934426229,-6359.499999999967,11103.499999999996,0.5847257553851448,5672.750000000129,0.9234
B-ROLLSHARPE,P75,Y2022,243,243,-58321.49999999999,-240.00617283950615,-1.7482371503646168,0.8600823045267489,-15437.000000000042,67672.49999999999,,-72356.49999999999,0.0292
B-ROLLSHARPE,P75,Y2023,242,242,9540.500000000073,39.42355371900857,0.7634646856589355,0.8966942148760331,-4776.0,10331.250000000015,0.7455060007337084,2428.0000000000728,0.7904
B-ROLLSHARPE,P75,Y2024,244,244,18903.250000000222,77.47233606557468,1.2130837512143862,0.8975409836065574,-8794.00000000003,15901.750000000098,0.36189544126009576,12062.250000000236,0.857
B-ROLLSHARPE,P75,OOT_2025,242,242,-21727.99999999991,-89.78512396694177,-0.9076771836741155,0.9214876033057852,-17029.999999999978,33228.499999999985,,-27887.99999999991,0.1585
B-ROLLSHARPE,P75,EXT_2026,176,176,14029.49999999992,79.71306818181773,1.331090811598892,0.9261363636363636,-5214.50000000004,13232.500000000164,0.752165080722767,3476.9999999999195,0.8475
B-ROLLSHARPE,L2,WF_2021_2024,973,973,-20434.999999999567,-21.00205549845793,-0.25399649125933715,0.9033915724563206,-15447.00000000004,72639.99999999987,,-34279.99999999958,0.3415
B-ROLLSHARPE,L2,Y2021,244,244,12754.00000000013,52.27049180327922,1.307370007669313,0.9590163934426229,-6366.999999999967,11240.999999999996,0.6229418221734295,4809.000000000129,0.9101
B-ROLLSHARPE,L2,Y2022,243,243,-59728.99999999999,-245.798353909465,-1.790839688493707,0.8600823045267489,-15447.00000000004,68869.99999999997,,-73573.99999999999,0.0257
B-ROLLSHARPE,L2,Y2023,242,242,8613.000000000073,35.59090909090939,0.6898840526735538,0.8966942148760331,-4781.0,10410.000000000015,0.8191106466968466,1558.0000000000728,0.7714
B-ROLLSHARPE,L2,Y2024,244,244,17927.000000000222,73.47131147541074,1.1503763304295005,0.8975409836065574,-8799.00000000003,16053.000000000098,0.37797735259663645,11151.000000000236,0.8441
B-ROLLSHARPE,L2,OOT_2025,242,242,-22452.999999999913,-92.78099173553683,-0.9380284990076263,0.9214876033057852,-17034.999999999978,33540.999999999985,,-28582.999999999916,0.1504
B-ROLLSHARPE,L2,EXT_2026,176,176,13511.99999999992,76.77272727272681,1.2823450951867403,0.9261363636363636,-5232.00000000004,13380.000000000164,0.775976909413859,3026.9999999999195,0.8395
B-ROLLSHARPE,L3,WF_2021_2024,973,973,-26876.53999999957,-27.62234326824211,-0.3340567802923055,0.9023638232271326,-15457.29000000004,74245.75999999992,,-40670.08999999959,0.282
B-ROLLSHARPE,L3,Y2021,244,244,11372.100000000126,46.60696721311527,1.1657281945778537,0.9590163934426229,-6377.289999999967,11385.66,0.6941154228330663,3478.550000000125,0.8863
B-ROLLSHARPE,L3,Y2022,243,243,-61482.36000000001,-253.01382716049386,-1.8432278676201774,0.8600823045267489,-15457.29000000004,70217.90999999996,,-75275.91,0.0223
B-ROLLSHARPE,L3,Y2023,242,242,6972.040000000086,28.810082644628455,0.5586652721130495,0.8925619834710744,-4791.29,10570.10000000002,1.0045194806684863,-31.509999999914726,0.7316
B-ROLLSHARPE,L3,Y2024,244,244,16261.680000000226,66.64622950819765,1.0437990900759568,0.8975409836065574,-8809.29000000003,16223.280000000112,0.4135212351983247,9537.13000000024,0.8211
B-ROLLSHARPE,L3,OOT_2025,242,242,-23987.01999999992,-99.11991735537157,-1.0019363344571428,0.9214876033057852,-17045.28999999998,34056.50000000001,,-30065.569999999905,0.1339
B-ROLLSHARPE,L3,EXT_2026,176,176,12385.459999999926,70.3719318181814,1.1754290816716293,0.9261363636363636,-5242.29000000004,13756.050000000208,0.8424031081607031,1951.909999999925,0.8193
B-ROLLSHARPE,L2_1001,WF_2021_2024,973,973,-15459.99999999957,-15.889003083247246,-0.1919903979389861,0.9013360739979445,-15287.000000000042,69069.99999999985,,-31294.999999999574,0.3837
B-ROLLSHARPE,L2_1001,Y2021,244,244,12624.00000000013,51.737704918033316,1.299815965690893,0.9590163934426229,-6416.999999999967,11230.999999999996,0.6214353612167237,4779.000000000129,0.9114
B-ROLLSHARPE,L2_1001,Y2022,243,243,-55733.99999999999,-229.358024691358,-1.6681571926255405,0.8600823045267489,-15287.000000000042,64709.999999999956,,-71568.99999999999,0.0366
B-ROLLSHARPE,L2_1001,Y2023,242,242,7853.000000000073,32.4504132231408,0.6282477822662258,0.8966942148760331,-4791.0,10425.000000000015,0.9531389277982848,368.00000000007276,0.7573
B-ROLLSHARPE,L2_1001,Y2024,244,244,19797.000000000222,81.13524590164026,1.2680336026036922,0.889344262295082,-8789.00000000003,15216.00000000011,0.3922311461332472,12032.00000000024,0.8742
B-ROLLSHARPE,L2_1001,OOT_2025,242,242,-20987.999999999913,-86.72727272727236,-0.8782766718090006,0.9214876033057852,-17054.999999999978,33150.999999999985,,-27827.999999999916,0.1664
B-ROLLSHARPE,L2_1001,EXT_2026,176,176,11686.99999999992,66.40340909090864,1.1194387700016637,0.9375,-5432.00000000004,13290.000000000164,0.8483785402584126,1771.99999999992,0.8136
B-ROLLSHARPE,L3_1001,WF_2021_2024,973,973,-21893.009999999573,-22.500524152106447,-0.27187828715562445,0.9003083247687564,-15297.29000000004,70675.75999999991,,-37676.559999999554,0.323
B-ROLLSHARPE,L3_1001,Y2021,244,244,11231.560000000129,46.0309836065579,1.1564667119647838,0.9590163934426229,-6427.289999999968,11375.66,0.6938973748971569,3438.0100000001266,0.8883
B-ROLLSHARPE,L3_1001,Y2022,243,243,-57477.27000000001,-236.53197530864202,-1.7201727451821978,0.8559670781893004,-15297.29000000004,66057.90999999996,,-73260.81999999999,0.031
B-ROLLSHARPE,L3_1001,Y2023,242,242,6216.650000000086,25.688636363636718,0.4975378287372374,0.8966942148760331,-4801.29,10585.100000000013,1.1957485140710669,-1216.899999999916,0.7156
B-ROLLSHARPE,L3_1001,Y2024,244,244,18136.05000000023,74.32807377049274,1.1619975322878597,0.889344262295082,-8799.29000000003,15294.770000000139,0.425315876389836,10422.50000000025,0.854
B-ROLLSHARPE,L3_1001,OOT_2025,242,242,-22517.10999999992,-93.04590909090876,-0.9421031332074622,0.9214876033057852,-17065.28999999998,33661.41,,-29305.659999999916,0.15
B-ROLLSHARPE,L3_1001,EXT_2026,176,176,10565.909999999925,60.033579545454124,1.011999878954375,0.9318181818181818,-5442.29000000004,13665.8700000002,0.9335258392320273,702.3599999999244,0.7911
B-ROLLSHARPE,L2_1003,WF_2021_2024,973,973,-9239.99999999957,-9.4964028776974,-0.1142263982863928,0.9033915724563206,-15437.000000000042,66749.99999999988,,-25054.999999999574,0.4395
B-ROLLSHARPE,L2_1003,Y2021,244,244,14274.00000000013,58.500000000000526,1.4985973337699983,0.9590163934426229,-6016.999999999967,10230.999999999996,0.569917332212409,6139.000000000129,0.9416
B-ROLLSHARPE,L2_1003,Y2022,243,243,-53858.99999999999,-221.64197530864195,-1.6033112787804225,0.8600823045267489,-15437.000000000042,63980.0,,-69673.99999999999,0.0394
B-ROLLSHARPE,L2_1003,Y2023,242,242,8018.000000000073,33.13223140495898,0.6380919881996543,0.9008264462809917,-4841.0,10390.000000000015,0.9497380892990684,403.00000000007276,0.7656
B-ROLLSHARPE,L2_1003,Y2024,244,244,22327.000000000222,91.50409836065664,1.41657785541056,0.8934426229508197,-8829.00000000003,14981.000000000138,0.3813320195279219,13813.000000000226,0.8976
B-ROLLSHARPE,L2_1003,OOT_2025,242,242,-19942.999999999913,-82.40909090909055,-0.8326224468341178,0.9214876033057852,-17004.999999999978,31840.999999999985,,-27422.999999999913,0.1747
B-ROLLSHARPE,L2_1003,EXT_2026,176,176,8786.99999999992,49.92613636363591,0.864148586994493,0.9318181818181818,-5092.000000000022,14084.000000000175,1.0145669739387824,-128.00000000007958,0.761
B-ROLLSHARPE,L3_1003,WF_2021_2024,973,973,-15687.70999999957,-16.123031860225662,-0.19393343780232336,0.9023638232271326,-15447.29000000004,68360.4899999999,,-31451.25999999957,0.3796
B-ROLLSHARPE,L3_1003,Y2021,244,244,12886.560000000127,52.8137704918038,1.3530450678006898,0.9590163934426229,-6027.289999999968,10370.660000000005,0.6272853267279958,4803.010000000126,0.9225
B-ROLLSHARPE,L3_1003,Y2022,243,243,-55612.360000000015,-228.85744855967084,-1.6553303677517435,0.8600823045267489,-15447.29000000004,65337.639999999934,,-71375.91,0.0336
B-ROLLSHARPE,L3_1003,Y2023,242,242,6381.770000000085,26.370950413223493,0.5080735366657525,0.8966942148760331,-4851.29,10550.10000000002,1.1851806003663403,-1181.779999999916,0.7254
B-ROLLSHARPE,L3_1003,Y2024,244,244,20656.32000000022,84.65704918032878,1.3110241502856077,0.8934426229508197,-8839.29000000003,15114.770000000139,0.40968333178416605,12193.770000000231,0.8818
B-ROLLSHARPE,L3_1003,OOT_2025,242,242,-21471.659999999913,-88.72586776859468,-0.8962980931154113,0.9214876033057852,-17015.28999999998,32351.500000000007,,-28900.209999999923,0.1554
B-ROLLSHARPE,L3_1003,EXT_2026,176,176,7671.539999999926,43.58829545454503,0.7543409649702341,0.9318181818181818,-5102.290000000022,14469.440000000192,1.1553807970759566,-1192.0100000000741,0.7375
B-ROLLSHARPE,L2_1005,WF_2021_2024,973,973,-8944.999999999563,-9.19321685508691,-0.11124329049714908,0.9033915724563206,-15327.000000000038,65784.99999999987,,-24289.999999999574,0.4436
B-ROLLSHARPE,L2_1005,Y2021,244,244,14744.00000000013,60.42622950819725,1.5237507706848894,0.9590163934426229,-6196.999999999967,10040.999999999996,0.5646364622897401,6419.000000000129,0.9495
B-ROLLSHARPE,L2_1005,Y2022,243,243,-53433.99999999999,-219.89300411522632,-1.6007043635350746,0.8600823045267489,-15327.000000000038,63294.999999999985,,-68778.99999999999,0.0402
B-ROLLSHARPE,L2_1005,Y2023,242,242,6703.000000000073,27.698347107438316,0.5387172586600887,0.9008264462809917,-4821.0,10700.000000000015,1.073399970162602,-491.99999999992724,0.7373
B-ROLLSHARPE,L2_1005,Y2024,244,244,23042.000000000222,94.4344262295091,1.477294118783503,0.8934426229508197,-8669.00000000003,14701.000000000138,0.38425483898966717,14188.000000000226,0.9054
B-ROLLSHARPE,L2_1005,OOT_2025,242,242,-20642.999999999916,-85.30165289256163,-0.8630469193075103,0.9214876033057852,-17034.999999999978,32266.999999999985,,-27572.999999999916,0.1678
B-ROLLSHARPE,L2_1005,EXT_2026,176,176,9246.99999999992,52.53977272727227,0.9270114244767003,0.9261363636363636,-5162.000000000022,13644.000000000175,0.8992105547745293,931.9999999999204,0.769
B-ROLLSHARPE,L3_1005,WF_2021_2024,973,973,-15383.27999999957,-15.810154162383936,-0.19131310813960398,0.9023638232271326,-15337.290000000043,67395.75999999992,,-30676.82999999957,0.3816
B-ROLLSHARPE,L3_1005,Y2021,244,244,13356.200000000128,54.73852459016446,1.3806921248578248,0.9590163934426229,-6207.289999999967,10180.660000000003,0.6194538865845016,5082.650000000124,0.9334
B-ROLLSHARPE,L3_1005,Y2022,243,243,-55187.45000000001,-227.10884773662556,-1.6530590540204477,0.8600823045267489,-15337.290000000043,64652.90999999995,,-70480.99999999999,0.0352
B-ROLLSHARPE,L3_1005,Y2023,242,242,5071.560000000085,20.956859504132584,0.40774277794337904,0.8966942148760331,-4831.29,10860.100000000013,1.408550820654765,-2071.989999999919,0.6884
B-ROLLSHARPE,L3_1005,Y2024,244,244,21376.410000000225,87.60823770491896,1.370986203623403,0.8934426229508197,-8679.29000000003,14834.770000000142,0.41178804111634754,12573.860000000233,0.8909
B-ROLLSHARPE,L3_1005,OOT_2025,242,242,-22186.119999999923,-91.6781818181815,-0.9274135743805835,0.9214876033057852,-17045.28999999998,32720.25,,-29064.66999999992,0.1491
B-ROLLSHARPE,L3_1005,EXT_2026,176,176,8131.809999999927,46.20346590909049,0.8151146531352855,0.9261363636363636,-5172.290000000022,14029.440000000192,1.016200575271689,-131.74000000007504,0.7453
B-ROLLSHARPE,DOUBLE,WF_2021_2024,973,971,-42670.91999999956,-43.855005138745696,-0.5304856782235373,0.8990731204943357,-15488.580000000042,78883.92000000009,,-56081.01999999954,0.1693
B-ROLLSHARPE,DOUBLE,Y2021,244,243,7973.620000000128,32.6787704918038,0.8170283514281326,0.9588477366255144,-6403.579999999968,11822.319999999996,0.9722183901414757,221.52000000012777,0.8115
B-ROLLSHARPE,DOUBLE,Y2022,243,242,-66279.68,-272.7558847736625,-1.9876289339411728,0.859504132231405,-15488.580000000042,74125.22000000012,,-79689.77999999997,0.0139
B-ROLLSHARPE,DOUBLE,Y2023,242,242,3234.3800000000792,13.365206611570576,0.2597103619721411,0.8884297520661157,-4812.58,11378.299999999967,2.1216121791502025,-3627.719999999923,0.6262
B-ROLLSHARPE,DOUBLE,Y2024,244,244,12400.760000000224,50.82278688524682,0.7959446838850545,0.889344262295082,-8830.580000000029,16818.120000000123,0.5272338147016689,5862.6600000002345,0.759
B-ROLLSHARPE,DOUBLE,OOT_2025,242,242,-27209.97999999991,-112.43793388429714,-1.136460367838841,0.9214876033057852,-17066.57999999998,35251.99999999999,,-33172.079999999914,0.1002
B-ROLLSHARPE,DOUBLE,EXT_2026,176,176,10052.959999999921,57.11909090909046,0.954528277382198,0.9261363636363636,-5288.58000000004,14484.04000000015,1.019311725103858,-194.14000000008173,0.7749
B-MOM,L1,WF_2021_2024,973,973,-55328.99999999988,-56.864337101747054,-0.46053016348759623,0.7482014388489209,-20948.000000000025,97717.99999999997,,-74923.99999999988,0.1952
B-MOM,L1,Y2021,244,244,2119.000000000111,8.684426229508652,0.08803775326336073,0.7622950819672131,-8649.000000000002,23850.000000000065,4.476168003775132,-7365.999999999889,0.5463
B-MOM,L1,Y2022,243,243,-70126.99999999993,-288.58847736625484,-1.5824771852877082,0.7119341563786008,-20948.000000000025,82944.00000000001,,-88561.99999999994,0.0635
B-MOM,L1,Y2023,242,242,5777.499999999844,23.873966942148115,0.2779329633756917,0.7603305785123967,-7863.999999999984,22095.50000000015,1.3509303331891322,-2027.5000000001564,0.6398
B-MOM,L1,Y2024,244,244,6901.500000000084,28.284836065574112,0.27561700992181126,0.7581967213114754,-10301.0,31696.000000000004,1.6793450699123176,-4688.499999999916,0.6092
B-MOM,L1,OOT_2025,242,242,-17347.499999999905,-71.68388429752027,-0.4133656648408264,0.7644628099173554,-20843.999999999956,45744.00000000008,,-31292.4999999999,0.3419
B-MOM,L1,EXT_2026,176,176,44743.0000000001,254.22159090909147,2.270142986515331,0.7670454545454546,-9447.000000000022,16107.000000000025,0.2547884585298253,33343.0000000001,0.9822
B-MOM,P75,WF_2021_2024,973,973,-63738.99999999988,-65.50770811921879,-0.5307115918112034,0.7471736896197327,-20955.500000000025,100242.99999999994,,-82863.99999999988,0.1593
B-MOM,P75,Y2021,244,244,-165.99999999988722,-0.6803278688519968,-0.00689643474638087,0.7581967213114754,-8666.500000000002,24412.500000000065,,-9615.999999999889,0.5053
B-MOM,P75,Y2022,243,243,-72886.99999999994,-299.9465020576129,-1.6454130666184728,0.7119341563786008,-20955.500000000025,84824.00000000001,,-90944.49999999993,0.0537
B-MOM,P75,Y2023,242,242,4203.749999999842,17.370867768594387,0.2022615778217306,0.7603305785123967,-7871.4999999999845,22314.25000000015,1.8495391019923386,-3571.2500000001564,0.6091
B-MOM,P75,Y2024,244,244,5110.250000000082,20.943647540983942,0.20428141317808954,0.7581967213114754,-10306.0,32753.500000000004,2.2293429871336663,-6282.249999999916,0.5842
B-MOM,P75,OOT_2025,242,242,-19878.749999999898,-82.14359504132189,-0.47366466985429995,0.7644628099173554,-20853.999999999956,45979.00000000008,,-33473.7499999999,0.3171
B-MOM,P75,EXT_2026,176,176,43700.5000000001,248.29829545454604,2.217877591380461,0.7670454545454546,-9452.000000000022,16168.499999999996,0.2600084667223481,32338.000000000106,0.9797
B-MOM,L2,WF_2021_2024,973,973,-72148.9999999999,-74.15107913669054,-0.6009081954240711,0.7461459403905447,-20963.000000000025,102767.99999999994,,-90843.99999999988,0.1272
B-MOM,L2,Y2021,244,244,-2450.999999999889,-10.04508196721266,-0.1018144582113722,0.7581967213114754,-8684.000000000002,24975.000000000065,,-11865.999999999889,0.4625
B-MOM,L2,Y2022,243,243,-75646.99999999994,-311.30452674897094,-1.7083122612996855,0.7119341563786008,-20963.000000000025,86703.99999999999,,-93441.99999999993,0.0468
B-MOM,L2,Y2023,242,242,2629.9999999998454,10.867768595040683,0.12656085813401263,0.7603305785123967,-7878.999999999983,22533.00000000015,2.9448669201522644,-5115.0000000001555,0.5756
B-MOM,L2,Y2024,244,244,3319.0000000000837,13.602459016393786,0.13279657006980444,0.7540983606557377,-10311.0,33811.0,3.3730039168423374,-7875.999999999916,0.561
B-MOM,L2,OOT_2025,242,242,-22409.999999999905,-92.60330578512358,-0.5339250938602687,0.7644628099173554,-20863.999999999956,46214.00000000008,,-35661.99999999993,0.2948
B-MOM,L2,EXT_2026,176,176,42658.0000000001,242.37500000000057,2.1655591084854002,0.7670454545454546,-9457.000000000022,16230.999999999996,0.2654836138590645,31333.000000000106,0.9778
B-MOM,L3,WF_2021_2024,973,973,-81296.1299999999,-83.55203494347369,-0.6770865634718177,0.7451181911613566,-20973.290000000026,108995.17999999749,,-99939.67999999992,0.0978
B-MOM,L3,Y2021,244,244,-4730.409999999885,-19.386926229507726,-0.1965031496425768,0.7581967213114754,-8694.290000000003,25573.62000000006,,-14093.959999999875,0.4148
B-MOM,L3,Y2022,243,243,-77976.47999999997,-320.89086419753073,-1.760875498634953,0.7119341563786008,-20973.290000000026,88327.95999999966,,-95720.02999999997,0.0418
B-MOM,L3,Y2023,242,242,381.5299999998515,1.5765702479332706,0.01835945633226866,0.756198347107438,-7889.289999999984,22989.32000000015,20.164993578494467,-7312.020000000151,0.5262
B-MOM,L3,Y2024,244,244,1029.2300000000923,4.218155737705296,0.04118310349267994,0.7540983606557377,-10321.29,34961.530000000035,10.827074609172877,-10114.319999999923,0.5276
B-MOM,L3,OOT_2025,242,242,-24774.819999999912,-102.37528925619799,-0.590261701882296,0.7644628099173554,-20874.289999999957,46528.280000000086,,-37975.369999999944,0.2733
B-MOM,L3,EXT_2026,176,176,40936.96000000011,232.59636363636426,2.0782204989182027,0.7670454545454546,-9467.290000000023,16344.480000000007,0.2753880600806696,29663.41000000011,0.9733
B-MOM,L2_1001,WF_2021_2024,973,973,-64373.99999999988,-66.16032887975322,-0.539359288644266,0.7492291880781089,-20823.000000000025,98607.99999999996,,-83438.9999999999,0.1567
B-MOM,L2_1001,Y2021,244,244,-1330.999999999889,-5.454918032786431,-0.055324367091125974,0.7622950819672131,-8724.000000000002,24660.000000000065,,-10645.999999999889,0.4825
B-MOM,L2_1001,Y2022,243,243,-69701.99999999993,-286.8395061728392,-1.5867893207129062,0.7160493827160493,-20823.000000000025,82259.0,,-88766.99999999994,0.0666
B-MOM,L2_1001,Y2023,242,242,2249.9999999998436,9.297520661156378,0.10934030841430913,0.7644628099173554,-7848.999999999984,21903.00000000015,3.5933333333335833,-5835.000000000156,0.5712
B-MOM,L2_1001,Y2024,244,244,4409.000000000085,18.069672131147886,0.1764036810034046,0.7540983606557377,-10501.0,35546.0,2.3236561578588804,-5835.999999999916,0.5726
B-MOM,L2_1001,OOT_2025,242,242,-19454.999999999898,-80.39256198347066,-0.4660178448251931,0.768595041322314,-21053.999999999956,45854.00000000008,,-33676.99999999993,0.3215
B-MOM,L2_1001,EXT_2026,176,176,43038.0000000001,244.53409090909147,2.1979732336077364,0.7897727272727273,-9407.000000000022,17230.999999999996,0.26197778707188935,31763.000000000106,0.9736
B-MOM,L3_1001,WF_2021_2024,973,973,-73491.6699999999,-75.5310071942445,-0.6157479838940927,0.7482014388489209,-20833.290000000026,104240.71999999786,,-92505.21999999993,0.1207
B-MOM,L3_1001,Y2021,244,244,-3595.49999999988,-14.735655737704427,-0.1494535656452825,0.7581967213114754,-8734.290000000003,25248.710000000065,,-12859.049999999883,0.44
B-MOM,L3_1001,Y2022,243,243,-72026.74999999997,-296.4063786008229,-1.639672916374904,0.7160493827160493,-20833.290000000026,83888.31999999969,,-91040.29999999997,0.0571
B-MOM,L3_1001,Y2023,242,242,1.4399999998440762,0.005950413222496183,6.997576564013326e-05,0.7644628099173554,-7859.2899999999845,22357.360000000146,5578.854167270747,-8032.110000000153,0.5156
B-MOM,L3_1001,Y2024,244,244,2129.1400000000904,8.725983606557747,0.08519199228383394,0.7540983606557377,-10511.29,36691.62000000004,4.787637261992901,-8064.40999999992,0.5411
B-MOM,L3_1001,OOT_2025,242,242,-21804.72999999991,-90.10219008264426,-0.5222961343725843,0.768595041322314,-21064.289999999957,46163.280000000086,,-35975.27999999993,0.3002
B-MOM,L3_1001,EXT_2026,176,176,41317.05000000011,234.75596590909154,2.11009765491732,0.7840909090909091,-9417.290000000023,17339.480000000007,0.27164451479473894,30093.500000000116,0.9704
B-MOM,L2_1003,WF_2021_2024,973,973,-51433.99999999988,-52.86125385405949,-0.4321541215465521,0.7533401849948612,-20883.000000000025,91808.99999999993,,-71628.99999999988,0.2099
B-MOM,L2_1003,Y2021,244,244,1654.000000000111,6.778688524590619,0.06945787659929092,0.7622950819672131,-8824.000000000002,22936.000000000065,5.722490931075795,-7810.999999999889,0.5363
B-MOM,L2_1003,Y2022,243,243,-61051.999999999935,-251.2427983539092,-1.3887412183464205,0.7283950617283951,-20883.000000000025,78065.00000000003,,-81246.99999999994,0.0945
B-MOM,L2_1003,Y2023,242,242,3739.9999999998454,15.454545454544816,0.18269609120914826,0.7603305785123967,-7878.999999999983,20719.000000000142,2.121657754010783,-4195.000000000156,0.603
B-MOM,L2_1003,Y2024,244,244,4224.000000000084,17.311475409836408,0.16955734338720096,0.7622950819672131,-10431.0,35626.0,2.3046874999999543,-5510.999999999916,0.5698
B-MOM,L2_1003,OOT_2025,242,242,-19604.999999999905,-81.01239669421449,-0.4720922573401187,0.768595041322314,-21233.999999999956,45039.00000000008,,-34159.999999999905,0.313
B-MOM,L2_1003,EXT_2026,176,176,41508.00000000011,235.84090909090972,2.134537605375688,0.7897727272727273,-9637.000000000022,17670.999999999996,0.26537053098197866,30493.00000000011,0.9677
B-MOM,L3_1003,WF_2021_2024,973,973,-60556.66999999991,-62.23707091469672,-0.5088017917489395,0.7533401849948612,-20893.290000000026,94233.58999999965,,-80700.2199999999,0.1679
B-MOM,L3_1003,Y2021,244,244,-610.4999999998863,-2.5020491803274028,-0.025637576487171177,0.7622950819672131,-8834.290000000003,23576.450000000077,,-10024.04999999988,0.494
B-MOM,L3_1003,Y2022,243,243,-63376.65999999996,-260.8093004115225,-1.4415896501535592,0.7283950617283951,-20893.290000000026,79643.04999999974,,-83520.20999999996,0.0859
B-MOM,L3_1003,Y2023,242,242,1481.4399999998477,6.121652892561354,0.07236569973369858,0.7603305785123967,-7889.289999999984,21204.320000000145,5.321545253267638,-6402.110000000152,0.5472
B-MOM,L3_1003,Y2024,244,244,1949.0500000000902,7.987909836065944,0.07824271518890351,0.7622950819672131,-10441.29,36766.80000000004,4.968343551986635,-7734.499999999931,0.5383
B-MOM,L3_1003,OOT_2025,242,242,-21954.729999999912,-90.72202479338807,-0.5286677204266822,0.768595041322314,-21244.289999999957,45353.19000000008,,-36458.279999999904,0.2923
B-MOM,L3_1003,EXT_2026,176,176,39782.050000000105,226.0343750000006,2.0457971587520554,0.7840909090909091,-9647.290000000023,17779.480000000007,0.2755903730451289,28818.50000000011,0.9635
B-MOM,L2_1005,WF_2021_2024,973,973,-49218.9999999999,-50.58478931140791,-0.41544789674833205,0.7523124357656732,-20973.000000000025,91743.99999999993,,-69393.99999999988,0.2201
B-MOM,L2_1005,Y2021,244,244,1874.000000000111,7.680327868852914,0.07883666278739124,0.7622950819672131,-8854.000000000002,22681.000000000065,5.098719316968748,-7680.999999999888,0.5416
B-MOM,L2_1005,Y2022,243,243,-62651.99999999995,-257.82716049382697,-1.4308163793258266,0.720164609053498,-20973.000000000025,78280.00000000003,,-82826.99999999993,0.088
B-MOM,L2_1005,Y2023,242,242,4159.999999999844,17.190082644627452,0.20326578853592997,0.7644628099173554,-7988.999999999984,20098.00000000015,2.027644230769307,-4275.000000000158,0.6107
B-MOM,L2_1005,Y2024,244,244,7399.000000000084,30.32377049180362,0.3009502528966616,0.7622950819672131,-9921.0,34201.0,1.3155831869171355,-2334.9999999999127,0.6153
B-MOM,L2_1005,OOT_2025,242,242,-21569.999999999905,-89.13223140495829,-0.5224843863301766,0.768595041322314,-21183.999999999956,45114.00000000008,,-36264.999999999905,0.2923
B-MOM,L2_1005,EXT_2026,176,176,41158.0000000001,233.85227272727332,2.1324206331521274,0.7840909090909091,-9527.000000000022,17825.999999999996,0.2972690606929387,28923.000000000106,0.9673
B-MOM,L3_1005,WF_2021_2024,973,973,-58356.0399999999,-59.97537512846855,-0.4925714549271836,0.7523124357656732,-20983.290000000026,93709.01999999983,,-78479.58999999991,0.1764
B-MOM,L3_1005,Y2021,244,244,-395.4099999998798,-1.6205327868847532,-0.016634653855533754,0.7622950819672131,-8864.290000000003,23326.450000000077,,-9898.95999999988,0.4977
B-MOM,L3_1005,Y2022,243,243,-64981.47999999997,-267.4134979423867,-1.4839853064746933,0.720164609053498,-20983.290000000026,79393.47999999994,,-85105.02999999997,0.0791
B-MOM,L3_1005,Y2023,242,242,1891.529999999846,7.816239669420852,0.09242271212483286,0.7644628099173554,-7999.289999999984,20562.360000000146,4.432152807515969,-6492.020000000155,0.5582
B-MOM,L3_1005,Y2024,244,244,5129.3200000000925,21.021803278688903,0.208647896461441,0.7622950819672131,-9931.29,35336.53000000004,1.8876868668751066,-4553.229999999912,0.5817
B-MOM,L3_1005,OOT_2025,242,242,-23909.54999999991,-98.79979338842938,-0.5791510605049794,0.768595041322314,-21194.289999999957,45428.19000000008,,-38553.09999999992,0.2717
B-MOM,L3_1005,EXT_2026,176,176,39437.050000000105,224.07414772727333,2.0432935590590753,0.7840909090909091,-9537.290000000023,17934.480000000007,0.30893664713765273,27253.50000000011,0.9631
B-MOM,DOUBLE,WF_2021_2024,973,971,-108210.37999999984,-111.21313463514886,-0.9016023507157243,0.7425334706488157,-20999.580000000027,129086.02000000034,,-125937.47999999984,0.0373
B-MOM,DOUBLE,Y2021,244,243,-11808.379999999877,-48.3949999999995,-0.49031398195674586,0.757201646090535,-8740.580000000002,27366.840000000004,,-21045.479999999876,0.2833
B-MOM,DOUBLE,Y2022,243,242,-86058.69999999992,-354.15102880658407,-1.9443861437692715,0.7107438016528925,-20999.580000000027,94077.58000000012,,-103220.79999999993,0.0251
B-MOM,DOUBLE,Y2023,242,242,-5256.260000000137,-21.720082644628665,-0.25298631380409353,0.7520661157024794,-7915.579999999984,23997.140000000138,,-12833.360000000139,0.3948
B-MOM,DOUBLE,Y2024,244,244,-5087.039999999897,-20.848524590163514,-0.2038856982876521,0.75,-10342.58,38352.06,,-15779.139999999898,0.4361
B-MOM,DOUBLE,OOT_2025,242,242,-32443.7799999999,-134.06520661156983,-0.7726621072769152,0.7603305785123967,-20905.579999999958,47344.560000000085,,-44997.87999999992,0.217
B-MOM,DOUBLE,EXT_2026,176,176,36954.920000000115,209.97113636363702,1.877051397661802,0.7670454545454546,-9488.580000000022,16594.960000000006,0.30150518523649805,25812.820000000116,0.9618
B-FIX-BESTTRAIN,L1,WF_2021_2024,973,973,-6101.499999999996,-6.270811921891055,-0.14878411265694083,0.9630010277492291,-12695.500000000025,31667.5000000001,,-7771.499999999996,0.4103
B-FIX-BESTTRAIN,L1,Y2021,244,244,14380.499999999998,58.936475409836056,2.8649892606115666,0.9795081967213115,-4614.500000000004,6154.000000000044,0.07857863078474324,13250.499999999998,0.9839
B-FIX-BESTTRAIN,L1,Y2022,243,243,-19197.000000000106,-79.00000000000044,-1.1435117060454623,0.9423868312757202,-12695.500000000025,26874.000000000087,,-20819.500000000106,0.1243
B-FIX-BESTTRAIN,L1,Y2023,242,242,-659.9999999998836,-2.727272727272246,-0.09522809027878237,0.9669421487603306,-4116.499999999984,4466.999999999971,,-1282.4999999998836,0.4772
B-FIX-BESTTRAIN,L1,Y2024,244,244,-625.0000000000041,-2.561475409836082,-0.07802766766384513,0.9631147540983607,-5734.999999999996,10981.000000000025,,-1582.500000000004,0.5191
B-FIX-BESTTRAIN,L1,OOT_2025,242,242,-165.49999999989632,-0.6838842975202327,-0.009726998292466264,0.9752066115702479,-13154.99999999998,20616.999999999956,,-2022.9999999998963,0.5178
B-FIX-BESTTRAIN,L1,EXT_2026,176,176,13981.5,79.4403409090909,3.6780616562261432,0.9886363636363636,-3519.5000000000214,3519.500000000022,0.06758931445123914,13036.5,0.9983
B-FIX-BESTTRAIN,P75,WF_2021_2024,973,973,-8512.749999999996,-8.748972250770809,-0.2075890245340974,0.9630010277492291,-12696.750000000025,33223.7500000001,,-10140.249999999996,0.3677
B-FIX-BESTTRAIN,P75,Y2021,244,244,13634.249999999998,55.878073770491795,2.716612654992356,0.9795081967213115,-4618.250000000004,6184.000000000044,0.08104589544712765,12529.249999999998,0.9796
B-FIX-BESTTRAIN,P75,Y2022,243,243,-19924.500000000106,-81.99382716049426,-1.1868873403660813,0.9423868312757202,-12696.750000000025,27409.000000000087,,-21508.250000000106,0.1131
B-FIX-BESTTRAIN,P75,Y2023,242,242,-1129.9999999998836,-4.669421487602825,-0.16307070717726352,0.9669421487603306,-4117.749999999984,4554.499999999971,,-1741.2499999998836,0.4449
B-FIX-BESTTRAIN,P75,Y2024,244,244,-1092.5000000000032,-4.477459016393456,-0.1363801086368212,0.9631147540983607,-5737.499999999996,11143.500000000025,,-2033.7500000000032,0.4962
B-FIX-BESTTRAIN,P75,OOT_2025,242,242,-671.7499999998927,-2.7758264462805484,-0.03948247730696121,0.9752066115702479,-13157.499999999976,20674.499999999956,,-2497.9999999998927,0.4999
B-FIX-BESTTRAIN,P75,EXT_2026,176,176,13652.75,77.57244318181819,3.592433920509657,0.9886363636363636,-3520.750000000022,3520.750000000022,0.06848437128051126,12717.75,0.9978
B-FIX-BESTTRAIN,L2,WF_2021_2024,973,973,-10923.999999999996,-11.227132579650561,-0.26639589244226636,0.9630010277492291,-12698.000000000025,34780.0000000001,,-12513.999999999996,0.3227
B-FIX-BESTTRAIN,L2,Y2021,244,244,12887.999999999998,52.819672131147534,2.568120258058221,0.9795081967213115,-4622.000000000004,6214.000000000044,0.08379888268156425,11807.999999999998,0.9731
B-FIX-BESTTRAIN,L2,Y2022,243,243,-20652.000000000106,-84.98765432098809,-1.2302587224277104,0.9423868312757202,-12698.000000000025,27944.000000000087,,-22197.000000000102,0.1051
B-FIX-BESTTRAIN,L2,Y2023,242,242,-1599.9999999998836,-6.611570247933403,-0.2309365036052962,0.9669421487603306,-4118.999999999984,4641.999999999971,,-2199.9999999998836,0.4167
B-FIX-BESTTRAIN,L2,Y2024,244,244,-1560.0000000000036,-6.393442622950834,-0.19472130730323015,0.9631147540983607,-5739.999999999996,11306.000000000025,,-2485.0000000000036,0.4727
B-FIX-BESTTRAIN,L2,OOT_2025,242,242,-1177.9999999998945,-4.867768595040887,-0.0692400467559526,0.9752066115702479,-13159.999999999978,20731.999999999956,,-2972.9999999998945,0.4839
B-FIX-BESTTRAIN,L2,EXT_2026,176,176,13324.0,75.70454545454545,3.5067447975175963,0.9886363636363636,-3522.0000000000223,3522.000000000022,0.06942359651756229,12399.0,0.9977
B-FIX-BESTTRAIN,L3,WF_2021_2024,973,973,-16016.959999999988,-16.46141829393627,-0.3905994227627891,0.9630010277492291,-12703.290000000026,38227.94000000052,,-17565.509999999995,0.2439
B-FIX-BESTTRAIN,L3,Y2021,244,244,11612.809999999996,47.59348360655736,2.31406619838962,0.9795081967213115,-4627.2000000000035,6250.490000000047,0.0907230894159123,10559.259999999997,0.9624
B-FIX-BESTTRAIN,L3,Y2022,243,243,-21934.870000000104,-90.26695473251071,-1.3067002472141591,0.9423868312757202,-12703.290000000026,28782.800000000156,,-23443.4200000001,0.0891
B-FIX-BESTTRAIN,L3,Y2023,242,242,-2858.9399999998795,-11.813801652892064,-0.41264655939359723,0.9669421487603306,-4124.199999999983,4823.999999999972,,-3432.4899999998784,0.3391
B-FIX-BESTTRAIN,L3,Y2024,244,244,-2835.9600000000023,-11.622786885245912,-0.3539973308200412,0.9631147540983607,-5745.199999999996,11748.340000000013,,-3729.510000000002,0.413
B-FIX-BESTTRAIN,L3,OOT_2025,242,242,-2471.029999999906,-10.210867768594653,-0.1452442163691498,0.9752066115702479,-13165.199999999979,20885.139999999956,,-4219.579999999907,0.4432
B-FIX-BESTTRAIN,L3,EXT_2026,176,176,12399.17,70.44982954545455,3.2633294973201004,0.9886363636363636,-3527.290000000022,3527.290000000022,0.07246856039557487,11500.620000000003,0.9963
B-FIX-BESTTRAIN,L2_1001,WF_2021_2024,973,973,-9878.999999999996,-10.15313463514902,-0.24090948995576392,0.9630010277492291,-12688.000000000025,34085.0000000001,,-11653.999999999998,0.3408
B-FIX-BESTTRAIN,L2_1001,Y2021,244,244,12972.999999999998,53.16803278688524,2.571726557070966,0.9795081967213115,-4642.000000000004,6194.000000000044,0.08594773760888,11857.999999999998,0.9729
B-FIX-BESTTRAIN,L2_1001,Y2022,243,243,-19597.000000000106,-80.64609053497986,-1.1677782295822892,0.9423868312757202,-12688.000000000025,26984.000000000087,,-21372.000000000106,0.1191
B-FIX-BESTTRAIN,L2_1001,Y2023,242,242,-1644.9999999998836,-6.797520661156543,-0.23712394198775127,0.9669421487603306,-4118.999999999984,4561.999999999971,,-2359.9999999998836,0.4156
B-FIX-BESTTRAIN,L2_1001,Y2024,244,244,-1610.0000000000032,-6.598360655737718,-0.20105943094961817,0.9631147540983607,-5739.999999999996,11526.000000000025,,-2475.000000000003,0.4693
B-FIX-BESTTRAIN,L2_1001,OOT_2025,242,242,-1177.9999999998945,-4.867768595040887,-0.06919007624979408,0.9752066115702479,-13174.999999999978,20621.999999999956,,-2957.9999999998945,0.4819
B-FIX-BESTTRAIN,L2_1001,EXT_2026,176,176,13194.0,74.9659090909091,3.4798335864961865,0.9886363636363636,-3517.000000000022,3517.000000000022,0.07541306654539942,12199.0,0.9975
B-FIX-BESTTRAIN,L3_1001,WF_2021_2024,973,973,-14985.229999999985,-15.401058581706048,-0.3654378927933224,0.9630010277492291,-12693.290000000026,37545.130000000514,,-16708.77999999999,0.258
B-FIX-BESTTRAIN,L3_1001,Y2021,244,244,11697.269999999997,47.93963114754097,2.3188790979907217,0.9795081967213115,-4647.2000000000035,6230.490000000049,0.0930601755794301,10608.719999999996,0.9626
B-FIX-BESTTRAIN,L3_1001,Y2022,243,243,-20895.590000000106,-85.99008230452718,-1.24520447994134,0.9423868312757202,-12693.290000000026,27838.34000000016,,-22619.140000000098,0.1023
B-FIX-BESTTRAIN,L3_1001,Y2023,242,242,-2904.5999999998794,-12.002479338842477,-0.4186945449441177,0.9669421487603306,-4124.199999999983,4929.029999999928,,-3593.1499999998778,0.3358
B-FIX-BESTTRAIN,L3_1001,Y2024,244,244,-2882.310000000002,-11.812745901639353,-0.35994939384235025,0.9631147540983607,-5745.199999999996,11964.060000000014,,-3720.860000000002,0.411
B-FIX-BESTTRAIN,L3_1001,OOT_2025,242,242,-2470.579999999909,-10.209008264462433,-0.1451128351698977,0.9752066115702479,-13180.19999999998,20774.77999999996,,-4204.129999999908,0.4405
B-FIX-BESTTRAIN,L3_1001,EXT_2026,176,176,12269.800000000001,69.71477272727273,3.236073481727579,0.9886363636363636,-3522.2900000000222,3522.2900000000227,0.07893771699620204,11301.25,0.9958
B-FIX-BESTTRAIN,L2_1003,WF_2021_2024,973,973,-7683.999999999996,-7.897225077081188,-0.18745641069274144,0.9630010277492291,-12693.000000000025,31730.0000000001,,-9708.999999999995,0.3819
B-FIX-BESTTRAIN,L2_1003,Y2021,244,244,13292.999999999998,54.479508196721305,2.6228039676385144,0.9795081967213115,-4657.000000000004,6199.000000000044,0.08463100880162493,12167.999999999998,0.9782
B-FIX-BESTTRAIN,L2_1003,Y2022,243,243,-18177.000000000106,-74.80246913580291,-1.0845707616476419,0.9382716049382716,-12693.000000000025,26619.000000000087,,-20202.000000000106,0.1393
B-FIX-BESTTRAIN,L2_1003,Y2023,242,242,-1389.9999999998836,-5.743801652892081,-0.20033332887764907,0.9710743801652892,-4113.999999999984,4606.999999999971,,-2219.9999999998836,0.4324
B-FIX-BESTTRAIN,L2_1003,Y2024,244,244,-1410.0000000000032,-5.778688524590177,-0.175684125647306,0.9631147540983607,-5744.999999999996,11296.000000000025,,-2380.0000000000027,0.4783
B-FIX-BESTTRAIN,L2_1003,OOT_2025,242,242,-1077.9999999998945,-4.454545454545019,-0.06336298024710814,0.9752066115702479,-13164.999999999978,20546.999999999956,,-2967.9999999998945,0.487
B-FIX-BESTTRAIN,L2_1003,EXT_2026,176,176,12914.0,73.375,3.383134304540205,0.9886363636363636,-3532.0000000000214,3532.000000000022,0.08091993185689948,11869.0,0.9964
B-FIX-BESTTRAIN,L3_1003,WF_2021_2024,973,973,-12800.739999999985,-13.155950668036985,-0.31227563199866903,0.9609455292908531,-12698.290000000026,35201.18000000041,,-14774.28999999999,0.2914
B-FIX-BESTTRAIN,L3_1003,Y2021,244,244,12017.269999999997,49.251106557377035,2.3711454755545742,0.9795081967213115,-4662.2000000000035,6235.580000000049,0.09141427295883345,10918.719999999996,0.9681
B-FIX-BESTTRAIN,L3_1003,Y2022,243,243,-19485.860000000106,-80.18872427983582,-1.1626331112178836,0.9382716049382716,-12698.290000000026,27477.890000000152,,-21459.410000000105,0.1199
B-FIX-BESTTRAIN,L3_1003,Y2023,242,242,-2649.749999999881,-10.949380165288764,-0.38189581734161127,0.9669421487603306,-4119.199999999983,4844.119999999927,,-3453.2999999998788,0.3539
B-FIX-BESTTRAIN,L3_1003,Y2024,244,244,-2682.400000000001,-10.993442622950823,-0.33422494872865044,0.9590163934426229,-5750.199999999996,11734.420000000013,,-3625.950000000003,0.4195
B-FIX-BESTTRAIN,L3_1003,OOT_2025,242,242,-2370.1299999999083,-9.793925619834331,-0.13931507687582054,0.9752066115702479,-13170.199999999977,20699.869999999955,,-4213.6799999999075,0.4458
B-FIX-BESTTRAIN,L3_1003,EXT_2026,176,176,11990.61,68.1284659090909,3.141306237229275,0.9886363636363636,-3537.2000000000216,3537.2000000000216,0.08494563662732756,10972.06,0.9943
B-FIX-BESTTRAIN,L2_1005,WF_2021_2024,973,973,-7543.999999999996,-7.753340184994857,-0.18426888659806526,0.9619732785200411,-12708.000000000025,31850.0000000001,,-9598.999999999995,0.3842
B-FIX-BESTTRAIN,L2_1005,Y2021,244,244,13422.999999999998,55.0122950819672,2.653821803936915,0.9795081967213115,-4642.000000000004,6144.000000000044,0.08604633837443196,12267.999999999998,0.9796
B-FIX-BESTTRAIN,L2_1005,Y2022,243,243,-18502.000000000106,-76.13991769547368,-1.1050462239852565,0.9382716049382716,-12708.000000000025,26729.000000000087,,-20557.000000000106,0.1339
B-FIX-BESTTRAIN,L2_1005,Y2023,242,242,-1434.9999999998836,-5.929752066115221,-0.2065347399572365,0.9710743801652892,-4123.999999999984,4676.999999999971,,-2314.9999999998836,0.4287
B-FIX-BESTTRAIN,L2_1005,Y2024,244,244,-1030.0000000000036,-4.221311475409851,-0.12892054759938412,0.9590163934426229,-5739.999999999996,11196.000000000025,,-2130.0000000000036,0.4974
B-FIX-BESTTRAIN,L2_1005,OOT_2025,242,242,-1397.9999999998963,-5.776859504131803,-0.08217065586653637,0.9752066115702479,-13154.99999999998,20551.999999999956,,-3342.9999999998963,0.4776
B-FIX-BESTTRAIN,L2_1005,EXT_2026,176,176,12474.0,70.875,3.2757922713258227,0.9886363636363636,-3532.0000000000214,3532.000000000022,0.0837742504409171,11429.0,0.9954
B-FIX-BESTTRAIN,L3_1005,WF_2021_2024,973,973,-12661.939999999984,-13.013299075025678,-0.3092715854989447,0.9609455292908531,-12713.290000000026,35321.93000000043,,-14665.489999999989,0.2926
B-FIX-BESTTRAIN,L3_1005,Y2021,244,244,12146.819999999996,49.78204918032785,2.4015674718197766,0.9795081967213115,-4647.2000000000035,6180.580000000047,0.09290909060972341,11018.269999999995,0.9689
B-FIX-BESTTRAIN,L3_1005,Y2022,243,243,-19811.400000000103,-81.52839506172882,-1.1832153551687097,0.9382716049382716,-12713.290000000026,27588.610000000157,,-21814.950000000106,0.1147
B-FIX-BESTTRAIN,L3_1005,Y2023,242,242,-2694.7799999998792,-11.135454545454046,-0.3878522840916771,0.9669421487603306,-4129.199999999983,5079.029999999928,,-3548.329999999879,0.3491
B-FIX-BESTTRAIN,L3_1005,Y2024,244,244,-2302.580000000001,-9.436803278688528,-0.2882039768543482,0.9590163934426229,-5745.199999999996,11634.330000000013,,-3376.1300000000015,0.4354
B-FIX-BESTTRAIN,L3_1005,OOT_2025,242,242,-2704.7699999999077,-11.176735537189701,-0.15898346288111168,0.9752066115702479,-13160.199999999979,20704.959999999955,,-4598.319999999907,0.4378
B-FIX-BESTTRAIN,L3_1005,EXT_2026,176,176,11551.330000000002,65.63255681818183,3.033526015651392,0.9886363636363636,-3537.2000000000216,3537.2000000000216,0.08817599358688566,10532.78,0.9933
B-FIX-BESTTRAIN,DOUBLE,WF_2021_2024,973,971,-26846.119999999988,-27.591079136690634,-0.6547121870557954,0.9618949536560247,-12712.080000000025,45427.900000000795,,-28283.219999999994,0.1035
B-FIX-BESTTRAIN,DOUBLE,Y2021,244,243,8641.219999999998,35.41483606557376,1.7221772782107585,0.9794238683127572,-4640.900000000003,6353.980000000041,0.11278500026616617,7666.619999999998,0.9205
B-FIX-BESTTRAIN,DOUBLE,Y2022,243,242,-24898.640000000098,-102.46353909465061,-1.4833303515805074,0.9421487603305785,-12712.080000000025,30835.560000000187,,-26300.740000000114,0.0596
B-FIX-BESTTRAIN,DOUBLE,Y2023,242,242,-5298.859999999888,-21.896115702478877,-0.765071052440976,0.9669421487603306,-4132.899999999983,6210.1599999999435,,-5818.999999999888,0.1942
B-FIX-BESTTRAIN,DOUBLE,Y2024,244,244,-5289.840000000004,-21.679672131147555,-0.6601843647577945,0.9590163934426229,-5756.399999999996,12599.5,,-6116.940000000003,0.3051
B-FIX-BESTTRAIN,DOUBLE,OOT_2025,242,242,-5012.439999999897,-20.71256198347065,-0.29464972053469174,0.9752066115702479,-13176.399999999978,21180.659999999956,,-6647.039999999895,0.3959
B-FIX-BESTTRAIN,DOUBLE,EXT_2026,176,176,10646.959999999995,60.494090909090886,2.8035409819190513,0.9886363636363636,-3535.9000000000224,3535.9000000000224,0.07979742574406218,9797.359999999997,0.9909
