tree
version=v4
num_class=1
num_tree_per_iteration=1
label_index=0
max_feature_idx=31
objective=lambdarank
feature_names=VIX_21d_pct_change VIX_5d_pct_change atmf_iv_10dte_intraday_range days_until_next_pce entry_bid_ask_spread entry_bid_ask_spread_pct entry_bid_ask_spread_pct_wd_rank front_roll_yield gamma_x_dte gamma_x_morning_spx_rv_annualized iv_at_strike_minus_atmf_x_VIX_VIX9D_spread iv_term_slope_5d_30d iv_to_spot_change_ratio_1dte_close jobless_claims leverage morning_atmf_iv_pct_change morning_spx_log_return morning_spx_range_pct morning_spx_rv_annualized morning_vix_change prior_day_strategy_drawdown_max_5d rom_roll_skew_30d rom_roll_std_30d spx_10d_returns spx_1d_returns spx_5d_returns theta theta_x_atmf_iv_5dte_percentile_252d vega vega_x_VIX_5d_pct_change vix_z_60d win_rate_30d
feature_infos=[-0.52839210998206809:4.8438162544169607] [-0.42827256425582794:1.6965317919075145] [0.0036709204201514634:0.2613707868372882] [0:44] [0.049999999999999822:29.899999999999999] [0.0067796610169492486:1.9560439560439562] [1:8.5] [-6.7375000000000007:4.8832999999999984] [0:0.033556061189271305] [0.00050198565975699322:0.029708705204148592] [-6.5795764598266988:0.58289359397191487] [-0.50666580450779986:0.067287322754047196] [-414863.02644383919:121344.18546477477] [152144:6161268] [12.51586456957032:1073.1554712918908] [-0.33382759238393778:0.8768424828297523] [-0.029011813819852964:0.026209351931648178] [0.00070837031052892977:0.047613469070574892] [0.17917490989228085:8.150433863579746] [-17.640000000000001:24.859999999999999] [0:30374.000000000073] [-5.4772255750516701:5.0258428426019996] [7.1417041269969607e-17:19.770253581632318] [-0.23386323847009061:0.19052471618843292] [-0.11984050283657066:0.093827657101993367] [-0.1796662632195084:0.17397425583266291] [-7697.42948726533:-96.192032199531141] [-7575.2480668325461:0] [10.153572579096968:166.46298008069991] [-58.122415431031989:156.45242140692821] [-2.0836522372647459:6.9859947436689716] [0.46666666666666667:1]
tree_sizes=4001 3898 4120 3929 3702 4018 3925 4021 4123 4222 4244 4118 4150 4130 3823 4029 3885 4138 4446 4526 3916 4242 4030 4138 4018 3916

Tree=0
num_leaves=36
num_cat=0
split_feature=28 9 29 26 28 26 20 26 23 27 9 28 14 28 11 13 11 25 5 10 23 27 13 11 18 5 11 5 14 7 21 3 21 18 3
split_gain=256.674 27.868 21.9477 13.8936 6.62633 6.23831 6.14636 5.5724 4.85163 3.76974 3.63795 3.89392 3.68024 3.53353 3.39752 3.24973 3.00556 2.94913 2.61644 2.00625 3.17694 3.88457 1.93117 2.56189 1.87293 2.27781 1.83725 1.83537 1.74028 1.36666 1.18473 1.09862 0.857813 0.644872 0.554784
threshold=75.016418461220937 0.0082175203127836677 55.945965430226529 -255.78932742456712 51.496672467639364 -746.27737953241376 3740.9999999999905 -511.5725759983257 -0.0055408714063696065 -231.72478422347118 0.0045181941670298948 101.0228492025344 132.09929510778869 58.523962718597119 -0.015554486659542203 240417.00000000003 -0.00052773823822521704 0.0036589009084078143 0.19292803970223324 0.015889554418209929 -0.0075300684973668699 -185.54588568629893 223566.50000000003 0.024682863963522376 1.1090630616381771 0.093143752259308432 0.027565010918545772 0.052264966992943383 286.84462766282951 0.20683636363636368 -3.069864890056905 6.5000000000000009 -3.2298746968018759 0.89810953318761244 9.5000000000000018
decision_type=8 10 8 10 10 10 10 10 2 10 10 10 10 10 8 2 8 2 10 10 2 10 2 8 2 10 8 10 8 2 10 2 10 2 2
left_child=1 3 5 4 14 6 10 13 -8 30 -2 12 -12 32 -1 -7 -4 -18 19 20 -16 -22 -21 -24 25 -15 27 29 -11 -14 33 -13 -3 -6 -19
right_child=2 7 16 -5 9 15 8 -9 -10 28 11 31 26 24 18 -17 17 34 -20 22 21 -23 23 -25 -26 -27 -28 -29 -30 -31 -32 -33 -34 -35 -36
leaf_value=0.055983242321723914 -0.012963102935940274 0.0402174906005471 -0.094145475742778706 0.0040986828780070761 0.051120461127770821 -0.0388455860607088 -0.058752942412791095 0.063242487105300352 0.033371762183001141 0.10736214493652797 -0.019274977469262461 -0.14593997749198004 -0.069013498255048614 -0.081915139427770692 0.11189331169272579 0.049500166422717672 -0.10658597460637674 -0.13638717269131156 0.062894404505401846 0.1338705772493135 0.028398859136849842 0.095347883183875062 0.074501419039591538 0.12161286564778451 -0.0016810713829619912 -0.014583619095906572 -0.13049692180459932 -0.033787032336195351 0.043480595459708456 -0.12441671741883875 -0.013863136076297829 -0.10127840233627118 -0.0064099706897621867 0.011145673951703534 -0.16234508076940621
leaf_weight=28.056918581947684 5.6337826667586333 5.1422036741860211 22.217196725308895 23.20682792365551 6.1611729492433351 7.3718012754106876 10.65083197457716 6.3847826481796792 7.0987031150143585 6.5911405319347951 8.5112062338739616 7.2177449434530017 9.4856730136089116 11.186807377263909 16.704863720573485 5.3889142964035273 20.186972595751286 15.007668933831157 22.479970207437873 15.690331092104314 12.749069639481606 13.605693005025385 19.199346250854436 16.739896876737472 5.8626658772118381 5.8651215359568587 5.497602128423746 6.4485702766105524 6.6819806555286059 5.6353878807276478 6.6674792314879623 12.241830286569892 6.7007389003410918 6.4421869022771716 16.104671776294708
leaf_count=363 206 217 328 211 225 268 324 215 221 217 292 199 336 374 184 222 278 203 235 236 208 183 241 192 226 184 191 268 241 171 230 358 256 224 222
internal_value=-0.00274223 0.0539253 -0.0860673 0.0672072 0.0754266 -0.0576363 -0.0667649 -0.0108747 -0.0217219 0.039939 -0.0798851 -0.0866735 -0.0694132 -0.0245909 0.0833549 -0.0012721 -0.12128 -0.132959 0.0898788 0.0962471 0.0821126 0.0630965 0.107964 0.0965483 -0.0444531 -0.0589597 -0.0850511 -0.0732928 0.0754752 -0.0899076 0.0152799 -0.11804 0.0135608 0.0309611 -0.149949
internal_weight=406.818 242.119 164.699 200.977 177.77 91.182 78.4213 41.1423 17.7495 32.544 60.6718 55.038 35.5784 34.7575 145.226 12.7607 73.5165 51.2993 117.169 94.6892 43.0596 26.3548 51.6296 35.9392 22.9146 17.0519 27.0672 21.5696 13.2731 15.1211 19.2708 19.4596 11.8429 12.6034 31.1123
internal_count=8749 4662 4087 3190 2979 3056 2566 1472 545 1137 2021 1815 1258 1257 1842 490 1031 703 1479 1244 575 391 669 433 784 558 966 775 458 507 679 557 473 449 425
is_linear=0
shrinkage=0.0865128


Tree=1
num_leaves=35
num_cat=0
split_feature=26 28 9 5 28 27 3 22 27 17 26 5 4 4 26 13 23 25 13 17 16 19 5 18 26 19 1 4 11 24 7 7 19 22
split_gain=391.717 89.2053 24.2528 21.2395 17.8296 17.7943 18.8044 14.22 12.594 11.4123 10.7811 16.2994 11.0987 10.2889 13.2044 9.90468 9.13044 11.7208 8.33993 8.24106 8.17192 7.88027 8.84464 7.53614 7.07817 6.8736 8.36712 6.30313 6.18973 5.93766 5.34138 3.90959 3.46093 3.35613
threshold=-217.8833632646315 58.523962718597119 0.0070213897143957321 0.19727575982209042 86.679690381921077 -218.07055733165092 5.5000000000000009 2.3841227710710906 -179.86138599610857 0.0039822309159709456 -576.46494551816193 0.071428571428571383 0.14999999999999999 0.27499999999999875 -673.7387279063388 260978.50000000003 0.024929508919298685 0.0019671699429018035 223566.50000000003 0.0078450360234891721 -0.0010460103475205408 0.48499999999999949 0.094739466467215164 0.55287724886491108 -1162.9161280092567 0.88000000000000089 -0.052502368851753016 0.32500000000000023 -0.0027374797655567574 0.0008736761460264032 0.084705518394648877 0.12500000000000008 1.0000000180025095e-35 3.1337943446093735
decision_type=8 10 10 10 10 10 2 10 10 2 10 10 10 10 10 2 2 2 2 2 2 2 10 2 10 2 2 10 10 2 2 2 2 10
left_child=1 3 4 5 25 6 18 13 29 -5 11 -8 -13 14 24 30 17 28 -1 20 -9 22 -7 -24 -4 26 -3 -22 -15 -6 -2 -28 -17 -14
right_child=15 2 7 9 8 21 10 19 -10 -11 -12 12 33 16 -16 32 -18 -19 -20 -21 27 -23 23 -25 -26 -27 31 -29 -30 -31 -32 -33 -34 -35
leaf_value=-0.027689568766490934 -0.11101309186949918 0.020024752990747685 -0.0032708424480384197 -0.020091389332762943 0.039492720983524007 0.089168796867859709 0.01889050259380717 -0.053241933205362912 -0.057825321797807111 0.037763550837158572 0.021437013093739861 0.12160080943683901 0.082348208938527068 -0.070837687819481562 0.055373039205308533 -0.14863845318120852 -0.011274668065430942 -0.097596113140091756 0.02734349901353238 0.053822142879476863 -0.016004296764480924 0.10344448367247615 0.064484124789338931 0.017523231948209577 -0.070097049934184641 -0.0055450385659779507 0.048632066168973281 0.046286557289127069 -0.013396422810987166 -0.017888075732200418 -0.076186685430046447 0.096899822829161056 -0.11236967675756764 0.043330461174807482
leaf_weight=39.485321102663875 64.10940018761903 43.993016261607409 28.337140339426696 55.5981276165694 27.253687216900289 54.824977288022637 44.228611959144473 21.489097306504846 31.395252058282495 47.117151997983456 69.555080780759454 34.844837632030249 30.997171266004443 24.31726804934442 17.911592890508473 42.41500922665 34.646297212690115 42.291923123411834 43.095587220042944 20.295636787079275 28.352785559371114 40.820740792900324 66.68948313780129 41.861596498638391 20.540689148008823 22.175059594213963 26.923302096314728 21.224502384662628 33.649051103740931 26.645027318969369 70.144317306578159 24.294555051252246 39.318567999638617 36.562023922801018
leaf_count=217 369 354 322 234 240 283 291 228 312 184 246 106 231 218 186 220 328 365 194 194 343 179 330 165 302 192 235 175 317 223 344 227 176 219
internal_value=-0.000860232 0.0200276 -0.00718085 0.0423026 0.0158186 0.0496247 0.0361479 -0.0230989 -0.0142546 0.00641558 0.0495622 0.0628798 0.081845 -0.0359267 -0.00809628 -0.107391 -0.0496799 -0.0629175 0.000989523 0.00518422 -0.00866137 0.0693257 0.0607783 0.0464061 -0.0314257 0.0376983 0.0478047 0.0105973 -0.0375539 0.0110652 -0.0928446 0.0715978 -0.131238 0.0612853
internal_weight=1317.4 1101.42 495.736 605.681 202.68 502.965 298.769 293.056 85.294 102.715 216.188 146.633 102.404 201.694 66.7894 215.987 134.905 100.258 82.5809 91.362 71.0664 204.197 163.376 108.551 48.8778 117.386 95.2109 49.5773 57.9663 53.8987 134.254 51.2179 81.7336 67.5592
internal_count=8749 7640 4761 2879 1783 2461 1504 2978 775 418 1093 847 556 2038 810 1109 1228 900 411 940 746 957 778 495 624 1008 816 518 535 463 713 462 396 450
is_linear=0
shrinkage=0.0865128


Tree=2
num_leaves=37
num_cat=0
split_feature=26 31 28 20 23 4 12 16 28 15 26 21 11 3 12 11 0 12 28 16 13 10 23 12 19 27 13 29 14 28 19 7 4 27 27 30
split_gain=224.113 68.9709 12.7652 18.2983 19.134 13.5229 12.3935 13.3729 12.216 13.0958 10.2925 8.34815 9.48508 7.31102 10.1987 6.5249 8.63767 10.3094 8.35101 6.45258 12.8526 9.05125 14.1538 11.143 6.34771 5.5548 4.96964 4.49303 6.0409 4.06147 4.05194 4.74796 3.85567 4.63192 3.73399 2.92152
threshold=-217.8833632646315 0.88333333333333341 84.622842875893653 3740.9999999999905 -0.0055408714063696065 0.20000000000000001 65.619234443489901 0.0022831376319238992 79.630563906860388 0.063899763464392093 -931.35550609994755 -3.9463714959611242 0.0090606061290180468 12.500000000000002 -62.832673547717569 -0.019938122135153998 0.26097143638782855 -134.13896615893461 43.422480297221163 -0.00084001048762810432 225190.00000000003 0.030461553050092422 0.025797699113249809 18.757024237956831 -0.040000000000001805 -121.68566733568302 260978.50000000003 6.2759597783298426 123.99871823403519 69.010437940544946 0.32499999999999934 0.084705518394648877 0.30000000000000054 -419.01678447419653 -1072.7786661055613 -0.50147392440538419
decision_type=8 10 10 10 2 10 10 2 10 8 10 8 10 2 8 8 2 8 10 2 2 10 2 10 2 10 2 10 10 10 2 2 10 10 10 2
left_child=1 2 5 10 -5 11 7 13 9 15 27 -1 -13 14 -7 -3 17 18 -17 20 -19 22 25 -23 -12 -21 30 28 -4 -16 31 -2 33 -30 -15 -28
right_child=26 8 3 4 -6 6 -8 -9 -10 -11 24 12 -14 34 29 16 -18 19 -20 21 -22 23 -24 -25 -26 -27 35 -29 32 -31 -32 -33 -34 -35 -36 -37
leaf_value=-0.013187392355629301 -0.10055855636583749 0.0091708242482457063 -0.009183703177386579 -0.038268580744490771 0.062936028578513936 -0.04372237606320431 -0.056825888041122555 -0.055424126910366002 -0.013159338209610925 0.09049330241929128 0.023289835426592791 0.084770058909543422 0.013756427107220628 0.073022205919656372 0.057354404174166783 -0.020935019224703779 0.080816491343460986 0.10452834872237929 0.039450568591896211 0.019843605803261739 0.033334349967078833 0.025639572399310018 -0.030813875244819124 0.096176593818323552 -0.048916177557191083 0.064022408766330308 -0.13818473400148718 -0.10196920704865332 -0.011492537709891008 -0.0025809927660045144 -0.11334372232114218 -0.054085360345389404 -0.10080853547885954 -0.080936426209853543 0.020940502270755695 -0.097330993620189168
leaf_weight=21.290818694978952 29.241250347811729 53.901132551953197 17.512115994468331 27.364770101383328 28.545538127422333 27.078358739614487 34.685816661454737 24.943278117105365 32.359443462453783 37.952056428417563 20.618450689129531 29.040489803999662 27.572016380727291 17.66623351816088 16.988707602024078 36.769838560372591 37.651629183441401 35.150060418993235 32.056612009182572 50.125172358937562 41.669504487887025 33.385369943454862 29.103047668933868 34.000449506565928 16.288010972552001 37.447439881041646 28.365988303907216 18.006168040446937 13.349345522001387 16.653515266254544 28.441610293462873 38.882363813463598 17.840409937314689 15.900668728165327 25.330616477876902 26.142934965901077
leaf_count=137 226 268 205 276 178 208 361 293 374 238 269 261 306 184 212 188 170 228 230 339 259 187 205 205 214 243 208 237 151 207 238 249 231 264 312 188
internal_value=-3.95574e-05 0.0161864 -0.00970153 -0.0274608 0.0133436 0.00319856 -0.0109312 0.00141704 0.0381368 0.0417588 -0.0465771 0.0328675 0.0502463 0.0151206 -0.00415803 0.0373596 0.0414864 0.036984 0.00714239 0.044844 0.0659572 0.0360129 0.0213882 0.0612828 -0.00848848 0.0387752 -0.0976092 -0.0635522 -0.0527876 0.0275893 -0.0856877 -0.0740868 -0.0689303 -0.0493626 0.0424215 -0.11866
internal_weight=1059.32 908.247 416.675 175.425 55.9103 241.25 163.347 128.661 491.572 459.212 119.515 77.9033 56.6125 103.717 60.7206 421.26 367.359 329.707 68.8265 260.881 76.8196 184.061 116.676 67.3858 36.9065 87.5726 151.074 82.6087 64.6025 33.6422 96.5652 68.1236 47.0904 29.25 42.9968 54.5089
internal_count=8749 7640 4506 2025 454 2481 1777 1416 3134 2760 1571 704 567 1123 627 2522 2254 2084 418 1666 487 1179 787 392 483 582 1109 1088 851 419 713 475 646 415 496 396
is_linear=0
shrinkage=0.0865128


Tree=3
num_leaves=35
num_cat=0
split_feature=5 28 9 5 28 3 14 16 28 12 16 24 15 24 24 16 7 11 24 14 26 18 17 20 9 30 13 23 21 17 13 12 23 30
split_gain=143.114 48.3176 13.5417 10.5716 13.2108 13.0188 11.5675 10.1926 9.7121 11.0215 9.70925 9.17812 8.34117 8.29839 7.54812 7.37868 6.42478 6.96978 5.80065 6.26463 7.00607 6.03911 6.42732 7.01737 5.65215 5.54974 5.33558 5.22937 4.83644 4.26469 4.66459 2.85484 2.63314 2.15637
threshold=1.0211535814252286 54.050490996420706 0.0045181941670298948 0.12786919610103764 40.664013685658979 9.5000000000000018 209.74908301735829 -0.00022793523161145193 99.288023664900294 168.55048909792265 -0.0023806557007863675 0.00027236661561891312 0.010649278042296985 0.0086256749143500695 -0.0085269189885830415 -0.00022793523161145193 0.14413909090909102 0.01526713857788599 0.0087979754735677557 131.08853199968561 -714.44322288887429 0.58745807591276089 0.005928705559825353 488.99999999998732 0.010315793555200856 0.035727817189998935 219172.50000000003 0.0092820107407988201 -2.4272745931986108 0.0029315129639928069 258308.00000000003 -11.004596060179377 0.01315092442813204 -0.77854278081796269
decision_type=8 10 10 10 10 2 10 2 10 10 2 2 10 2 2 2 2 10 2 10 10 2 2 10 10 2 2 2 10 2 2 10 2 2
left_child=1 3 12 4 7 6 -6 -1 9 14 -5 -12 32 33 28 -7 25 -18 19 -16 21 -21 23 -23 -11 -10 -22 -20 -4 -2 31 -31 -3 -13
right_child=29 2 8 10 5 15 -8 -9 16 24 11 13 -14 -15 18 -17 17 -19 27 20 26 22 -24 -25 -26 -27 -28 -29 -30 30 -32 -33 -34 -35
leaf_value=0.091109072171062941 -0.11369373754915733 0.077473687164058835 -0.0090291962551157286 0.061866515264415681 -0.043015927422371689 0.019013867145982986 0.032590490052113931 0.041948650975738924 -0.10451537439365373 -0.022385840258958133 0.033512687637154023 -0.014735266810518753 -0.0090764689483989348 0.02605713492421383 0.053875452650872332 0.081043628418197275 -0.058972526129903682 0.013141297337377397 0.010590319345199288 -0.048661306222294892 0.0026834795987125204 -0.0096767139391058226 -0.037013406028743846 0.062476726942504078 -0.099500669137265477 -0.034436331536630421 0.063896562304823948 -0.047122300361658459 -0.071465503942327382 -0.083950320063437403 -0.10621930507590002 -0.040800213517882322 0.031294508800103323 -0.051199624773460566
leaf_weight=60.702637126669288 38.32136539183557 19.325329203158617 22.223793712444603 30.484403938055038 28.429450608789921 25.426039919257164 32.389904301613569 66.571563754230738 17.105531365610659 16.144816699437801 58.850032074376941 24.410264779813588 25.263947264291346 27.566908484324813 25.709562893025577 33.462049599736929 17.879519295413047 22.719435860402882 22.164406866766512 20.637039699126035 20.382392263971269 20.849045004695654 18.085529115982354 19.420921958982944 12.922248549293725 17.110239855013788 22.608421753160655 24.824766907840967 16.126752753742039 21.999485320411623 27.623299243859947 24.989894247613847 18.36661710916087 24.814432953484356
leaf_count=297 324 196 364 148 181 212 245 340 236 241 377 201 220 161 247 243 222 257 310 344 287 309 209 253 192 213 257 374 231 195 253 229 201 180
internal_value=0.00121211 0.0138926 -0.00753763 0.0346441 0.0460027 0.025325 -0.00269673 0.0654236 -0.0144263 -0.00656336 0.0177363 0.00779238 0.0292735 -0.0118759 -0.000283084 0.0543206 -0.0419264 -0.0185376 0.00661324 0.0150492 0.00683732 -0.00842423 0.00575049 0.0250405 -0.0567916 -0.0695761 0.0349551 -0.0198302 -0.0353755 -0.0900387 -0.0778397 -0.0610782 0.0550652 -0.0331873
internal_weight=925.912 812.978 399.87 413.108 246.982 119.707 60.8194 127.274 336.914 262.1 166.126 135.642 62.9559 76.7916 233.033 58.8881 74.8147 40.599 194.682 147.693 121.983 78.9925 58.3555 40.27 29.0671 34.2158 42.9908 46.9892 38.3505 112.934 74.6127 46.9894 37.6919 49.2247
internal_count=8749 7748 5163 2585 1518 881 426 637 4546 3618 1067 919 617 542 3185 455 928 479 2590 1906 1659 1115 771 562 433 449 544 684 595 1001 677 424 397 381
is_linear=0
shrinkage=0.0865128


Tree=4
num_leaves=33
num_cat=0
split_feature=28 28 27 17 5 7 16 24 12 8 19 10 27 12 16 13 29 23 15 15 5 12 15 2 2 16 13 21 12 10 3 18
split_gain=96.7076 20.4983 20.2463 11.0721 10.571 8.66041 11.5387 8.03445 7.90474 10.6633 7.82016 7.74577 8.0355 6.57149 6.05617 7.32293 7.76391 7.54906 4.76749 8.89407 4.39421 4.17492 4.14933 3.62467 4.55214 3.55155 6.4715 3.54211 4.2918 2.9734 1.93015 1.93133
threshold=101.53111890033557 51.181837892018045 -259.73820279140642 0.003827107817657667 0.13408239700374536 0.050000000000000031 -0.001311054605006409 -0.0087513027709126261 32.532099160595997 0.001444003643038912 0.86999999999999844 0.010970066205847583 -121.68566733568302 146.31015207788298 -0.00017801464309187413 303862.00000000006 -0.98381217838790869 0.022091348065326314 -0.06094219203736994 0.0021348324685260827 0.036363636363636306 82.735213718471428 -0.032285673011547937 0.011125029516910129 0.016973533008941142 0.0022162789087366943 232116.50000000003 -2.3021760465650107 -14.503532280759512 0.063054391102318738 6.5000000000000009 0.94257262791703023
decision_type=8 10 8 2 10 2 2 2 10 10 2 10 10 10 2 2 10 2 10 10 10 10 10 10 10 2 2 10 8 8 2 2
left_child=1 4 3 -2 5 6 -1 27 14 13 11 -6 -13 21 15 16 17 -9 -7 -20 -16 -10 -15 29 -25 26 -22 28 -3 -4 -26 -32
right_child=2 7 23 -5 10 18 -8 8 9 -11 -12 12 -14 22 20 -17 -18 -19 19 -21 25 -23 -24 24 30 -27 -28 -29 -30 -31 31 -33
leaf_value=0.063593609443653512 0.044911592602518327 -0.053487752017303915 -0.066108107600501759 -0.04363734002419499 -0.031034343322770136 0.086215019980500976 -0.0050663995621669363 0.076071960442876993 -0.036275360868305621 0.026787831605980261 0.050554281419467127 0.044646740452012688 -0.016389231719026121 -0.034229717161607526 -0.0063094005088549492 -0.044635083743182348 -0.023005251932717928 -0.0063044396133318933 0.025962766033803902 0.076417624851007671 0.019105332126812237 0.025991147671776876 -0.10432654312397582 -0.036574632912164902 -0.057861908822869096 0.0062313496905373432 0.073872022122141182 -0.075049415175897624 0.017429174765880382 -0.11541127844623805 -0.11342357889076046 -0.070702313699908093
leaf_weight=28.329138747416437 17.556478036567569 13.01433860696852 14.654645781964062 26.497259167954326 38.356309508904815 29.271871789358556 51.614543351344764 19.160763819236308 20.869854600634426 28.751362691167742 29.135642638429999 36.860384543426335 28.617185453884304 12.50470505282283 21.720727379433811 22.692200327292085 25.266431243158877 14.59804479125887 64.112218466587365 44.513464788906276 31.813481227494776 13.068971703294663 13.183517343830315 26.558730683289468 18.266316145192832 21.274950874969363 33.233854565769434 12.597825389821081 12.440820375457408 26.500078636687249 17.687447882257402 15.559047794435171
leaf_count=193 188 205 247 340 231 196 347 272 308 368 184 233 277 200 312 281 368 195 376 295 376 196 200 286 209 364 356 218 253 277 218 180
internal_value=0.00119591 0.0158082 -0.0584743 -0.008272 0.0302066 0.0419448 0.0192244 -0.000156186 0.00493429 -0.0164182 0.0109503 -0.00013185 0.0179205 -0.0373079 0.0148966 -0.00283755 0.0131768 0.0403552 0.0550915 0.0466712 0.0283402 -0.0121997 -0.070344 -0.0769951 -0.0659053 0.0370974 0.0471405 -0.0374481 -0.0186999 -0.0979437 -0.0809591 -0.0935409
internal_weight=830.283 667.003 163.28 44.0537 350.811 217.841 79.9437 316.192 278.139 88.3784 132.97 103.834 65.4776 59.627 189.76 81.7174 59.0252 33.7588 137.898 108.626 108.043 33.9388 25.6882 119.226 78.0715 86.3223 65.0473 38.053 25.4552 41.1547 51.5128 33.2465
internal_count=8749 6804 1945 528 2332 1407 540 4472 3796 1272 925 741 510 904 2524 1116 835 467 867 671 1408 504 400 1417 893 1096 732 676 458 524 607 398
is_linear=0
shrinkage=0.0865128


Tree=5
num_leaves=36
num_cat=0
split_feature=22 4 12 22 16 22 22 12 15 4 15 12 10 5 14 23 14 2 2 12 2 9 21 26 12 25 5 18 4 26 4 7 18 12 25
split_gain=67.5138 18.4948 11.8359 11.023 9.92502 7.70148 5.48467 6.73745 12.2029 5.29183 6.82945 5.27224 10.6493 4.99388 9.19524 6.73369 5.5137 4.96704 6.11354 4.91303 4.66982 4.43478 6.47646 9.11135 5.47932 5.38672 4.39363 4.26484 3.92774 3.91559 2.43572 2.34129 2.27454 1.59033 1.54465
threshold=19.471729910164377 0.15000000000000027 33.672489780420712 2.3023406451530808 -0.0033093371077854081 0.89145428528221693 1.4427432837675871 -99.996332933058042 0.0024642751969387038 0.29999999999999943 0.013388152251634479 -97.456137181261838 0.024798663385489174 0.092511462047885892 187.16447054095229 -0.0045980583240156627 99.864395395674009 0.011125029516910129 0.019077979352172109 -4.9481384204164378 0.030363383162345551 0.0055459997848099195 -5.477203549692276 -380.73096342102912 -6.0875530366611681 0.0076385255642600356 0.090909090909090898 0.79452160539018224 0.30000000000000021 -760.31283281966796 0.39999999999999908 0.14135252100840348 0.55920440925633297 8.8949538627690714 0.003423669126120799
decision_type=8 10 10 10 2 10 10 10 8 10 10 8 10 10 8 2 10 10 10 10 10 10 10 10 8 2 8 2 10 8 10 2 2 8 2
left_child=1 4 3 5 -1 -3 -7 28 19 27 26 12 32 14 15 16 -5 -2 -19 -9 -15 22 -13 24 -24 -23 30 29 -8 -4 -11 -26 -6 -20 -16
right_child=17 2 9 13 11 6 7 8 -10 10 -12 21 -14 20 34 -17 -18 18 33 -21 -22 25 23 -25 31 -27 -28 -29 -30 -31 -32 -33 -34 -35 -36
leaf_value=0.080136035051264515 -0.10717747244153659 0.026512366066555843 -0.061753438063135054 -0.045886560776856038 0.04978264503517825 -0.060996380268439926 0.049100213125428963 -0.023435736767700669 -0.083045121288880017 -0.071373556510758593 -0.086176632927020727 0.0079200621678530304 -0.046003258834318585 0.067458409737100239 -0.065205856194908984 0.053489457267794048 0.027567870761563359 -0.026880974319924356 -0.097282906149473047 0.044982285671936205 0.019363574029987358 0.034648380893528889 0.028557001546072314 0.0067998956089049163 0.059132602087635003 -0.021802178173507533 0.01635316800055199 0.027750920483449206 -0.010717833195899322 0.0056051212899512698 -0.017444989220707922 0.094927846745777505 0.007054902004571771 -0.059913825433819311 -0.016682351191692753
leaf_weight=24.139267810620368 21.73652154719457 32.9568414632231 12.490245638415216 12.897595848888161 18.648591895587742 20.961250113323331 16.490015075542033 21.488787083420902 20.471583494916558 12.675155606120827 19.383622815832496 44.678634354844689 23.411147255450487 29.605773891322315 9.9178766580298561 33.020539904944599 18.763334862887859 26.310944520868361 21.361525042448193 12.37122254539281 31.382794206961989 25.265326803550124 25.495541151612997 30.916623336263001 28.117744804359972 25.280717726796865 13.591948865912853 18.133590178564191 16.2241729227826 13.201625059358777 12.807784559670834 28.253771238960326 19.065967932343483 15.343579019885508 10.189882171340285
leaf_count=172 274 328 212 169 218 359 204 309 291 226 252 308 201 263 173 364 329 273 282 212 283 309 235 256 196 348 189 168 214 223 155 200 169 177 208
internal_value=0.00149013 0.0105404 -0.00181858 0.00718488 0.0269458 -0.0100479 -0.0212351 -0.0116198 -0.0303194 -0.0270907 -0.044134 0.0221616 -0.00012105 0.0238712 0.0102385 0.0261547 -0.00225167 -0.0713271 -0.0589025 0.00146557 0.0427677 0.0287255 0.035887 0.0469357 0.0620511 0.00634907 -0.0231867 -0.00427884 0.0193346 -0.0270162 -0.0444063 0.0771377 0.0282735 -0.0817603 -0.0407893
internal_weight=767.052 682.299 389.026 286.742 293.273 140.964 108.007 87.0458 54.3316 102.284 58.4585 269.134 61.1257 145.778 84.7892 64.6815 31.6609 84.7526 63.016 33.86 60.9886 208.008 157.462 112.784 81.8671 50.546 39.0749 43.8255 32.7142 25.6919 25.4829 56.3715 37.7146 36.7051 20.1078
internal_count=8749 7743 5131 3706 2612 1917 1589 1230 812 1425 822 2440 588 1789 1243 862 498 1006 732 521 546 1852 1195 887 631 657 570 603 418 435 381 396 387 459 381
is_linear=0
shrinkage=0.0865128


Tree=6
num_leaves=35
num_cat=0
split_feature=26 31 22 15 16 24 2 6 14 26 0 5 30 4 17 9 25 23 5 14 26 30 22 2 19 7 24 27 23 13 4 30 19 24
split_gain=50.7063 16.6287 7.77217 9.40151 6.76318 7.11218 11.7101 6.67706 6.43033 6.86301 6.41607 6.0339 7.61464 5.62591 7.15349 7.76545 6.14214 6.04164 7.17781 5.33889 5.03657 4.25711 6.68841 3.85667 3.7838 3.75456 3.79342 3.57909 5.46785 3.28689 3.11605 2.56681 2.43441 3.48498
threshold=-217.8833632646315 0.88333333333333341 2.3841227710710906 0.010649278042296985 -0.0039101983325627769 -0.010806235664369222 0.033811137346027233 6.2500000000000009 117.61432054268988 -714.44322288887429 -0.19336235367612639 0.094739466467215164 -0.9807378768306062 0.34999999999999981 0.0035829449741994778 0.0051164320651378593 -0.0082797833656366709 -0.0045980583240156627 0.10933997509339972 169.92618245357062 -906.28734484961444 -1.0724473016968574 0.86889092274270963 0.015952804832015961 -0.069999999999999382 0.050000000000000031 0.0022760563638585256 -147.74828361003392 0.015770638349467351 263012.00000000006 0.30000000000000021 -0.47603920164213193 0.32499999999999934 0.0014648631184617236
decision_type=8 10 10 10 2 2 10 2 10 10 2 10 2 10 2 10 2 2 10 10 8 2 10 10 2 2 2 8 2 2 10 2 2 2
left_child=1 2 3 8 -3 -6 7 10 -1 27 -7 -9 -13 14 15 -4 -16 18 -15 -18 -12 -22 -23 -14 -24 -5 -27 28 30 32 -10 -31 33 -2
right_child=29 4 13 25 5 6 -8 11 9 -11 20 12 23 17 16 -17 19 -19 -20 -21 21 22 24 -25 -26 26 -28 -29 -30 31 -32 -33 -34 -35
leaf_value=0.044940702945667828 -0.0046288430653729437 0.067907514262983151 0.013921666381799017 -0.099454028484723817 0.060538555499918129 -0.036503488990594496 -0.030621988602998643 0.063747629709294804 -0.015117291953188979 0.025288716076875696 -0.02736928117113643 0.056789397710429394 -0.021468473502540126 -0.027022947762535103 -0.014917691808316955 -0.066687380817031752 -0.00041457848055619149 0.06099481122326824 0.051159765957570227 0.066954439391250162 -0.010029553651529336 0.079884830675255245 0.042691935686721007 0.023663854468565605 -0.011325910342300167 -0.0078305145054583854 -0.076147283148258305 -0.07252403737310513 0.015711215230251607 -0.11144641314438168 -0.075667845180677901 -0.058333309368308855 -0.078701668637732633 -0.05815037638753924
leaf_weight=15.794229382649062 15.178881017956881 24.614877459593117 14.873768652789293 11.088274849578736 30.340030064806342 20.291807390283793 34.681070172227919 41.163420660421252 12.823529883287849 22.133721285965294 15.63925947062671 33.267387006897479 24.225408922880888 20.677448567934334 31.070982037577778 22.209919556975365 15.442029500380157 25.925853872671723 15.260138491168616 20.180859967134893 18.089344497770071 19.087576723657548 20.526745515875518 34.04013292863965 18.263653756119311 13.738032680936159 11.093295145779846 12.447894738521425 18.650448539294302 14.387749793240802 12.953913761302827 13.709268944337962 14.884068682324139 23.302348560653627
leaf_count=232 175 213 143 163 245 260 283 303 250 370 250 286 229 297 374 374 212 257 170 323 220 197 220 227 201 254 235 307 328 211 217 182 239 302
internal_value=0.00267238 0.0109747 -0.00393481 -0.0197127 0.0242048 0.0207189 0.0163802 0.0230587 -0.00539224 -0.0154978 0.0074551 0.0361909 0.0237598 0.00849711 -0.00378458 -0.0342682 0.0131162 0.0291528 0.00608487 0.0376604 0.0172299 0.0264562 0.037917 0.00484156 0.0171742 -0.0574119 -0.0384918 -0.0314294 -0.0198353 -0.0615517 -0.0456816 -0.085661 -0.0487904 -0.037128
internal_weight=712.057 630.595 296.364 130.723 334.231 309.616 279.276 244.595 94.8037 79.0095 111.898 132.696 91.5329 165.641 103.778 37.0837 66.6939 61.8634 35.9376 35.6229 91.6066 75.9673 57.878 58.2655 38.7904 35.9196 24.8313 56.8758 44.4279 81.4623 25.7774 28.097 53.3653 38.4812
internal_count=8749 7640 4506 2356 3134 2921 2676 2393 1704 1472 1348 1045 742 2150 1426 517 909 724 467 535 1088 838 618 456 421 652 489 1102 795 1109 467 393 716 477
is_linear=0
shrinkage=0.0865128


Tree=7
num_leaves=36
num_cat=0
split_feature=28 20 26 28 5 13 3 19 30 9 21 2 16 2 2 2 9 9 12 19 21 28 22 5 5 6 16 19 26 27 30 2 26 12 15
split_gain=41.2818 18.9813 10.4404 9.48221 6.95017 6.23966 6.17685 6.12594 7.33095 5.55252 5.37633 5.21514 4.93764 4.82047 4.61559 6.2531 4.19033 4.42146 4.08018 5.59844 4.50231 4.01228 4.04767 3.68459 7.95734 5.02653 7.07916 3.89115 3.386 2.93919 2.36712 2.22984 1.37037 1.35049 1.19483
threshold=86.679690381921077 3740.9999999999905 -931.35550609994755 53.726038327006769 0.19292803970223324 238073.00000000003 12.500000000000002 0.16499999999999918 -0.58202976991587885 0.0037101584532329684 -2.0777703142847215 0.032953730101282615 0.0022162789087366943 0.050377834032267706 0.011125029516910129 0.021125549136714359 0.013928652570887224 0.0057378460297670235 51.160620762895704 -0.36999999999999916 -2.9808365735310596 63.484281678313131 2.5020642558848278 0.071428571428571383 0.082294392283618054 6.2500000000000009 -0.00061825701231187817 -0.29999999999999977 -794.25016693275427 -578.14577573592044 0.60058163380089447 0.015609469868698893 -1514.06386111703 -18.888408572892505 0.0030091063238968378
decision_type=8 10 10 10 10 2 2 2 2 10 10 10 2 10 8 10 10 10 10 2 10 10 10 10 10 2 2 2 10 10 2 10 10 10 10
left_child=3 2 14 4 11 -6 9 8 -4 -5 -3 23 21 -13 32 29 17 -11 19 -19 -21 -8 28 -1 -25 27 -27 -26 -23 33 34 -28 -2 -16 -17
right_child=1 10 7 6 5 -7 12 -9 -10 16 -12 13 -14 -15 15 30 -18 18 -20 20 -22 22 -24 24 25 26 31 -29 -30 -31 -32 -33 -34 -35 -36
leaf_value=0.016746224837930181 -0.10094885302845294 -0.0039254059621357702 -0.02324039903003414 0.04436929725560939 0.021973323781012057 -0.036338147294362154 -0.0032390975184018195 -0.056509727078427871 0.073713462286748285 -0.042404330317114984 0.061501506613872457 -0.0081526153176556867 -0.025811867744894926 0.041295394713156089 -0.029923105161599184 -0.10329741869950773 -0.064139523889285982 -0.022598501300441109 -0.036477724869439523 0.060872768600621553 -0.0057394556399242187 -0.012543543430996101 0.078865912392805548 0.094563490743282561 -0.016751535881995388 0.082752349541357254 0.010766051566288853 0.039986725387327497 0.054829449002804453 -0.059275764441296015 -0.045659848845512052 0.04753417187511124 -0.058980698928153892 0.0046500560938791298 -0.065162740531972366
leaf_weight=38.826899449340999 18.576272364007313 21.955961828120053 12.15923638967797 12.353471941314636 35.700165638700128 22.314842027612031 15.899872000794856 10.510778331197796 11.159484299365433 24.175131649710238 16.319783631712198 37.548103865701705 12.960511607117949 24.220156515017152 15.348070045467464 14.741087776143106 12.410351543687282 20.600422553718087 16.843840770889074 19.645826769527048 12.237321273423737 10.419601944275199 17.728822351898998 22.2418202618137 18.382935574743897 30.675427078269422 24.222202174831182 17.717339408583939 11.864152788184585 13.156785359606145 18.575532777933404 25.79643118660897 9.2312282612547261 18.52356261247769 11.828567994292824
leaf_count=359 305 257 246 127 308 195 291 214 146 338 183 269 245 225 211 279 230 315 293 298 238 252 270 155 208 238 231 190 156 256 316 176 269 257 203
internal_value=0.00336438 -0.0305708 -0.0441445 0.0168175 0.0264119 -0.000399026 0.00153944 -0.00159504 0.0230197 -0.0104356 0.0238872 0.0329167 0.0221505 0.011184 -0.0561134 -0.0467119 -0.0168608 -0.0105477 0.00051472 0.0124522 0.0352037 0.0333287 0.047942 0.0404449 0.0470383 0.0379565 0.0499722 0.0110035 0.0231804 -0.024522 -0.0697497 0.0297975 -0.0871464 -0.0109191 -0.0864572
internal_weight=676.872 192.086 153.811 484.786 297.646 58.015 187.139 33.8295 23.3187 118.266 38.2757 239.631 68.873 61.7683 119.981 92.1736 105.913 93.5025 69.3274 52.4836 31.8831 55.9124 40.0126 177.863 139.036 116.794 80.6941 36.1003 22.2838 47.0284 45.1452 50.0186 27.8075 33.8716 26.5697
internal_count=8749 3142 2702 5607 2554 503 3053 606 392 1839 440 2051 1214 494 2096 1522 1712 1482 1144 851 536 969 678 1557 1198 1043 645 398 408 724 798 407 574 468 482
is_linear=0
shrinkage=0.0865128


Tree=8
num_leaves=37
num_cat=0
split_feature=28 20 28 3 5 13 13 1 4 12 14 9 29 11 11 12 29 6 24 26 22 0 2 20 2 27 11 27 9 1 29 2 2 9 15 27
split_gain=33.1668 10.2659 8.0477 5.62068 5.45686 9.49596 4.98577 8.04665 6.03302 4.37391 5.98041 5.78289 5.61884 5.54282 9.1776 5.76159 6.72199 5.24746 4.81927 3.78168 3.55095 3.41184 3.82218 3.30761 3.41267 3.16433 2.98236 2.66985 4.59432 2.02793 1.84385 1.81505 3.25069 1.43503 1.41549 1.1448
threshold=101.53111890033557 3693.5000000000223 53.726038327006769 1.5000000000000002 0.18056426332288408 232116.50000000003 709809.00000000012 -0.076587835165704263 0.15000000000000027 -94.408852895576317 292.26488767729859 0.0084163827116994303 -8.3474893041389979 1.0000000180025095e-35 0.0039029133735993264 -11.004596060179377 3.4119464064471909 5.2500000000000009 0.00027236661561891312 -557.83990082980176 1.4546275977188616 0.016388539619370816 0.020222223631580393 3588.5000000000005 0.012928693959616504 -199.76208883362918 -0.00052773823822521704 -749.20301265445903 0.0055000830291543458 0.073108372222887033 5.5720696728289338 0.011125029516910129 0.020801919146742547 0.0031329814578644729 -0.011714014484625833 -351.61479280645318
decision_type=8 10 10 2 10 2 2 2 10 10 10 10 10 10 10 10 10 2 2 10 10 2 10 10 10 10 10 10 10 2 10 10 10 10 8 10
left_child=2 21 3 -1 6 -6 7 19 20 12 13 -12 -4 15 -15 30 -17 18 26 -5 -9 31 -23 24 34 -22 -14 -26 -29 -24 -11 33 -33 -2 -16 -30
right_child=1 -3 9 4 5 -7 -8 8 -10 10 11 -13 17 14 23 16 -18 -19 -20 -21 25 22 29 -25 27 -27 -28 28 35 -31 -32 32 -34 -35 -36 -37
leaf_value=-0.013318300682822344 -0.10310573967383772 0.022483024133125744 0.069958272122921564 0.02464721522376399 0.031679146009807903 -0.037987704757097285 0.067195931184225122 0.026925220810050294 0.0074846488062452607 -0.029697452049662787 -0.0044356815037029738 -0.077295570275773731 0.034169435895645535 0.084351034607044698 0.045779931870481516 -0.030411328316031612 0.046294976956438964 -0.032794222031629988 0.063499657024317591 -0.023520030808270455 0.047563120734496006 -0.0022672408425409925 -0.083571603079913515 0.045123111028685041 0.015151646920689009 0.088595150497975589 -0.025601964850872103 0.010886747996835772 -0.089244423278576013 -0.028568751860650991 -0.083211248978879035 -0.031951657507673543 -0.087521139493286215 -0.055971140231917425 0 -0.041317386705482427
leaf_weight=28.326376055367291 11.973588270600887 17.760835440363735 13.516199601814149 22.835339683108032 37.83109422866255 23.869000111706555 29.351058231666684 28.77556320419535 30.807604153174907 10.015786264557393 17.361066822893918 15.544152701273559 11.468604246154426 12.621562057640402 10.42600002279505 20.195512742269784 14.816463820170609 16.737765272147954 15.067324597388504 26.169988758396357 35.496987764723599 19.824586369562894 10.075961621711032 12.035241815261541 10.703216902911658 24.025790110230446 13.701780436094852 9.5200504492968374 7.6865283143706575 10.49833798734471 9.7951556541956943 23.901189346332103 12.000080661848186 8.8645037007518095 9.5474402434192616 8.0141248395666498
leaf_count=226 218 208 149 194 319 239 278 291 314 191 366 295 156 180 230 347 261 216 246 214 277 310 180 171 237 202 251 141 175 201 193 362 243 223 232 213
internal_value=0.00424134 -0.0378608 0.0134401 0.0231907 0.0271941 0.00467349 0.034214 0.0284343 0.0405754 0.00168593 -0.00587712 -0.0389602 0.0197876 0.00214042 0.0166037 -0.0190501 0.00195579 0.00782333 0.0248034 -0.00100706 0.0520824 -0.0489289 -0.0295533 0.00396349 -0.00484142 0.0641858 0.00150089 -0.0208294 -0.0362311 -0.0556779 -0.0563353 -0.0626629 -0.0506259 -0.0832283 0.023746 -0.0650089
internal_weight=641.162 114.899 526.263 287.489 259.162 61.7001 197.462 168.111 119.106 238.774 168.282 32.9052 70.4917 135.377 80.5542 54.8229 35.012 56.9755 40.2377 49.0053 88.2983 97.1382 40.3989 67.9326 55.8974 59.5228 25.1704 35.9239 25.2207 20.5743 19.8109 56.7394 35.9013 20.8381 19.9734 15.7007
internal_count=8749 1945 6804 2554 2328 558 1770 1492 1084 4250 3232 661 1018 2571 1579 992 608 869 653 408 770 1737 691 1399 1228 479 407 766 529 381 384 1046 605 441 462 388
is_linear=0
shrinkage=0.0865128


Tree=9
num_leaves=38
num_cat=0
split_feature=8 31 11 17 1 0 30 14 12 4 27 27 26 2 27 9 7 0 13 14 23 6 16 25 26 23 14 16 29 7 7 11 16 6 4 31 26
split_gain=26.099 7.67054 5.88741 6.63963 5.30446 5.35614 5.10836 4.74489 4.69886 6.46513 4.746 7.74507 5.5314 8.05349 4.88215 5.87779 4.85708 7.62027 8.42383 5.60323 4.62544 4.38845 4.63312 4.29071 3.5334 3.49649 3.28962 3.02951 2.95512 3.59945 2.73281 4.6342 3.41056 5.13951 2.37914 2.22243 1.6246
threshold=0.01689998316866826 0.91666666666666685 -0.019938122135153998 0.0050784532413851247 0.10569549685805769 0.070915303046573577 -1.1508605787716746 466.53102477280112 30.402177887410854 0.17499999999999985 -476.98193130977626 -547.34026272815515 -677.5504670240307 0.012254994014060815 -29.356544278834537 0.0087070095342909725 -0.064412541806019991 0.19720152426998241 281092.00000000006 132.84701214838284 0.020168917223394204 6.2500000000000009 -4.927976504120471e-05 0.011218456177236826 -1555.5780733862312 0.00025079720916842968 115.39109293050947 0.000105927589625471 1.372814646998801 0.13427857142857139 0.10271541353383463 0.024997738856722896 -0.0017337644248944836 3.7500000000000004 0.30000000000000021 0.75000000000000011 -1090.9516570105618
decision_type=8 10 10 2 2 2 2 10 10 10 10 10 10 10 10 10 2 2 2 10 2 2 2 2 10 2 10 2 10 2 2 10 2 2 8 10 8
left_child=1 8 -3 4 5 7 -2 21 10 -10 11 16 14 -14 15 28 35 18 19 -18 25 22 -4 -23 -21 -8 -19 -5 29 -12 32 36 -11 -34 -28 -1 -32
right_child=6 2 3 27 -6 -7 20 -9 9 30 12 -13 13 -15 -16 -17 17 26 -20 24 -22 23 -24 -25 -26 -27 34 -29 -30 -31 31 -33 33 -35 -36 -37 -38
leaf_value=0.069772574571126914 -0.096367299000176515 -0.013550033037452763 -0.03144947024958672 0.079478710932347513 -0.020163495871432326 0.062032942586500335 -0.030110213849298656 -0.019012785628061756 0.029006523428604311 -0.080671320781037212 -0.01180989269579049 0.078973275669003057 0.060092036992529144 -0.017391668722100476 -0.077660508698330688 -0.060049013320703302 0.086992200252097446 -0.063505980570346149 -0.037062534679914216 -0.015519624850706886 0.0044770572139672454 0.066440136689677326 0.033826600036542469 0.018316937603907329 0.043826530147408879 -0.086617410020352378 -0.034094789011194927 0.035394482288571186 -0.027578362331098134 0.060626048114380514 -0.0074564472608761893 -0.058107126662944056 -0.065979295012102104 0.012330688146018016 0.01913767904313125 0.01983084499128223 0.042462198339880762
leaf_weight=13.314455711282791 12.810209763702003 28.418754272162914 16.209839729126543 22.953020343557 21.395840399898589 25.323953411541879 21.217205583350733 21.067011525388807 19.406757880467921 12.265784115530549 9.2048115776851827 14.530713229905812 18.647486718837172 21.646244613919407 10.260287748649715 13.100165852345524 13.631745550315825 12.56090577226132 13.561755505856125 12.332249576225871 15.340567551553248 26.654260050039738 16.327820441685617 29.428636239375919 18.937996715772904 13.649548674002288 13.402224521618338 24.565983764827251 10.831528702285139 11.422396359033881 10.035259100142865 9.1930586248636228 11.876225233543666 13.167119203135369 11.748620636295525 13.850757409818469 9.326462586410349
leaf_count=200 240 230 221 240 197 215 352 191 324 168 175 163 247 272 222 347 187 187 251 233 255 276 236 283 275 279 220 211 193 250 192 217 219 199 197 193 192
internal_value=0.0052658 0.0113069 0.0232593 0.0284055 0.0197675 0.0261206 -0.0474612 0.0177971 0.00257025 -0.0147907 0.00893869 0.0191998 -0.00590055 0.0183865 -0.0238131 -0.0113337 0.0121287 0.00296691 0.0225558 0.0406381 -0.0349103 0.0265857 0.00120465 0.0412506 0.0203162 -0.052334 -0.0273122 0.0567631 0.00885141 0.028144 -0.0277471 -0.00746097 -0.0431815 -0.0246773 -0.00909691 0.0444376 0.0164207
internal_weight=613.618 550.6 232.345 203.926 156.407 135.012 63.0175 109.688 318.255 85.2707 232.984 137.871 95.1129 40.2937 54.8192 44.5589 123.341 96.1755 58.4637 44.902 50.2073 88.6206 32.5377 56.0829 31.2702 34.8668 37.7118 47.519 31.4587 20.6272 65.8639 28.5548 37.3091 25.0433 25.1508 27.1652 19.3617
internal_count=8749 7623 2300 2070 1619 1422 1126 1207 5323 1511 3812 2106 1706 519 1187 965 1943 1550 946 695 886 1016 457 559 508 631 604 451 618 425 1187 601 586 418 417 393 384
is_linear=0
shrinkage=0.0865128


Tree=10
num_leaves=38
num_cat=0
split_feature=26 28 29 19 29 23 23 20 30 8 28 19 9 11 11 12 2 7 23 27 3 5 27 27 27 24 5 2 7 27 26 23 14 5 23 17 5
split_gain=26.9162 12.4983 11.0309 6.17718 5.96374 6.45717 5.66329 9.42407 6.77877 5.72772 6.1507 5.88631 5.01966 4.48605 5.42446 4.33954 5.41716 9.16155 3.68019 8.69896 7.65087 6.21911 4.57877 7.28897 6.63149 4.74939 4.11779 3.17936 3.68228 2.62925 2.59444 2.52078 2.40936 2.34657 3.4744 1.97226 1.87572
threshold=-3141.2785168827781 70.025822165754988 -3.6343772394143579 -0.89999999999999936 -1.4197543251624525 0.0096275821856445249 -0.011631953998461729 3432.999999999975 1.1906246116336785 0.011012217065730278 93.062527221354785 -0.53999999999999992 0.002950079252982755 0.018870103631333696 0.010669001841284208 30.402177887410854 0.010371566847995924 0.084705518394648877 -0.0075300684973668699 -307.03832044317897 17.500000000000004 0.075536536341827179 -225.31843658631081 -92.028570488797584 -37.929645853905349 0.00092119390517997346 0.15450928381962872 0.012993916656290143 0.19198055555555557 -132.06504994451632 -1128.9780691163389 0.022618446157649411 245.46885500465797 0.088978857399910058 -0.02642952977109719 0.0044614364678301774 0.035211704172091025
decision_type=10 10 10 2 10 2 2 10 2 10 10 2 10 10 8 10 10 2 2 10 2 10 10 10 10 2 10 10 2 10 10 2 10 10 2 2 10
left_child=27 2 3 -2 5 -4 8 9 36 11 -11 29 -7 14 -5 16 -13 -18 20 21 26 -20 -21 25 -25 -24 33 -1 35 31 -19 -8 -17 34 -6 -29 -3
right_child=1 6 4 13 18 12 7 -9 -10 10 -12 15 -14 -15 -16 32 17 30 19 22 -22 -23 23 24 -26 -27 -28 28 -30 -31 -32 -33 -34 -35 -36 -37 -38
leaf_value=-0.088224068350143361 0.022464890671356041 -0.048138368503398983 0.011480665675065034 -0.011370135376841313 0.011300756404168969 0.10050566934952324 -0.068117258654857044 0.044360919024121079 -0.0025072925420277 0.078759280864677914 -0.017777188397365293 0.048498496202958041 0.040796740352987318 0.010176453678908702 -0.076905236395385199 -0.012971563370464676 0.052886934307388216 -0.01879212940029678 -0.067831927576549711 0.066139185027354094 -0.014271918790379845 0.0017056416861543761 0.017630179752727997 0.075107860713115648 0.0056715846317264146 -0.04870084358167439 0.011478095925346694 -0.027072347398569306 0.00015558278186522369 -0.090447074584674131 -0.080895079007321458 -0.0020528247687630775 -0.074241900509072672 0.080403079053770823 0.073198819688304925 -0.07278615773275085 -0.10380590052056711
leaf_weight=14.66910853423178 29.187890033237636 9.2501755049452203 22.797664992511272 19.654005257878453 13.772588149178775 19.948044505901635 8.5968421408906632 26.46851713815704 18.343859665095806 9.6442737584002334 10.031827830243854 15.437941253650932 22.937443572562188 16.921539545524865 18.462051553186029 10.390367164742203 10.138835201971235 11.143091673031451 14.689610932953654 16.680739624425769 19.897739561740309 27.653960648924112 16.344560025259852 20.334604333154857 21.073475364828482 15.880979365203528 18.506562993396074 11.275497501250358 11.595229767262934 10.217520877718924 9.4618823775090259 8.9075499442405981 9.1933496696874482 22.461205860134214 13.66937810461968 20.288508898112923 9.5549927763640863
leaf_count=322 372 200 244 248 205 147 202 329 354 177 220 330 303 235 217 206 162 210 222 172 191 337 225 205 215 184 130 211 185 225 212 205 238 205 181 327 204
internal_value=0.00289331 0.00882589 0.0178522 -0.00964357 0.0259429 0.0488626 -0.0100918 -0.00207933 -0.0401152 -0.0129721 0.029377 -0.0219217 0.0686542 -0.0267324 -0.0432049 -0.00776744 0.00664237 -0.0142706 0.019114 0.00996817 0.0328145 -0.0223432 0.0251544 0.0158217 0.0398544 -0.0149567 0.0465588 -0.0532296 -0.0412517 -0.0553744 -0.0474813 -0.0346967 -0.0419131 0.0594999 0.0422606 -0.0565667 -0.0766156
internal_weight=605.483 547.655 370.874 84.2255 286.649 65.6832 176.781 139.632 37.149 113.163 19.6761 93.4874 42.8855 55.0376 38.1161 65.7655 46.1818 30.7438 220.965 132.658 88.3075 42.3436 90.3144 73.6336 41.4081 32.2255 68.4097 57.8283 43.1592 27.7219 20.605 17.5044 19.5837 49.9032 27.442 31.564 18.8052
internal_count=8757 7712 4238 1072 3166 694 3474 2716 758 2387 397 1990 450 700 465 1358 914 584 2472 1560 912 559 1001 829 420 409 721 1045 723 632 422 407 444 591 386 538 404
is_linear=0
shrinkage=0.0865128


Tree=11
num_leaves=37
num_cat=0
split_feature=29 29 29 23 21 1 14 20 14 27 14 14 28 19 5 16 27 10 30 21 27 0 14 22 20 22 11 5 7 5 20 14 22 16 11 23
split_gain=21.6592 7.74872 6.02406 6.04736 5.99561 5.71351 8.18026 4.89815 4.88229 4.73932 6.82128 8.79294 8.44317 7.62943 5.88841 6.8458 5.03887 4.68037 4.45554 4.36123 4.27929 4.11584 6.73575 3.81019 3.77893 3.58252 3.34307 2.88184 2.72979 2.64957 1.98281 1.76733 1.72506 1.57079 1.52093 0.972959
threshold=26.858967441411977 -3.942569023842085 -1.4853543609501421 0.0075422540883423048 -1.7303631625826572 -0.14885110631042611 384.95148481292034 314.99999999998187 381.81137438628895 -71.59543402452239 136.77994323176264 105.89154624941133 73.417231447826182 1.3100000000000007 0.05899756352245044 0.0019451026638195408 -14.601621201123097 0.026314824520138357 2.2009678174029683 -3.2846695779533959 -412.96510906957286 -0.1471695662806646 275.0048597299687 2.633079469723492 254.49999999999821 2.9743994531007156 0.0067744828414309519 0.11111111111111117 0.20397000000000001 0.072859986728599918 600.99999999997829 346.23320372395278 2.3331224183709396 0.00022073522130498547 -0.0049232998443199385 0.014609212277427399
decision_type=8 10 10 2 10 2 10 10 10 10 10 10 10 2 10 2 10 10 2 10 10 2 10 10 10 10 8 10 2 10 10 10 10 2 8 2
left_child=1 4 3 -3 5 17 7 25 19 10 11 23 13 14 -12 21 31 26 28 -5 -14 -16 27 -4 -13 29 -1 -23 34 33 -22 -11 -9 -7 -2 -36
right_child=18 2 9 8 -6 6 -8 32 -10 16 12 24 20 -15 15 -17 -18 -19 -20 -21 30 22 -24 -25 -26 -27 -28 -29 -30 -31 -32 -33 -34 -35 35 -37
leaf_value=0.010322585269521027 -0.041212938692288877 0.00076021379811001951 -0.031787568045061172 0.086568496772919959 -0.057419378539882777 -0.020958813990931108 0.045824006242624386 -0.019401691644820959 0.011629930002803155 0.032081590664434001 0.043764082544362211 0.095643591661891958 -0.011843461101974095 0.04948878508259752 -0.037507645641749875 -0.057638752123162051 -0.006916637456766613 -0.020620299058369606 0.0019834026510510351 0.026853740097691453 -0.096189639732616697 -0.040866154556550474 0.041606667190892475 0.026002696727385768 0.035573365604145889 -0.011417161074767495 0.063341301196376695 0.0090689833054906493 -0.025220185426823385 -0.10154702199000779 -0.035963622276928175 0.074211012246295491 0.02978851943919026 -0.073005796704122577 -0.097299203798317302 -0.060462025990999764
leaf_weight=17.162009643390775 10.09947219560854 24.748121105134487 16.197785846889019 28.762161428341642 15.903445191681383 9.9416317720897549 13.272365254815666 10.666195961646737 16.473501222906634 13.788650352740662 17.169717559590936 13.953494714573024 19.173720444086939 25.246904795989394 17.167449267115444 19.090252276975662 13.857251786394043 13.997127950191496 12.089844685047863 13.705620039254425 10.161366233136507 16.891160050872713 28.28511672699824 18.038581183180213 18.497187058441341 14.975432564038782 18.887210979126394 17.551183841656893 14.922335853334515 9.4981165528297407 7.2338853888213626 17.263578270329162 10.614469347056 8.0556679947767389 13.898605777882041 9.9126862599514407
leaf_count=279 208 333 225 321 259 237 177 209 200 248 291 158 356 286 226 230 184 174 225 265 229 205 339 178 312 218 288 180 288 144 223 183 169 199 296 215
internal_value=0.00400253 0.00976529 0.0163279 0.0367869 -0.00734424 -0.00104936 -0.0158612 -0.0287576 0.0518562 0.0104031 0.00564475 0.0292475 -0.00318109 0.00638151 -0.00296072 -0.0111005 0.0362485 0.0216797 -0.0447712 0.0673793 -0.0402449 0 0.0102944 -0.001242 0.0615138 -0.0457387 0.0381967 -0.0153252 -0.0564139 -0.0643067 -0.0713491 0.055617 0.00497802 -0.0444508 -0.070038 -0.0821157
internal_weight=577.153 516.23 373.257 83.6894 142.974 127.07 77.0239 63.7515 58.9413 289.567 244.658 66.687 177.971 141.402 116.155 98.9852 44.9095 50.0463 60.9229 42.4678 36.569 79.8949 62.7275 34.2364 32.4507 42.4708 36.0492 34.4423 48.8331 27.4954 17.3953 31.0522 21.2807 17.9973 33.9108 23.8113
internal_count=8757 7525 5172 1119 2353 2094 1353 1176 786 4053 3438 873 2565 1757 1471 1180 615 741 1232 586 808 950 724 403 470 798 567 385 1007 580 452 431 378 436 719 511
is_linear=0
shrinkage=0.0865128


Tree=12
num_leaves=37
num_cat=0
split_feature=4 26 10 4 10 14 4 4 10 20 23 4 1 30 24 27 20 11 26 11 0 1 5 12 31 24 10 15 15 24 7 31 10 16 26 18
split_gain=19.1155 5.53083 5.36765 5.79663 4.57004 3.98641 3.73742 5.18882 5.55794 5.23384 4.87937 4.41144 8.06304 5.56509 5.47323 5.29174 5.20754 4.34356 5.844 7.07721 5.08815 4.82112 4.78204 4.92506 4.07676 6.05823 3.9045 3.83068 3.68147 6.52514 3.51183 2.96199 2.78998 2.62991 2.14731 2.123
threshold=0.95000000000000018 -2053.2101832948024 0.11551021509854344 0.05000000000000001 -0.017878100230046875 168.74800738903102 0.60000000000000042 0.49999999999999939 0.0025777364901223214 3588.5000000000005 -0.0079767431797689286 0.2999999999999981 -0.074875600122805516 0.24582849221222172 0.003576122664794346 -387.28925214991142 1464.4999999999893 0.010965551374299 -581.09993695740047 -0.00052773823822521704 -0.31228905837494009 0.0089335628073243818 0.046511627906976737 102.94725607931095 0.95000000000000007 -0.0026416072672845177 0.023255359707718987 -0.013325683682411325 -0.032919501342802741 -0.00058091904176715825 0.11885576923076931 0.8500000000000002 -0.037989672688917522 2.9482521380403556e-05 -826.62204804119312 0.71318868200088614
decision_type=8 8 10 10 10 8 10 10 8 10 2 10 2 2 2 8 10 10 10 10 2 2 10 10 10 2 10 10 8 2 2 10 10 2 8 2
left_child=2 -2 3 -1 32 -3 7 9 -9 11 -11 16 30 14 15 -14 17 18 24 -20 -19 22 -22 26 25 -6 -24 -27 29 -7 -13 -18 34 -23 -5 -30
right_child=1 5 -4 4 6 28 -8 8 -10 10 -12 12 13 -15 -16 -17 31 20 19 -21 21 33 23 -25 -26 27 -28 -29 35 -31 -32 -33 -34 -35 -36 -37
leaf_value=0.052575507207092899 0.015403072244093222 -0.09676059341648062 0.061676076940225713 0.037679112665950899 -0.020484691034055289 0.041029717597797138 0.043678652928638331 -0.086180795322148382 0.0024263061281335255 -0.0071569458745174772 0.06520799465530619 -0.091476988771465609 0.09659948465680547 -0.044626058958261626 -0.02630147397537912 0.0050767386160712061 -0.0034229283387485908 -0.053068788132672177 -0.043356390707320391 0.027043495469880514 -0.031364974296548928 -0.057944496675043276 0.055657895105954237 -0.013837966012382193 0.078661663996526132 0.015692864477782828 0.011796850318430068 0.07727117007103515 -0.082667477808018364 -0.055377846968881282 -0.021398944591259447 -0.071524556609654399 0.05745186784001944 -0.0037224331586281404 -0.0024972407376089695 -0.035214040407090287
leaf_weight=21.762792823370546 12.442469607573001 10.370587077923117 14.926365363411604 18.808679729700089 13.800946183968334 9.9225713070482033 16.589803216047585 10.124904994852839 10.961062197573485 10.873379819560798 19.058366097975522 12.642309843096884 9.5733126807026547 12.869189925957469 10.549072627443818 9.4997759028337949 9.8084689560346323 12.577664884738622 17.741615888662636 26.859978193882853 14.871483682654796 11.896798133151608 31.402881723130122 21.330157140502706 15.526841580867766 14.452293644193558 29.873671599663794 16.237085438566286 13.570236449362712 11.128692610189317 9.5380979231558722 9.525680364109574 18.370272084604949 15.633090505143626 20.84481468051672 15.474122486542909
leaf_count=190 154 136 172 269 222 183 303 209 199 272 267 225 146 303 259 233 266 158 172 349 368 173 375 270 153 226 372 231 322 227 221 145 240 310 135 302
internal_value=0.00439164 -0.0369187 0.0105639 0.00894549 0.00683627 -0.0477407 0.00348688 0.00171007 -0.0399702 0.00418757 0.0388109 0.00100005 -0.0192187 0.00277753 0.0234873 0.0511992 0.00601257 0.00947276 0.0227593 -0.000886762 -0.000606274 0.00464702 0.0136987 0.0218528 0.0403862 0.0269479 0.0343311 0.0483867 -0.0375197 -0.00977842 -0.0615007 -0.0371554 0.02951 -0.0272798 0.0164772 -0.057508
internal_weight=561.44 72.9087 488.531 473.604 451.842 60.4662 393.818 377.228 21.086 356.142 29.9317 326.21 64.6718 42.4914 29.6222 19.0731 261.539 242.205 104.619 44.6016 137.586 125.008 97.4782 82.6067 60.0172 44.4903 61.2766 30.6894 50.0956 21.0513 22.1804 19.3341 58.0238 27.5299 39.6535 29.0444
internal_count=8757 1324 7433 7261 7071 1170 6427 6124 408 5716 539 5177 1387 941 638 379 3790 3379 1353 521 2026 1868 1385 1017 832 679 747 457 1034 410 446 411 644 483 404 624
is_linear=0
shrinkage=0.0865128


Tree=13
num_leaves=37
num_cat=0
split_feature=4 2 28 21 12 23 20 22 19 23 2 11 30 9 9 11 28 23 2 21 20 7 15 30 21 7 21 23 26 22 30 15 17 26 0 26
split_gain=14.1419 4.4248 3.50147 5.65615 5.49458 5.12083 8.02617 5.82381 4.93743 4.8095 5.05038 4.70728 4.26122 4.21399 6.6279 7.11417 8.03771 5.60877 8.29285 5.23651 5.02068 4.63014 4.49913 3.92787 3.51749 3.50717 2.9041 3.17845 2.57388 2.5335 2.62883 2.49535 2.39598 2.93327 2.0447 1.99801
threshold=0.95000000000000018 0.012105612394286107 70.387981521833893 -3.8572713158649878 620.28883468991046 -0.0066473583597475008 3740.9999999999905 0.93676866881963072 1.3100000000000007 0.0033960279059817027 0.010308250560425962 0.015015406648710138 1.1906246116336785 0.0046548485329928274 0.0028560804106650428 0.020419623617003117 27.004389597421056 -0.0075300684973668699 0.017170727714049764 -4.1836150709043247 238.00000000001094 0.051210277777777757 -0.028451642270069574 0.32431697809560006 -3.2298746968018759 0.080621862348178072 -3.055130574248559 0.017508220419021895 -945.91339895310159 3.2889035865052922 0.86287325159437345 -0.067886306800002003 0.0030592306701644296 -1250.2405099162763 0.10718244112388454 -1128.9780691163389
decision_type=8 10 10 10 8 2 10 10 2 2 10 8 2 10 10 10 10 2 10 10 10 2 10 2 8 2 8 2 8 8 2 8 2 8 2 10
left_child=2 -2 4 28 8 12 7 -7 13 -9 11 -11 23 14 15 16 -1 -16 -19 21 22 -15 31 -5 -22 -12 -3 29 -4 -28 -31 -21 -27 -34 -10 -26
right_child=1 26 3 5 -6 6 -8 9 34 10 25 -13 -14 19 17 -17 -18 18 -20 20 24 -23 -24 -25 35 32 27 -29 -30 30 -32 -33 33 -35 -36 -37
leaf_value=-0.029514705279563347 -0.083666977267843293 0.015513350928089141 -0.076473914373646187 -0.013418727925453003 -0.023706599737056581 0.069988828974535372 0.06821092473791189 0.048569119576857875 0.019834748952512721 -0.03524638955479413 0.0074907190981645545 0.047892071159742582 0.013628387965014527 0.016850627060721352 0.022432380826503315 0.05487912751716055 0.038153705160994977 -0.0054908460555460207 -0.081673831514012071 -0.01067182958949341 0.080374786096617412 0.077524580021253231 -0.039779613011210371 -0.09186982817776275 -0.0099074231029675844 -0.088294504110451477 -0.079605359122034994 0.0065487711829905699 -0.015864457176474247 -0.052785419839429651 0.0072328267018729976 0.041791034950196815 -0.064492208362898873 0.0068946416309747481 0.061746065772104668 0.044217007279880066
leaf_weight=28.548616394400597 10.733660499798132 11.598166792653499 9.3511833450756949 10.477145507931711 25.678730008890852 8.8122667465358955 17.750066778855398 10.722317560575901 13.855516883544622 7.8884310473222286 10.609313966240732 14.251081196358429 13.293069251347331 16.483239816967398 19.715391250792891 29.103199230972677 24.323217794299126 30.378646905999631 16.589762506075203 13.013397135771809 10.509746727300806 22.469698793953285 17.599934412399307 8.9611093271523696 9.6189434672705847 8.7708514039404708 11.343125703278927 11.359745127614586 12.342324398923667 13.799822641536595 8.8902964238077384 13.999543834943326 9.4886817103251797 7.7460034298710552 24.824164681136608 10.681472308002414
leaf_count=240 321 112 229 238 335 158 229 240 201 238 183 307 296 196 168 256 237 355 185 193 172 363 310 209 161 276 168 230 257 293 200 197 203 213 351 237
internal_value=0.00438194 -0.0326038 0.00963097 -0.0012725 0.0146521 0.00558967 0.0156822 0.00372738 0.0179281 -0.00463246 -0.0144006 0.018118 -0.0239201 0.0136659 0.00403429 0.0205274 0.00155303 -0.0161909 -0.0324748 0.0261548 0.0127919 0.0519396 -0.00569233 -0.0497672 0.0396624 -0.0341541 -0.0229232 -0.0328178 -0.042153 -0.0460549 -0.0291253 0.0163959 -0.0512704 -0.0322201 0.0468225 0.0184101
internal_weight=545.582 67.7248 477.857 150.464 327.393 128.77 96.039 78.2889 301.714 69.4767 58.7544 22.1395 32.7313 263.035 148.659 81.975 52.8718 66.6838 46.9684 114.376 75.423 38.9529 44.6129 19.4383 30.8102 36.6149 56.9912 45.393 21.6935 34.0332 22.6901 27.0129 26.0055 17.2347 38.6797 20.3004
internal_count=8757 1324 7433 3276 4157 2790 2047 1818 3822 1660 1420 545 743 3270 1441 733 477 708 540 1829 1270 559 700 447 570 875 1003 891 486 661 493 390 692 416 552 398
is_linear=0
shrinkage=0.0865128


Tree=14
num_leaves=34
num_cat=0
split_feature=21 24 28 29 18 19 14 30 5 15 12 1 27 28 29 29 27 14 17 5 16 4 23 5 31 16 21 30 29 10 24 29 13
split_gain=11.5612 4.35872 4.21049 5.22566 5.26065 5.06421 5.04018 4.50745 4.46844 5.51093 4.38247 4.61155 5.05705 9.34443 5.34307 4.87185 5.08184 4.31032 4.47784 4.74348 3.57587 3.72985 3.25307 3.16106 3.10085 3.06342 3.01369 3.41534 7.33075 2.69247 2.43921 2.36259 2.00067
threshold=4.2288566569283761 0.001165184359359084 70.387981521833893 -15.573535484571844 1.4900018847833845 -1.0349999999999999 153.84542938443965 -1.3897081894327019 0.025316455696202576 -0.0042711668882826617 620.28883468991046 -0.097293357478806949 -167.45799571634521 38.220904735029471 -8.6894213331135361 -1.5447674740810904 -80.159640461062381 232.36369734512763 0.0067232556668607845 0.090909090909090898 0.0018151321159546399 0.14999999999999999 -0.011631953998461729 0.095238095238095219 0.88333333333333341 -8.023059220434174e-05 -3.6519265716360931 -0.79563411331745038 3.5223678273760046 0.032283771995145864 0.0063109310393415505 -3.563004075822366 257707.00000000003
decision_type=8 2 10 10 2 2 10 2 10 10 8 2 10 10 10 10 10 10 2 10 2 10 2 10 10 2 10 2 10 8 2 8 2
left_child=2 25 10 -4 5 6 -5 -7 9 -9 11 12 13 -1 -15 24 17 18 19 -17 21 -19 -10 -20 -13 -2 -24 32 31 -26 -3 -29 -28
right_child=1 30 3 4 -6 7 -8 8 22 -11 -12 15 -14 14 -16 16 -18 20 23 -21 -22 -23 26 -25 29 -27 27 28 -30 -31 -32 -33 -34
leaf_value=0.062882439144163166 -0.052693482747443537 -0.10231009410860238 0.047637321630102203 -0.092732576593852145 0.045065374791073393 -0.063919251428145474 -0.0060697291599681232 -0.01191699250368995 -0.046929885515530914 0.082573912714423339 -0.020308974351403431 0.011906015010784459 -0.03692635309800045 0.018927910566618501 -0.059090982169646825 0.0074447254423760639 0.049227637306997127 0.025401526629085208 0.025125880873768543 0.057252064843923846 -0.045909362597573937 -0.024891351858789424 -0.033369288326578969 -0.024847201062288229 0.038676504795860114 0.014708791059995013 0.010644884273091451 -0.013325912881070153 0.036956384722070093 0.084593254835323414 -0.040648654064010949 -0.074769000071945244 0.069169137206906525
leaf_weight=17.567414883989841 8.1882030356209743 8.7088139643892664 14.094425875460727 10.850890047149734 12.915888102725146 9.0474526882171613 9.5117823167238367 8.6040223618038016 13.910873159766195 9.8371546063572151 24.864141394151375 15.090375390136613 21.842012656154111 13.570402170997115 12.652528061997144 25.042859722860157 29.425891203340143 25.520485232584178 17.509437080938369 33.928589652990922 14.380035196430979 19.411004421999678 16.461213434813537 20.610443243989721 22.970178276067603 13.030878136400132 8.96470451378263 9.9927750220522267 15.732435061130671 16.929008087143298 11.322354326955972 9.086687212344275 8.8326629432849568
leaf_count=160 239 219 288 203 270 254 294 229 335 178 332 282 296 212 186 360 337 341 281 308 192 321 371 234 301 271 201 230 279 139 257 167 190
internal_value=0.00530195 -0.0386641 0.00901665 -0.00259408 -0.00754353 -0.0127637 -0.052423 -0.00542173 -0.0001684 0.0383136 0.0145582 0.0173982 -0.00288525 0.0140196 -0.0185921 0.0229401 0.0162179 0.0099851 0.0212196 0.0361592 -0.00834955 0.00359992 -0.00876187 -0.00180567 0.0455933 -0.0111487 -0.00102441 0.0090345 -0.00664483 0.0582484 -0.0676373 -0.0427721 0.0398856
internal_weight=530.408 41.2502 489.158 157.843 143.749 130.833 20.3627 110.47 101.423 18.4412 331.315 306.451 65.6324 43.7903 26.2229 240.818 185.829 156.403 97.0913 58.9714 59.3115 44.9315 82.9814 38.1199 54.9896 21.2191 69.0705 52.6093 34.8119 39.8992 20.0312 19.0795 17.7974
internal_count=8757 986 7771 3489 3201 2931 497 2434 2180 407 4282 3950 854 558 398 3096 2374 2037 1183 668 854 662 1773 515 722 510 1438 1067 676 440 476 397 391
is_linear=0
shrinkage=0.0865128


Tree=15
num_leaves=36
num_cat=0
split_feature=26 10 14 14 14 9 9 0 28 22 19 28 26 14 27 24 15 21 29 24 24 29 23 19 27 27 30 9 26 27 27 14 24 12 8
split_gain=8.86251 3.97181 4.83337 4.88583 4.29881 4.31321 6.25644 4.86266 5.65226 7.51027 5.75715 4.78651 7.64547 6.62913 4.17917 3.47469 9.55933 3.35347 3.57757 4.30034 5.68434 3.87165 4.9955 3.20292 2.90577 4.57501 2.70515 2.55385 2.44951 2.22172 2.16592 2.66369 2.07805 2.0305 1.46658
threshold=-3141.2785168827781 -0.017878100230046875 168.74800738903102 136.77994323176264 235.92740042526984 0.0019904702013786753 0.0026072983937076516 -0.14518168087775787 41.679841392530129 1.4837356204103818 -0.36999999999999916 37.118561714338547 -677.5504670240307 446.4481646630864 -842.64803965447811 0.001165184359359084 0.0010887781105475283 -5.3583946471359623 -1.9382490810968103 -0.0057101831580404485 -0.0013112958683316742 -4.6113212952304474 0.026609089982465143 0.29999999999999988 -759.70703565727933 -1351.6743433840718 -0.53455512670393313 0.0071314447064739694 -528.38859480594908 -407.48708276353437 -540.15678709743236 104.24425548625695 0.0063109310393415505 -3.4694746721673755 0.0064896731324701881
decision_type=10 10 10 10 10 10 10 2 10 10 2 10 10 10 10 2 8 10 10 2 2 10 2 2 10 10 2 10 10 10 10 10 2 10 10
left_child=15 30 3 24 17 -6 -7 8 -8 -10 -11 -9 23 28 -5 16 -1 -4 21 -20 -21 22 -19 27 25 33 -16 -13 -14 -22 31 -2 -17 -3 -26
right_child=1 2 4 14 5 6 7 11 9 10 -12 12 13 -15 26 32 -18 18 19 20 29 -23 -24 -25 34 -27 -28 -29 -30 -31 -32 -33 -34 -35 -36
leaf_value=0.031369287136564193 0.017439626978709613 -0.0077055041731343091 0.065226958969440099 0.00033743950271121758 -0.034335040808629952 0.053809084298955333 0.02018482718908516 -0.021419200648954608 -0.1007699132043212 -0.057425437472749773 0.026297131274812376 0.033922198304122617 0.048970993442841851 0.001552219882836614 -0.082147282694120471 -0.093855769916792203 -0.081494977274316691 -0.024677475244571451 0.048891397070040213 -0.066445689463462979 0.036328081043082418 0.075221256965793029 0.054916996820124624 -0.038863912092226768 0.0099847863983001765 -0.044848921792103272 -0.028138800895952849 -0.017563691292506813 0.099405050895041647 -0.01942676888627292 0.0038492737143277648 0.059665504026115632 -0.035228445444396933 0.04661791921954133 0.050988767130237166
leaf_weight=15.398162364726884 21.832627364434302 11.002103448845446 14.590472652111201 20.316684909164906 19.159333908930421 20.524372975807637 18.55918159079738 23.302994224242866 10.324543818598611 11.51052519562654 13.129234542604538 17.087864015717063 17.126745027024299 15.84840245079249 12.050133524462582 7.7695485092699554 8.8242228238377738 10.984172043623404 11.261344026541336 10.230438821483402 12.140998169779776 14.190025905263608 12.659084192942826 13.352202651090918 15.021828874479981 15.487245771335436 17.036758716218174 12.377974342321975 13.02572144707665 9.4758742121048325 18.140704581979662 23.551448928657919 11.526077488902954 9.537873555906117 11.900319165550171
leaf_count=343 250 221 169 358 209 200 194 231 187 268 316 338 292 184 239 219 213 246 236 176 220 211 197 325 226 285 222 360 243 211 136 344 270 207 211
internal_value=0.00575201 0.00916898 0.00606255 -0.00923179 0.0117851 0.00471152 0.00874843 0.00314396 -0.0182825 -0.0387964 -0.0126817 0.0134023 0.0225763 0.0470684 -0.0296077 -0.0316019 -0.00961595 0.0269529 0.0200099 0.00288672 -0.01328 0.0394303 0.0178001 -0.00366049 0.00670741 -0.0092906 -0.0506357 0.0121815 0.0708785 0.0117344 0.0293216 0.0394287 -0.0590216 0.0173617 0.028238
internal_weight=520.257 476.739 413.214 112.353 300.862 205.329 186.17 165.645 53.5235 34.9643 24.6398 112.122 88.8189 46.0009 49.4036 43.518 24.2224 95.5324 80.9419 43.1087 31.8473 37.8333 23.6433 42.818 62.9494 36.0272 29.0869 29.4658 30.1525 21.6169 63.5248 45.3841 19.2956 20.54 26.9221
internal_count=8757 7712 6982 1969 5013 3347 3138 2938 965 771 584 1973 1742 719 819 1045 556 1666 1497 843 607 654 443 1023 1150 713 461 698 535 431 730 594 489 428 437
is_linear=0
shrinkage=0.0865128


Tree=16
num_leaves=35
num_cat=0
split_feature=21 25 3 10 10 29 28 19 15 20 12 8 15 28 26 2 12 15 3 30 19 23 5 21 19 5 9 9 11 2 30 5 17 9
split_gain=7.0229 4.04542 3.5256 3.47243 4.73302 3.94506 4.94606 5.29298 4.32889 4.19481 5.5333 4.17831 3.62154 8.60544 4.62079 5.47749 4.34096 3.71298 3.41429 3.29413 3.58113 3.94563 5.28539 3.11172 2.49305 2.47971 2.4171 6.93125 3.91187 4.99889 5.06177 5.22365 2.29 2.15573
threshold=4.2288566569283761 0.0036589009084078143 13.500000000000002 0.11551021509854344 0.06792787395470011 -15.573535484571844 69.478903731371915 -1.0349999999999999 -0.022638355060995981 3432.999999999975 -10.133703928293718 0.0029044749610242083 -0.0007283518986604397 30.312729351519735 -405.75356549491249 0.01922390803581921 -15.681722201321696 0.05143119462487012 11.500000000000002 -1.3897081894327019 1.0400000000000003 0.029721590873130758 0.024691358024691318 -3.916777111411998 -0.26500000000000051 0.061906769376205616 0.0027096457124842002 0.0037619981436142797 -0.018602192571578285 0.030669319014018582 -0.80612244141684075 0.10880902043692742 0.0030371817460781709 0.0066866309293824996
decision_type=8 2 2 10 10 10 10 2 8 10 8 10 10 10 8 10 8 10 2 2 2 2 10 10 2 10 10 10 10 10 2 10 2 10
left_child=3 18 -3 4 5 -1 8 11 26 19 -11 -8 13 -10 15 16 -14 23 -2 -9 21 22 -21 -17 -15 32 -7 -28 -29 30 31 -30 -24 -32
right_child=1 2 -4 -5 -6 6 7 9 12 10 -12 -13 14 24 -16 17 -18 -19 -20 20 -22 -23 25 -25 -26 -27 27 28 29 -31 33 -33 -34 -35
leaf_value=0.049279886011488236 -0.033414574312752465 -0.026233074731443849 -0.10168953149588597 0.051225867943933634 -0.030478441198194692 0.049248981571256151 -0.014357294347609592 -0.05971735488303246 -0.068769180443714981 0 0.075270039974640074 -0.095783449554118674 0.011123214108913124 -0.015567590471616285 0.051405385730888646 0.011275839038887944 -0.056374017167040318 -0.013479579555812795 0.041668431547087853 0.07612706652864748 -0.040059905113157282 -0.04071146949264965 0.012029433943909748 0.064822458654233681 0.031957313486357893 0.033350670085568038 -0.031114956308054584 0.068860310792046145 0.038579563512495717 -0.025752733059440088 0.076208251689428699 -0.038778696008352771 -0.035978875165513707 0.032368039672349275
leaf_weight=18.393786006374285 10.230658016167583 11.715899469330909 7.8510169228538862 14.393505188170819 22.666109312558547 27.21842033509165 12.26252131466754 8.2597818064969015 15.162837716750799 18.685157475294545 12.000176939181985 7.7858212124556294 13.078444832935928 15.322327345609663 19.884008696768433 16.086777948308733 15.497755187330769 14.670649726176633 8.1327229586895537 9.1720881150104088 15.19478287687525 10.898804405238478 15.826451607048513 16.778100479394201 17.781702273525298 14.42777320393361 16.55944816628471 15.81250431248918 14.373085657134654 13.695037844823672 16.774078880436718 11.95825904747471 13.915176874026654 17.585849164286628
leaf_count=319 261 340 201 182 300 242 374 258 139 294 206 187 241 221 239 152 257 233 184 204 359 293 322 238 248 368 187 250 269 185 191 165 347 301
internal_value=0.00646562 -0.0293264 -0.0566932 0.00934843 0.00802388 0.0100377 0.00829693 -0.00504823 0.0149483 0.00188697 0.0294383 -0.0461576 0.00452104 -0.0147752 0.0142581 0.00450768 -0.0253686 0.0225386 0 -0.00771639 -0.00226473 0.00662495 0.0163614 0.038718 0.00986032 0.00386982 0.0261508 0.0202291 0.0296931 0.0213194 0.0319971 0.00332063 -0.0103219 0.0538732
internal_weight=510.052 37.9303 19.5669 472.121 457.728 435.062 416.668 138.429 278.239 118.38 30.6853 20.0483 144.263 48.2669 95.9957 76.1117 28.5762 47.5355 18.3634 87.6949 79.4351 64.2403 53.3415 32.8649 33.104 44.1694 133.977 106.758 90.1988 74.3863 60.6913 26.3313 29.7416 34.3599
internal_count=8757 986 541 7771 7589 7289 6970 3212 3758 2651 500 561 1968 608 1360 1121 498 623 445 2151 1893 1534 1241 390 469 1037 1790 1548 1361 1111 926 434 669 492
is_linear=0
shrinkage=0.0865128


Tree=17
num_leaves=37
num_cat=0
split_feature=4 17 4 4 24 11 4 24 16 6 1 10 22 9 22 10 12 16 11 1 26 2 20 3 5 5 12 23 24 5 0 7 12 1 16 23
split_gain=6.21019 4.07746 3.25265 3.23295 2.85344 3.29935 2.90828 3.98346 4.39552 6.34056 5.21139 4.83885 4.10016 2.97676 2.79236 4.0081 2.60866 2.60324 4.75965 4.27426 3.07867 5.01409 2.88664 5.01824 5.66947 5.46556 5.09696 4.10976 3.16475 2.57807 2.53435 4.07454 2.48117 2.10991 2.07107 1.79177
threshold=0.95000000000000018 0.0027404660000540071 0.70000000000000073 1.6000000000000005 -0.0066644066885151445 0.01293744057723282 0.29999999999999943 0.011038468341015741 -0.00094527759242538307 4.7500000000000009 0.043083344320654089 0.005334065399789434 2.5839264126128825 0.010043095977934888 1.967461933400495 -0.029050463843368929 30.402177887410854 -0.0010824205043979411 0.0071953808179991427 0.077543687458399582 -519.87826909303749 0.016973533008941142 824.49999999998647 12.500000000000002 0.11111111111111117 0.086956521739130377 -12.34760817537614 0.0060536502941382917 0.0034655837606927258 0.07713557161070983 0.42912951886914458 0.099999999999999964 122.44041686896948 0.12618904694135882 0.00044246831092350006 -0.016902534138548583
decision_type=8 2 10 8 2 8 10 2 2 2 2 10 10 10 10 10 8 2 10 2 10 10 10 2 10 10 8 2 2 10 2 2 8 2 2 2
left_child=2 -2 4 -3 5 14 17 8 9 -8 11 13 -9 -10 -1 -16 30 18 -6 22 21 -20 23 24 26 28 34 -24 -25 35 31 -5 -28 -21 -19 -17
right_child=1 3 -4 16 6 -7 7 12 10 -11 -12 -13 -14 -15 15 29 -18 19 20 33 -22 -23 27 25 -26 -27 32 -29 -30 -31 -32 -33 -34 -35 -36 -37
leaf_value=0.062298696083179547 -0.073471936471765198 -0.055486481894909387 0.054564448088043151 -0.081823858266299621 0.054969078028850774 -0.010370394026745985 -0.066354563712474599 -0.083935678458766372 -0.056320816053910316 0.028374815079860255 0.06308017046598656 0.038754863479551295 0.00066438210369030117 0.0056497393671739744 0.055893612157107891 -0.0040338657308996396 0.033761712737387491 0.0087249438011660334 0.027070033706407471 -0.052353981455801571 0.031967745222625153 -0.060130852592188193 0.090534289489732633 -0.018892492682657022 0.047025642516995696 -0.040528872537428033 -0.043466993267132541 0.0020484316515272699 0.042909731336142516 -0.028689878725699093 0.019501632052371095 0.0035961280649825312 0.0021666000263048379 -0.0030479615808310422 0.056814161042007642 0.049462237115479764
leaf_weight=17.751002326607704 8.8287891040090454 9.2684336374513787 12.396994554204865 7.5534563222900131 25.481936702970415 16.360139688244089 13.896192387910562 9.2305077477358299 11.51561400992796 8.4744276187848282 12.936808287864549 14.376763198757542 7.8594190566800526 11.509587443666531 16.654290000442415 9.0680067795328814 12.606040203478182 14.352655410068111 9.6660183777567017 12.489753853064032 18.503289327491075 10.013895910698919 7.8519759019836775 11.180406499421226 34.533244544407353 27.950622105388902 15.927081283647569 8.0167281979229283 13.784346263622863 11.726353482808916 10.392457674723117 9.1924197711050493 19.960453674197193 13.85056420508772 12.898850130848585 9.4634770285338181
leaf_count=307 290 183 189 255 362 292 336 239 215 169 257 305 177 209 182 214 237 189 264 187 230 193 140 207 371 332 305 239 234 158 152 207 274 236 241 180
internal_value=0.0073185 -0.0193086 0.0108291 -0.00947917 0.00955192 0.0241807 0.00611902 -0.00725753 0.00153272 -0.0303216 0.0157562 -0.000528109 -0.0448428 -0.0252031 0.0329739 0.0218026 0.0011702 0.0108158 0.0259982 0.0057846 0.00657344 -0.0171349 0.010923 0.00719791 0.0188366 -0.0142219 0.00336429 0.046053 0.0150996 0.00292375 -0.0138487 -0.0347445 -0.0179954 -0.026558 0.0316138 0.0231097
internal_weight=497.523 57.8416 439.681 49.0128 427.284 81.0233 346.261 89.7993 72.7094 22.3706 50.3388 37.402 17.0899 23.0252 64.6631 46.9121 39.7444 256.462 63.6651 192.797 38.1832 19.6799 166.456 150.588 97.6723 52.9154 63.139 15.8687 24.9648 30.2578 27.1383 16.7459 35.8875 26.3403 27.2515 18.5315
internal_count=8757 1324 7433 1034 7244 1333 5911 1907 1491 505 986 729 416 424 1041 734 851 4004 1049 2955 687 457 2532 2153 1380 773 1009 379 441 552 614 462 579 423 430 394
is_linear=0
shrinkage=0.0865128


Tree=18
num_leaves=40
num_cat=0
split_feature=4 4 2 2 27 24 19 4 14 12 2 14 11 29 29 20 0 21 9 22 19 24 5 21 5 5 21 12 27 30 26 20 1 21 2 8 9 3 1
split_gain=4.72727 5.49255 4.23272 3.2615 3.48223 3.27229 2.40724 3.91824 5.95446 5.55449 4.86084 4.42473 2.97772 2.57703 4.17885 4.2571 4.3926 2.76755 5.20138 4.13434 6.8153 4.89843 3.37927 3.11927 3.40369 3.33591 3.46629 2.92592 2.77123 4.37294 2.70003 2.66036 2.52542 2.08148 2.07856 2.05301 1.54221 1.21438 1.18833
threshold=0.95000000000000018 0.72500000000000142 0.012105612394286107 0.016367174354117876 -1992.2263518158954 -0.008178528822357865 -0.65000000000000113 0.29999999999999993 204.72418890608012 -29.8911325682061 0.024101054579214649 285.19271595713946 0.01249135231523288 -15.573535484571844 -4.7998523155684394 314.99999999998187 -0.14215164491166568 -4.765728830227645 0.0042735975035800592 2.0957825276997122 -0.3350000000000008 -0.0057101831580404485 0.050125628140703489 -3.9551961899312658 0.10194234813806761 0.044979948697568613 -3.1138105290230782 -15.681722201321696 -71.59543402452239 -0.87878279827037065 -661.75358504882104 3693.5000000000223 -0.021267106384887987 -2.2418934989916721 0.030363383162345551 0.0029859620281155155 0.0035781672786021758 9.5000000000000018 0.0051091787463632974
decision_type=8 10 10 10 10 2 2 10 10 10 10 10 8 10 10 10 2 10 10 10 2 2 10 10 10 10 10 8 10 2 10 10 2 10 8 10 10 2 2
left_child=1 6 -2 -4 5 -5 7 8 35 -9 11 12 -10 -8 15 16 -15 18 27 21 -21 22 -19 -22 25 31 -27 -16 29 -23 -18 -25 -13 -31 -7 36 -1 -11 -20
right_child=2 -3 3 4 -6 34 13 9 10 37 -12 32 -14 14 17 -17 30 19 38 20 23 28 -24 24 -26 26 -28 -29 -30 33 -32 -33 -34 -35 -36 -37 -38 -39 -40
leaf_value=0.02140520540647247 -0.074075464959471107 0.07002879171484247 0.032646150874071508 0.032190612146264862 -0.065628681382635223 -0.06086044784694257 0.053725553918002024 0.028352577741318292 0.070886210064240951 -0.032927517724371802 -0.05604875026955615 -0.042189229599905197 0.0011942832413756391 -0.057829317004766401 0.037080960075774362 0.035727132228289764 -0.028130933087649725 0.02123514542964643 0.082533981473396509 -0.066720186981828217 -0.033569521093417772 -0.049234275833788976 0.090671235998331781 -0.0021180010896857874 0.047373439676367819 0.013107369570651001 -0.052765189212718319 -0.0059600778324506443 0.035444700045165208 0.03771128840077629 0.033663027078820476 0.063889739185663139 0.009890260334197383 -0.014059115420996538 0.0014194760499876499 0.0019733852852653493 0.063355080915367942 -0.07615468727248545 0.043606767234147602
leaf_weight=11.555310902651401 8.1422067973762733 11.233418828342108 11.903344508260487 11.083306310232725 9.1542935944162327 7.8028202748391768 11.235321620013563 8.7036788826808351 9.1779103607404959 10.430139768403025 13.389218579046426 15.363980476977304 9.3711757714627328 17.059926977613941 21.564520541345701 11.050389781361444 11.165297918021677 9.7537053974811005 11.950391053222122 11.089723006356506 12.181427546776829 11.063129891175775 11.744867468718438 9.4696111248340475 16.811787989456207 11.779730548849328 12.008336730767043 25.917803343618289 21.081182760884985 14.181603308534248 10.047501072520392 8.6621300454717112 12.596206154557876 9.7273843795992452 8.0391818964853883 11.342464457498862 16.148267965065315 9.830088430317117 12.680542814312501
leaf_count=117 321 156 194 213 179 240 154 223 179 167 164 248 212 333 240 223 236 207 166 191 229 235 199 233 209 243 271 257 338 286 179 165 183 198 177 191 340 246 215
internal_value=0.0072181 0.0102958 -0.0163764 -0.00651102 -0.0195241 -0.00371837 0.00869015 -0.00118416 0.0069812 -0.0291904 -0.0101112 0.0030453 0.0358642 0.0130235 0.0113835 -0.0114412 -0.0251492 0.0162575 0.0303445 0.00986916 -0.00363841 0.0241944 0.0593329 0.00618266 0.014486 0.001214 -0.0200085 0.0135186 0.0106549 -0.00419528 0.000981687 0.0292391 -0.0186098 0.0165102 -0.0290528 0.0332855 0.0459831 -0.0540757 0.0626384
internal_weight=487.493 431.368 56.1252 47.9829 36.0796 26.9253 420.135 127.908 98.9445 28.9639 59.8985 46.5093 18.5491 292.226 280.991 49.3231 38.2727 231.668 72.1133 159.555 82.0027 77.5519 21.4986 70.913 58.7316 41.9198 23.7881 47.4823 56.0533 34.9721 21.2128 18.1317 27.9602 23.909 15.842 39.046 27.7036 20.2602 24.6309
internal_count=8757 7433 1324 1003 809 630 7277 2270 1634 636 986 822 391 5007 4853 971 748 3882 878 3004 1541 1463 406 1350 1121 912 514 497 1057 719 415 398 431 484 417 648 457 413 381
is_linear=0
shrinkage=0.0865128


Tree=19
num_leaves=41
num_cat=0
split_feature=29 22 15 5 29 1 1 20 28 14 22 12 30 14 12 14 29 0 29 27 18 28 30 4 11 14 16 14 19 26 12 28 26 5 22 22 23 0 18 3
split_gain=3.67652 4.65827 7.3761 5.09753 3.99186 6.75249 3.96396 4.15841 3.5061 3.48276 3.66895 3.30341 3.1091 3.08202 7.45621 2.87757 6.72797 4.17687 3.81599 2.80163 7.98586 5.02271 4.10848 3.75131 3.76659 4.78645 3.69109 4.26655 3.56184 3.54621 3.23224 2.84412 2.81384 3.9578 3.38512 2.64941 1.95967 1.83908 1.46004 1.19386
threshold=-3.942569023842085 1.929651881433591 -0.056110697926593726 0.082031562925578838 -1.4853543609501421 -0.097293357478806949 -0.14555653438540664 432.50000000000915 62.568962765818306 161.50297862602687 1.1949562237055888 36.11914405751407 0.11300407610304629 210.8182322245402 -41.995244245217776 396.89689919632082 -0.43228512461314922 -0.034578114810293874 0.17926201017394566 -359.31972142525086 0.92871376160507602 26.758161381671819 0.36300369400606908 0.49999999999999989 -0.0038929662917983189 73.112293792446337 -0.00032736686495476151 135.85620283700845 0.44500000000000034 -485.85310376633714 51.160620762895704 75.016418461220937 -697.80664948364029 0.03627872419466114 2.9743994531007156 1.4837356204103818 0.024929508919298685 -0.048908100418102389 0.84980082237144916 12.500000000000002
decision_type=10 10 8 10 10 2 2 10 10 8 8 8 2 10 8 10 10 2 10 10 2 10 2 10 10 10 2 10 2 8 8 10 10 10 10 8 2 2 2 2
left_child=1 2 35 9 5 -2 36 8 -8 -4 -11 38 13 -7 -15 16 17 -6 -17 23 21 -21 29 26 25 -25 27 -18 -29 30 31 -23 33 -28 -35 -1 37 -3 39 -12
right_child=4 6 3 -5 15 12 7 -9 -10 10 11 -13 -14 14 -16 18 19 -19 -20 20 -22 22 -24 24 -26 -27 32 28 -30 -31 -32 -33 -34 34 -36 -37 -38 -39 -40 -41
leaf_value=0.0607139498026723 -0.024659982076668682 -0.0072466753539533347 -0.074225198603067172 -0.091354267552953089 -0.071058988793064257 0.087670806165654327 0.0096618257626493904 0.031925731314548129 -0.057295208809384435 0.036004012482196431 -0.086770249102501418 0.006176986028953467 0.0079228499505671953 0.08941805090323704 0.00072913520121849088 0.065368945318056412 0.048562167092150089 0.00038944145771853189 0.0059620464170919889 0.052871601755888897 -0.068301460837726355 0.0035291033140979239 -0.054663505455619994 0.01841192269973389 0.035445226621116016 -0.058919308480653652 0.0085448365704404432 -0.042603504404524831 0.019753158897178644 0.05286608843779049 0.039716313582969162 -0.062642514324034157 0.005457716204355899 0.098844613000820286 0.037601361855646664 0 0.06234180170709603 0.043550213999608157 -0.013938780027940773 -0.03304040565218215
leaf_weight=9.2908008233644086 13.17169515788555 10.373891728348099 8.0730967959389073 9.4292966048233193 13.3635090921307 14.678541776956989 10.218509184895085 13.44298339798115 13.466023178072644 9.2471463193651271 7.7792118482757449 14.305496990215024 13.909802610520272 12.423509017447939 16.713212687405761 14.295762092573566 12.691027997992931 11.131041537970303 18.965524415951222 14.702507654437794 12.02758765267208 10.480747893685484 9.8689077505841833 10.464382872451099 11.004726131679488 13.848792737815527 10.625470513012258 14.014907371951269 13.335659169591962 9.7663490958511812 7.6070047540124461 8.921899260254575 11.982536587864159 15.078825630247595 12.667197954375295 12.691487880889325 12.216127865947781 10.774172581033781 6.5240372768603256 5.5746163131552748
leaf_count=143 142 153 169 189 277 233 168 244 351 131 271 345 216 167 361 181 217 212 260 138 135 217 210 140 176 296 260 230 186 157 216 271 120 206 223 327 176 260 205 178
internal_value=0.00770205 -0.00333422 -0.0172514 -0.0327733 0.012878 0.0310663 0.0129885 -0.0063835 -0.0282695 -0.0219777 -0.0121833 -0.0253188 0.0438404 0.0551652 0.0386659 0.00784411 0.00429471 -0.0384597 0.0315999 0.00957229 -0.00382361 0.00876683 -0.00506674 0.0174174 -0.00641482 -0.0255013 0.0267655 0.00706044 -0.0120791 0.00815629 -0.00789199 -0.0267331 0.0423672 0.0538047 0.0710135 0.0256207 0.0346437 0.0184781 -0.0481498 -0.0646056
internal_weight=481.148 153.407 82.9152 60.9329 327.741 70.8968 70.4917 37.1275 23.6845 51.5036 43.4305 34.1834 57.7251 43.8153 29.1367 256.844 223.583 24.4946 33.2613 199.089 73.375 61.3474 46.6449 125.714 35.3179 24.3132 90.3956 40.0416 27.3506 36.776 27.0097 19.4026 50.354 38.3715 27.746 21.9823 33.3642 21.1481 19.8779 13.3538
internal_count=8757 3310 1958 1488 5447 1119 1352 763 519 1299 1130 999 977 761 528 4328 3887 489 441 3398 1344 1209 1071 2054 612 436 1442 633 416 861 704 488 809 689 429 470 589 413 654 449
is_linear=0
shrinkage=0.0865128


Tree=20
num_leaves=35
num_cat=0
split_feature=9 22 26 28 13 0 4 0 16 22 19 20 4 3 29 13 27 26 26 16 17 11 19 12 2 3 29 0 6 23 30 21 12 19
split_gain=5.04526 6.35607 3.8536 4.94859 5.38142 6.70459 3.77856 4.90569 5.28456 4.59632 6.99584 4.38089 4.06898 4.33302 6.7788 4.02933 3.95913 4.97623 3.62161 4.51429 6.06516 3.68894 3.38605 4.93394 3.44294 3.33688 3.10379 3.03649 2.97829 4.58248 2.84479 2.7676 1.45734 0.774904
threshold=0.0016816507448524059 10.992893729395078 -242.00539548866053 38.220904735029471 219172.50000000003 0.035935639304073626 0.37499999999999939 -0.082613393542776956 -0.0010460103475205408 3.002678819963823 -0.76500000000000046 219.49999999999821 0.27499999999999875 3.5000000000000004 5.0689206441217687 179879.50000000003 -11.864569494578786 -507.98094786479243 -861.2696020318707 0.0020965241513590475 0.002242036076994323 0.0078245024553650639 -0.020000000000000458 16.008005740038293 0.013289168046214691 9.5000000000000018 -3.563004075822366 0.10718244112388454 4.7500000000000009 0.01179667836156806 0.36300369400606908 -2.614929708735529 14.069235896438135 -0.020000000000000458
decision_type=8 10 10 8 2 2 10 2 2 10 2 10 10 2 10 2 10 10 8 2 2 10 2 10 10 2 8 2 2 2 2 10 10 2
left_child=-1 2 3 4 25 -6 11 8 -8 10 -9 15 13 -13 28 -5 17 18 21 20 -20 -17 24 -24 -22 -2 -14 -12 29 -15 -28 -11 -23 -10
right_child=1 -3 -4 6 5 -7 7 9 33 31 27 12 26 14 -16 16 -18 -19 19 -21 22 32 23 -25 -26 -27 30 -29 -30 -31 -32 -33 -34 -35
leaf_value=0.038418315135306795 0.019756072846780572 -0.066122829196883046 -0.053457374687825666 0.024199124477044014 0.0075687862996547603 0.072340988165268932 -0.0085621093475589782 -0.072867619641165129 0.048369624531279506 -0.0004394800685707017 0.033474843298859074 0.066545587293094469 -0.069138227105376482 0.044818596105629549 -0.04617367466146427 -0.01052174748927086 0.018057304559225152 -0.06253333943242334 0.02840408286465362 0.030915433896943009 -0.10254295174965533 -0.083862058856913418 -0.045798453253613279 0.043035640568255706 -0.031813093153893711 -0.030602669596745877 0.036197626278392285 -0.021203398445961877 0.062765765757791636 -0.040539620409076958 -0.03243761156858025 0.064398898944997729 -0.036980974603196951 0.084575415203019561
leaf_weight=23.710088476072997 19.987405406543985 11.458539159502832 10.178176840534432 15.373194114072247 25.556185430497862 22.695556709775701 10.84730491274968 12.693986899452282 9.4790320920292324 9.7884229128249007 13.855579168070109 11.717495709192006 7.3870242610573769 10.810499866260221 12.621290969196705 17.050916243810207 16.238921607029624 24.325064509408548 14.394465649791526 17.129975020186976 8.6900592183228529 12.566895142081195 11.733703967416668 7.7541253506205967 13.145684134913607 19.355383965885267 7.9584453641437056 16.793945738114417 11.99892895342782 8.310145144350825 10.430294255958868 9.715201342944054 8.7665847884491068 9.6193968688603455
leaf_count=244 176 128 141 310 296 188 191 273 225 197 277 268 189 224 299 362 255 369 328 324 262 308 304 171 345 211 223 350 237 237 253 188 252 157
internal_value=-0.000466783 -0.00252136 -0.000853008 0.000388346 0.0187377 0.0381072 -0.00431282 0.0105653 0.0393881 -0.00311685 -0.018859 -0.00988413 0.00656698 0.0197982 0.00719445 -0.0178983 -0.0221841 -0.0270297 -0.0192337 -0.00784483 -0.0198224 -0.0407586 -0.0367031 -0.0102793 -0.0601271 -0.00493468 -0.0217703 0.00340711 0.0289492 0.00754562 -0.00255055 0.0316934 -0.0647633 0.0667931
internal_weight=474.138 450.428 438.969 428.791 87.5945 48.2517 341.197 92.7929 29.9457 62.8471 43.3435 248.404 81.2341 55.4584 43.7409 167.17 151.796 135.557 111.232 72.848 55.718 38.3844 41.3236 19.4878 21.8357 39.3428 25.7758 30.6495 31.1196 19.1206 18.3887 19.5036 21.3335 19.0984
internal_count=8762 8518 8390 8249 871 484 7378 1858 573 1285 900 5520 1930 1265 997 3590 3280 3025 2656 1734 1410 922 1082 475 607 387 665 627 698 461 476 385 560 382
is_linear=0
shrinkage=0.0865128


Tree=21
num_leaves=38
num_cat=0
split_feature=10 10 26 7 17 16 14 14 17 11 22 29 13 21 10 23 26 1 26 17 1 13 16 1 29 9 9 30 26 29 0 20 11 1 26 12 7
split_gain=3.74517 4.95357 5.44784 6.89432 6.42244 3.18562 3.11473 7.56173 4.44555 3.34282 2.93571 3.95779 2.80753 3.59781 3.3501 4.95293 3.39143 7.83753 3.87955 3.23911 2.80357 2.72351 3.24263 2.72187 3.40695 4.64988 3.31082 3.93705 2.67732 2.67642 2.60611 2.46243 2.19302 2.07282 1.92304 1.83582 1.03539
threshold=-0.0087209948429564556 0.005334065399789434 -551.147503898124 0.1003440170940172 0.0041755039404372139 0.0019451026638195408 177.58092515966234 138.05627118296204 0.0027606227161529997 0.0076201271750003666 5.5203764000050848 9.0534156515187867 191648.00000000003 -4.2695322177689929 0.11551021509854344 0.031674106997389491 -453.63030253391872 -0.074875600122805516 -551.147503898124 0.0032564772324938022 -0.066911182788547893 615828.00000000012 -0.0018200231827317909 -0.1186608387320439 -4.1366520469454864 0.0037101584532329684 0.0050699911766380569 0.091845704104311157 -350.01929551141137 -2.6904421523238695 0.1633902186809765 1201.4999999999784 -0.028546375860617226 -0.028191400883445624 -1782.2324657454703 -11.004596060179377 0.10540121212121219
decision_type=8 10 10 2 2 2 10 10 2 10 10 10 2 8 10 2 10 2 8 2 2 2 2 2 10 10 10 2 10 10 2 8 10 2 10 8 2
left_child=10 2 4 -4 5 6 7 8 -2 36 11 32 13 -3 15 16 18 -18 23 -17 -11 22 33 -14 -25 -26 -27 31 -19 -21 34 -28 -1 -6 -24 -13 -8
right_child=1 12 3 -5 21 -7 9 -9 -10 20 -12 35 14 -15 -16 19 17 28 -20 29 -22 -23 30 24 25 26 27 -29 -30 -31 -32 -33 -34 -35 -36 -37 -38
leaf_value=0.071773692986080218 -0.044019594729497576 0.063271510333852338 -0.0060757978202630476 -0.090469705838367623 -0.084255011842507929 0.055252500699590361 0.025941161673539735 -0.091192869546509486 0.039596024566716952 0.030826944417675226 -0.014490896247144985 -0.023749802561014031 0.041753288145950293 0.0013059217243241487 0.045973721307078615 -0.061169420303294815 0.032390682782747732 -0.013260062762709589 0.051282786261979241 -0.03948081322865122 -0.032440046272499204 -0.07243645390694485 0.00020152227250359726 -0.036214929350848316 -0.038850587657243259 0.069136478854247535 0.010167474222950007 -0.027182330233224198 -0.06686296354572778 0.023240398205915728 0.019287053533756971 0.074856683629508813 0.026577446767336355 -0.02700782726496399 -0.053864041194274716 0.02638831845000494 0.067700896436590149
leaf_weight=15.066315420437599 7.4773357412777903 13.706069825449957 14.842379442416133 14.321625003824009 7.2141549759544459 10.226619253284296 9.7635851397644746 7.7689128355123094 13.010669212555511 9.3931274982169253 15.156772963004185 11.586688563227652 14.02672461431939 14.587141307420099 12.2661200389266 14.571003564633427 17.418721332680434 13.578489933162929 18.299181214999408 10.008230705047025 11.816242627333851 8.3807109191548061 9.9016155153512937 15.164121549343688 11.192151701543478 9.3949310663156194 11.486721095861872 12.452999689849092 14.749940761132164 10.305331571958961 18.251462815562263 7.2898493909742674 17.952351527055729 14.594594625988973 9.5565300663001853 10.339488608064132 8.7748506789794174
leaf_count=217 281 159 237 207 209 199 216 139 282 209 184 209 257 321 169 280 167 190 223 218 371 230 231 299 182 179 322 253 220 179 336 172 249 361 230 190 185
internal_value=0.000633164 -0.00262388 -0.0134844 -0.0476398 -0.00664402 0.0102219 0.00339846 -0.0184995 0.00891445 0.0190499 0.0190691 0.0283877 0.00599517 0.0314461 0.00223083 -0.000733442 0.00628658 -0.0131637 0.0152804 -0.0300165 -0.00426303 -0.026125 -0.0195438 0.00710446 -0.000103695 0.0104018 0.0240553 0.01038 -0.0412926 -0.00749914 -0.00408892 0.0354699 0.0473071 -0.0461088 -0.0261859 0 0.0458969
internal_weight=465.894 395.792 175.294 29.164 146.13 78.2313 68.0047 28.2569 20.488 39.7478 70.1016 54.9448 220.498 28.2932 192.205 179.938 145.054 45.7472 99.3067 34.8846 21.2094 67.8991 59.5184 81.0075 66.9808 51.8167 40.6245 31.2296 28.3284 20.3136 37.7096 18.7766 33.0187 21.8087 19.4581 21.9262 18.5384
internal_count=8762 7713 3923 444 3479 1882 1683 702 563 981 1049 865 3790 480 3310 3141 2464 577 1887 677 580 1597 1367 1664 1407 1108 926 747 410 397 797 494 466 570 461 399 401
is_linear=0
shrinkage=0.0865128


Tree=22
num_leaves=36
num_cat=0
split_feature=10 10 17 17 13 26 5 4 4 15 21 27 21 21 9 26 18 23 4 25 17 14 2 10 2 2 20 22 23 11 3 17 28 28 4
split_gain=4.14056 3.07605 3.66214 4.34593 4.84744 6.88531 3.74889 3.57994 3.5566 3.39226 2.93374 3.14172 2.83865 9.68431 2.63314 3.81564 3.72993 4.81978 2.62867 3.26472 2.5832 3.97969 5.46026 3.16033 4.7574 3.05073 2.79539 2.93071 3.41012 2.5668 2.00908 1.93047 3.12917 4.85682 1.82165
threshold=-0.011040891700358629 0.005334065399789434 0.0044498037189319934 0.0027281533396858373 221653.00000000003 -557.83990082980176 0.076036967281328 0.10000000000000001 0.17499999999999985 -0.089748328157758336 -3.5484385943677084 -437.31326775515095 -3.2073285131307414 -2.3797986983794255 0.010988693618270767 -1601.5443121194123 0.9748139916303562 -0.012267825951682907 0.49999999999999989 0.035482615536375113 0.0032724427873518868 253.82557675703396 0.013174211346596536 0.037757341954658782 0.023908412509733291 0.015369106714169753 635.75000000000284 3.581633010701994 0.0063501742368417 0.0067744828414309519 9.5000000000000018 0.0016245554489969433 35.676158185619556 51.181837892018045 0.20000000000000015
decision_type=8 10 2 2 2 8 8 10 8 8 10 10 10 10 8 10 2 2 10 2 2 10 10 10 10 10 10 10 2 10 2 2 10 10 10
left_child=12 2 3 4 5 -2 -6 29 -4 -10 -9 -12 30 -14 15 -11 -16 -18 19 20 21 22 -3 26 -25 31 27 28 -22 -5 -1 -23 -33 -34 -28
right_child=1 18 8 7 6 -7 -8 10 9 14 11 -13 13 -15 16 -17 17 -19 -20 -21 23 25 -24 24 -26 -27 34 -29 -30 -31 -32 32 33 -35 -36
leaf_value=0.061810803749742349 -0.0023656098691850007 0.012031684510726877 -0.074586727633570674 0.073677754077243807 0.046047791561398009 -0.09181344425786421 -0.024071615407628189 -0.034278935136980326 0.035135092191868125 0.026989791183298469 0.039468029266205053 -0.021618885395127956 -0.048028068686263171 0.046662329270943985 -0.10217847520060556 -0.041571825908783312 -0.072890375639584934 0.019341977711293673 0.032597786193291844 -0.044493298336845115 -0.0650370172285097 0.020672259116886998 -0.06964027002818142 0.065580612547443379 -0.0003710299433285838 0.033783447868729444 0.058262647565346506 0.027391383319532801 -0.0015693401010221427 0.013117904563022699 0.018359518112028642 -0.05042701079691634 0.046937678694056406 -0.032283893864936998 0.0025107254523520409
leaf_weight=15.185043668840079 13.131312685669398 10.374161344021561 10.214931458234785 10.18911358038895 10.493917159736158 12.788350031594748 12.449178964830933 13.604435268556697 7.4792105341330171 12.130013188347222 15.875840171240268 10.368950687814506 15.12100213114172 17.352612630464137 6.7921405108645585 12.122778671560807 8.3019159166142362 8.5771292278077436 21.669055292848498 11.203934163553638 10.677223353413867 13.910660573281346 14.745196525705976 17.934554120292887 14.873937180964274 19.151772567303851 8.6214019202161598 10.107284605735911 15.851229340420103 11.109746659640221 17.36962516582571 13.417728008702396 10.182721658376979 13.411457396927288 9.1928536471677926
leaf_count=186 313 207 163 171 271 284 279 262 156 263 310 318 262 270 199 288 233 237 356 213 184 181 272 289 230 288 132 147 366 267 240 198 148 311 268
internal_value=0.000456657 -0.00289813 -0.0113999 -0.00171921 -0.0209808 -0.0466332 0.00785732 0.0136184 -0.0275781 -0.0188463 -0.00160551 0.0152069 0.0206761 0.00246768 -0.0273425 -0.00714457 -0.0478915 -0.0258311 0.00402091 0.000805543 0.00360636 -0.00622477 -0.0357808 0.0143695 0.0355829 0.00432391 0.00152477 -0.0120795 -0.0272451 0.0422533 0.0387344 -0.00669196 -0.0170677 0.00176721 0.0296861
internal_weight=455.982 390.954 175.629 110.011 48.8628 25.9197 22.9431 61.1481 65.6181 55.4032 39.8492 26.2448 65.0283 32.4736 47.924 24.2528 23.6712 16.879 215.325 193.656 182.452 95.1937 25.1194 87.2585 32.8085 70.0743 54.45 36.6357 26.5285 21.2989 32.5547 50.9226 37.0119 23.5942 17.8143
internal_count=8762 7804 4014 2475 1147 597 550 1328 1539 1376 890 628 958 532 1220 551 669 470 3790 3434 3221 1605 479 1616 519 1126 1097 697 550 438 426 838 657 459 400
is_linear=0
shrinkage=0.0865128


Tree=23
num_leaves=37
num_cat=0
split_feature=10 5 5 3 28 23 22 29 2 30 11 5 10 13 3 8 23 28 29 1 11 10 18 10 26 5 22 29 29 5 26 15 1 27 2 30
split_gain=3.79206 3.55525 5.52942 5.47819 5.53378 3.61425 3.31204 3.10794 2.97287 3.12382 2.96976 4.29146 3.6855 5.77889 5.15654 3.55101 4.30656 4.3052 3.74165 5.64914 3.54996 4.24422 5.16319 3.53516 3.3473 3.26564 3.54967 2.88977 2.65536 2.54745 2.29198 2.18885 1.59856 1.59723 1.45577 0.827492
threshold=-0.0087209948429564556 0.1144115796098176 0.13408239700374536 1.5000000000000002 63.236915131821483 0.0035787921792215243 5.5203764000050848 9.0534156515187867 0.0090494902333440336 -0.40349871789294639 0.028440351669133074 0.084122069880583863 0.00077542744646815636 193967.50000000003 6.5000000000000009 0.0095122664121975627 0.035422275080095107 40.983227600134946 -12.592976880152214 0.036282066163668032 0.014882224288365194 0.03094386258254601 0.67056460569662824 0.011389585265209284 -1150.4414086404529 0.061906769376205616 2.2606919121849676 3.0652348719247424 3.0652348719247424 0.05321533923303836 -965.81025000175589 -0.039254307262554404 0.37064232875812791 -98.613941340508958 0.019728667152982746 -0.046040688579075846
decision_type=8 10 10 2 8 2 10 10 10 2 10 10 8 2 2 10 2 10 10 2 8 10 2 10 10 10 8 8 10 10 8 8 2 10 10 2
left_child=6 3 -3 4 -2 -4 7 28 -7 -10 12 25 13 -5 -15 16 18 -18 19 35 21 22 31 29 -16 26 -12 -6 -1 -24 -19 -20 -9 34 -22 -14
right_child=1 2 5 10 27 8 -8 32 9 -11 11 -13 15 14 24 -17 17 30 20 -21 33 -23 23 -25 -26 -27 -28 -29 -30 -31 -32 -33 -34 -35 -36 -37
leaf_value=0.026061528104295732 -0.026176307535813528 0.048603769056099769 -0.027912826800694113 -0.071116720718457718 0.016548798721396196 -0.021912092896023756 -0.0163703244358194 0.028146384725263533 0.043491245605507114 -0.0066240901154762987 -0.069700055291830446 -0.089421762205656286 -0.072373499525656831 -0.060162851610190221 0.038260432886419594 0.048217836237402473 0.012688563583244144 -0.0322157551449418 0.077496491233556453 0.023466083116363376 -0.052434452321843704 0.076233413963815888 0.049206258870257855 -0.048061150467820474 -0.017988741388395665 0.025287451837903676 0.0012457952122719273 0.081974634792385953 0.077268581351738724 -0.018758907619012142 -0.098049686346364379 0.021259202934893764 -0.020426856262469456 0.010137616380780463 -0.0030394030232565369 -0.030678047609483394
leaf_weight=19.00753341824748 9.8159016866702604 23.148535006097518 23.473430673358962 15.668993668165056 9.3896183090982941 13.615086965030057 14.607951963786034 9.9973462685011345 24.957635182421654 14.67677886597812 11.456147646065807 8.2143551683984679 10.432192364009099 11.181610858999191 14.776592725655062 10.38693791348487 8.4914613678120094 8.7439536815509182 9.1090307724662107 10.585822966881095 9.4712521405890637 9.6437882867176068 8.0690901547204756 11.470985308988018 16.971945845056329 8.8483461154391971 9.6169245350174588 11.331692944280805 12.941982918884603 8.3554280968382937 7.5657770475372699 12.534141416894274 10.242947078309951 13.583867457462473 8.7337888125330192 5.9459637203253832
leaf_count=315 139 365 304 323 227 221 184 239 315 245 296 140 365 262 328 235 147 248 158 259 216 145 230 203 372 169 301 214 151 185 141 316 160 261 177 206
internal_value=0.000875556 -0.00245611 0.0115469 -0.00745568 0.0270989 0.000320997 0.019891 0.0301049 0.0128307 0.0248504 -0.0116926 -0.0339404 -0.00766897 -0.0261206 -0.00961508 -0.000585472 -0.00416141 -0.0369367 0.00270378 -0.0255608 0.0111187 0.0236624 0.0133561 -0.0111495 0.00808758 -0.0185884 -0.0371706 0.0524969 0.0469152 0.0144321 -0.0629747 0.0450913 0.00340125 -0.0121295 -0.0289259 -0.0574502
internal_weight=447.065 380.267 99.8715 280.396 30.5372 76.7229 66.7978 52.1898 53.2495 39.6344 249.858 38.1358 211.723 58.5991 42.9301 153.123 142.737 24.8012 117.935 26.964 90.9714 59.1825 49.5387 27.8955 31.7485 29.9214 21.0731 20.7213 31.9495 16.4245 16.3097 21.6432 20.2403 31.7889 18.205 16.3782
internal_count=8762 7713 1450 6263 580 1085 1049 865 781 560 5683 906 4777 1285 962 3492 3257 536 2721 830 1891 1237 1092 618 700 766 597 441 466 415 389 474 399 654 393 571
is_linear=0
shrinkage=0.0865128


Tree=24
num_leaves=36
num_cat=0
split_feature=10 30 10 13 23 26 4 30 27 27 21 16 9 10 26 13 18 30 9 30 15 30 17 19 7 0 13 9 13 7 28 28 13 21 22
split_gain=4.06497 5.25254 3.60795 4.43792 2.92954 2.66848 3.00049 2.39404 5.22925 5.78169 2.48569 4.32235 3.88965 3.72693 5.78471 5.56776 5.01085 3.66726 3.33185 3.7444 3.19208 4.26713 3.48581 3.19416 3.37629 2.96564 2.89001 3.43944 2.2867 2.88516 2.25032 2.19088 2.17454 1.93444 1.29085
threshold=-0.026650100452868895 1.7932650510252894 0.040498018532330357 831985.00000000012 0.053107468137045928 -255.78932742456712 0.05000000000000001 1.4223319137168986 -458.34699320118136 -959.67651658539205 -3.8268503250156805 -0.0010824205043979411 0.0041093637829755832 0.011869542595916598 -468.99608481276647 205587.50000000003 0.82662102659305547 -1.3690994583155467 0.0051567115637663596 -0.019366973667909109 0.0078184490590564888 -1.0503542090557614 0.0029315129639928069 -0.42500000000000066 0.22561111111111112 0.13108483542904073 257273.00000000003 0.010110575703922516 238073.00000000003 0.2150479166666667 62.568962765818306 72.663128851211596 218048.00000000003 -2.5663360729546931 1.7269612357271324
decision_type=8 2 10 2 2 10 8 2 8 10 8 2 8 10 10 2 2 2 8 2 8 2 2 2 2 2 2 8 2 2 10 10 2 8 8
left_child=1 -1 4 28 5 6 -2 10 9 -9 13 18 -13 14 16 -15 30 -14 -12 32 21 -19 -22 25 26 33 27 -25 -4 -30 -8 -21 -20 -23 -34
right_child=2 -3 3 -5 -6 -7 7 8 -10 -11 11 12 17 15 -16 -17 -18 20 19 31 22 23 -24 24 -26 -27 -28 -29 29 -31 -32 -33 34 -35 -36
leaf_value=0.054800892688622593 0.043157494952082341 -0.0030552618411755017 0.058800127004509338 -0.027232866707183414 -0.048280188108676535 -0.048590751361001459 0.036828354741264793 0.029595299795153979 0.063368686587080725 -0.056668210448695411 0.028078268199279163 -0.041350627505642688 -0.03512561915823386 0.045743191429634983 -0.081907086765087303 -0.02443736509048626 -0.051722192826140961 0.054505970126259837 -0.047718334215619787 -0.034809101873529473 0.0019316570260275556 -0.010427356544748682 0.069083747811490792 -0.021844350342856655 -0.025285361038482463 0.016772789127216112 0.072040433849850413 0.044332554061580244 -0.0026891958353704214 0.045144375266212726 -0.019571404164495047 -0.10124077440446483 0.039305558459508637 -0.070053335876487863 -0.012509219387770294
leaf_weight=23.720357805956155 10.837624241597949 23.053242603782564 14.19821522105485 13.043020324315874 11.034154538298024 9.2940588605124486 11.977292236289943 14.096543109742923 12.351044246694071 9.8776959783863294 7.8685089780483386 10.936314891790969 10.93020562652964 14.065400608698836 13.39322863332927 21.190669365925714 16.294889186276123 13.046790763677548 7.9540856825187829 8.0133909182623011 9.2774012457812081 7.2652170970104635 15.840281736804171 10.967553866328716 11.472221687086856 8.8621179840993118 8.6677877745823917 12.564491233439183 21.69716610154137 16.535614879918285 9.4044479741714877 7.2926648715510956 5.9981839311076302 9.7123331513721407 8.8560340984258801
leaf_count=281 126 340 173 267 284 130 205 284 204 210 151 186 343 214 183 366 248 327 266 241 230 185 285 264 249 191 217 271 301 280 265 224 158 304 309
internal_value=0.0020998 0.0262162 -0.000749035 0.0177884 -0.0044446 -0.00291402 -0.00152887 -0.00316475 0.0176235 -0.00581075 -0.00606154 -0.00013111 0.00793821 -0.0180807 -0.0330216 0.00346855 -0.015549 0.0125122 -0.0229352 -0.0335558 0.01738 0.00911209 0.0444173 0.000541606 0.014853 -0.0235161 0.0292584 0.0133494 0.0290529 0.017914 0.0118669 -0.0666956 -0.0111632 -0.0447417 0.00819418
internal_weight=441.59 46.7736 394.817 65.474 329.343 318.308 309.014 298.177 36.3253 23.9742 261.852 175.526 129.543 86.3259 51.0699 35.2561 37.6766 118.606 45.9829 38.1144 107.676 82.5585 25.1177 69.5117 43.6721 25.8397 32.1998 23.532 52.431 38.2328 21.3817 15.3061 22.8083 16.9776 14.8542
internal_count=8762 621 8141 1021 7120 6836 6706 6580 698 494 5882 4401 3052 1481 901 580 718 2866 1349 1198 2523 2008 515 1681 1001 680 752 535 754 581 470 465 733 489 467
is_linear=0
shrinkage=0.0865128


Tree=25
num_leaves=35
num_cat=0
split_feature=10 30 23 3 22 10 3 5 26 12 29 14 17 10 5 2 23 1 14 13 26 12 26 26 17 0 13 12 4 9 22 10 16 30
split_gain=3.86529 5.01045 2.71702 3.04706 6.98404 3.54255 3.61099 4.875 3.32421 5.82434 3.78621 4.2178 4.99089 2.7338 4.01984 3.81196 2.66537 4.54865 5.69462 2.63437 3.98622 3.19089 3.59762 2.97871 2.60246 2.4775 2.32025 2.28136 2.25136 2.16101 1.78063 1.56511 1.38655 1.27544
threshold=-0.026650100452868895 1.7932650510252894 0.053107468137045928 1.5000000000000002 2.6183036705487246 0.041508656345429287 12.500000000000002 0.048780487804878044 -390.43957453926134 -273.60516153046393 4.4695067779824447 295.72998424033318 0.0057848637309833454 0.02977870228609392 0.089674078586658587 0.014236161742687702 0.02230052796265292 0.11348605491015119 172.99134786253225 225190.00000000003 -507.98094786479243 -57.090460232268818 -1703.8650561423553 -586.6968647713951 0.0051520159593803176 0.0022891343354440878 499488.00000000006 57.847181828118813 0.59999999999999987 0.0095217122913450122 1.3747043142554498 0.0078111333196277536 0.00038468653209555541 -0.83028918328347123
decision_type=8 2 2 2 10 10 2 10 10 10 10 10 2 10 10 10 2 2 8 2 10 10 10 10 2 2 2 10 8 8 10 8 2 2
left_child=1 -1 3 4 29 6 13 16 9 -9 11 12 33 14 19 -16 17 18 -8 20 21 -5 -23 27 26 -24 -7 28 31 -2 -20 32 -21 -11
right_child=2 -3 -4 5 -6 24 7 8 -10 10 -12 -13 -14 -15 15 -17 -18 -19 30 23 -22 22 25 -25 -26 -27 -28 -29 -30 -31 -32 -33 -34 -35
leaf_value=0.053923904036201675 0.025914406438328427 -0.0028429712705282349 -0.03593177400364983 -0.06291728100787583 -0.036063954044340901 0.02574762646702761 0.050185222246518682 0.046603798580309559 0.032205111290766933 0.010703945909954124 -0.067582820303469196 -0.049102068469862807 -0.042136157990067348 -0.055233112244700962 -0.015294358965949252 0.035421464203135369 0.062029810550603935 0.065188316470090421 -0.069766046281642666 0.015905559617061575 -0.086985790344967048 -0.051237444924120502 -0.020662547573278667 0.041624962618343003 0.055046659934269521 0.037325059995513776 -0.016737785897872538 -0.053162394217381691 0.029496475421041529 0.075355156244815508 -0.0083312039371814077 -0.050395679790818278 -0.031452633424419812 0.058719970542558307
leaf_weight=23.155540041392669 16.396457794588063 23.177754743490368 15.950010009109972 11.297302294406107 10.576355844037606 23.342698888853192 8.4569281102158147 9.542296039988285 12.964031945914028 8.3137532542459649 12.904010106576605 16.004870744887739 9.7711132428375986 11.409600454615427 21.562129208352417 22.719664693810046 12.512903617229311 9.4799754982814175 7.177690598764455 10.52949327696116 8.9043827843852323 10.454651887761424 10.241898794425657 8.0413968733046186 11.537228708621113 11.842871798202394 16.273317015729845 9.5055081006139499 9.9639675749931467 11.457133135991169 7.2211623057955876 8.1044428474269719 8.2036252841353399 8.6641501556150669
leaf_count=281 275 340 356 324 219 337 185 164 183 160 311 298 194 216 370 353 268 169 241 227 151 330 255 173 205 238 311 290 250 209 200 237 210 232
internal_value=0.0018275 0.025457 -0.000961947 0.000515413 0.0236011 -0.00210794 -0.00586978 0.00529685 -0.00771532 -0.0157054 -0.0264503 -0.0139529 0.00695757 -0.0143288 -0.0112223 0.010652 0.0280481 0.0147895 -0.00597617 -0.0202985 -0.034088 -0.0232605 -0.00938408 -0.00685413 0.0188433 0.0102833 0.0082116 -0.0153474 -0.0054851 0.0463781 -0.0391975 -0.0185991 -0.00465792 0.0354112
internal_weight=437.66 46.3333 391.327 375.377 38.4299 336.947 285.794 123.013 78.1642 65.2002 55.6579 42.7539 26.749 162.781 151.371 44.2818 44.8487 32.3358 22.8558 107.09 52.7411 43.8367 32.5394 54.3484 51.1532 22.0848 39.616 46.307 36.8015 27.8536 14.3989 26.8376 18.7331 16.9779
internal_count=8762 621 8141 7785 703 7082 6229 2605 1542 1359 1195 884 586 3624 3408 723 1063 795 626 2685 1298 1147 823 1387 853 493 648 1214 924 484 441 674 437 392
is_linear=0
shrinkage=0.0865128


end of trees

feature_importances:
theta=56
entry_bid_ask_spread_pct=48
iv_to_spot_change_ratio_1dte_close=42
theta_x_atmf_iv_5dte_percentile_252d=41
vega=41
leverage=40
spx_10d_returns=40
entry_bid_ask_spread=37
atmf_iv_10dte_intraday_range=36
vega_x_VIX_5d_pct_change=36
gamma_x_morning_spx_rv_annualized=34
iv_at_strike_minus_atmf_x_VIX_VIX9D_spread=34
vix_z_60d=34
iv_term_slope_5d_30d=32
rom_roll_std_30d=32
morning_spx_log_return=31
rom_roll_skew_30d=30
jobless_claims=29
morning_vix_change=28
spx_1d_returns=25
morning_atmf_iv_pct_change=23
morning_spx_range_pct=23
VIX_5d_pct_change=22
front_roll_yield=22
prior_day_strategy_drawdown_max_5d=22
days_until_next_pce=21
VIX_21d_pct_change=19
morning_spx_rv_annualized=14
spx_5d_returns=8
entry_bid_ask_spread_pct_wd_rank=7
gamma_x_dte=7
win_rate_30d=7

parameters:
[boosting: gbdt]
[objective: lambdarank]
[metric: ndcg]
[tree_learner: serial]
[device_type: cpu]
[data_sample_strategy: bagging]
[data: ]
[valid: ]
[num_iterations: 2000]
[learning_rate: 0.0865128]
[num_leaves: 91]
[num_threads: 4]
[seed: 20260829]
[deterministic: 1]
[force_col_wise: 0]
[force_row_wise: 0]
[histogram_pool_size: -1]
[max_depth: -1]
[min_data_in_leaf: 189]
[min_sum_hessian_in_leaf: 0.001]
[bagging_fraction: 0.641585]
[pos_bagging_fraction: 1]
[neg_bagging_fraction: 1]
[bagging_freq: 10]
[bagging_seed: 25539]
[bagging_by_query: 0]
[feature_fraction: 0.797229]
[feature_fraction_bynode: 1]
[feature_fraction_seed: 1518]
[extra_trees: 0]
[extra_seed: 10840]
[early_stopping_round: 0]
[early_stopping_min_delta: 0]
[first_metric_only: 0]
[max_delta_step: 0]
[lambda_l1: 0.038513]
[lambda_l2: 0.0037689]
[linear_lambda: 0]
[min_gain_to_split: 0]
[drop_rate: 0.1]
[max_drop: 50]
[skip_drop: 0.5]
[xgboost_dart_mode: 0]
[uniform_drop: 0]
[drop_seed: 2781]
[top_rate: 0.2]
[other_rate: 0.1]
[min_data_per_group: 100]
[max_cat_threshold: 32]
[cat_l2: 10]
[cat_smooth: 10]
[max_cat_to_onehot: 4]
[top_k: 20]
[monotone_constraints: ]
[monotone_constraints_method: basic]
[monotone_penalty: 0]
[feature_contri: ]
[forcedsplits_filename: ]
[refit_decay_rate: 0.9]
[cegb_tradeoff: 1]
[cegb_penalty_split: 0]
[cegb_penalty_feature_lazy: ]
[cegb_penalty_feature_coupled: ]
[path_smooth: 0]
[interaction_constraints: ]
[verbosity: -1]
[saved_feature_importance_type: 0]
[use_quantized_grad: 0]
[num_grad_quant_bins: 4]
[quant_train_renew_leaf: 0]
[stochastic_rounding: 1]
[linear_tree: 0]
[max_bin: 255]
[max_bin_by_feature: ]
[min_data_in_bin: 3]
[bin_construct_sample_cnt: 200000]
[data_random_seed: 4788]
[is_enable_sparse: 1]
[enable_bundle: 1]
[use_missing: 1]
[zero_as_missing: 0]
[feature_pre_filter: 1]
[pre_partition: 0]
[two_round: 0]
[header: 0]
[label_column: ]
[weight_column: ]
[group_column: ]
[ignore_column: ]
[categorical_feature: ]
[forcedbins_filename: ]
[precise_float_parser: 0]
[parser_config_file: ]
[objective_seed: 17936]
[num_class: 1]
[is_unbalance: 0]
[scale_pos_weight: 1]
[sigmoid: 1]
[boost_from_average: 1]
[reg_sqrt: 0]
[alpha: 0.9]
[fair_c: 1]
[poisson_max_delta_step: 0.7]
[tweedie_variance_power: 1.5]
[lambdarank_truncation_level: 5]
[lambdarank_norm: 1]
[label_gain: 0,1,3,7,15]
[lambdarank_position_bias_regularization: 0]
[eval_at: 1,3]
[multi_error_top_k: 1]
[auc_mu_weights: ]
[num_machines: 1]
[local_listen_port: 12400]
[time_out: 120]
[machine_list_filename: ]
[machines: ]
[gpu_platform_id: -1]
[gpu_device_id: -1]
[gpu_device_id_list: ]
[gpu_use_dp: 0]
[num_gpu: 1]

end of parameters

pandas_categorical:[]
