product,tag,rule,n_days,n_trades,trade_rate,trades_per_month,total_pnl,mean_daily_pnl,sharpe_ann,sortino_ann,win_rate,avg_win,avg_loss,avg_credit,max_dd,max_dd_pct,dd_start,dd_end,worst_trade,best_trade,worst_week,worst_month,cvar95,cvar99,largest5_losses_over_total,largest5_losses,boot_p_stationary,boot_p_block,psr0,dsr,single_trade_share_of_maxdd,util_median,util_p95,util_max,margin_median,margin_p95,margin_max,contracts_mean
XSP,PRIMARY,B0,903,0,0.0,0.0,0.0,0.0,,,,,,,0.0,0.0,None,None,0.0,0.0,0.0,0.0,,,,0.0,0.0,0.0,,,,,,,,,,
XSP,PRIMARY,R0,903,285,0.31561461794019935,6.627906976744186,345.55000000001326,0.3826688815061055,0.26533858008577,4.148505475065245,0.9859649122807017,5.501637010676164,-300.10249999999724,0.06824561403508772,606.429999999993,0.024257199999999722,2025-11-20,2026-02-12,-494.39,16.76,-468.1,-408.90999999999997,-83.29714285714196,-436.2149999999992,3.473911156127746,-1200.4099999999887,0.7292,0.7279,0.6686032827553663,0.00615933495771383,0.8152466071929253,0.019809600000000004,0.0198556,0.0198616,500.0,500.0,500.0,1.0
XSP,PRIMARY,B2-EDGE,903,123,0.1362126245847176,2.86046511627907,637.5300000000027,0.7060132890365478,3.8444596158940594,90.39511739307227,0.991869918699187,5.712049180327869,-59.339999999997175,0.07008130081300813,59.340000000000146,0.0023736000000000057,2024-03-08,2024-03-08,-59.339999999997175,12.610000000000001,-54.57999999999718,-54.57999999999718,-6.906666666666196,-59.339999999997175,0.09307797280127511,-59.339999999997175,1.0,1.0,0.9984734420591814,0.9434432664230616,0.9999999999999499,0.019809600000000004,0.0198556,0.0198616,500.0,500.0,500.0,1.0
XSP,PRIMARY,B2-TS,903,203,0.2248062015503876,4.72093023255814,332.4300000000087,0.3681395348837306,0.3085820537470153,4.865849527063077,0.9901477832512315,5.450049751243791,-381.51499999999663,0.06793103448275864,623.6499999999942,0.024945999999999767,2025-11-20,2026-02-12,-494.39,16.76,-473.71,-414.52,-73.59999999999911,-381.51499999999663,2.295310290888227,-763.0299999999933,0.7558,0.7562,0.6832549429045975,0.011112842785608186,0.7927363104305373,0.019809600000000004,0.0198556,0.0198616,500.0,500.0,500.0,1.0
XSP,PRIMARY,R1,903,367,0.4064230343300111,8.534883720930232,-2132.3799999999574,-2.361439645625645,-0.849448590031106,-13.640976475414169,0.9455040871934605,7.367348703170043,-234.44249999999812,0.09520435967302451,2494.779999999959,0.09979119999999836,2023-01-18,2026-03-26,-494.39,41.61,-621.7099999999999,-683.5800000000024,-259.7705555555534,-485.6233333333333,,-2342.5499999999915,0.0391,0.038,0.01702689411794703,2.3298712524349673e-11,0.19816977849750606,0.019769600000000002,0.0198556,0.0198616,500.0,500.0,600.0,1.0
XSP,PRIMARY,R2-A,903,285,0.31561461794019935,6.627906976744186,345.55000000001326,0.3826688815061055,0.26533858008577,4.148505475065245,0.9859649122807017,5.501637010676164,-300.10249999999724,0.06824561403508772,606.429999999993,0.024257199999999722,2025-11-20,2026-02-12,-494.39,16.76,-468.1,-408.90999999999997,-83.29714285714196,-436.2149999999992,3.473911156127746,-1200.4099999999887,0.7292,0.7279,0.6686032827553663,0.00615933495771383,0.8152466071929253,0.019809600000000004,0.0198556,0.0198616,500.0,500.0,500.0,1.0
XSP,PRIMARY,R2-B,903,246,0.2724252491694352,5.72093023255814,135.4600000000131,0.15001107419713522,0.10414248318960521,1.5529648621656202,0.983739837398374,5.5201239669421565,-300.10249999999724,0.06845528455284554,628.2599999999911,0.025130399999999643,2025-11-20,2026-02-12,-494.39,16.76,-472.56,-413.37,-97.78166666666561,-436.2149999999992,8.861730400117175,-1200.4099999999887,0.6123,0.6114,0.5737755629454164,0.0013153756991999077,0.7869194282621955,0.019809600000000004,0.0198556,0.0198616,500.0,500.0,500.0,1.0
XSP,PRIMARY,R3,903,449,0.49723145071982283,10.44186046511628,-493.15999999995313,-0.5461351052048208,-0.23050777557099916,-3.8882498579099676,0.955456570155902,7.325501165501172,-181.78999999999775,0.08810690423162584,1149.1199999999699,0.04596479999999879,2023-01-18,2024-04-30,-494.39,25.76,-467.55999999999995,-623.0200000000024,-165.1627272727251,-451.6024999999973,,-2184.4499999999875,0.3287,0.3483,0.31862668548521766,1.8149688971038232e-05,0.42053049289892497,0.019769600000000002,0.019849600000000002,0.0198616,500.0,500.0,500.0,1.0
XSP,PRIMARY,R4-1.0,903,52,0.05758582502768549,1.2093023255813953,368.12,0.40766334440753044,3.592587305493927,,1.0,7.07923076923077,,0.08423076923076923,0.0,0.0,None,None,3.459999999999999,16.76,0.0,0.0,3.5349999999999997,3.459999999999999,-0.0,0.0,1.0,1.0,1.0,0.9999999999982488,,0.019752600000000002,0.0198556,0.0198616,500.0,500.0,500.0,1.0
XSP,PRIMARY,R4-1.5,903,28,0.031007751937984496,0.6511627906976745,229.27999999999997,0.25390919158361014,2.6550029351803377,,1.0,8.18857142857143,,0.09535714285714288,0.0,0.0,None,None,3.76,16.76,0.0,0.0,3.76,3.76,-0.0,0.0,1.0,1.0,1.0,0.9996140781709894,,0.0196926,0.019837700000000003,0.019849600000000002,500.0,500.0,500.0,1.0
XSP,PRIMARY,R4-2.0,903,12,0.013289036544850499,0.27906976744186046,124.77000000000001,0.13817275747508306,1.7860940480334786,,1.0,10.397499999999999,,0.11750000000000001,0.0,0.0,None,None,5.759999999999999,16.76,0.0,0.0,,,-0.0,0.0,0.9999,1.0,0.999999999996165,0.4965959214739268,,0.0195756,0.0197289,0.019769600000000002,500.0,500.0,500.0,1.0
XSP,PRIMARY,R0-SNAP1000,903,281,0.31118493909191586,6.534883720930233,-570.5399999999695,-0.6318272425248832,-0.3633135853988693,-5.931695867559487,0.9679715302491103,5.5357352941176465,-230.69555555555215,0.06797153024911032,979.3899999999776,0.0391755999999991,2023-08-24,2024-08-07,-494.39,15.46,-472.56,-562.9300000000025,-147.02571428571204,-436.2149999999992,,-1712.549999999987,0.2517,0.2348,0.2091318887444218,8.187074620891881e-07,0.38599536446155974,0.019809600000000004,0.0198556,0.0198616,500.0,500.0,500.0,1.0
XSP,MID@10:03,B0,903,0,0.0,0.0,0.0,0.0,,,,,,,0.0,0.0,None,None,0.0,0.0,0.0,0.0,,,,0.0,0.0,0.0,,,,,,,,,,
XSP,MID@10:03,R0,903,549,0.6079734219269103,12.767441860465116,540.99000000004,0.599102990033267,0.29622774172220095,4.61056359242248,0.97632058287796,5.9953544776119445,-205.57846153845855,0.07286885245901639,656.0399999999863,0.026241599999999452,2024-04-15,2024-08-07,-492.39,18.96,-453.1,-357.36999999999995,-97.04370370370226,-393.4499999999981,3.636388842677027,-1967.2499999999905,0.7379,0.736,0.6931836278532564,0.00549299003138951,0.5739589049448299,0.019789599999999997,0.019849600000000002,0.0198556,500.0,500.0,500.0,1.0
XSP,MID@10:03,B2-EDGE,903,231,0.2558139534883721,5.372093023255814,844.5100000000068,0.9352270210409821,1.0896633921013874,17.851191444711105,0.9826839826839827,6.286651982378856,-145.63999999999828,0.07556277056277057,357.3399999999965,0.01429359999999986,2026-06-05,2026-06-05,-357.33999999999764,18.96,-353.57999999999765,-336.39999999999765,-50.567272727272105,-260.1399999999994,0.689820132384446,-582.5599999999931,0.9699,0.972,0.8764378479058615,0.22902434517078096,1.000000000000003,0.019789599999999997,0.019849600000000002,0.019849600000000002,500.0,500.0,500.0,1.0
XSP,MID@10:03,B2-TS,903,412,0.45625692137320045,9.581395348837209,1010.4700000000187,1.1190143964562775,0.7657722478234208,12.301425819318666,0.9854368932038835,5.774778325123158,-222.34833333333054,0.07071601941747573,584.0299999999916,0.023361199999999662,2025-11-20,2026-06-05,-492.39,18.76,-460.71,-364.97999999999996,-64.07999999999916,-319.952499999998,1.3158728116618617,-1329.649999999986,0.9374,0.9376,0.8474142476119809,0.08546179480190497,0.8430902522130834,0.019809600000000004,0.019849600000000002,0.0198556,500.0,500.0,500.0,1.0
XSP,MID@10:03,R1,903,552,0.6112956810631229,12.837209302325581,-1578.2799999999424,-1.7478183831671565,-0.5857819049893407,-9.558092915085911,0.9528985507246377,7.672832699619781,-215.93038461538256,0.09567934782608695,1971.7199999999539,0.07886879999999816,2023-01-18,2026-06-05,-492.39,44.96000000000001,-609.9499999999999,-663.5600000000024,-207.79925925925733,-466.00999999999823,,-2330.049999999991,0.113,0.115,0.09617832073047566,6.337271930507925e-08,0.24972612744203615,0.0197496,0.019849600000000002,0.0198556,500.0,500.0,600.0,1.0
XSP,MID@10:03,R2-A,903,549,0.6079734219269103,12.767441860465116,540.99000000004,0.599102990033267,0.29622774172220095,4.61056359242248,0.97632058287796,5.9953544776119445,-205.57846153845855,0.07286885245901639,656.0399999999863,0.026241599999999452,2024-04-15,2024-08-07,-492.39,18.96,-453.1,-357.36999999999995,-97.04370370370226,-393.4499999999981,3.636388842677027,-1967.2499999999905,0.7379,0.736,0.6931836278532564,0.00549299003138951,0.5739589049448299,0.019789599999999997,0.019849600000000002,0.0198556,500.0,500.0,500.0,1.0
XSP,MID@10:03,R2-B,903,458,0.5071982281284607,10.651162790697674,118.03000000003578,0.13070874861576498,0.0650758296093995,0.8811025951789739,0.9737991266375546,6.03735426008969,-214.55249999999714,0.07329694323144105,671.6799999999894,0.026867199999999574,2024-03-08,2024-08-01,-492.39,18.96,-465.56,-369.83,-115.33318181818022,-409.82749999999777,16.667372701850326,-1967.2499999999905,0.5721,0.5617,0.5478297926504672,0.0007302002965884321,0.5605943306336415,0.019789599999999997,0.019849600000000002,0.0198556,500.0,500.0,500.0,1.0
XSP,MID@10:03,R3,903,674,0.7464008859357697,15.674418604651162,317.5400000000667,0.3516500553710595,0.13413826758652636,1.9538663580722824,0.9599406528189911,7.698717156105102,-172.72333333333094,0.09132047477744808,882.799999999992,0.03531199999999968,2024-04-15,2024-08-07,-492.39,27.460000000000004,-456.79999999999995,-588.2400000000024,-140.6884848484829,-422.2149999999974,6.852522516846791,-2175.949999999987,0.6268,0.6456,0.5965821191958403,0.001283713212372384,0.42652922519257114,0.0197496,0.019849600000000002,0.0198556,500.0,500.0,500.0,1.0
XSP,MID@10:03,R4-1.0,903,63,0.06976744186046512,1.4651162790697674,373.12999999999886,0.41321151716500426,1.1055235181350698,19.210834629720996,0.9841269841269841,8.646290322580645,-162.9400000000012,0.09928571428571428,162.94000000000233,0.006517600000000093,2025-02-21,2025-02-21,-162.9400000000012,18.76,-147.0700000000012,-102.9800000000012,-51.640000000000406,-162.9400000000012,0.43668426553748474,-162.9400000000012,0.9839,0.9866,0.8729146477921407,0.2406347944943955,0.999999999999993,0.0196896,0.0198296,0.019849600000000002,500.0,500.0,500.0,1.0
XSP,MID@10:03,R4-1.5,903,28,0.031007751937984496,0.6511627906976745,290.78,0.32201550387596894,2.7127800854475788,,1.0,10.385000000000002,,0.11732142857142858,0.0,0.0,None,None,4.76,18.76,0.0,0.0,4.76,4.76,-0.0,0.0,1.0,1.0,1.0,0.9997916580832688,,0.019592599999999998,0.0197777,0.019809600000000004,500.0,500.0,500.0,1.0
XSP,MID@10:03,R4-2.0,903,12,0.013289036544850499,0.27906976744186046,148.77,0.16475083056478407,1.8001106217649705,,1.0,12.397499999999999,,0.13749999999999998,0.0,0.0,None,None,7.760000000000002,18.76,0.0,0.0,,,-0.0,0.0,0.9999,1.0,0.9999999999965328,0.5179158074687039,,0.0195056,0.0196456,0.0196896,500.0,500.0,500.0,1.0
XSP,STRESS@10:03,B0,903,0,0.0,0.0,0.0,0.0,,,,,,,0.0,0.0,None,None,0.0,0.0,0.0,0.0,,,,0.0,0.0,0.0,,,,,,,,,,
XSP,STRESS@10:03,R0,903,117,0.12956810631229235,2.7209302325581395,137.22000000000202,0.1519601328903677,0.14478216242278344,2.234105481514202,0.9829059829059829,5.523478260869566,-248.989999999999,0.06858974358974358,496.3899999999994,0.019855599999999977,2025-11-20,2025-11-20,-496.39,14.759999999999998,-482.66999999999996,-446.2,-97.4599999999996,-496.39,3.629062818831006,-497.979999999998,0.7108,0.705,0.5954371345367355,0.0030526301795940273,1.000000000000001,0.019809600000000004,0.0198556,0.0198616,500.0,500.0,500.0,1.0
XSP,STRESS@10:03,B2-EDGE,903,49,0.05426356589147287,1.1395348837209303,278.94,0.3089036544850498,3.585005218368529,,1.0,5.692653061224489,,0.07030612244897959,0.0,0.0,None,None,3.4600000000000017,10.11,0.0,0.0,3.5350000000000006,3.4600000000000017,-0.0,0.0,1.0,1.0,1.0,0.9999999999954935,,0.019795599999999997,0.0198556,0.0198616,500.0,500.0,500.0,1.0
XSP,STRESS@10:03,B2-TS,903,80,0.08859357696567,1.8604651162790697,-54.79999999999811,-0.06068660022148185,-0.05794615691005714,-1.0108082170825703,0.975,5.681794871794871,-248.989999999999,0.070125,496.3899999999994,0.019855599999999977,2025-11-20,2025-11-20,-496.39,14.759999999999998,-486.28,-449.81,-122.68999999999949,-496.39,,-497.979999999998,0.4358,0.4331,0.453878583517474,0.00011135438356222849,1.000000000000001,0.019809600000000004,0.0198556,0.0198556,500.0,500.0,500.0,1.0
XSP,STRESS@10:03,R1,903,206,0.22812846068660023,4.790697674418604,-2471.3899999999767,-2.7368660022148137,-1.0502385132655592,-16.71726533306884,0.9223300970873787,7.966052631578963,-249.0587499999987,0.10635922330097089,2659.5099999999766,0.10638039999999906,2023-01-18,2026-03-26,-496.39,39.61,-631.9699999999999,-558.8399999999999,-366.8649999999984,-490.565,,-2355.049999999991,0.0112,0.0098,0.0015291773346321211,5.967948463076205e-16,0.18664716432726494,0.0197496,0.0198556,0.0198616,500.0,500.0,600.0,1.0
XSP,STRESS@10:03,R2-A,903,117,0.12956810631229235,2.7209302325581395,137.22000000000202,0.1519601328903677,0.14478216242278344,2.234105481514202,0.9829059829059829,5.523478260869566,-248.989999999999,0.06858974358974358,496.3899999999994,0.019855599999999977,2025-11-20,2025-11-20,-496.39,14.759999999999998,-482.66999999999996,-446.2,-97.4599999999996,-496.39,3.629062818831006,-497.979999999998,0.7108,0.705,0.5954371345367355,0.0030526301795940273,1.000000000000001,0.019809600000000004,0.0198556,0.0198616,500.0,500.0,500.0,1.0
XSP,STRESS@10:03,R2-B,903,100,0.11074197120708748,2.3255813953488373,49.850000000002,0.05520487264673533,0.05264771602003747,0.7567904400791001,0.98,5.590102040816326,-248.989999999999,0.0693,496.3899999999994,0.019855599999999977,2025-11-20,2025-11-20,-496.39,14.759999999999998,-482.66999999999996,-446.2,-97.4599999999996,-496.39,9.989568706117915,-497.979999999998,0.6302,0.6291,0.5378308624259912,0.0008711906114730637,1.000000000000001,0.019809600000000004,0.0198556,0.0198616,500.0,500.0,500.0,1.0
XSP,STRESS@10:03,R3,903,259,0.2868217054263566,6.023255813953488,-986.8599999999794,-1.0928682170542408,-0.5085893985638203,-8.274444974373882,0.9420849420849421,7.638278688524591,-190.0399999999986,0.09181467181467182,1247.1599999999817,0.04988639999999927,2023-01-18,2026-03-26,-496.39,24.26,-476.81999999999994,-428.89,-236.6483333333318,-490.565,,-2150.2499999999927,0.1359,0.1478,0.11740089323441372,4.0328727785829224e-08,0.39801629301774216,0.0197496,0.0198556,0.0198616,500.0,500.0,500.0,1.0
XSP,STRESS@10:03,R4-1.0,903,32,0.035437430786267994,0.7441860465116279,210.37,0.23296788482834996,2.8190427441346766,,1.0,6.5740625,,0.07921875,0.0,0.0,None,None,3.6099999999999994,14.759999999999998,0.0,0.0,3.6099999999999994,3.6099999999999994,-0.0,0.0,1.0,1.0,1.0,0.9999688509061312,,0.0197656,0.0198556,0.0198556,500.0,500.0,500.0,1.0
XSP,STRESS@10:03,R4-1.5,903,19,0.021040974529346623,0.4418604651162791,144.33999999999997,0.15984496124031006,2.188616190552306,,1.0,7.596842105263157,,0.0894736842105263,0.0,0.0,None,None,3.6099999999999994,14.759999999999998,0.0,0.0,,,-0.0,0.0,1.0,1.0,1.0,0.9404325397927058,,0.0196896,0.019850200000000002,0.0198556,500.0,500.0,500.0,1.0
XSP,STRESS@10:03,R4-2.0,903,12,0.013289036544850499,0.27906976744186046,100.77,0.11159468438538206,1.7546756593613724,,1.0,8.397499999999999,,0.09750000000000002,0.0,0.0,None,None,3.759999999999997,14.759999999999998,0.0,0.0,,,-0.0,0.0,0.9999,1.0,0.9999999999950332,0.4480736671592606,,0.0196456,0.019819899999999998,0.019849600000000002,500.0,500.0,500.0,1.0
XSP,DL@10:01,B0,903,0,0.0,0.0,0.0,0.0,,,,,,,0.0,0.0,None,None,0.0,0.0,0.0,0.0,,,,0.0,0.0,0.0,,,,,,,,,,
XSP,DL@10:01,R0,903,147,0.16279069767441862,3.4186046511627906,-847.0299999999837,-0.9380177187153751,-0.5938220326694087,-9.540777612545845,0.9591836734693877,5.0266666666666655,-259.2983333333306,0.06326530612244899,1056.209999999981,0.042248399999999235,2024-08-01,2026-06-05,-495.39000000000004,11.609999999999998,-479.56000000000006,-444.38,-221.76142857142628,-495.39000000000004,,-1551.849999999986,0.1163,0.1153,0.05733422452721411,1.2384207041736044e-10,0.4690260459567785,0.019815600000000003,0.0198556,0.0198616,500.0,500.0,500.0,1.0
XSP,DL@10:01,B2-EDGE,903,65,0.07198228128460686,1.5116279069767442,-23.149999999997576,-0.02563676633443807,-0.033896732967773596,-0.6039577803222105,0.9846153846153847,5.229531249999999,-357.83999999999764,0.06538461538461539,357.8399999999965,0.01431359999999986,2026-06-05,2026-06-05,-357.83999999999764,9.610000000000001,-357.83999999999764,-347.76999999999765,-116.92333333333255,-357.83999999999764,,-357.83999999999764,0.4774,0.4899,0.4736076090019759,0.00018613361956886857,1.000000000000003,0.019815600000000003,0.0198556,0.0198616,500.0,500.0,500.0,1.0
XSP,DL@10:01,B2-TS,903,105,0.11627906976744186,2.441860465116279,-625.5499999999889,-0.6927464008859235,-0.49369961998654427,-7.947944053393601,0.9619047619047619,4.944653465346534,-281.2399999999972,0.06257142857142858,971.9999999999927,0.038879999999999706,2025-11-20,2026-06-05,-495.39000000000004,11.609999999999998,-485.17,-449.99,-224.29999999999777,-495.39000000000004,,-1124.959999999989,0.1598,0.1505,0.09519534012036379,7.129332540135535e-10,0.5096604938271644,0.019815600000000003,0.0198556,0.0198616,500.0,500.0,500.0,1.0
XSP,DL@10:01,R1,903,212,0.23477297895902546,4.930232558139535,-2457.0299999999615,-2.7209634551494593,-1.0838723744825622,-17.235567370335133,0.9245283018867925,7.355153061224504,-243.66499999999778,0.09650943396226415,2632.1599999999635,0.10528639999999855,2023-01-18,2026-06-05,-495.39000000000004,35.61,-475.24,-442.41,-356.29499999999763,-485.31500000000005,,-2253.949999999989,0.0074,0.008,0.0010311821212193191,1.6108644569515413e-16,0.1882066439730134,0.019769600000000002,0.0198556,0.0198616,500.0,500.0,600.0,1.0
XSP,DL@10:01,R2-A,903,147,0.16279069767441862,3.4186046511627906,-847.0299999999837,-0.9380177187153751,-0.5938220326694087,-9.540777612545845,0.9591836734693877,5.0266666666666655,-259.2983333333306,0.06326530612244899,1056.209999999981,0.042248399999999235,2024-08-01,2026-06-05,-495.39000000000004,11.609999999999998,-479.56000000000006,-444.38,-221.76142857142628,-495.39000000000004,,-1551.849999999986,0.1163,0.1153,0.05733422452721411,1.2384207041736044e-10,0.4690260459567785,0.019815600000000003,0.0198556,0.0198616,500.0,500.0,500.0,1.0
XSP,DL@10:01,R2-B,903,127,0.1406423034330011,2.953488372093023,-834.8799999999884,-0.9245625692137192,-0.5909043028562192,-9.490903618852043,0.9606299212598425,5.078032786885247,-290.8799999999977,0.06385826771653544,1000.5199999999859,0.04002079999999943,2024-08-01,2026-06-05,-495.39000000000004,11.609999999999998,-479.56000000000006,-444.38,-241.82333333333142,-495.39000000000004,,-1454.3999999999885,0.106,0.1021,0.05664618139267468,9.083068140739564e-11,0.4951325310838434,0.019815600000000003,0.0198556,0.0198616,500.0,500.0,500.0,1.0
XSP,DL@10:01,R3,903,263,0.2912513842746401,6.116279069767442,-1267.5199999999513,-1.4036766334440214,-0.6732384733292912,-10.862711801816161,0.935361216730038,7.0429268292682945,-176.4752941176442,0.08460076045627377,1500.9999999999527,0.06003999999999811,2023-01-18,2026-06-05,-495.39000000000004,25.459999999999997,-457.1000000000001,-421.92,-226.99384615384304,-461.2649999999957,,-2011.449999999986,0.0797,0.0796,0.04753556410192799,5.197903698928795e-10,0.3300399733511097,0.019769600000000002,0.0198556,0.0198616,500.0,500.0,500.0,1.0
XSP,DL@10:01,R4-1.0,903,26,0.028792912513842746,0.6046511627906976,-208.53999999999763,-0.23094130675525762,-0.30654695865017206,-4.9424076056980715,0.9615384615384616,5.972,-357.83999999999764,0.0726923076923077,357.8399999999965,0.01431359999999986,2026-06-05,2026-06-05,-357.83999999999764,9.610000000000001,-357.83999999999764,-354.22999999999763,-357.83999999999764,-357.83999999999764,,-357.83999999999764,0.355,0.3603,0.20836730237614243,1.4308788964461803e-08,1.000000000000003,0.0197926,0.0198556,0.0198616,500.0,500.0,500.0,1.0
XSP,DL@10:01,R4-1.5,903,13,0.014396456256921373,0.3023255813953488,82.22999999999999,0.09106312292358802,1.7762434948755441,,1.0,6.325384615384615,,0.07692307692307693,0.0,0.0,None,None,3.46,9.610000000000001,0.0,0.0,,,-0.0,0.0,1.0,0.9999,0.9999999999994275,0.48071649550629447,,0.0197416,0.019858,0.0198616,500.0,500.0,500.0,1.0
XSP,DL@10:01,R4-2.0,903,6,0.006644518272425249,0.13953488372093023,46.96,0.05200442967884828,1.2497915642477975,,1.0,7.826666666666667,,0.09166666666666667,0.0,0.0,None,None,3.6100000000000003,9.610000000000001,0.0,0.0,,,-0.0,0.0,0.9951,0.9963,0.9999993505010719,0.018512305637280263,,0.0196526,0.0198241,0.0198556,500.0,500.0,500.0,1.0
XSP,DL@10:03,B0,903,0,0.0,0.0,0.0,0.0,,,,,,,0.0,0.0,None,None,0.0,0.0,0.0,0.0,,,,0.0,0.0,0.0,,,,,,,,,,
XSP,DL@10:03,R0,903,149,0.16500553709856036,3.4651162790697674,237.29000000000661,0.2627796234773052,0.245552976021827,3.8603116987747628,0.9865771812080537,5.667142857142871,-297.8899999999977,0.07033557046979864,494.3899999999994,0.019775599999999977,2025-11-20,2025-11-20,-494.39,16.76,-480.16999999999996,-440.66,-82.7971428571419,-494.39,2.5107674153987896,-595.7799999999954,0.7206,0.7169,0.6489683217814558,0.008121418663618417,1.000000000000001,0.019809600000000004,0.0198556,0.0198616,500.0,500.0,500.0,1.0
XSP,DL@10:03,B2-EDGE,903,68,0.0753045404208195,1.5813953488372092,411.13,0.45529346622369876,4.141230336012271,,1.0,6.046029411764706,,0.0736764705882353,0.0,0.0,None,None,3.459999999999999,13.61,0.0,0.0,3.56,3.459999999999999,-0.0,0.0,1.0,1.0,1.0,1.0,,0.0197756,0.0198535,0.0198616,500.0,500.0,500.0,1.0
XSP,DL@10:03,B2-TS,903,103,0.11406423034330011,2.395348837209302,82.23000000000202,0.09106312292359028,0.08710676516862116,1.3099933199974434,0.9902912621359223,5.65313725490198,-494.39,0.07058252427184465,494.3899999999994,0.019775599999999977,2025-11-20,2025-11-20,-494.39,16.76,-480.16999999999996,-440.66,-96.35999999999959,-494.39,6.012282621913995,-494.39,0.678,0.6703,0.5606103484692849,0.0014474317248580964,1.000000000000001,0.019809600000000004,0.0198556,0.0198616,500.0,500.0,500.0,1.0
XSP,DL@10:03,R1,903,209,0.23145071982281284,4.8604651162790695,-2227.7599999999743,-2.4670653377629836,-0.96828769336427,-15.454195280103471,0.9234449760765551,7.919844559585517,-234.76812499999866,0.10387559808612443,2443.3499999999767,0.09773399999999907,2023-01-18,2026-03-26,-494.39,41.46000000000001,-626.4699999999999,-571.8199999999999,-352.75499999999886,-489.315,,-2343.5499999999915,0.0199,0.0214,0.0037225231011082725,1.2782726885208741e-14,0.20234104815110593,0.0197356,0.0198556,0.0198616,500.0,500.0,600.0,1.0
XSP,DL@10:03,R2-A,903,149,0.16500553709856036,3.4651162790697674,237.29000000000661,0.2627796234773052,0.245552976021827,3.8603116987747628,0.9865771812080537,5.667142857142871,-297.8899999999977,0.07033557046979864,494.3899999999994,0.019775599999999977,2025-11-20,2025-11-20,-494.39,16.76,-480.16999999999996,-440.66,-82.7971428571419,-494.39,2.5107674153987896,-595.7799999999954,0.7206,0.7169,0.6489683217814558,0.008121418663618417,1.000000000000001,0.019809600000000004,0.0198556,0.0198616,500.0,500.0,500.0,1.0
XSP,DL@10:03,R2-B,903,126,0.13953488372093023,2.9302325581395348,221.46000000000205,0.2452491694352182,0.23415101284794113,3.675204543534077,0.9920634920634921,5.726800000000016,-494.39,0.07119047619047622,494.3899999999994,0.019775599999999977,2025-11-20,2025-11-20,-494.39,16.76,-480.16999999999996,-440.66,-79.698333333333,-494.39,2.232412173755962,-494.39,0.7344,0.7277,0.6422214753562081,0.007787753253128264,1.000000000000001,0.019809600000000004,0.0198556,0.0198616,500.0,500.0,500.0,1.0
XSP,DL@10:03,R3,903,257,0.28460686600221485,5.976744186046512,-920.5299999999675,-1.0194130675525663,-0.47948979650994045,-7.817742915015302,0.9416342412451362,7.768884297520682,-186.70666666666477,0.09322957198443582,1221.4699999999684,0.04885879999999874,2023-01-18,2025-11-20,-494.39,25.46,-472.31999999999994,-429.81,-231.4066666666644,-489.315,,-2144.749999999993,0.1528,0.1702,0.13365657843721757,7.753080940139315e-08,0.4047500143270099,0.0197296,0.0198556,0.0198616,500.0,500.0,500.0,1.0
XSP,DL@10:03,R4-1.0,903,33,0.036544850498338874,0.7674418604651163,246.48,0.27295681063122923,2.835126092156197,,1.0,7.46909090909091,,0.08818181818181817,0.0,0.0,None,None,3.459999999999999,16.76,0.0,0.0,3.459999999999999,3.459999999999999,-0.0,0.0,1.0,1.0,1.0,0.9999798561867329,,0.0197296,0.019852,0.0198616,500.0,500.0,500.0,1.0
XSP,DL@10:03,R4-1.5,903,18,0.019933554817275746,0.4186046511627907,159.03,0.17611295681063124,2.135512779690781,,1.0,8.835,,0.10166666666666668,0.0,0.0,None,None,3.6100000000000003,16.76,0.0,0.0,,,-0.0,0.0,1.0,1.0,1.0,0.9113974157344803,,0.0196326,0.019816500000000004,0.0198556,500.0,500.0,500.0,1.0
XSP,DL@10:03,R4-2.0,903,10,0.01107419712070875,0.23255813953488372,101.7,0.11262458471760797,1.6162679793822574,,1.0,10.17,,0.11500000000000002,0.0,0.0,None,None,5.759999999999999,16.76,0.0,0.0,,,-0.0,0.0,0.9999,0.9999,0.9999999997951329,0.2529147755804104,,0.019595599999999998,0.019736300000000002,0.019769600000000002,500.0,500.0,500.0,1.0
XSP,DL@10:05,B0,903,0,0.0,0.0,0.0,0.0,,,,,,,0.0,0.0,None,None,0.0,0.0,0.0,0.0,,,,0.0,0.0,0.0,,,,,,,,,,
XSP,DL@10:05,R0,903,159,0.1760797342192691,3.697674418604651,-279.2599999999958,-0.30925802879290787,-0.20870789655478325,-3.452142920167864,0.9811320754716981,5.882115384615397,-398.95666666666585,0.07257861635220125,779.2299999999959,0.031169199999999838,2024-04-15,2025-11-20,-494.39,18.76,-483.16999999999996,-451.21,-168.93999999999969,-494.39,,-1196.8699999999976,0.3747,0.3605,0.3274775486929336,9.510899985592678e-06,0.6344596588940398,0.019809600000000004,0.0198556,0.0198616,500.0,500.0,500.0,1.0
XSP,DL@10:05,B2-EDGE,903,62,0.06866002214839424,1.441860465116279,401.62,0.44476190476190475,3.8620478237778317,,1.0,6.477741935483872,,0.07790322580645162,0.0,0.0,None,None,3.6100000000000003,16.61,0.0,0.0,3.66,3.6100000000000003,-0.0,0.0,1.0,1.0,1.0,0.9999999999999992,,0.0197756,0.019849600000000002,0.0198556,500.0,500.0,500.0,1.0
XSP,DL@10:05,B2-TS,903,117,0.12956810631229235,2.7209302325581395,186.27000000000203,0.20627906976744412,0.1969292635258033,3.076964343363764,0.9914529914529915,5.867758620689672,-494.39,0.07256410256410258,494.3899999999994,0.019775599999999977,2025-11-20,2025-11-20,-494.39,18.76,-486.78,-454.82,-95.98999999999998,-494.39,2.654157942771217,-494.39,0.7275,0.7222,0.6237725814810403,0.005404862057335894,1.000000000000001,0.019809600000000004,0.0198556,0.0198556,500.0,500.0,500.0,1.0
XSP,DL@10:05,R1,903,205,0.22702104097452935,4.767441860465116,-2875.149999999976,-3.183997785160549,-1.1632057466696721,-18.429695914005908,0.926829268292683,7.5939473684210785,-287.86666666666537,0.10248780487804879,3125.9899999999616,0.12503959999999847,2023-01-18,2026-03-26,-494.39,33.61,-620.93,-691.3400000000024,-396.42499999999876,-491.315,,-2346.549999999991,0.0059,0.0062,0.00038660099765809537,7.235282873509332e-18,0.15815469659212156,0.0197356,0.0198556,0.0198616,500.0,500.0,600.0,1.0
XSP,DL@10:05,R2-A,903,159,0.1760797342192691,3.697674418604651,-279.2599999999958,-0.30925802879290787,-0.20870789655478325,-3.452142920167864,0.9811320754716981,5.882115384615397,-398.95666666666585,0.07257861635220125,779.2299999999959,0.031169199999999838,2024-04-15,2025-11-20,-494.39,18.76,-483.16999999999996,-451.21,-168.93999999999969,-494.39,,-1196.8699999999976,0.3747,0.3605,0.3274775486929336,9.510899985592678e-06,0.6344596588940398,0.019809600000000004,0.0198556,0.0198616,500.0,500.0,500.0,1.0
XSP,DL@10:05,R2-B,903,136,0.150609080841639,3.1627906976744184,-408.93999999999585,-0.45286821705425895,-0.30592757852808966,-4.995455099234937,0.9779411764705882,5.924285714285729,-398.95666666666585,0.07308823529411766,825.4099999999962,0.03301639999999985,2024-04-15,2025-11-20,-494.39,18.76,-483.16999999999996,-451.21,-197.69833333333295,-494.39,,-1196.8699999999976,0.2983,0.28,0.24259672666975268,8.851091506044363e-07,0.5989629396300048,0.019809600000000004,0.0198556,0.0198616,500.0,500.0,500.0,1.0
XSP,DL@10:05,R3,903,258,0.2857142857142857,6.0,-1566.0699999999695,-1.734296788482801,-0.7290971789838255,-11.747039084608549,0.9418604651162791,7.811234567901256,-230.9466666666649,0.09434108527131785,1910.399999999976,0.07641599999999904,2023-01-18,2026-03-26,-494.39,26.760000000000005,-483.16999999999996,-653.3000000000023,-285.5399999999985,-491.315,,-2190.449999999987,0.0632,0.0576,0.034830285224907026,1.8792364157590456e-10,0.2587887353433868,0.0197356,0.0198556,0.0198616,500.0,500.0,500.0,1.0
XSP,DL@10:05,R4-1.0,903,33,0.036544850498338874,0.7674418604651163,280.93,0.3111074197120709,2.7900501477770994,,1.0,8.513030303030304,,0.09848484848484848,0.0,0.0,None,None,3.76,18.76,0.0,0.0,3.76,3.76,-0.0,0.0,1.0,1.0,1.0,0.9999652672701027,,0.019649600000000003,0.019849600000000002,0.019849600000000002,500.0,500.0,500.0,1.0
XSP,DL@10:05,R4-1.5,903,23,0.02547065337763012,0.5348837209302325,234.23000000000002,0.25939091915836104,2.414578615786838,,1.0,10.183913043478263,,0.1152173913043478,0.0,0.0,None,None,3.76,18.76,0.0,0.0,3.76,3.76,-0.0,0.0,1.0,1.0,1.0,0.9925470516425828,,0.019615599999999997,0.0197722,0.019849600000000002,500.0,500.0,500.0,1.0
XSP,DL@10:05,R4-2.0,903,19,0.021040974529346623,0.4418604651162791,196.64,0.2177630121816168,2.221140841523835,,1.0,10.349473684210528,,0.11684210526315789,0.0,0.0,None,None,6.46,18.76,0.0,0.0,,,-0.0,0.0,1.0,1.0,1.0,0.9525656178920845,,0.019615599999999997,0.0197362,0.0197416,500.0,500.0,500.0,1.0
XSP,risk0.005_S0,B0,903,0,0.0,0.0,0.0,0.0,,,,,,,0.0,0.0,None,None,0.0,0.0,0.0,0.0,,,,0.0,0.0,0.0,,,,,,,,,,
XSP,risk0.005_S0,R0,903,1,0.0011074197120708748,0.023255813953488372,4.46,0.004939091915836102,0.5282705437953744,,1.0,4.46,,0.06,0.0,0.0,None,None,4.46,4.46,0.0,0.0,,,-0.0,0.0,0.6282,0.6485,0.9770099438666766,9.683475200273707e-07,,0.0038216,0.0038216,0.0038216,100.0,100.0,100.0,1.0
XSP,risk0.005_S0,B2-EDGE,903,0,0.0,0.0,0.0,0.0,,,,,,,0.0,0.0,None,None,0.0,0.0,0.0,0.0,,,,0.0,0.0,0.0,,,,,,,,,,
XSP,risk0.005_S0,B2-TS,903,1,0.0011074197120708748,0.023255813953488372,4.46,0.004939091915836102,0.5282705437953744,,1.0,4.46,,0.06,0.0,0.0,None,None,4.46,4.46,0.0,0.0,,,-0.0,0.0,0.6282,0.6485,0.9770099438666766,9.683475200273707e-07,,0.0038216,0.0038216,0.0038216,100.0,100.0,100.0,1.0
XSP,risk0.005_S0,R1,903,55,0.06090808416389812,1.2790697674418605,-453.1500000000004,-0.5018272425249174,-0.9683382201189562,-15.561339597473578,0.8363636363636363,5.371956521739132,-77.80666666666669,0.08163636363636362,503.65999999999985,0.020146399999999995,2023-02-09,2025-12-17,-96.39,15.46,-167.08000000000004,-157.16000000000003,-95.965,-96.39,,-466.40000000000003,0.0201,0.0136,0.004050861531676962,2.3908892924717047e-14,0.19137910495175323,0.0038216,0.0038616,0.0038616,100.0,100.0,100.0,1.0
XSP,risk0.005_S0,R2-A,903,1,0.0011074197120708748,0.023255813953488372,4.46,0.004939091915836102,0.5282705437953744,,1.0,4.46,,0.06,0.0,0.0,None,None,4.46,4.46,0.0,0.0,,,-0.0,0.0,0.6282,0.6485,0.9770099438666766,9.683475200273707e-07,,0.0038216,0.0038216,0.0038216,100.0,100.0,100.0,1.0
XSP,risk0.005_S0,R2-B,903,1,0.0011074197120708748,0.023255813953488372,4.46,0.004939091915836102,0.5282705437953744,,1.0,4.46,,0.06,0.0,0.0,None,None,4.46,4.46,0.0,0.0,,,-0.0,0.0,0.6282,0.6485,0.9770099438666766,9.683475200273707e-07,,0.0038216,0.0038216,0.0038216,100.0,100.0,100.0,1.0
XSP,risk0.005_S0,R3,903,69,0.07641196013289037,1.6046511627906976,-273.2600000000005,-0.3026135105204878,-0.6500803691970782,-10.495860085854446,0.8840579710144928,4.689508196721269,-69.91499999999974,0.06405797101449275,327.22999999999956,0.013089199999999983,2023-02-09,2025-12-17,-96.54,9.46,-117.37999999999995,-107.32000000000029,-96.15666666666668,-96.54,,-474.40000000000003,0.0863,0.0638,0.05247350292922215,5.953873364070525e-10,0.2950218500748713,0.0038216,0.0038616,0.0038616,100.0,100.0,100.0,1.0
XSP,risk0.005_S0,R4-1.0,903,0,0.0,0.0,0.0,0.0,,,,,,,0.0,0.0,None,None,0.0,0.0,0.0,0.0,,,,0.0,0.0,0.0,,,,,,,,,,
XSP,risk0.005_S0,R4-1.5,903,0,0.0,0.0,0.0,0.0,,,,,,,0.0,0.0,None,None,0.0,0.0,0.0,0.0,,,,0.0,0.0,0.0,,,,,,,,,,
XSP,risk0.005_S0,R4-2.0,903,0,0.0,0.0,0.0,0.0,,,,,,,0.0,0.0,None,None,0.0,0.0,0.0,0.0,,,,0.0,0.0,0.0,,,,,,,,,,
XSP,risk0.005_S1,B0,903,0,0.0,0.0,0.0,0.0,,,,,,,0.0,0.0,None,None,0.0,0.0,0.0,0.0,,,,0.0,0.0,0.0,,,,,,,,,,
XSP,risk0.005_S1,R0,903,0,0.0,0.0,0.0,0.0,,,,,,,0.0,0.0,None,None,0.0,0.0,0.0,0.0,,,,0.0,0.0,0.0,,,,,,,,,,
XSP,risk0.005_S1,B2-EDGE,903,0,0.0,0.0,0.0,0.0,,,,,,,0.0,0.0,None,None,0.0,0.0,0.0,0.0,,,,0.0,0.0,0.0,,,,,,,,,,
XSP,risk0.005_S1,B2-TS,903,0,0.0,0.0,0.0,0.0,,,,,,,0.0,0.0,None,None,0.0,0.0,0.0,0.0,,,,0.0,0.0,0.0,,,,,,,,,,
XSP,risk0.005_S1,R1,903,0,0.0,0.0,0.0,0.0,,,,,,,0.0,0.0,None,None,0.0,0.0,0.0,0.0,,,,0.0,0.0,0.0,,,,,,,,,,
XSP,risk0.005_S1,R2-A,903,0,0.0,0.0,0.0,0.0,,,,,,,0.0,0.0,None,None,0.0,0.0,0.0,0.0,,,,0.0,0.0,0.0,,,,,,,,,,
XSP,risk0.005_S1,R2-B,903,0,0.0,0.0,0.0,0.0,,,,,,,0.0,0.0,None,None,0.0,0.0,0.0,0.0,,,,0.0,0.0,0.0,,,,,,,,,,
XSP,risk0.005_S1,R3,903,0,0.0,0.0,0.0,0.0,,,,,,,0.0,0.0,None,None,0.0,0.0,0.0,0.0,,,,0.0,0.0,0.0,,,,,,,,,,
XSP,risk0.005_S1,R4-1.0,903,0,0.0,0.0,0.0,0.0,,,,,,,0.0,0.0,None,None,0.0,0.0,0.0,0.0,,,,0.0,0.0,0.0,,,,,,,,,,
XSP,risk0.005_S1,R4-1.5,903,0,0.0,0.0,0.0,0.0,,,,,,,0.0,0.0,None,None,0.0,0.0,0.0,0.0,,,,0.0,0.0,0.0,,,,,,,,,,
XSP,risk0.005_S1,R4-2.0,903,0,0.0,0.0,0.0,0.0,,,,,,,0.0,0.0,None,None,0.0,0.0,0.0,0.0,,,,0.0,0.0,0.0,,,,,,,,,,
XSP,risk0.005_S2,B0,903,0,0.0,0.0,0.0,0.0,,,,,,,0.0,0.0,None,None,0.0,0.0,0.0,0.0,,,,0.0,0.0,0.0,,,,,,,,,,
XSP,risk0.005_S2,R0,903,0,0.0,0.0,0.0,0.0,,,,,,,0.0,0.0,None,None,0.0,0.0,0.0,0.0,,,,0.0,0.0,0.0,,,,,,,,,,
XSP,risk0.005_S2,B2-EDGE,903,0,0.0,0.0,0.0,0.0,,,,,,,0.0,0.0,None,None,0.0,0.0,0.0,0.0,,,,0.0,0.0,0.0,,,,,,,,,,
XSP,risk0.005_S2,B2-TS,903,0,0.0,0.0,0.0,0.0,,,,,,,0.0,0.0,None,None,0.0,0.0,0.0,0.0,,,,0.0,0.0,0.0,,,,,,,,,,
XSP,risk0.005_S2,R1,903,0,0.0,0.0,0.0,0.0,,,,,,,0.0,0.0,None,None,0.0,0.0,0.0,0.0,,,,0.0,0.0,0.0,,,,,,,,,,
XSP,risk0.005_S2,R2-A,903,0,0.0,0.0,0.0,0.0,,,,,,,0.0,0.0,None,None,0.0,0.0,0.0,0.0,,,,0.0,0.0,0.0,,,,,,,,,,
XSP,risk0.005_S2,R2-B,903,0,0.0,0.0,0.0,0.0,,,,,,,0.0,0.0,None,None,0.0,0.0,0.0,0.0,,,,0.0,0.0,0.0,,,,,,,,,,
XSP,risk0.005_S2,R3,903,0,0.0,0.0,0.0,0.0,,,,,,,0.0,0.0,None,None,0.0,0.0,0.0,0.0,,,,0.0,0.0,0.0,,,,,,,,,,
XSP,risk0.005_S2,R4-1.0,903,0,0.0,0.0,0.0,0.0,,,,,,,0.0,0.0,None,None,0.0,0.0,0.0,0.0,,,,0.0,0.0,0.0,,,,,,,,,,
XSP,risk0.005_S2,R4-1.5,903,0,0.0,0.0,0.0,0.0,,,,,,,0.0,0.0,None,None,0.0,0.0,0.0,0.0,,,,0.0,0.0,0.0,,,,,,,,,,
XSP,risk0.005_S2,R4-2.0,903,0,0.0,0.0,0.0,0.0,,,,,,,0.0,0.0,None,None,0.0,0.0,0.0,0.0,,,,0.0,0.0,0.0,,,,,,,,,,
XSP,risk0.01_S0,B0,903,0,0.0,0.0,0.0,0.0,,,,,,,0.0,0.0,None,None,0.0,0.0,0.0,0.0,,,,0.0,0.0,0.0,,,,,,,,,,
XSP,risk0.01_S0,R0,903,44,0.048726467331118496,1.0232558139534884,193.740000000002,0.2145514950166135,3.253126996161847,310.36171467572547,0.9772727272727273,4.627441860465117,-5.239999999997999,0.06068181818181817,5.239999999997963,0.00020959999999991852,2025-01-07,2025-01-07,-5.239999999997999,10.61,0.0,0.0,-0.889999999999,-5.239999999997999,0.02704655724165348,-5.239999999997999,1.0,1.0,1.0,0.9999988842575254,1.0000000000000069,0.0078216,0.0078616,0.009849600000000002,200.0,200.0,250.0,1.0
XSP,risk0.01_S0,B2-EDGE,903,24,0.026578073089700997,0.5581395348837209,104.44,0.11565891472868217,2.567601688919214,,1.0,4.351666666666667,,0.057916666666666665,0.0,0.0,None,None,3.459999999999999,6.61,0.0,0.0,3.459999999999999,3.459999999999999,-0.0,0.0,1.0,1.0,1.0,0.9983033576462449,,0.0078356,0.0078616,0.009849600000000002,200.0,200.0,250.0,1.0
XSP,risk0.01_S0,B2-TS,903,34,0.03765227021040975,0.7906976744186046,147.790000000002,0.16366555924695683,2.795383821170738,236.6908477245757,0.9705882352941176,4.637272727272728,-5.239999999997999,0.060882352941176464,5.239999999997963,0.00020959999999991852,2025-01-07,2025-01-07,-5.239999999997999,10.61,0.0,0.0,-5.239999999997999,-5.239999999997999,0.035455714189038014,-5.239999999997999,1.0,1.0,1.0,0.9992788151602292,1.0000000000000069,0.0078216,0.0078616,0.009849600000000002,200.0,200.0,250.0,1.0
XSP,risk0.01_S0,R1,903,153,0.16943521594684385,3.558139534883721,-1158.7699999999886,-1.2832447397563551,-0.9873128484749013,-15.822788859725689,0.9019607843137255,6.709637681159439,-138.97999999999945,0.09483660130718954,1232.5799999999872,0.049303199999999485,2023-01-18,2026-03-26,-243.54,26.460000000000004,-352.7699999999999,-310.1099999999999,-200.55428571428567,-243.54,,-1032.1,0.0189,0.0174,0.005047077545310743,2.3741186065150585e-13,0.19758555225624505,0.0077756,0.0078616,0.009849600000000002,200.0,200.0,300.0,1.0
XSP,risk0.01_S0,R2-A,903,44,0.048726467331118496,1.0232558139534884,193.740000000002,0.2145514950166135,3.253126996161847,310.36171467572547,0.9772727272727273,4.627441860465117,-5.239999999997999,0.06068181818181817,5.239999999997963,0.00020959999999991852,2025-01-07,2025-01-07,-5.239999999997999,10.61,0.0,0.0,-0.889999999999,-5.239999999997999,0.02704655724165348,-5.239999999997999,1.0,1.0,1.0,0.9999988842575254,1.0000000000000069,0.0078216,0.0078616,0.009849600000000002,200.0,200.0,250.0,1.0
XSP,risk0.01_S0,R2-B,903,38,0.042081949058693245,0.8837209302325582,167.230000000002,0.18519379844961462,2.9881652772260225,267.8539136882571,0.9736842105263158,4.661351351351352,-5.239999999997999,0.061052631578947365,5.239999999997963,0.00020959999999991852,2025-01-07,2025-01-07,-5.239999999997999,10.61,0.0,0.0,-5.239999999997999,-5.239999999997999,0.03133409077317429,-5.239999999997999,1.0,1.0,1.0,0.999938412097128,1.0000000000000069,0.0078216,0.0078616,0.009849600000000002,200.0,200.0,250.0,1.0
XSP,risk0.01_S0,R3,903,199,0.2203765227021041,4.627906976744186,-402.40999999997996,-0.44563676633441857,-0.4181826802830812,-6.829775844820358,0.9246231155778895,6.35429347826087,-104.77333333333199,0.07919597989949749,514.5799999999799,0.020583199999999198,2023-01-18,2026-03-26,-195.39,16.460000000000004,-195.76999999999992,-173.62999999999707,-159.2511111111101,-195.39,,-948.7999999999965,0.1846,0.1922,0.18174659015163197,8.140758594734997e-07,0.37970772280307746,0.0077756,0.0078616,0.009849600000000002,200.0,200.0,250.0,1.0
XSP,risk0.01_S0,R4-1.0,903,12,0.013289036544850499,0.27906976744186046,64.12,0.0710077519379845,1.743131951166413,,1.0,5.343333333333334,,0.06833333333333336,0.0,0.0,None,None,3.46,10.61,0.0,0.0,,,-0.0,0.0,1.0,1.0,0.9999999999934907,0.43035751863631877,,0.0078016,0.007858299999999999,0.0078616,200.0,200.0,200.0,1.0
XSP,risk0.01_S0,R4-1.5,903,5,0.005537098560354375,0.11627906976744186,32.599999999999994,0.036101882613510515,1.1237441943831823,,1.0,6.519999999999999,,0.07999999999999999,0.0,0.0,None,None,4.46,10.61,0.0,0.0,,,-0.0,0.0,0.9958,0.9957,0.9999954938928403,0.004325299411606896,,0.0077816,0.0078136,0.0078216,200.0,200.0,200.0,1.0
XSP,risk0.01_S0,R4-2.0,903,3,0.0033222591362126247,0.06976744186046512,17.529999999999998,0.019413067552602435,0.912077680008968,,1.0,5.843333333333334,,0.07333333333333332,0.0,0.0,None,None,5.459999999999998,6.61,0.0,0.0,,,-0.0,0.0,0.9522,0.9601,0.9997224749730893,0.0004549056042005347,,0.0077816,0.0077816,0.0077816,200.0,200.0,200.0,1.0
XSP,risk0.01_S1,B0,903,0,0.0,0.0,0.0,0.0,,,,,,,0.0,0.0,None,None,0.0,0.0,0.0,0.0,,,,0.0,0.0,0.0,,,,,,,,,,
XSP,risk0.01_S1,R0,903,0,0.0,0.0,0.0,0.0,,,,,,,0.0,0.0,None,None,0.0,0.0,0.0,0.0,,,,0.0,0.0,0.0,,,,,,,,,,
XSP,risk0.01_S1,B2-EDGE,903,0,0.0,0.0,0.0,0.0,,,,,,,0.0,0.0,None,None,0.0,0.0,0.0,0.0,,,,0.0,0.0,0.0,,,,,,,,,,
XSP,risk0.01_S1,B2-TS,903,0,0.0,0.0,0.0,0.0,,,,,,,0.0,0.0,None,None,0.0,0.0,0.0,0.0,,,,0.0,0.0,0.0,,,,,,,,,,
XSP,risk0.01_S1,R1,903,0,0.0,0.0,0.0,0.0,,,,,,,0.0,0.0,None,None,0.0,0.0,0.0,0.0,,,,0.0,0.0,0.0,,,,,,,,,,
XSP,risk0.01_S1,R2-A,903,0,0.0,0.0,0.0,0.0,,,,,,,0.0,0.0,None,None,0.0,0.0,0.0,0.0,,,,0.0,0.0,0.0,,,,,,,,,,
XSP,risk0.01_S1,R2-B,903,0,0.0,0.0,0.0,0.0,,,,,,,0.0,0.0,None,None,0.0,0.0,0.0,0.0,,,,0.0,0.0,0.0,,,,,,,,,,
XSP,risk0.01_S1,R3,903,0,0.0,0.0,0.0,0.0,,,,,,,0.0,0.0,None,None,0.0,0.0,0.0,0.0,,,,0.0,0.0,0.0,,,,,,,,,,
XSP,risk0.01_S1,R4-1.0,903,0,0.0,0.0,0.0,0.0,,,,,,,0.0,0.0,None,None,0.0,0.0,0.0,0.0,,,,0.0,0.0,0.0,,,,,,,,,,
XSP,risk0.01_S1,R4-1.5,903,0,0.0,0.0,0.0,0.0,,,,,,,0.0,0.0,None,None,0.0,0.0,0.0,0.0,,,,0.0,0.0,0.0,,,,,,,,,,
XSP,risk0.01_S1,R4-2.0,903,0,0.0,0.0,0.0,0.0,,,,,,,0.0,0.0,None,None,0.0,0.0,0.0,0.0,,,,0.0,0.0,0.0,,,,,,,,,,
XSP,risk0.01_S2,B0,903,0,0.0,0.0,0.0,0.0,,,,,,,0.0,0.0,None,None,0.0,0.0,0.0,0.0,,,,0.0,0.0,0.0,,,,,,,,,,
XSP,risk0.01_S2,R0,903,0,0.0,0.0,0.0,0.0,,,,,,,0.0,0.0,None,None,0.0,0.0,0.0,0.0,,,,0.0,0.0,0.0,,,,,,,,,,
XSP,risk0.01_S2,B2-EDGE,903,0,0.0,0.0,0.0,0.0,,,,,,,0.0,0.0,None,None,0.0,0.0,0.0,0.0,,,,0.0,0.0,0.0,,,,,,,,,,
XSP,risk0.01_S2,B2-TS,903,0,0.0,0.0,0.0,0.0,,,,,,,0.0,0.0,None,None,0.0,0.0,0.0,0.0,,,,0.0,0.0,0.0,,,,,,,,,,
XSP,risk0.01_S2,R1,903,0,0.0,0.0,0.0,0.0,,,,,,,0.0,0.0,None,None,0.0,0.0,0.0,0.0,,,,0.0,0.0,0.0,,,,,,,,,,
XSP,risk0.01_S2,R2-A,903,0,0.0,0.0,0.0,0.0,,,,,,,0.0,0.0,None,None,0.0,0.0,0.0,0.0,,,,0.0,0.0,0.0,,,,,,,,,,
XSP,risk0.01_S2,R2-B,903,0,0.0,0.0,0.0,0.0,,,,,,,0.0,0.0,None,None,0.0,0.0,0.0,0.0,,,,0.0,0.0,0.0,,,,,,,,,,
XSP,risk0.01_S2,R3,903,0,0.0,0.0,0.0,0.0,,,,,,,0.0,0.0,None,None,0.0,0.0,0.0,0.0,,,,0.0,0.0,0.0,,,,,,,,,,
XSP,risk0.01_S2,R4-1.0,903,0,0.0,0.0,0.0,0.0,,,,,,,0.0,0.0,None,None,0.0,0.0,0.0,0.0,,,,0.0,0.0,0.0,,,,,,,,,,
XSP,risk0.01_S2,R4-1.5,903,0,0.0,0.0,0.0,0.0,,,,,,,0.0,0.0,None,None,0.0,0.0,0.0,0.0,,,,0.0,0.0,0.0,,,,,,,,,,
XSP,risk0.01_S2,R4-2.0,903,0,0.0,0.0,0.0,0.0,,,,,,,0.0,0.0,None,None,0.0,0.0,0.0,0.0,,,,0.0,0.0,0.0,,,,,,,,,,
XSP,risk0.02_S1,B0,903,0,0.0,0.0,0.0,0.0,,,,,,,0.0,0.0,None,None,0.0,0.0,0.0,0.0,,,,0.0,0.0,0.0,,,,,,,,,,
XSP,risk0.02_S1,R0,903,285,0.31561461794019935,6.627906976744186,345.55000000001326,0.3826688815061055,0.26533858008577,4.148505475065245,0.9859649122807017,5.501637010676164,-300.10249999999724,0.06824561403508772,606.429999999993,0.024257199999999722,2025-11-20,2026-02-12,-494.39,16.76,-468.1,-408.90999999999997,-83.29714285714196,-436.2149999999992,3.473911156127746,-1200.4099999999887,0.7292,0.7279,0.6686032827553663,0.00615933495771383,0.8152466071929253,0.019809600000000004,0.0198556,0.0198616,500.0,500.0,500.0,1.0
XSP,risk0.02_S1,B2-EDGE,903,123,0.1362126245847176,2.86046511627907,637.5300000000027,0.7060132890365478,3.8444596158940594,90.39511739307227,0.991869918699187,5.712049180327869,-59.339999999997175,0.07008130081300813,59.340000000000146,0.0023736000000000057,2024-03-08,2024-03-08,-59.339999999997175,12.610000000000001,-54.57999999999718,-54.57999999999718,-6.906666666666196,-59.339999999997175,0.09307797280127511,-59.339999999997175,1.0,1.0,0.9984734420591814,0.9434432664230616,0.9999999999999499,0.019809600000000004,0.0198556,0.0198616,500.0,500.0,500.0,1.0
XSP,risk0.02_S1,B2-TS,903,203,0.2248062015503876,4.72093023255814,332.4300000000087,0.3681395348837306,0.3085820537470153,4.865849527063077,0.9901477832512315,5.450049751243791,-381.51499999999663,0.06793103448275864,623.6499999999942,0.024945999999999767,2025-11-20,2026-02-12,-494.39,16.76,-473.71,-414.52,-73.59999999999911,-381.51499999999663,2.295310290888227,-763.0299999999933,0.7558,0.7562,0.6832549429045975,0.011112842785608186,0.7927363104305373,0.019809600000000004,0.0198556,0.0198616,500.0,500.0,500.0,1.0
XSP,risk0.02_S1,R1,903,366,0.4053156146179402,8.511627906976743,-2055.1399999999576,-2.2759025470652907,-0.8364910803133446,-13.442099364149346,0.9453551912568307,7.354653179190764,-229.9924999999981,0.09480874316939891,2417.539999999961,0.09670159999999843,2023-01-18,2026-03-26,-494.39,41.61,-621.7099999999999,-683.5800000000024,-254.826111111109,-485.6233333333333,,-2285.6499999999887,0.0411,0.0391,0.018976778279696068,3.7022655291456436e-11,0.2045012698859204,0.019769600000000002,0.0198556,0.0198616,500.0,500.0,500.0,1.0
XSP,risk0.02_S1,R2-A,903,285,0.31561461794019935,6.627906976744186,345.55000000001326,0.3826688815061055,0.26533858008577,4.148505475065245,0.9859649122807017,5.501637010676164,-300.10249999999724,0.06824561403508772,606.429999999993,0.024257199999999722,2025-11-20,2026-02-12,-494.39,16.76,-468.1,-408.90999999999997,-83.29714285714196,-436.2149999999992,3.473911156127746,-1200.4099999999887,0.7292,0.7279,0.6686032827553663,0.00615933495771383,0.8152466071929253,0.019809600000000004,0.0198556,0.0198616,500.0,500.0,500.0,1.0
XSP,risk0.02_S1,R2-B,903,246,0.2724252491694352,5.72093023255814,135.4600000000131,0.15001107419713522,0.10414248318960521,1.5529648621656202,0.983739837398374,5.5201239669421565,-300.10249999999724,0.06845528455284554,628.2599999999911,0.025130399999999643,2025-11-20,2026-02-12,-494.39,16.76,-472.56,-413.37,-97.78166666666561,-436.2149999999992,8.861730400117175,-1200.4099999999887,0.6123,0.6114,0.5737755629454164,0.0013153756991999077,0.7869194282621955,0.019809600000000004,0.0198556,0.0198616,500.0,500.0,500.0,1.0
XSP,risk0.02_S1,R3,903,447,0.4950166112956811,10.395348837209303,-522.6799999999532,-0.5788261351051531,-0.2443523390634097,-4.108683272038637,0.9552572706935123,7.290679156908671,-181.78999999999775,0.08778523489932888,1160.8799999999683,0.04643519999999873,2023-01-18,2024-04-30,-494.39,25.76,-467.55999999999995,-623.0200000000024,-165.1627272727251,-451.6024999999973,,-2184.4499999999875,0.3188,0.3408,0.30772088457416324,1.466450568559566e-05,0.4162704155468379,0.019769600000000002,0.019849600000000002,0.0198616,500.0,500.0,500.0,1.0
XSP,risk0.02_S1,R4-1.0,903,52,0.05758582502768549,1.2093023255813953,368.12,0.40766334440753044,3.592587305493927,,1.0,7.07923076923077,,0.08423076923076923,0.0,0.0,None,None,3.459999999999999,16.76,0.0,0.0,3.5349999999999997,3.459999999999999,-0.0,0.0,1.0,1.0,1.0,0.9999999999982488,,0.019752600000000002,0.0198556,0.0198616,500.0,500.0,500.0,1.0
XSP,risk0.02_S1,R4-1.5,903,28,0.031007751937984496,0.6511627906976745,229.27999999999997,0.25390919158361014,2.6550029351803377,,1.0,8.18857142857143,,0.09535714285714288,0.0,0.0,None,None,3.76,16.76,0.0,0.0,3.76,3.76,-0.0,0.0,1.0,1.0,1.0,0.9996140781709894,,0.0196926,0.019837700000000003,0.019849600000000002,500.0,500.0,500.0,1.0
XSP,risk0.02_S1,R4-2.0,903,12,0.013289036544850499,0.27906976744186046,124.77000000000001,0.13817275747508306,1.7860940480334786,,1.0,10.397499999999999,,0.11750000000000001,0.0,0.0,None,None,5.759999999999999,16.76,0.0,0.0,,,-0.0,0.0,0.9999,1.0,0.999999999996165,0.4965959214739268,,0.0195756,0.0197289,0.019769600000000002,500.0,500.0,500.0,1.0
XSP,risk0.02_S2,B0,903,0,0.0,0.0,0.0,0.0,,,,,,,0.0,0.0,None,None,0.0,0.0,0.0,0.0,,,,0.0,0.0,0.0,,,,,,,,,,
XSP,risk0.02_S2,R0,903,106,0.11738648947951273,2.4651162790697674,113.61000000000439,0.12581395348837696,0.1549924818377507,2.42492095744283,0.9811320754716981,5.29798076923077,-218.68999999999778,0.06547169811320755,409.33999999999287,0.016373599999999714,2024-03-08,2024-04-15,-378.0399999999984,11.76,-378.0399999999984,-360.7599999999984,-85.3099999999991,-378.0399999999984,3.849837162221448,-437.37999999999556,0.7021,0.6758,0.6016996302227975,0.00330193594529244,0.9235354473054306,0.019809600000000004,0.0198541,0.0198556,500.0,500.0,500.0,1.0
XSP,risk0.02_S2,B2-EDGE,903,56,0.06201550387596899,1.302325581395349,251.6100000000028,0.27863787375415594,1.7911579157639466,35.59215268196783,0.9821428571428571,5.653636363636363,-59.339999999997175,0.06910714285714285,59.340000000000146,0.0023736000000000057,2024-03-08,2024-03-08,-59.339999999997175,11.76,-54.57999999999718,-54.57999999999718,-27.864999999998588,-59.339999999997175,0.23584118278286442,-59.339999999997175,0.9972,0.9973,0.9578740938591236,0.5010910447342438,0.9999999999999499,0.019809600000000004,0.019851100000000003,0.0198556,500.0,500.0,500.0,1.0
XSP,risk0.02_S2,B2-TS,903,96,0.10631229235880399,2.2325581395348837,506.21,0.5605869324473975,5.078233998949408,,1.0,5.273020833333333,,0.06552083333333335,0.0,0.0,None,None,3.6100000000000003,11.61,0.0,0.0,3.6100000000000003,3.6100000000000003,-0.0,0.0,1.0,1.0,1.0,1.0,,0.019809600000000004,0.0198556,0.0198556,500.0,500.0,500.0,1.0
XSP,risk0.02_S2,R1,903,186,0.2059800664451827,4.325581395348837,-1130.3399999999783,-1.2517607973421687,-0.6428738797600384,-10.386931998421822,0.9301075268817204,7.496416184971115,-186.70923076922932,0.09913978494623654,1504.799999999981,0.060191999999999246,2023-07-27,2024-04-30,-479.24,41.61,-474.48,-699.8600000000024,-264.7511111111099,-479.24,,-1989.2999999999938,0.1018,0.0936,0.052548395030998354,4.426179678114428e-10,0.3184742158426409,0.019769600000000002,0.019849600000000002,0.0198556,500.0,500.0,500.0,1.0
XSP,risk0.02_S2,R2-A,903,106,0.11738648947951273,2.4651162790697674,113.61000000000439,0.12581395348837696,0.1549924818377507,2.42492095744283,0.9811320754716981,5.29798076923077,-218.68999999999778,0.06547169811320755,409.33999999999287,0.016373599999999714,2024-03-08,2024-04-15,-378.0399999999984,11.76,-378.0399999999984,-360.7599999999984,-85.3099999999991,-378.0399999999984,3.849837162221448,-437.37999999999556,0.7021,0.6758,0.6016996302227975,0.00330193594529244,0.9235354473054306,0.019809600000000004,0.0198541,0.0198556,500.0,500.0,500.0,1.0
XSP,risk0.02_S2,R2-B,903,95,0.10520487264673312,2.2093023255813953,51.700000000004366,0.05725359911406906,0.07062583770673204,1.067161462131303,0.9789473684210527,5.258924731182795,-218.68999999999778,0.06505263157894738,423.85999999999694,0.016954399999999877,2024-03-08,2024-04-15,-378.0399999999984,11.76,-378.0399999999984,-364.5199999999984,-107.53999999999888,-378.0399999999984,8.459961315279664,-437.37999999999556,0.6382,0.6147,0.5500210959867868,0.0011159106142230651,0.891898268296138,0.019809600000000004,0.0198556,0.0198556,500.0,500.0,500.0,1.0
XSP,risk0.02_S2,R3,903,229,0.25359911406423036,5.325581395348837,6.790000000028897,0.007519379844993242,0.005200595837842334,-0.03466246120930489,0.9432314410480349,7.11763888888889,-117.7399999999978,0.08615720524017469,960.1199999999772,0.03840479999999909,2023-08-24,2024-04-30,-424.1399999999915,25.76,-407.3799999999915,-657.5800000000024,-137.96727272727014,-401.0899999999949,194.07952871787683,-1317.799999999992,0.5465,0.515,0.5039151854829496,0.00038280781539170455,0.4417572803399592,0.019769600000000002,0.019849600000000002,0.0198556,500.0,500.0,500.0,1.0
XSP,risk0.02_S2,R4-1.0,903,33,0.036544850498338874,0.7674418604651163,218.53000000000003,0.2420044296788483,2.866975842189904,,1.0,6.622121212121211,,0.07939393939393938,0.0,0.0,None,None,3.6100000000000003,11.76,0.0,0.0,3.6100000000000003,3.6100000000000003,-0.0,0.0,1.0,1.0,1.0,0.9999882614946775,,0.019769600000000002,0.019852,0.0198556,500.0,500.0,500.0,1.0
XSP,risk0.02_S2,R4-1.5,903,18,0.019933554817275746,0.4186046511627907,135.73,0.15031007751937983,2.12919884981726,,1.0,7.540555555555557,,0.08888888888888888,0.0,0.0,None,None,3.76,11.76,0.0,0.0,,,-0.0,0.0,1.0,1.0,1.0,0.9099170067239367,,0.0197296,0.019820700000000004,0.019849600000000002,500.0,500.0,500.0,1.0
XSP,risk0.02_S2,R4-2.0,903,8,0.008859357696566999,0.18604651162790697,78.18,0.086578073089701,1.468001243626536,,1.0,9.7725,,0.11125,0.0,0.0,None,None,5.759999999999999,11.76,0.0,0.0,,,-0.0,0.0,0.9995,0.9996,0.999999990107906,0.11029623647242887,,0.0195756,0.019743700000000003,0.019769600000000002,500.0,500.0,500.0,1.0
XSP,nav10000_S0,B0,903,0,0.0,0.0,0.0,0.0,,,,,,,0.0,0.0,None,None,0.0,0.0,0.0,0.0,,,,0.0,0.0,0.0,,,,,,,,,,
XSP,nav10000_S0,R0,903,44,0.048726467331118496,1.0232558139534884,193.740000000002,0.2145514950166135,3.2531269961618468,310.81608849571836,0.9772727272727273,4.627441860465117,-5.239999999997999,0.06068181818181817,5.239999999997963,0.0005239999999997962,2025-01-07,2025-01-07,-5.239999999997999,10.61,0.0,0.0,-0.889999999999,-5.239999999997999,0.02704655724165348,-5.239999999997999,1.0,1.0,1.0,0.9999988842575254,1.0000000000000069,0.019554,0.019653999999999998,0.019653999999999998,200.0,200.0,200.0,1.0
XSP,nav10000_S0,B2-EDGE,903,24,0.026578073089700997,0.5581395348837209,104.44,0.11565891472868217,2.5676016889192144,,1.0,4.351666666666667,,0.057916666666666665,0.0,0.0,None,None,3.459999999999999,6.61,0.0,0.0,3.459999999999999,3.459999999999999,-0.0,0.0,1.0,1.0,1.0,0.9983033576462449,,0.019589000000000002,0.019653999999999998,0.019653999999999998,200.0,200.0,200.0,1.0
XSP,nav10000_S0,B2-TS,903,34,0.03765227021040975,0.7906976744186046,147.790000000002,0.16366555924695683,2.7953838211707374,236.9452872970388,0.9705882352941176,4.637272727272728,-5.239999999997999,0.060882352941176464,5.239999999997963,0.0005239999999997962,2025-01-07,2025-01-07,-5.239999999997999,10.61,0.0,0.0,-5.239999999997999,-5.239999999997999,0.035455714189038014,-5.239999999997999,1.0,1.0,1.0,0.9992788151602292,1.0000000000000069,0.019554,0.019653999999999998,0.019653999999999998,200.0,200.0,200.0,1.0
XSP,nav10000_S0,R1,903,153,0.16943521594684385,3.558139534883721,-979.4699999999887,-1.0846843853820471,-0.9166321511264705,-14.761136880846953,0.9019607843137255,6.702391304347844,-126.95999999999943,0.09111111111111111,1053.279999999988,0.1053279999999988,2023-01-18,2026-03-26,-195.39,26.460000000000004,-332.46999999999997,-289.80999999999995,-184.24714285714234,-195.39,,-953.8,0.0267,0.0253,0.010340971637502283,4.312027941888486e-12,0.18550622816345344,0.019438999999999998,0.019639,0.019653999999999998,200.0,200.0,200.0,1.0
XSP,nav10000_S0,R2-A,903,44,0.048726467331118496,1.0232558139534884,193.740000000002,0.2145514950166135,3.2531269961618468,310.81608849571836,0.9772727272727273,4.627441860465117,-5.239999999997999,0.06068181818181817,5.239999999997963,0.0005239999999997962,2025-01-07,2025-01-07,-5.239999999997999,10.61,0.0,0.0,-0.889999999999,-5.239999999997999,0.02704655724165348,-5.239999999997999,1.0,1.0,1.0,0.9999988842575254,1.0000000000000069,0.019554,0.019653999999999998,0.019653999999999998,200.0,200.0,200.0,1.0
XSP,nav10000_S0,R2-B,903,38,0.042081949058693245,0.8837209302325582,167.230000000002,0.18519379844961462,2.988165277226022,268.1857672510375,0.9736842105263158,4.661351351351352,-5.239999999997999,0.061052631578947365,5.239999999997963,0.0005239999999997962,2025-01-07,2025-01-07,-5.239999999997999,10.61,0.0,0.0,-5.239999999997999,-5.239999999997999,0.03133409077317429,-5.239999999997999,1.0,1.0,1.0,0.999938412097128,1.0000000000000069,0.019554,0.019653999999999998,0.019653999999999998,200.0,200.0,200.0,1.0
XSP,nav10000_S0,R3,903,199,0.2203765227021041,4.627906976744186,-408.55999999997994,-0.45244739756365443,-0.42468184134189285,-7.039228908861082,0.9246231155778895,6.320869565217392,-104.77333333333199,0.07889447236180905,515.5799999999799,0.051557999999997994,2023-01-18,2026-03-26,-195.39,16.460000000000004,-195.76999999999992,-173.62999999999707,-159.2511111111101,-195.39,,-948.7999999999965,0.1819,0.1906,0.17746319582878,7.158535206484112e-07,0.37897125567323714,0.019438999999999998,0.019640499999999998,0.019653999999999998,200.0,200.0,200.0,1.0
XSP,nav10000_S0,R4-1.0,903,12,0.013289036544850499,0.27906976744186046,64.12,0.0710077519379845,1.7431319511664134,,1.0,5.343333333333334,,0.06833333333333336,0.0,0.0,None,None,3.46,10.61,0.0,0.0,,,-0.0,0.0,1.0,1.0,0.9999999999934907,0.4303575186363194,,0.019504,0.01964575,0.019653999999999998,200.0,200.0,200.0,1.0
XSP,nav10000_S0,R4-1.5,903,5,0.005537098560354375,0.11627906976744186,32.599999999999994,0.036101882613510515,1.1237441943831823,,1.0,6.519999999999999,,0.07999999999999999,0.0,0.0,None,None,4.46,10.61,0.0,0.0,,,-0.0,0.0,0.9958,0.9957,0.9999954938928403,0.004325299411606831,,0.019454,0.019534,0.019554,200.0,200.0,200.0,1.0
XSP,nav10000_S0,R4-2.0,903,3,0.0033222591362126247,0.06976744186046512,17.529999999999998,0.019413067552602435,0.912077680008968,,1.0,5.843333333333334,,0.07333333333333332,0.0,0.0,None,None,5.459999999999998,6.61,0.0,0.0,,,-0.0,0.0,0.9522,0.9601,0.9997224749730893,0.0004549056042005308,,0.019454,0.019454,0.019454,200.0,200.0,200.0,1.0
XSP,nav10000_S1,B0,903,0,0.0,0.0,0.0,0.0,,,,,,,0.0,0.0,None,None,0.0,0.0,0.0,0.0,,,,0.0,0.0,0.0,,,,,,,,,,
XSP,nav10000_S1,R0,903,0,0.0,0.0,0.0,0.0,,,,,,,0.0,0.0,None,None,0.0,0.0,0.0,0.0,,,,0.0,0.0,0.0,,,,,,,,,,
XSP,nav10000_S1,B2-EDGE,903,0,0.0,0.0,0.0,0.0,,,,,,,0.0,0.0,None,None,0.0,0.0,0.0,0.0,,,,0.0,0.0,0.0,,,,,,,,,,
XSP,nav10000_S1,B2-TS,903,0,0.0,0.0,0.0,0.0,,,,,,,0.0,0.0,None,None,0.0,0.0,0.0,0.0,,,,0.0,0.0,0.0,,,,,,,,,,
XSP,nav10000_S1,R1,903,0,0.0,0.0,0.0,0.0,,,,,,,0.0,0.0,None,None,0.0,0.0,0.0,0.0,,,,0.0,0.0,0.0,,,,,,,,,,
XSP,nav10000_S1,R2-A,903,0,0.0,0.0,0.0,0.0,,,,,,,0.0,0.0,None,None,0.0,0.0,0.0,0.0,,,,0.0,0.0,0.0,,,,,,,,,,
XSP,nav10000_S1,R2-B,903,0,0.0,0.0,0.0,0.0,,,,,,,0.0,0.0,None,None,0.0,0.0,0.0,0.0,,,,0.0,0.0,0.0,,,,,,,,,,
XSP,nav10000_S1,R3,903,0,0.0,0.0,0.0,0.0,,,,,,,0.0,0.0,None,None,0.0,0.0,0.0,0.0,,,,0.0,0.0,0.0,,,,,,,,,,
XSP,nav10000_S1,R4-1.0,903,0,0.0,0.0,0.0,0.0,,,,,,,0.0,0.0,None,None,0.0,0.0,0.0,0.0,,,,0.0,0.0,0.0,,,,,,,,,,
XSP,nav10000_S1,R4-1.5,903,0,0.0,0.0,0.0,0.0,,,,,,,0.0,0.0,None,None,0.0,0.0,0.0,0.0,,,,0.0,0.0,0.0,,,,,,,,,,
XSP,nav10000_S1,R4-2.0,903,0,0.0,0.0,0.0,0.0,,,,,,,0.0,0.0,None,None,0.0,0.0,0.0,0.0,,,,0.0,0.0,0.0,,,,,,,,,,
XSP,nav50000_S0,B0,903,0,0.0,0.0,0.0,0.0,,,,,,,0.0,0.0,None,None,0.0,0.0,0.0,0.0,,,,0.0,0.0,0.0,,,,,,,,,,
XSP,nav50000_S0,R0,903,457,0.5060908084163898,10.627906976744185,742.0700000000235,0.82178294573646,0.3494713007695468,5.510910351084354,0.9824945295404814,6.165456570155907,-253.27749999999727,0.07435448577680526,989.239999999998,0.01978479999999996,2025-11-20,2025-11-20,-989.2400000000001,17.76,-947.5000000000001,-840.9200000000001,-89.7218181818172,-449.7149999999982,2.5578449472420774,-1898.0999999999883,0.7769,0.7822,0.7016615730609053,0.014674327445505333,1.0000000000000022,0.0198848,0.0199248,0.0199248,1000.0,1000.0,1000.0,1.0
XSP,nav50000_S0,B2-EDGE,903,181,0.20044296788482835,4.209302325581396,928.6100000000046,1.02836101882614,2.479862012216428,44.48684964729286,0.9834254143646409,6.515898876404494,-77.07333333333182,0.077292817679558,164.94000000000233,0.0032988000000000466,2025-02-21,2025-02-21,-164.9400000000012,17.61,-150.42000000000118,-95.0100000000012,-23.217777777777275,-164.9400000000012,0.24899581094323164,-231.21999999999548,0.9999,1.0,0.9655482756648418,0.6940159245845441,0.9999999999999931,0.0198848,0.0199248,0.0199248,1000.0,1000.0,1000.0,1.0
XSP,nav50000_S0,B2-TS,903,346,0.3831672203765227,8.046511627906977,606.2100000000099,0.671328903654496,0.3063122669151744,4.816178600736018,0.9884393063583815,5.950204678362578,-357.18999999999795,0.07222543352601157,998.3599999999933,0.019967199999999866,2025-11-20,2026-02-12,-989.2400000000001,17.76,-956.2600000000001,-849.6800000000001,-81.16941176470539,-473.9399999999982,2.356873030797856,-1428.7599999999916,0.7525,0.7522,0.6779754408969538,0.012692980135777443,0.9908650186305609,0.0198848,0.0199248,0.0199248,1000.0,1000.0,1000.0,1.0
XSP,nav50000_S0,R1,903,498,0.5514950166112956,11.581395348837209,-1953.0699999999451,-2.1628682170542026,-0.6109183236401529,-9.859960738850555,0.9538152610441767,7.844210526315801,-246.91608695651956,0.0984136546184739,2609.779999999948,0.05219559999999896,2023-01-18,2026-02-12,-989.2400000000001,48.76,-945.9600000000002,-839.3800000000001,-236.4837499999979,-679.1274999999983,,-3139.6499999999846,0.112,0.1039,0.07120575658676731,4.186107053342087e-09,0.379051107756217,0.019864800000000002,0.0199248,0.0199248,1000.0,1000.0,1100.0,1.0
XSP,nav50000_S0,R2-A,903,457,0.5060908084163898,10.627906976744185,742.0700000000235,0.82178294573646,0.3494713007695468,5.510910351084354,0.9824945295404814,6.165456570155907,-253.27749999999727,0.07435448577680526,989.239999999998,0.01978479999999996,2025-11-20,2025-11-20,-989.2400000000001,17.76,-947.5000000000001,-840.9200000000001,-89.7218181818172,-449.7149999999982,2.5578449472420774,-1898.0999999999883,0.7769,0.7822,0.7016615730609053,0.014674327445505333,1.0000000000000022,0.0198848,0.0199248,0.0199248,1000.0,1000.0,1000.0,1.0
XSP,nav50000_S0,R2-B,903,391,0.4330011074197121,9.093023255813954,462.6600000000188,0.5123588039867317,0.21894013013602617,3.4116215518232513,0.9820971867007673,6.223020833333339,-275.2828571428547,0.07496163682864451,1019.0999999999913,0.020381999999999824,2025-11-20,2026-02-12,-989.2400000000001,17.76,-958.9600000000002,-852.3800000000001,-99.06105263157804,-544.6399999999973,4.021743829161616,-1860.6999999999884,0.6995,0.7059,0.6397713894508935,0.005157572002153047,0.9706996369345585,0.0198848,0.0199248,0.0199248,1000.0,1000.0,1000.0,1.0
XSP,nav50000_S0,R3,903,604,0.6688815060908084,14.046511627906977,-40.05999999993753,-0.04436323366549007,-0.014301736399866259,-0.3561548222674978,0.9602649006622517,7.787758620689658,-189.8733333333308,0.09201986754966887,1123.5399999999863,0.022470799999999725,2025-11-20,2026-02-12,-989.2400000000001,34.760000000000005,-915.5000000000001,-808.9200000000001,-151.1666666666646,-521.073333333331,,-2792.099999999982,0.5205,0.533,0.4891409046704399,0.000300395781926692,0.8804670950745075,0.019864800000000002,0.0199248,0.0199248,1000.0,1000.0,1000.0,1.0
XSP,nav50000_S0,R4-1.0,903,80,0.08859357696567,1.8604651162790697,486.99999999999886,0.5393133997785148,1.4072210371641924,24.777010068041637,0.9875,8.252405063291139,-164.9400000000012,0.09462499999999999,164.94000000000233,0.0032988000000000466,2025-02-21,2025-02-21,-164.9400000000012,17.76,-150.42000000000118,-100.7700000000012,-38.415000000000305,-164.9400000000012,0.33868583162217986,-164.9400000000012,0.9942,0.9959,0.904543746765292,0.36159539926277007,0.9999999999999931,0.019826299999999998,0.0199248,0.0199248,1000.0,1000.0,1000.0,1.0
XSP,nav50000_S0,R4-1.5,903,45,0.04983388704318937,1.0465116279069768,414.85,0.45941306755260247,3.3477247349439647,,1.0,9.218888888888888,,0.1048888888888889,0.0,0.0,None,None,3.76,17.76,0.0,0.0,4.26,3.76,-0.0,0.0,1.0,1.0,1.0,0.999999999294369,,0.0198078,0.0199048,0.0199248,1000.0,1000.0,1000.0,1.0
XSP,nav50000_S0,R4-2.0,903,25,0.02768549280177187,0.5813953488372093,279.25,0.3092469545957918,2.5450691901031055,,1.0,11.17,,0.12440000000000001,0.0,0.0,None,None,4.76,17.76,0.0,0.0,4.76,4.76,-0.0,0.0,1.0,1.0,1.0,0.9982264795062019,,0.0197478,0.0198848,0.0199048,1000.0,1000.0,1000.0,1.0
XSP,nav50000_S1,B0,903,0,0.0,0.0,0.0,0.0,,,,,,,0.0,0.0,None,None,0.0,0.0,0.0,0.0,,,,0.0,0.0,0.0,,,,,,,,,,
XSP,nav50000_S1,R0,903,285,0.31561461794019935,6.627906976744186,759.6000000000265,0.8411960132890659,0.2916577824536449,4.574025521814441,0.9859649122807017,11.241708185053394,-599.8299999999945,0.06824561403508772,1208.359999999986,0.024167199999999722,2025-11-20,2026-02-12,-988.78,33.72,-936.2,-817.8199999999999,-166.4871428571411,-872.1799999999984,3.1586624539229775,-2399.3199999999774,0.7435,0.7441,0.6819460315674688,0.00759136897753431,0.8182826310040149,0.019799600000000004,0.0198556,0.0198616,1000.0,1000.0,1000.0,2.0
XSP,nav50000_S1,B2-EDGE,903,123,0.1362126245847176,2.86046511627907,1305.1600000000058,1.4453599114064295,3.9123809777256766,92.92856915924224,0.991869918699187,11.66672131147541,-118.17999999999435,0.07008130081300813,118.17999999999302,0.0023635999999998603,2024-03-08,2024-03-08,-118.17999999999435,25.220000000000002,-108.15999999999435,-108.15999999999435,-13.729999999999059,-118.17999999999435,0.09054828526770191,-118.17999999999435,1.0,1.0,0.9987597586582073,0.9497755566764601,1.0000000000000113,0.019799600000000004,0.0198556,0.0198616,1000.0,1000.0,1000.0,2.0
XSP,nav50000_S1,B2-TS,903,203,0.2248062015503876,4.72093023255814,715.4600000000175,0.7923145071982476,0.3320261416960759,5.245436698631186,0.9901477832512315,11.149353233830865,-762.7799999999933,0.06793103448275864,1242.7999999999884,0.024855999999999767,2025-11-20,2026-02-12,-988.78,33.72,-947.42,-829.04,-147.14999999999822,-762.7799999999933,2.132278534089885,-1525.5599999999865,0.769,0.7693,0.6935772093306667,0.013228821323408546,0.7956066945606769,0.019805600000000003,0.0198556,0.0198616,1000.0,1000.0,1000.0,2.0
XSP,nav50000_S1,R1,903,366,0.4053156146179402,8.511627906976743,-4024.3799999999146,-4.456677740863693,-0.8190642850918616,-13.172404838619839,0.9453551912568307,14.942832369942224,-459.7299999999962,0.09480874316939891,4761.379999999932,0.09522759999999864,2023-01-18,2026-03-26,-988.78,83.22,-1242.7199999999998,-1364.5600000000047,-509.40777777777356,-971.1133333333333,,-4570.499999999978,0.046,0.0444,0.021737475471356505,6.481690027159454e-11,0.20766668486867548,0.019765599999999998,0.0198556,0.0198616,1000.0,1000.0,1000.0,2.0
XSP,nav50000_S1,R2-A,903,285,0.31561461794019935,6.627906976744186,759.6000000000265,0.8411960132890659,0.2916577824536449,4.574025521814441,0.9859649122807017,11.241708185053394,-599.8299999999945,0.06824561403508772,1208.359999999986,0.024167199999999722,2025-11-20,2026-02-12,-988.78,33.72,-936.2,-817.8199999999999,-166.4871428571411,-872.1799999999984,3.1586624539229775,-2399.3199999999774,0.7435,0.7441,0.6819460315674688,0.00759136897753431,0.8182826310040149,0.019799600000000004,0.0198556,0.0198616,1000.0,1000.0,1000.0,2.0
XSP,nav50000_S1,R2-B,903,246,0.2724252491694352,5.72093023255814,329.7200000000265,0.36513842746403824,0.12675798356217058,1.9166144088651877,0.983739837398374,11.277024793388449,-599.8299999999945,0.06845528455284554,1252.2199999999866,0.02504439999999973,2025-11-20,2026-02-12,-988.78,33.72,-945.12,-826.74,-195.43833333333123,-872.1799999999984,7.2768409559619815,-2399.3199999999774,0.63,0.6284,0.5884907439722336,0.0016848799589841003,0.7896216319816091,0.019799600000000004,0.0198556,0.0198616,1000.0,1000.0,1000.0,2.0
XSP,nav50000_S1,R3,903,447,0.4950166112956811,10.395348837209303,-938.1599999999054,-1.0389368770763072,-0.21930851912057442,-3.7094758127437264,0.9552572706935123,14.818829039812657,-363.2899999999955,0.08778523489932888,2264.359999999935,0.0452871999999987,2023-01-18,2024-04-30,-988.78,51.72,-934.4199999999998,-1241.3400000000047,-330.06181818181386,-903.0549999999946,,-4367.799999999976,0.339,0.3588,0.3274805784696705,2.148442318836256e-05,0.42673426486955596,0.0197596,0.0198396,0.0198616,1000.0,1000.0,1000.0,2.0
XSP,nav50000_S1,R4-1.0,903,52,0.05758582502768549,1.2093023255813953,743.94,0.8238538205980067,3.604698215836124,,1.0,14.306538461538462,,0.08423076923076923,0.0,0.0,None,None,6.919999999999998,33.72,0.0,0.0,7.069999999999999,6.919999999999998,-0.0,0.0,1.0,1.0,1.0,0.9999999999985367,,0.019747599999999997,0.0198556,0.0198616,1000.0,1000.0,1000.0,2.0
XSP,nav50000_S1,R4-1.5,903,28,0.031007751937984496,0.6511627906976745,461.96,0.5115836101882614,2.660560309598288,,1.0,16.49857142857143,,0.09535714285714288,0.0,0.0,None,None,8.02,33.72,0.0,0.0,8.02,8.02,-0.0,0.0,1.0,1.0,1.0,0.9996359776278435,,0.019690600000000003,0.0198312,0.0198396,1000.0,1000.0,1000.0,2.0
XSP,nav50000_S1,R4-2.0,903,12,0.013289036544850499,0.27906976744186046,250.64,0.27756367663344406,1.7872295091301416,,1.0,20.886666666666667,,0.11750000000000001,0.0,0.0,None,None,12.019999999999998,33.72,0.0,0.0,,,-0.0,0.0,0.9999,1.0,0.999999999996202,0.4983325065474561,,0.0195756,0.0197244,0.0197596,1000.0,1000.0,1000.0,2.0
XSP,nav10000_S1_FRACTIONAL,B0,903,0,0.0,0.0,0.0,0.0,,,,,,,0.0,0.0,None,None,0.0,0.0,0.0,0.0,,,,0.0,0.0,0.0,,,,,,,,,,
XSP,nav10000_S1_FRACTIONAL,R0,903,285,0.31561461794019935,6.627906976744186,141.8778677482456,0.1571183474509918,0.2697473771861486,4.218944799424163,0.9859649122807017,2.229272837011101,-121.13694986296841,0.06824561403508772,244.7075332928962,0.024470753329289618,2025-11-20,2026-02-12,-200.00000000000003,6.936511878155781,-189.31492312196806,-165.28637935069463,-33.623998687976076,-176.18088021924842,3.4152458529449907,-484.54779945187363,0.7312,0.7305,0.6708602526394459,0.006388583533722981,0.8173021782726049,0.02,0.020000000000000004,0.020000000000000004,201.922300298845,204.33601013506612,206.93651187815578,0.4044716740576259
XSP,nav10000_S1_FRACTIONAL,B2-EDGE,903,123,0.1362126245847176,2.86046511627907,258.5649309205983,0.2863399013517146,3.8519132432578385,90.96957294297984,0.991869918699187,2.3154162138632874,-23.915847170722703,0.07008130081300813,23.915847170721463,0.0023915847170721464,2024-03-08,2024-03-08,-23.915847170722703,5.174500913026529,-21.993546871877697,-21.993546871877697,-2.784032858463952,-23.915847170722703,0.09249455092603773,-23.915847170722703,1.0,1.0,0.9985821704828448,0.9451082163189506,1.0000000000000517,0.02,0.020000000000000004,0.020000000000000004,201.922300298845,204.33601013506612,205.1745009130265,0.4046178239653261
XSP,nav10000_S1_FRACTIONAL,B2-TS,903,203,0.2248062015503876,4.72093023255814,135.65478786733922,0.15022678612108442,0.31150506111572035,4.91254910690135,0.9901477832512315,2.208581988606932,-154.13509592132704,0.06793103448275864,251.7229653862487,0.025172296538624867,2025-11-20,2026-02-12,-200.00000000000003,6.936511878155781,-191.58438650108172,-167.5558427298083,-29.736737702411762,-154.13509592132704,2.272460830089687,-308.27019184265407,0.7581,0.758,0.6845407015441739,0.011372435916408349,0.7945242488825606,0.02,0.020000000000000004,0.020000000000000004,201.922300298845,204.39239424382305,206.93651187815578,0.40445006969624725
XSP,nav10000_S1_FRACTIONAL,R1,903,366,0.4053156146179402,8.511627906976743,-910.8787543522853,-1.008725087876285,-0.8742757998664672,-14.02801728867543,0.9453551912568307,3.0078833740024904,-97.58032008785736,0.09480874316939891,1058.3126720084038,0.10583126720084038,2023-01-18,2026-03-26,-200.00000000000003,18.154846309910777,-267.41895550647337,-276.53958166922337,-108.12853034882963,-200.0,,-974.0990066496968,0.0352,0.0332,0.013971877499877668,1.0841885910913462e-11,0.18898006731833963,0.02,0.020000000000000004,0.020000000000000004,202.3308514082227,206.93651187815578,268.42755140387607,0.40683843720938695
XSP,nav10000_S1_FRACTIONAL,R2-A,903,285,0.31561461794019935,6.627906976744186,141.8778677482456,0.1571183474509918,0.2697473771861486,4.218944799424163,0.9859649122807017,2.229272837011101,-121.13694986296841,0.06824561403508772,244.7075332928962,0.024470753329289618,2025-11-20,2026-02-12,-200.00000000000003,6.936511878155781,-189.31492312196806,-165.28637935069463,-33.623998687976076,-176.18088021924842,3.4152458529449907,-484.54779945187363,0.7312,0.7305,0.6708602526394459,0.006388583533722981,0.8173021782726049,0.02,0.020000000000000004,0.020000000000000004,201.922300298845,204.33601013506612,206.93651187815578,0.4044716740576259
XSP,nav10000_S1_FRACTIONAL,R2-B,903,246,0.2724252491694352,5.72093023255814,56.82120255160392,0.06292491976921807,0.10816421398591743,1.616561593071358,0.983739837398374,2.2370619917499073,-121.13694986296841,0.06845528455284554,253.57985283851485,0.025357985283851487,2025-11-20,2026-02-12,-200.00000000000003,6.936511878155781,-191.1149796259839,-167.08643585471046,-39.470415386111426,-176.18088021924842,8.527587901924756,-484.54779945187363,0.6153,0.6145,0.5764230576035817,0.0013763797354129305,0.7887061916049157,0.02,0.020000000000000004,0.020000000000000004,201.922300298845,204.33601013506612,206.93651187815578,0.4044890803903663
XSP,nav10000_S1_FRACTIONAL,R3,903,447,0.4950166112956811,10.395348837209303,-212.06527381152728,-0.23484526446459278,-0.24314046624275568,-4.093552785849469,0.9552572706935123,2.974686544077005,-74.11282140662041,0.08778523489932888,471.97854257913787,0.047197854257913785,2023-01-18,2024-04-30,-200.00000000000003,10.863697705802968,-193.59641053705587,-251.5167377354347,-67.33365771588427,-184.54332274343926,,-890.5350514122539,0.3192,0.3414,0.308667427132228,1.4934406973816658e-05,0.4237480774170268,0.02,0.020000000000000004,0.020000000000000004,202.3308514082227,206.93651187815578,215.80094520814004,0.4061147687187001
XSP,nav10000_S1_FRACTIONAL,R4-1.0,903,52,0.05758582502768549,1.2093023255813953,149.75804812234577,0.16584501453194436,3.582602150082402,,1.0,2.8799624638912644,,0.08423076923076923,0.0,0.0,None,None,1.3936440165948358,6.936511878155781,0.0,0.0,1.424072758715436,1.3936440165948358,-0.0,0.0,1.0,1.0,1.0,0.9999999999978526,,0.02,0.020000000000000004,0.020000000000000004,202.50513668325564,204.7827047399623,206.93651187815578,0.4057599249277825
XSP,nav10000_S1_FRACTIONAL,R4-1.5,903,28,0.031007751937984496,0.6511627906976745,93.45807926762106,0.10349731923324591,2.648950167764742,,1.0,3.3377885452721805,,0.09535714285714288,0.0,0.0,None,None,1.5153957762373043,6.936511878155781,0.0,0.0,1.5153957762373043,1.5153957762373043,-0.0,0.0,1.0,1.0,1.0,0.9995860537661893,,0.02,0.020000000000000004,0.020000000000000004,203.12198962207725,204.79528591297768,206.93651187815578,0.4066755770905444
XSP,nav10000_S1_FRACTIONAL,R4-2.0,903,12,0.013289036544850499,0.27906976744186046,51.03650910506589,0.05651883621823465,1.7836005542617788,,1.0,4.253042425422158,,0.11750000000000001,0.0,0.0,None,None,2.330851408222726,6.936511878155781,0.0,0.0,,,-0.0,0.0,0.9999,1.0,0.999999999996091,0.4927770037698777,,0.02,0.02,0.020000000000000004,204.33601013506612,205.7709469763351,206.93651187815578,0.40850608485084433
XSP,nav25000_S1_FRACTIONAL,B0,903,0,0.0,0.0,0.0,0.0,,,,,,,0.0,0.0,None,None,0.0,0.0,0.0,0.0,,,,0.0,0.0,0.0,,,,,,,,,,
XSP,nav25000_S1,B0,903,0,0.0,0.0,0.0,0.0,,,,,,,0.0,0.0,None,None,0.0,0.0,0.0,0.0,,,,0.0,0.0,0.0,,,,,,,,,,
XSP,nav25000_S1_FRACTIONAL,R0,903,285,0.31561461794019935,6.627906976744186,389.26295192720727,0.4310774661430867,0.29605616006789354,4.644411557870058,0.9859649122807017,5.693511629262384,-302.6534539738808,0.06824561403508772,609.4972999987003,0.024379891999948014,2025-11-20,2026-02-12,-499.9999999999999,17.444747951328534,-473.28730780492,-413.2159483767364,-84.0060193817858,-440.32625342576085,3.1100155046913107,-1210.613815895523,0.7455,0.7466,0.6840996634490188,0.007859693596881219,0.820348178738554,0.019995945178817618,0.02,0.020000000000000004,504.8057507471124,510.8400253376653,517.3412796953894,1.011179185144065
XSP,nav25000_S1,R0,903,285,0.31561461794019935,6.627906976744186,345.55000000001326,0.3826688815061055,0.26533858008577,4.148505475065245,0.9859649122807017,5.501637010676164,-300.10249999999724,0.06824561403508772,606.429999999993,0.024257199999999722,2025-11-20,2026-02-12,-494.39,16.76,-468.1,-408.90999999999997,-83.29714285714196,-436.2149999999992,3.473911156127746,-1200.4099999999887,0.7292,0.7279,0.6686032827553663,0.00615933495771383,0.8152466071929253,0.019809600000000004,0.0198556,0.0198616,500.0,500.0,500.0,1.0
XSP,nav25000_S1_FRACTIONAL,B2-EDGE,903,123,0.1362126245847176,2.86046511627907,661.6031145231335,0.7326723305904026,3.919618464314764,93.5094614761605,0.991869918699187,5.910990477091968,-59.53772368208647,0.07008130081300813,59.537723682085925,0.002381508947283437,2024-03-08,2024-03-08,-59.53772368208647,12.936252282566322,-54.479570059600405,-54.479570059600405,-6.918099772039835,-59.53772368208647,0.08999008979121831,-59.53772368208647,1.0,1.0,0.9988508708931181,0.9513150631729884,1.000000000000009,0.019995945178817618,0.02,0.020000000000000004,504.8057507471124,510.8400253376653,512.9362522825662,1.0115445599133153
XSP,nav25000_S1,B2-EDGE,903,123,0.1362126245847176,2.86046511627907,637.5300000000027,0.7060132890365478,3.8444596158940594,90.39511739307227,0.991869918699187,5.712049180327869,-59.339999999997175,0.07008130081300813,59.340000000000146,0.0023736000000000057,2024-03-08,2024-03-08,-59.339999999997175,12.610000000000001,-54.57999999999718,-54.57999999999718,-6.906666666666196,-59.339999999997175,0.09307797280127511,-59.339999999997175,1.0,1.0,0.9984734420591814,0.9434432664230616,0.9999999999999499,0.019809600000000004,0.0198556,0.0198616,500.0,500.0,500.0,1.0
XSP,nav25000_S1_FRACTIONAL,B2-TS,903,203,0.2248062015503876,4.72093023255814,364.66884080213595,0.4038414626823211,0.3349151637719388,5.291671315181198,0.9901477832512315,5.64722600081617,-385.2117926809574,0.06793103448275864,627.0358802320843,0.02508143520928337,2025-11-20,2026-02-12,-499.9999999999999,17.444747951328534,-478.9609662527041,-418.8896068245205,-74.31665483155737,-385.2117926809574,2.112666340417978,-770.4235853619148,0.7707,0.7711,0.6947918599616291,0.013519711479165475,0.7974025343094167,0.019995945178817618,0.02,0.020000000000000004,504.8057507471124,510.9809856095576,517.3412796953894,1.011125174240618
XSP,nav25000_S1,B2-TS,903,203,0.2248062015503876,4.72093023255814,332.4300000000087,0.3681395348837306,0.3085820537470153,4.865849527063077,0.9901477832512315,5.450049751243791,-381.51499999999663,0.06793103448275864,623.6499999999942,0.024945999999999767,2025-11-20,2026-02-12,-494.39,16.76,-473.71,-414.52,-73.59999999999911,-381.51499999999663,2.295310290888227,-763.0299999999933,0.7558,0.7562,0.6832549429045975,0.011112842785608186,0.7927363104305373,0.019809600000000004,0.0198556,0.0198616,500.0,500.0,500.0,1.0
XSP,nav25000_S1_FRACTIONAL,R1,903,366,0.4053156146179402,8.511627906976743,-2233.7334321266653,-2.473680434248799,-0.8576389555056921,-13.771407635596162,0.9453551912568307,7.637848379722102,-243.8214485755256,0.09480874316939891,2608.482018066592,0.10433928072266369,2023-01-18,2026-03-26,-499.99999999999994,45.38711577477694,-668.1920262655241,-690.0348154784555,-270.1973536228804,-499.96551058135356,,-2434.9370976769183,0.0377,0.0368,0.01605847260745928,1.9039522376756624e-11,0.1916823641247871,0.01999592867030372,0.02,0.020000000000000004,505.82712852055676,517.3412796953894,671.0688785096902,1.0170960930234674
XSP,nav25000_S1,R1,903,366,0.4053156146179402,8.511627906976743,-2055.1399999999576,-2.2759025470652907,-0.8364910803133446,-13.442099364149346,0.9453551912568307,7.354653179190764,-229.9924999999981,0.09480874316939891,2417.539999999961,0.09670159999999843,2023-01-18,2026-03-26,-494.39,41.61,-621.7099999999999,-683.5800000000024,-254.826111111109,-485.6233333333333,,-2285.6499999999887,0.0411,0.0391,0.018976778279696068,3.7022655291456436e-11,0.2045012698859204,0.019769600000000002,0.0198556,0.0198616,500.0,500.0,500.0,1.0
XSP,nav25000_S1_FRACTIONAL,R2-A,903,285,0.31561461794019935,6.627906976744186,389.26295192720727,0.4310774661430867,0.29605616006789354,4.644411557870058,0.9859649122807017,5.693511629262384,-302.6534539738808,0.06824561403508772,609.4972999987003,0.024379891999948014,2025-11-20,2026-02-12,-499.9999999999999,17.444747951328534,-473.28730780492,-413.2159483767364,-84.0060193817858,-440.32625342576085,3.1100155046913107,-1210.613815895523,0.7455,0.7466,0.6840996634490188,0.007859693596881219,0.820348178738554,0.019995945178817618,0.02,0.020000000000000004,504.8057507471124,510.8400253376653,517.3412796953894,1.011179185144065
XSP,nav25000_S1,R2-A,903,285,0.31561461794019935,6.627906976744186,345.55000000001326,0.3826688815061055,0.26533858008577,4.148505475065245,0.9859649122807017,5.501637010676164,-300.10249999999724,0.06824561403508772,606.429999999993,0.024257199999999722,2025-11-20,2026-02-12,-494.39,16.76,-468.1,-408.90999999999997,-83.29714285714196,-436.2149999999992,3.473911156127746,-1200.4099999999887,0.7292,0.7279,0.6686032827553663,0.00615933495771383,0.8152466071929253,0.019809600000000004,0.0198556,0.0198616,500.0,500.0,500.0,1.0
XSP,nav25000_S1_FRACTIONAL,R2-B,903,246,0.2724252491694352,5.72093023255814,171.72370334478097,0.19017021411382168,0.1307693454147128,1.9801286571367311,0.983739837398374,5.7121385092574535,-302.6534539738808,0.06845528455284554,631.7796753295152,0.025271187013180606,2025-11-20,2026-02-12,-499.9999999999999,17.444747951328534,-477.7874490649595,-417.71608963677596,-98.61306490409847,-440.32625342576085,7.049777009903484,-1210.613815895523,0.6323,0.6308,0.5910466305867156,0.0017594113449097403,0.7914151396833344,0.019995949280894727,0.02,0.020000000000000004,504.8057507471124,510.8400253376653,517.3412796953894,1.0112227009759158
XSP,nav25000_S1,R2-B,903,246,0.2724252491694352,5.72093023255814,135.4600000000131,0.15001107419713522,0.10414248318960521,1.5529648621656202,0.983739837398374,5.5201239669421565,-300.10249999999724,0.06845528455284554,628.2599999999911,0.025130399999999643,2025-11-20,2026-02-12,-494.39,16.76,-472.56,-413.37,-97.78166666666561,-436.2149999999992,8.861730400117175,-1200.4099999999887,0.6123,0.6114,0.5737755629454164,0.0013153756991999077,0.7869194282621955,0.019809600000000004,0.0198556,0.0198616,500.0,500.0,500.0,1.0
XSP,nav25000_S1_FRACTIONAL,R3,903,447,0.4950166112956811,10.395348837209303,-475.9065642324645,-0.5270283103349551,-0.2182715032816476,-3.6970980549100045,0.9552572706935123,7.556896694535869,-185.13507263996402,0.08778523489932888,1150.8386736262692,0.04603354694505077,2023-01-18,2024-04-30,-499.9999999999999,27.26467611336032,-483.6356638419804,-626.4108678114044,-168.20052531099523,-461.2814424540715,,-2225.778276667808,0.3387,0.3589,0.32829773958010056,2.1809550294040422e-05,0.4343758540620617,0.01999592867030372,0.02,0.020000000000000004,505.82712852055676,517.3412796953894,539.50236302035,1.0152869217967502
XSP,nav25000_S1,R3,903,447,0.4950166112956811,10.395348837209303,-522.6799999999532,-0.5788261351051531,-0.2443523390634097,-4.108683272038637,0.9552572706935123,7.290679156908671,-181.78999999999775,0.08778523489932888,1160.8799999999683,0.04643519999999873,2023-01-18,2024-04-30,-494.39,25.76,-467.55999999999995,-623.0200000000024,-165.1627272727251,-451.6024999999973,,-2184.4499999999875,0.3188,0.3408,0.30772088457416324,1.466450568559566e-05,0.4162704155468379,0.019769600000000002,0.019849600000000002,0.0198616,500.0,500.0,500.0,1.0
XSP,nav25000_S1_FRACTIONAL,R4-1.0,903,52,0.05758582502768549,1.2093023255813953,378.28959588055443,0.4189253553494512,3.594759116737464,,1.0,7.274799920779893,,0.08423076923076923,0.0,0.0,None,None,3.484110041487089,17.444747951328534,0.0,0.0,3.56018189678859,3.484110041487089,-0.0,0.0,1.0,1.0,1.0,0.9999999999982075,,0.019999999999999997,0.02,0.020000000000000004,506.26284170813915,511.9567618499058,517.3412796953894,1.0143998123194562
XSP,nav25000_S1,R4-1.0,903,52,0.05758582502768549,1.2093023255813953,368.12,0.40766334440753044,3.592587305493927,,1.0,7.07923076923077,,0.08423076923076923,0.0,0.0,None,None,3.459999999999999,16.76,0.0,0.0,3.5349999999999997,3.459999999999999,-0.0,0.0,1.0,1.0,1.0,0.9999999999982488,,0.019752600000000002,0.0198556,0.0198616,500.0,500.0,500.0,1.0
XSP,nav25000_S1_FRACTIONAL,R4-1.5,903,28,0.031007751937984496,0.6511627906976745,235.36827163545826,0.2606514636051586,2.654505029017683,,1.0,8.406009701266365,,0.09535714285714288,0.0,0.0,None,None,4.040383685313557,17.444747951328534,0.0,0.0,4.040383685313557,4.040383685313557,-0.0,0.0,1.0,1.0,1.0,0.9996094952880443,,0.019999999999999997,0.02,0.020000000000000004,507.80497405519316,511.9882147824442,517.3412796953894,1.016688942726361
XSP,nav25000_S1,R4-1.5,903,28,0.031007751937984496,0.6511627906976745,229.27999999999997,0.25390919158361014,2.6550029351803377,,1.0,8.18857142857143,,0.09535714285714288,0.0,0.0,None,None,3.76,16.76,0.0,0.0,3.76,3.76,-0.0,0.0,1.0,1.0,1.0,0.9996140781709894,,0.0196926,0.019837700000000003,0.019849600000000002,500.0,500.0,500.0,1.0
XSP,nav25000_S1_FRACTIONAL,R4-2.0,903,12,0.013289036544850499,0.27906976744186046,128.15184647675392,0.1419178809266378,1.7847219569701787,,1.0,10.679320539729494,,0.11750000000000001,0.0,0.0,None,None,6.080042084817091,17.444747951328534,0.0,0.0,,,-0.0,0.0,0.9999,1.0,0.9999999999961292,0.494495232090103,,0.02,0.02,0.02,510.8400253376653,514.4273674408378,517.3412796953894,1.0212652121271109
XSP,nav25000_S1,R4-2.0,903,12,0.013289036544850499,0.27906976744186046,124.77000000000001,0.13817275747508306,1.7860940480334786,,1.0,10.397499999999999,,0.11750000000000001,0.0,0.0,None,None,5.759999999999999,16.76,0.0,0.0,,,-0.0,0.0,0.9999,1.0,0.999999999996165,0.4965959214739268,,0.0195756,0.0197289,0.019769600000000002,500.0,500.0,500.0,1.0
XSP,nav50000_S1_FRACTIONAL,B0,903,0,0.0,0.0,0.0,0.0,,,,,,,0.0,0.0,None,None,0.0,0.0,0.0,0.0,,,,0.0,0.0,0.0,,,,,,,,,,
XSP,nav50000_S1_FRACTIONAL,R0,903,285,0.31561461794019935,6.627906976744186,778.5259038544145,0.8621549322861733,0.29605616006789354,4.644411557870058,0.9859649122807017,11.387023258524769,-605.3069079477616,0.06824561403508772,1218.9945999974007,0.024379891999948014,2025-11-20,2026-02-12,-999.9999999999998,34.88949590265707,-946.57461560984,-826.4318967534728,-168.0120387635716,-880.6525068515217,3.1100155046913107,-2421.227631791046,0.7455,0.7466,0.6840996634490188,0.007859693596881219,0.820348178738554,0.019995945178817618,0.02,0.020000000000000004,1009.6115014942249,1021.6800506753306,1034.6825593907788,2.02235837028813
XSP,nav50000_S1_FRACTIONAL,B2-EDGE,903,123,0.1362126245847176,2.86046511627907,1323.206229046267,1.4653446611808052,3.919618464314764,93.5094614761605,0.991869918699187,11.821980954183935,-119.07544736417294,0.07008130081300813,119.07544736417185,0.002381508947283437,2024-03-08,2024-03-08,-119.07544736417294,25.872504565132644,-108.95914011920081,-108.95914011920081,-13.83619954407967,-119.07544736417294,0.08999008979121831,-119.07544736417294,1.0,1.0,0.9988508708931181,0.9513150631729884,1.000000000000009,0.019995945178817618,0.02,0.020000000000000004,1009.6115014942249,1021.6800506753306,1025.8725045651324,2.0230891198266305
XSP,nav50000_S1_FRACTIONAL,B2-TS,903,203,0.2248062015503876,4.72093023255814,729.3376816042719,0.8076829253646421,0.3349151637719388,5.291671315181198,0.9901477832512315,11.29445200163234,-770.4235853619148,0.06793103448275864,1254.0717604641686,0.02508143520928337,2025-11-20,2026-02-12,-999.9999999999998,34.88949590265707,-957.9219325054082,-837.779213649041,-148.63330966311474,-770.4235853619148,2.112666340417978,-1540.8471707238295,0.7707,0.7711,0.6947918599616291,0.013519711479165475,0.7974025343094167,0.019995945178817618,0.02,0.020000000000000004,1009.6115014942249,1021.9619712191152,1034.6825593907788,2.022250348481236
XSP,nav50000_S1_FRACTIONAL,R1,903,366,0.4053156146179402,8.511627906976743,-4467.466864253331,-4.947360868497598,-0.8576389555056921,-13.771407635596162,0.9453551912568307,15.275696759444203,-487.6428971510512,0.09480874316939891,5216.964036133184,0.10433928072266369,2023-01-18,2026-03-26,-999.9999999999999,90.77423154955387,-1336.3840525310482,-1380.069630956911,-540.3947072457609,-999.9310211627071,,-4869.8741953538365,0.0377,0.0368,0.01605847260745928,1.9039522376756624e-11,0.1916823641247871,0.01999592867030372,0.02,0.020000000000000004,1011.6542570411135,1034.6825593907788,1342.1377570193804,2.0341921860469347
XSP,nav50000_S1_FRACTIONAL,R2-A,903,285,0.31561461794019935,6.627906976744186,778.5259038544145,0.8621549322861733,0.29605616006789354,4.644411557870058,0.9859649122807017,11.387023258524769,-605.3069079477616,0.06824561403508772,1218.9945999974007,0.024379891999948014,2025-11-20,2026-02-12,-999.9999999999998,34.88949590265707,-946.57461560984,-826.4318967534728,-168.0120387635716,-880.6525068515217,3.1100155046913107,-2421.227631791046,0.7455,0.7466,0.6840996634490188,0.007859693596881219,0.820348178738554,0.019995945178817618,0.02,0.020000000000000004,1009.6115014942249,1021.6800506753306,1034.6825593907788,2.02235837028813
XSP,nav50000_S1_FRACTIONAL,R2-B,903,246,0.2724252491694352,5.72093023255814,343.44740668956194,0.38034042822764336,0.1307693454147128,1.9801286571367311,0.983739837398374,11.424277018514907,-605.3069079477616,0.06845528455284554,1263.5593506590303,0.025271187013180606,2025-11-20,2026-02-12,-999.9999999999998,34.88949590265707,-955.574898129919,-835.4321792735519,-197.22612980819693,-880.6525068515217,7.049777009903484,-2421.227631791046,0.6323,0.6308,0.5910466305867156,0.0017594113449097403,0.7914151396833344,0.019995949280894727,0.02,0.020000000000000004,1009.6115014942249,1021.6800506753306,1034.6825593907788,2.0224454019518316
XSP,nav50000_S1_FRACTIONAL,R3,903,447,0.4950166112956811,10.395348837209303,-951.813128464929,-1.0540566206699102,-0.2182715032816476,-3.6970980549100045,0.9552572706935123,15.113793389071738,-370.27014527992804,0.08778523489932888,2301.6773472525383,0.04603354694505077,2023-01-18,2024-04-30,-999.9999999999998,54.52935222672064,-967.2713276839607,-1252.8217356228088,-336.40105062199046,-922.562884908143,,-4451.556553335616,0.3387,0.3589,0.32829773958010056,2.1809550294040422e-05,0.4343758540620617,0.01999592867030372,0.02,0.020000000000000004,1011.6542570411135,1034.6825593907788,1079.0047260407,2.0305738435935003
XSP,nav50000_S1_FRACTIONAL,R4-1.0,903,52,0.05758582502768549,1.2093023255813953,756.5791917611089,0.8378507106989024,3.594759116737464,,1.0,14.549599841559786,,0.08423076923076923,0.0,0.0,None,None,6.968220082974178,34.88949590265707,0.0,0.0,7.12036379357718,6.968220082974178,-0.0,0.0,1.0,1.0,1.0,0.9999999999982075,,0.019999999999999997,0.02,0.020000000000000004,1012.5256834162783,1023.9135236998115,1034.6825593907788,2.0287996246389124
XSP,nav50000_S1_FRACTIONAL,R4-1.5,903,28,0.031007751937984496,0.6511627906976745,470.7365432709165,0.5213029272103172,2.654505029017683,,1.0,16.81201940253273,,0.09535714285714288,0.0,0.0,None,None,8.080767370627115,34.88949590265707,0.0,0.0,8.080767370627115,8.080767370627115,-0.0,0.0,1.0,1.0,1.0,0.9996094952880443,,0.019999999999999997,0.02,0.020000000000000004,1015.6099481103863,1023.9764295648883,1034.6825593907788,2.033377885452722
XSP,nav50000_S1_FRACTIONAL,R4-2.0,903,12,0.013289036544850499,0.27906976744186046,256.30369295350783,0.2838357618532756,1.7847219569701787,,1.0,21.358641079458987,,0.11750000000000001,0.0,0.0,None,None,12.160084169634182,34.88949590265707,0.0,0.0,,,-0.0,0.0,0.9999,1.0,0.9999999999961292,0.494495232090103,,0.02,0.02,0.02,1021.6800506753306,1028.8547348816755,1034.6825593907788,2.0425304242542217
XSP,mincredit0.02,B0,903,0,0.0,0.0,0.0,0.0,,,,,,,0.0,0.0,None,None,0.0,0.0,0.0,0.0,,,,0.0,0.0,0.0,,,,,,,,,,
XSP,mincredit0.02,R0,903,781,0.8648947951273532,18.162790697674417,-1923.1899999999491,-2.1297785160575295,-0.8149109597914262,-13.044698510810605,0.9756722151088348,3.1407742782152255,-227.1821052631553,0.043994878361075546,2284.3899999999594,0.09137559999999838,2023-03-09,2026-06-05,-499.24000000000007,16.76,-496.4800000000001,-947.2200000000024,-110.28871794871665,-425.31857142857007,,-2284.9499999999935,0.0464,0.0377,0.020633292917911245,3.527939287488675e-11,0.21854411899894893,0.0198896,0.019969600000000004,0.019969600000000004,500.0,500.0,500.0,1.0
XSP,mincredit0.02,B2-EDGE,903,317,0.35105204872646734,7.372093023255814,195.3700000000232,0.2163565891473125,0.21862086053720775,3.437051291011591,0.9810725552050473,3.3148231511254016,-139.2566666666628,0.045615141955835964,361.8399999999965,0.014473599999999861,2026-06-05,2026-06-05,-361.83999999999764,12.610000000000001,-358.31999999999766,-344.87999999999766,-55.24666666666512,-254.30666666666343,4.249372984592752,-830.1999999999846,0.6959,0.6894,0.6429167991528575,0.004271815783548417,1.000000000000003,0.0198896,0.019969600000000004,0.019969600000000004,500.0,500.0,500.0,1.0
XSP,mincredit0.02,B2-TS,903,617,0.6832779623477298,14.348837209302326,-1009.1299999999667,-1.117530454042045,-0.5106174219893219,-8.268203872998328,0.9821717990275527,2.978646864686472,-255.83545454545163,0.04241491085899514,1387.7899999999681,0.055511599999998724,2023-07-27,2026-06-05,-499.24000000000007,16.76,-499.24000000000007,-468.9200000000001,-93.32499999999891,-392.91499999999706,,-2122.349999999991,0.1502,0.1303,0.1151990851763473,3.337135392373753e-08,0.359737424250075,0.0198896,0.019969600000000004,0.019969600000000004,500.0,500.0,500.0,1.0
XSP,mincredit0.02,R1,903,672,0.7441860465116279,15.627906976744185,-3565.6799999999344,-3.9487043189368043,-1.1854967430730676,-18.775265996313745,0.9568452380952381,4.84499222395024,-230.3796551724117,0.06620535714285715,3883.719999999874,0.15534879999999496,2023-01-18,2026-06-05,-499.24000000000007,41.61,-619.9499999999999,-1177.3000000000025,-202.36272727272544,-485.9816666666666,,-2454.35,0.0062,0.0046,0.0008660045433248726,1.9453837482485933e-15,0.12854685713697597,0.019849600000000002,0.019969600000000004,0.019969600000000004,500.0,500.0,600.0,1.0
XSP,mincredit0.02,R2-A,903,781,0.8648947951273532,18.162790697674417,-1923.1899999999491,-2.1297785160575295,-0.8149109597914262,-13.044698510810605,0.9756722151088348,3.1407742782152255,-227.1821052631553,0.043994878361075546,2284.3899999999594,0.09137559999999838,2023-03-09,2026-06-05,-499.24000000000007,16.76,-496.4800000000001,-947.2200000000024,-110.28871794871665,-425.31857142857007,,-2284.9499999999935,0.0464,0.0377,0.020633292917911245,3.527939287488675e-11,0.21854411899894893,0.0198896,0.019969600000000004,0.019969600000000004,500.0,500.0,500.0,1.0
XSP,mincredit0.02,R2-B,903,638,0.7065337763012182,14.837209302325581,-2197.1699999999537,-2.4331893687707127,-0.9350248599656557,-14.899544082906242,0.9717868338557993,3.2530645161290352,-234.1149999999975,0.045094043887147335,2511.119999999941,0.10044479999999763,2023-03-09,2026-06-05,-499.24000000000007,16.76,-496.4800000000001,-984.3000000000025,-135.61903225806304,-441.1316666666651,,-2284.9499999999935,0.0235,0.0184,0.006832539372680052,3.42735530371504e-13,0.1988116856223565,0.0198896,0.019969600000000004,0.019969600000000004,500.0,500.0,500.0,1.0
XSP,mincredit0.02,R3,903,830,0.9191583610188261,19.302325581395348,-2544.3999999999237,-2.8177187153930494,-0.890321470097274,-14.270351997735165,0.9614457831325302,4.794273182957397,-199.06968749999768,0.061867469879518085,2950.9599999998863,0.11803839999999545,2023-01-18,2026-06-05,-499.24000000000007,25.76,-494.96000000000004,-1111.4600000000025,-155.21560975609574,-449.58374999999796,,-2399.2499999999914,0.0272,0.0253,0.015534491758798416,4.373522828550391e-11,0.16917884349500478,0.019849600000000002,0.019969600000000004,0.019969600000000004,500.0,500.0,500.0,1.0
XSP,mincredit0.02,R4-1.0,903,66,0.07308970099667775,1.5348837209302326,232.9099999999988,0.25792912513842614,0.7026530238358546,11.754560170722474,0.9848484848484849,6.136153846153846,-165.9400000000012,0.0740909090909091,165.94000000000233,0.006637600000000093,2025-02-21,2025-02-21,-165.9400000000012,16.76,-155.5700000000012,-123.9800000000012,-54.140000000000406,-165.9400000000012,0.7124640419046071,-165.9400000000012,0.9262,0.9243,0.8001530774611385,0.09658949661282906,0.9999999999999931,0.0197756,0.0199296,0.0199296,500.0,500.0,500.0,1.0
XSP,mincredit0.02,R4-1.5,903,28,0.031007751937984496,0.6511627906976745,229.27999999999997,0.25390919158361014,2.6550029351803377,,1.0,8.18857142857143,,0.09535714285714288,0.0,0.0,None,None,3.76,16.76,0.0,0.0,3.76,3.76,-0.0,0.0,1.0,1.0,1.0,0.9996140781709894,,0.0196926,0.019837700000000003,0.019849600000000002,500.0,500.0,500.0,1.0
XSP,mincredit0.02,R4-2.0,903,12,0.013289036544850499,0.27906976744186046,124.77000000000001,0.13817275747508306,1.7860940480334786,,1.0,10.397499999999999,,0.11750000000000001,0.0,0.0,None,None,5.759999999999999,16.76,0.0,0.0,,,-0.0,0.0,0.9999,1.0,0.999999999996165,0.4965959214739268,,0.0195756,0.0197289,0.019769600000000002,500.0,500.0,500.0,1.0
XSP,mincredit0.1,B0,903,0,0.0,0.0,0.0,0.0,,,,,,,0.0,0.0,None,None,0.0,0.0,0.0,0.0,,,,0.0,0.0,0.0,,,,,,,,,,
XSP,mincredit0.1,R0,903,31,0.03433001107419712,0.7209302325581395,324.11000000000206,0.35892580287929354,2.923616426223968,,1.0,10.455161290322646,,0.12129032258064515,0.0,0.0,None,None,1.9100000000020014,16.76,0.0,0.0,1.9100000000020014,1.9100000000020014,-0.0,0.0,1.0,1.0,1.0,0.9999872811827268,,0.0195756,0.019655600000000002,0.019655600000000002,500.0,500.0,500.0,1.0
XSP,mincredit0.1,B2-EDGE,903,16,0.017718715393133997,0.37209302325581395,166.90999999999997,0.1848394241417497,2.1174808638320024,,1.0,10.431874999999998,,0.118125,0.0,0.0,None,None,8.61,12.610000000000001,0.0,0.0,,,-0.0,0.0,1.0,1.0,0.9999999999999988,0.8907759294049558,,0.0195756,0.019655600000000002,0.019655600000000002,500.0,500.0,500.0,1.0
XSP,mincredit0.1,B2-TS,903,24,0.026578073089700997,0.5581395348837209,251.540000000002,0.2785603543743101,2.5500108511847532,,1.0,10.480833333333416,,0.1225,0.0,0.0,None,None,1.9100000000020014,16.76,0.0,0.0,1.9100000000020014,1.9100000000020014,-0.0,0.0,1.0,1.0,1.0,0.997843542781541,,0.0195756,0.0196547,0.019655600000000002,500.0,500.0,500.0,1.0
XSP,mincredit0.1,R1,903,108,0.11960132890365449,2.511627906976744,-1319.9699999999746,-1.4617607973421645,-0.6950428662038491,-11.233267921427634,0.9074074074074074,13.29112244897964,-262.24999999999795,0.1717592592592593,1553.7499999999745,0.062149999999998984,2023-02-09,2026-03-26,-483.24,41.61,-625.4699999999999,-561.8799999999999,-416.53999999999724,-483.24,,-2082.699999999986,0.0847,0.0596,0.036215392080546596,6.882230116976953e-11,0.3110152855993615,0.0195326,0.019649600000000003,0.019655600000000002,500.0,500.0,600.0,1.0
XSP,mincredit0.1,R2-A,903,31,0.03433001107419712,0.7209302325581395,324.11000000000206,0.35892580287929354,2.923616426223968,,1.0,10.455161290322646,,0.12129032258064515,0.0,0.0,None,None,1.9100000000020014,16.76,0.0,0.0,1.9100000000020014,1.9100000000020014,-0.0,0.0,1.0,1.0,1.0,0.9999872811827268,,0.0195756,0.019655600000000002,0.019655600000000002,500.0,500.0,500.0,1.0
XSP,mincredit0.1,R2-B,903,28,0.031007751937984496,0.6511627906976745,293.980000000002,0.32555924695459804,2.7685440805942068,,1.0,10.499285714285786,,0.12214285714285714,0.0,0.0,None,None,1.9100000000020014,16.76,0.0,0.0,1.9100000000020014,1.9100000000020014,-0.0,0.0,1.0,1.0,1.0,0.9998698233424453,,0.0195756,0.019655600000000002,0.019655600000000002,500.0,500.0,500.0,1.0
XSP,mincredit0.1,R3,903,137,0.15171650055370986,3.186046511627907,114.07000000002245,0.12632336655594956,0.08379091215907206,1.2368177927981052,0.9416058394160584,12.488682170542653,-187.12124999999747,0.14313868613138686,704.6599999999817,0.02818639999999927,2023-02-09,2023-08-24,-483.24,25.76,-471.31999999999994,-396.7999999999918,-242.24833333333027,-483.24,11.936968528094296,-1361.6499999999842,0.6023,0.5444,0.5603974954597714,0.0009953451626949494,0.6857775381035004,0.0195356,0.019649600000000003,0.019655600000000002,500.0,500.0,500.0,1.0
XSP,mincredit0.1,R4-1.0,903,17,0.018826135105204873,0.3953488372093023,183.97,0.20373200442967884,2.1650916321460376,,1.0,10.821764705882355,,0.12176470588235293,0.0,0.0,None,None,8.61,16.76,0.0,0.0,,,-0.0,0.0,1.0,1.0,0.9999999999999998,0.921795819526489,,0.0195756,0.019655600000000002,0.019655600000000002,500.0,500.0,500.0,1.0
XSP,mincredit0.1,R4-1.5,903,13,0.014396456256921373,0.3023255813953488,142.38,0.15767441860465115,1.8873586740963078,,1.0,10.952307692307691,,0.12307692307692308,0.0,0.0,None,None,8.61,16.76,0.0,0.0,,,-0.0,0.0,1.0,1.0,0.9999999999995198,0.6459690413700258,,0.0195756,0.019652000000000003,0.019655600000000002,500.0,500.0,500.0,1.0
XSP,mincredit0.1,R4-2.0,903,10,0.01107419712070875,0.23255813953488372,111.39999999999998,0.12336655592469543,1.6486640290809906,,1.0,11.14,,0.125,0.0,0.0,None,None,8.61,16.76,0.0,0.0,,,-0.0,0.0,0.9999,0.9999,0.9999999998184662,0.2976914357792546,,0.0195756,0.0196529,0.019655600000000002,500.0,500.0,500.0,1.0
XSP,K1,B0,903,0,0.0,0.0,0.0,0.0,,,,,,,0.0,0.0,None,None,0.0,0.0,0.0,0.0,,,,0.0,0.0,0.0,,,,,,,,,,
XSP,K1,R0,903,285,0.31561461794019935,6.627906976744186,-26.899999999986676,-0.02978959025469178,-0.02066283153362587,-0.44767297098503733,0.9859649122807017,4.194377224199296,-301.3799999999972,0.06824561403508772,642.4599999999919,0.025698399999999674,2025-11-20,2026-02-12,-495.78,15.52,-475.19999999999993,-428.82,-84.66571428571334,-437.5299999999992,,-1205.5199999999888,0.5223,0.5114,0.4842220550704478,0.0002667309243297621,0.7716900663076398,0.019859200000000004,0.0199112,0.0199232,500.0,500.0,500.0,1.0
XSP,K1,B2-EDGE,903,123,0.1362126245847176,2.86046511627907,476.16000000000287,0.5273089700996709,3.1474505221149567,66.07141626919793,0.991869918699187,4.399508196721311,-60.57999999999717,0.07008130081300813,60.57999999999811,0.0024231999999999245,2024-03-08,2024-03-08,-60.57999999999717,11.220000000000002,-57.05999999999717,-57.05999999999717,-8.296666666666196,-60.57999999999717,0.12722614247311156,-60.57999999999717,1.0,1.0,0.9900500982473008,0.842641925556613,0.9999999999999846,0.019859200000000004,0.0199112,0.0199232,500.0,500.0,500.0,1.0
XSP,K1,B2-TS,903,203,0.2248062015503876,4.72093023255814,67.96000000000882,0.07526024363234642,0.06312086526907028,0.9127962119735377,0.9901477832512315,4.147363184079612,-382.82999999999663,0.06793103448275864,656.8999999999942,0.02627599999999977,2025-11-20,2026-02-12,-495.78,15.52,-479.41999999999996,-433.03999999999996,-74.98999999999913,-382.82999999999663,11.266333137137932,-765.6599999999933,0.5955,0.592,0.5454433712449106,0.0009039287678618607,0.7547267468412305,0.019859200000000004,0.0199112,0.0199232,500.0,500.0,500.0,1.0
XSP,K1,R1,903,367,0.4064230343300111,8.534883720930232,-2608.159999999958,-2.8883277962347265,-1.0378579124756828,-16.532492760453525,0.9455040871934605,6.071585014409235,-235.7499999999981,0.09520435967302451,2891.9599999999627,0.11567839999999852,2023-01-18,2026-03-26,-495.78,40.22,-627.12,-692.2600000000024,-261.08555555555347,-486.91333333333336,,-2349.1999999999916,0.0139,0.0129,0.0026676450128537066,1.6409223719520783e-14,0.17143390641641182,0.019819200000000002,0.0199112,0.0199232,500.0,500.0,600.0,1.0
XSP,K1,R2-A,903,285,0.31561461794019935,6.627906976744186,-26.899999999986676,-0.02978959025469178,-0.02066283153362587,-0.44767297098503733,0.9859649122807017,4.194377224199296,-301.3799999999972,0.06824561403508772,642.4599999999919,0.025698399999999674,2025-11-20,2026-02-12,-495.78,15.52,-475.19999999999993,-428.82,-84.66571428571334,-437.5299999999992,,-1205.5199999999888,0.5223,0.5114,0.4842220550704478,0.0002667309243297621,0.7716900663076398,0.019859200000000004,0.0199112,0.0199232,500.0,500.0,500.0,1.0
XSP,K1,R2-B,903,246,0.2724252491694352,5.72093023255814,-186.07999999998668,-0.20606866002213364,-0.14305809556009141,-2.4000984285044713,0.983739837398374,4.212561983471082,-301.3799999999972,0.06845528455284554,660.1199999999917,0.02640479999999967,2025-11-20,2026-02-12,-495.78,15.52,-478.11999999999995,-431.74,-99.14666666666557,-437.5299999999992,,-1205.5199999999888,0.4229,0.414,0.3840962239155141,3.457585575962203e-05,0.7510452644973735,0.019859200000000004,0.0199112,0.0199232,500.0,500.0,500.0,1.0
XSP,K1,R3,903,449,0.49723145071982283,10.44186046511628,-1073.0199999999531,-1.1882834994462383,-0.5013675540151401,-8.176045140330046,0.9532293986636972,6.049672897196267,-174.3942857142836,0.08810690423162584,1438.9199999999546,0.05755679999999819,2023-01-18,2026-03-26,-495.78,24.52,-472.81999999999994,-639.1400000000024,-166.44363636363425,-452.87999999999727,,-2190.7999999999874,0.1426,0.1573,0.1284492545385253,1.1230907561157543e-07,0.3445500792260971,0.019819200000000002,0.019899200000000002,0.0199232,500.0,500.0,500.0,1.0
XSP,K1,R4-1.0,903,52,0.05758582502768549,1.2093023255813953,298.24,0.3302768549280177,3.450865783493217,,1.0,5.735384615384616,,0.08423076923076923,0.0,0.0,None,None,1.919999999999999,15.52,0.0,0.0,2.0699999999999994,1.919999999999999,-0.0,0.0,1.0,1.0,1.0,0.9999999999746702,,0.019805200000000002,0.0199112,0.0199232,500.0,500.0,500.0,1.0
XSP,K1,R4-1.5,903,28,0.031007751937984496,0.6511627906976745,191.56,0.21213732004429678,2.586734105393726,,1.0,6.841428571428572,,0.09535714285714288,0.0,0.0,None,None,2.52,15.52,0.0,0.0,2.52,2.52,-0.0,0.0,1.0,1.0,1.0,0.9991683699841414,,0.0197452,0.0198894,0.019899200000000002,500.0,500.0,500.0,1.0
XSP,K1,R4-2.0,903,12,0.013289036544850499,0.27906976744186046,108.54,0.12019933554817276,1.7692146590031037,,1.0,9.045,,0.11750000000000001,0.0,0.0,None,None,4.52,15.52,0.0,0.0,,,-0.0,0.0,0.9999,1.0,0.9999999999955945,0.4706241359802209,,0.019631199999999998,0.019781800000000002,0.019819200000000002,500.0,500.0,500.0,1.0
XSP,K2,B0,903,0,0.0,0.0,0.0,0.0,,,,,,,0.0,0.0,None,None,0.0,0.0,0.0,0.0,,,,0.0,0.0,0.0,,,,,,,,,,
XSP,K2,R0,903,169,0.18715393133997785,3.9302325581395348,454.09000000000196,0.5028682170542658,0.478226779144393,7.619698726739832,0.9940828402366864,5.651666666666678,-495.39000000000004,0.07023668639053254,495.39000000000306,0.01981560000000012,2025-11-20,2025-11-20,-495.39000000000004,15.76,-476.06000000000006,-428.4800000000001,-59.17749999999975,-495.39000000000004,1.0909511330352968,-495.39000000000004,0.8217,0.8194,0.7351906066698037,0.04253421616184952,0.9999999999999939,0.0197996,0.019849600000000002,0.0198556,500.0,500.0,500.0,1.0
XSP,K2,B2-EDGE,903,74,0.08194905869324474,1.7209302325581395,431.03999999999996,0.47734219269102984,4.453105694915777,,1.0,5.824864864864864,,0.07152027027027026,0.0,0.0,None,None,3.6100000000000003,10.86,0.0,0.0,3.66,3.6100000000000003,-0.0,0.0,1.0,1.0,1.0,1.0,,0.0197996,0.019849600000000002,0.0198556,500.0,500.0,500.0,1.0
XSP,K2,B2-TS,903,117,0.12956810631229235,2.7209302325581395,166.970000000002,0.18490586932447617,0.1763873089508918,2.7432773057037503,0.9914529914529915,5.710000000000017,-495.39000000000004,0.07100427350427352,495.39000000000306,0.01981560000000012,2025-11-20,2025-11-20,-495.39000000000004,15.76,-480.67,-433.0900000000001,-96.8799999999996,-495.39000000000004,2.9669401688925805,-495.39000000000004,0.7229,0.718,0.6129297573376539,0.0043650988154854,0.9999999999999939,0.0198056,0.0198464,0.0198556,500.0,500.0,500.0,1.0
XSP,K2,R1,903,261,0.28903654485049834,6.069767441860465,-2072.2899999999695,-2.2948947951273193,-0.8812891728080022,-14.121485134341723,0.9386973180076629,7.826734693877571,-249.3649999999984,0.10296934865900383,2316.4499999999716,0.09265799999999887,2023-01-18,2026-03-26,-495.39000000000004,40.61,-628.7199999999999,-547.3399999999999,-304.0284615384601,-489.69,,-2348.799999999991,0.0319,0.0286,0.010623157302213344,1.4968151097094584e-12,0.2138574111247841,0.019751600000000005,0.019849600000000002,0.0198556,500.0,500.0,600.0,1.0
XSP,K2,R2-A,903,169,0.18715393133997785,3.9302325581395348,454.09000000000196,0.5028682170542658,0.478226779144393,7.619698726739832,0.9940828402366864,5.651666666666678,-495.39000000000004,0.07023668639053254,495.39000000000306,0.01981560000000012,2025-11-20,2025-11-20,-495.39000000000004,15.76,-476.06000000000006,-428.4800000000001,-59.17749999999975,-495.39000000000004,1.0909511330352968,-495.39000000000004,0.8217,0.8194,0.7351906066698037,0.04253421616184952,0.9999999999999939,0.0197996,0.019849600000000002,0.0198556,500.0,500.0,500.0,1.0
XSP,K2,R2-B,903,146,0.16168327796234774,3.395348837209302,327.86000000000195,0.3630786267995592,0.34573437203272184,5.473892172188484,0.9931506849315068,5.6775862068965655,-495.39000000000004,0.07059931506849315,495.3899999999994,0.01981559999999998,2025-11-20,2025-11-20,-495.39000000000004,15.76,-476.06000000000006,-428.4800000000001,-68.16857142857114,-495.39000000000004,1.5109802964679957,-495.39000000000004,0.7575,0.754,0.6901113033831159,0.019213724113750486,1.0000000000000013,0.0197996,0.019849600000000002,0.0198556,500.0,500.0,500.0,1.0
XSP,K2,R3,903,326,0.3610188261351052,7.5813953488372094,-549.7899999999661,-0.6088482834994088,-0.2826405833764921,-4.700709848109107,0.950920245398773,7.644032258064524,-182.464999999998,0.09177914110429447,942.7399999999725,0.0377095999999989,2023-01-18,2024-04-30,-495.39000000000004,25.01,-474.0699999999999,-406.17,-182.464999999998,-468.17333333333045,,-2145.9999999999927,0.2859,0.3034,0.27508342774378636,5.98673934979042e-06,0.5133865116575239,0.0197496,0.019849600000000002,0.0198556,500.0,500.0,500.0,1.0
XSP,K2,R4-1.0,903,39,0.04318936877076412,0.9069767441860465,274.19,0.3036434108527132,3.137242316946293,,1.0,7.030512820512822,,0.08378205128205128,0.0,0.0,None,None,3.76,15.76,0.0,0.0,3.76,3.76,-0.0,0.0,1.0,1.0,1.0,0.9999998979307744,,0.019745600000000002,0.0198402,0.019849600000000002,500.0,500.0,500.0,1.0
XSP,K2,R4-1.5,903,25,0.02768549280177187,0.5813953488372093,189.39999999999998,0.20974529346622367,2.4915828043153443,,1.0,7.575999999999999,,0.08929999999999999,0.0,0.0,None,None,3.76,15.76,0.0,0.0,3.76,3.76,-0.0,0.0,1.0,1.0,1.0,0.9969985970763742,,0.0197156,0.019842799999999997,0.019849600000000002,500.0,500.0,500.0,1.0
XSP,K2,R4-2.0,903,12,0.013289036544850499,0.27906976744186046,112.77000000000001,0.12488372093023258,1.7735516254605443,,1.0,9.397499999999999,,0.10749999999999998,0.0,0.0,None,None,4.759999999999998,15.76,0.0,0.0,,,-0.0,0.0,0.9999,1.0,0.9999999999957747,0.47731962832811387,,0.0196106,0.0197744,0.019809600000000004,500.0,500.0,500.0,1.0
XSP,K3,B0,903,0,0.0,0.0,0.0,0.0,,,,,,,0.0,0.0,None,None,0.0,0.0,0.0,0.0,,,,0.0,0.0,0.0,,,,,,,,,,
XSP,K3,R0,903,117,0.12956810631229235,2.7209302325581395,137.22000000000202,0.1519601328903677,0.14478216242278344,2.234105481514202,0.9829059829059829,5.523478260869566,-248.989999999999,0.06858974358974358,496.3899999999994,0.019855599999999977,2025-11-20,2025-11-20,-496.39,14.759999999999998,-482.66999999999996,-446.2,-97.4599999999996,-496.39,3.629062818831006,-497.979999999998,0.7108,0.705,0.5954371345367355,0.0030526301795940273,1.000000000000001,0.019809600000000004,0.0198556,0.0198616,500.0,500.0,500.0,1.0
XSP,K3,B2-EDGE,903,49,0.05426356589147287,1.1395348837209303,278.94,0.3089036544850498,3.585005218368529,,1.0,5.692653061224489,,0.07030612244897959,0.0,0.0,None,None,3.4600000000000017,10.11,0.0,0.0,3.5350000000000006,3.4600000000000017,-0.0,0.0,1.0,1.0,1.0,0.9999999999954935,,0.019795599999999997,0.0198556,0.0198616,500.0,500.0,500.0,1.0
XSP,K3,B2-TS,903,80,0.08859357696567,1.8604651162790697,-54.79999999999811,-0.06068660022148185,-0.05794615691005714,-1.0108082170825703,0.975,5.681794871794871,-248.989999999999,0.070125,496.3899999999994,0.019855599999999977,2025-11-20,2025-11-20,-496.39,14.759999999999998,-486.28,-449.81,-122.68999999999949,-496.39,,-497.979999999998,0.4358,0.4331,0.453878583517474,0.00011135438356222849,1.000000000000001,0.019809600000000004,0.0198556,0.0198556,500.0,500.0,500.0,1.0
XSP,K3,R1,903,206,0.22812846068660023,4.790697674418604,-2471.3899999999767,-2.7368660022148137,-1.0502385132655592,-16.71726533306884,0.9223300970873787,7.966052631578963,-249.0587499999987,0.10635922330097089,2659.5099999999766,0.10638039999999906,2023-01-18,2026-03-26,-496.39,39.61,-631.9699999999999,-558.8399999999999,-366.8649999999984,-490.565,,-2355.049999999991,0.0112,0.0098,0.0015291773346321211,5.967948463076205e-16,0.18664716432726494,0.0197496,0.0198556,0.0198616,500.0,500.0,600.0,1.0
XSP,K3,R2-A,903,117,0.12956810631229235,2.7209302325581395,137.22000000000202,0.1519601328903677,0.14478216242278344,2.234105481514202,0.9829059829059829,5.523478260869566,-248.989999999999,0.06858974358974358,496.3899999999994,0.019855599999999977,2025-11-20,2025-11-20,-496.39,14.759999999999998,-482.66999999999996,-446.2,-97.4599999999996,-496.39,3.629062818831006,-497.979999999998,0.7108,0.705,0.5954371345367355,0.0030526301795940273,1.000000000000001,0.019809600000000004,0.0198556,0.0198616,500.0,500.0,500.0,1.0
XSP,K3,R2-B,903,100,0.11074197120708748,2.3255813953488373,49.850000000002,0.05520487264673533,0.05264771602003747,0.7567904400791001,0.98,5.590102040816326,-248.989999999999,0.0693,496.3899999999994,0.019855599999999977,2025-11-20,2025-11-20,-496.39,14.759999999999998,-482.66999999999996,-446.2,-97.4599999999996,-496.39,9.989568706117915,-497.979999999998,0.6302,0.6291,0.5378308624259912,0.0008711906114730637,1.000000000000001,0.019809600000000004,0.0198556,0.0198616,500.0,500.0,500.0,1.0
XSP,K3,R3,903,259,0.2868217054263566,6.023255813953488,-986.8599999999794,-1.0928682170542408,-0.5085893985638203,-8.274444974373882,0.9420849420849421,7.638278688524591,-190.0399999999986,0.09181467181467182,1247.1599999999817,0.04988639999999927,2023-01-18,2026-03-26,-496.39,24.26,-476.81999999999994,-428.89,-236.6483333333318,-490.565,,-2150.2499999999927,0.1359,0.1478,0.11740089323441372,4.0328727785829224e-08,0.39801629301774216,0.0197496,0.0198556,0.0198616,500.0,500.0,500.0,1.0
XSP,K3,R4-1.0,903,32,0.035437430786267994,0.7441860465116279,210.37,0.23296788482834996,2.8190427441346766,,1.0,6.5740625,,0.07921875,0.0,0.0,None,None,3.6099999999999994,14.759999999999998,0.0,0.0,3.6099999999999994,3.6099999999999994,-0.0,0.0,1.0,1.0,1.0,0.9999688509061312,,0.0197656,0.0198556,0.0198556,500.0,500.0,500.0,1.0
XSP,K3,R4-1.5,903,19,0.021040974529346623,0.4418604651162791,144.33999999999997,0.15984496124031006,2.188616190552306,,1.0,7.596842105263157,,0.0894736842105263,0.0,0.0,None,None,3.6099999999999994,14.759999999999998,0.0,0.0,,,-0.0,0.0,1.0,1.0,1.0,0.9404325397927058,,0.0196896,0.019850200000000002,0.0198556,500.0,500.0,500.0,1.0
XSP,K3,R4-2.0,903,12,0.013289036544850499,0.27906976744186046,100.77,0.11159468438538206,1.7546756593613724,,1.0,8.397499999999999,,0.09750000000000002,0.0,0.0,None,None,3.759999999999997,14.759999999999998,0.0,0.0,,,-0.0,0.0,0.9999,1.0,0.9999999999950332,0.4480736671592606,,0.0196456,0.019819899999999998,0.019849600000000002,500.0,500.0,500.0,1.0
XSP,K4,B0,903,0,0.0,0.0,0.0,0.0,,,,,,,0.0,0.0,None,None,0.0,0.0,0.0,0.0,,,,0.0,0.0,0.0,,,,,,,,,,
XSP,K4,R0,903,271,0.3001107419712071,6.3023255813953485,-104.83999999998812,-0.11610188261349737,-0.0739901202352799,-1.3099691735435404,0.981549815498155,5.066015037593985,-290.47999999999763,0.06376383763837638,774.299999999992,0.03097199999999968,2025-11-20,2026-06-05,-494.39,12.609999999999998,-476.56,-425.25,-109.5015384615376,-426.1149999999988,,-1452.399999999988,0.4686,0.466,0.4422156336223335,0.00012683622226509667,0.6384992896810088,0.019815600000000003,0.0198556,0.0198556,500.0,500.0,500.0,1.0
XSP,K4,B2-EDGE,903,116,0.12846068660022147,2.697674418604651,263.4600000000023,0.29176079734219523,0.38335729492868437,6.120806495997653,0.9913793103448276,5.402608695652174,-357.83999999999764,0.06706896551724137,357.8399999999965,0.01431359999999986,2026-06-05,2026-06-05,-357.83999999999764,10.61,-357.83999999999764,-336.5499999999976,-68.67999999999952,-357.83999999999764,1.3582327488043517,-357.83999999999764,0.7537,0.7567,0.704465399855549,0.024470789926108797,1.000000000000003,0.019809600000000004,0.019849600000000002,0.0198556,500.0,500.0,500.0,1.0
XSP,K4,B2-TS,903,191,0.2115171650055371,4.441860465116279,-197.98999999998878,-0.2192580287929001,-0.15607092307835113,-2.6039437129673026,0.9790575916230366,4.946363636363636,-280.7399999999972,0.06261780104712042,845.7699999999895,0.03383079999999958,2025-11-20,2026-06-05,-494.39,12.609999999999998,-483.16999999999996,-431.86,-122.76777777777654,-494.39,,-1122.959999999989,0.4043,0.407,0.3726731574276905,2.6021759372666877e-05,0.5845442614422433,0.019815600000000003,0.0198556,0.0198556,500.0,500.0,500.0,1.0
XSP,K4,R1,903,353,0.3909191583610188,8.209302325581396,-2639.1699999999587,-2.922668881506045,-1.027527924064285,-16.376131675860282,0.9405099150141643,6.9981024096385624,-236.31142857142675,0.09121813031161474,2904.539999999961,0.11618159999999843,2023-01-18,2026-06-05,-494.39,35.61,-652.56,-568.41,-290.1694117647038,-484.6233333333333,,-2336.549999999991,0.0132,0.0092,0.0034701807068316893,6.898702886888669e-14,0.17021283921034197,0.019769600000000002,0.0198556,0.0198556,500.0,500.0,600.0,1.0
XSP,K4,R2-A,903,271,0.3001107419712071,6.3023255813953485,-104.83999999998812,-0.11610188261349737,-0.0739901202352799,-1.3099691735435404,0.981549815498155,5.066015037593985,-290.47999999999763,0.06376383763837638,774.299999999992,0.03097199999999968,2025-11-20,2026-06-05,-494.39,12.609999999999998,-476.56,-425.25,-109.5015384615376,-426.1149999999988,,-1452.399999999988,0.4686,0.466,0.4422156336223335,0.00012683622226509667,0.6384992896810088,0.019815600000000003,0.0198556,0.0198556,500.0,500.0,500.0,1.0
XSP,K4,R2-B,903,238,0.26356589147286824,5.534883720930233,-268.5199999999882,-0.2973643410852583,-0.18966265762024442,-3.152867000479183,0.9789915966386554,5.081030042918455,-290.47999999999763,0.06390756302521008,817.4799999999923,0.03269919999999969,2025-11-20,2026-06-05,-494.39,12.609999999999998,-476.56,-425.25,-130.0672727272717,-426.1149999999988,,-1452.399999999988,0.3745,0.3708,0.3459289562652664,1.787491042486491e-05,0.6047732054606897,0.019815600000000003,0.0198556,0.0198556,500.0,500.0,500.0,1.0
XSP,K4,R3,903,434,0.4806201550387597,10.093023255813954,-1031.3099999999545,-1.1420930232557636,-0.46686976134930885,-7.6385860217453425,0.9493087557603687,6.975412621359224,-177.50818181817974,0.08410138248847926,1366.3999999999542,0.054655999999998164,2023-01-18,2026-06-05,-494.39,25.459999999999997,-485.40999999999997,-405.78999999999996,-185.77333333333124,-451.60249999999724,,-2164.2499999999864,0.1589,0.1547,0.15087181452801768,3.043889397199988e-07,0.3618193793911128,0.019769600000000002,0.0198556,0.0198556,500.0,500.0,500.0,1.0
XSP,K4,R4-1.0,903,42,0.046511627906976744,0.9767441860465116,-100.17999999999759,-0.11094130675525758,-0.14681962717356967,-2.4077665155781123,0.9761904761904762,6.28439024390244,-357.83999999999764,0.07595238095238095,357.8399999999965,0.01431359999999986,2026-06-05,2026-06-05,-357.83999999999764,10.46,-357.83999999999764,-353.22999999999763,-177.03999999999883,-357.83999999999764,,-357.83999999999764,0.3667,0.3747,0.37393594420333787,1.1336705509038974e-05,1.000000000000003,0.0197726,0.0198213,0.019849600000000002,500.0,500.0,500.0,1.0
XSP,K4,R4-1.5,903,20,0.0221483942414175,0.46511627906976744,135.5,0.15005537098560354,2.303803909559923,,1.0,6.775000000000001,,0.0815,0.0,0.0,None,None,4.46,9.610000000000001,0.0,0.0,4.46,4.46,-0.0,0.0,1.0,1.0,1.0,0.9759270248188742,,0.0197356,0.019815900000000004,0.0198216,500.0,500.0,500.0,1.0
XSP,K4,R4-2.0,903,10,0.01107419712070875,0.23255813953488372,78.4,0.0868217054263566,1.6480960004324703,,1.0,7.840000000000001,,0.092,0.0,0.0,None,None,4.61,9.610000000000001,0.0,0.0,,,-0.0,0.0,0.9999,0.9999,0.9999999998220652,0.29678811411837897,,0.019658600000000005,0.0197796,0.019815600000000003,500.0,500.0,500.0,1.0
XSP,K5,B0,903,0,0.0,0.0,0.0,0.0,,,,,,,0.0,0.0,None,None,0.0,0.0,0.0,0.0,,,,0.0,0.0,0.0,,,,,,,,,,
XSP,K5,R0,903,282,0.3122923588039867,6.558139534883721,-323.9799999999793,-0.35878183831669913,-0.20243616461065453,-3.379185519959114,0.975177304964539,5.828545454545461,-275.2614285714259,0.07163120567375886,824.6099999999788,0.03298439999999915,2024-04-15,2026-06-05,-494.39,19.609999999999996,-467.56,-407.23999999999484,-135.83642857142726,-435.2149999999992,,-1823.4999999999886,0.3592,0.3504,0.3374582880188627,1.8578957438056528e-05,0.5995440268733252,0.019809600000000004,0.0198556,0.0198616,500.0,500.0,500.0,1.0
XSP,K5,B2-EDGE,903,116,0.12846068660022147,2.697674418604651,336.9100000000053,0.37310077519380436,0.4858992720892426,7.824368875559069,0.9827586206896551,6.137631578947368,-181.38999999999737,0.07431034482758624,358.8399999999965,0.01435359999999986,2026-06-05,2026-06-05,-358.83999999999764,17.46,-355.07999999999765,-342.24999999999767,-70.41999999999895,-358.83999999999764,1.0767860853046483,-362.77999999999474,0.8113,0.8114,0.738876211383456,0.04315709607622503,1.000000000000003,0.0197786,0.0198556,0.0198616,500.0,500.0,500.0,1.0
XSP,K5,B2-TS,903,201,0.22259136212624583,4.674418604651163,8.760000000013974,0.009700996677756339,0.006867667099590547,-0.005172345513715294,0.9800995024875622,5.76000000000001,-281.489999999997,0.0709452736318408,851.1099999999897,0.034044399999999586,2025-11-20,2026-06-05,-494.39,19.609999999999996,-472.16999999999996,-407.07,-110.44499999999883,-426.6149999999988,128.53424657513605,-1125.959999999988,0.5382,0.5306,0.5051628629001106,0.0003938945254405378,0.5808767374370011,0.019809600000000004,0.0198556,0.0198616,500.0,500.0,500.0,1.0
XSP,K5,R1,903,361,0.3997785160575858,8.395348837209303,-2673.189999999954,-2.9603433001106914,-1.0019259823343911,-16.00610700915898,0.9418282548476454,7.692941176470601,-251.84714285714094,0.09941828254847646,2945.7299999999523,0.1178291999999981,2023-01-18,2026-06-05,-494.39,51.46,-605.56,-677.8200000000024,-292.72611111110905,-485.95666666666665,,-2346.549999999991,0.0169,0.0128,0.005080777028307408,4.095013303556033e-13,0.16783276131892874,0.019769600000000002,0.0198556,0.0198616,500.0,500.0,600.0,1.0
XSP,K5,R2-A,903,282,0.3122923588039867,6.558139534883721,-323.9799999999793,-0.35878183831669913,-0.20243616461065453,-3.379185519959114,0.975177304964539,5.828545454545461,-275.2614285714259,0.07163120567375886,824.6099999999788,0.03298439999999915,2024-04-15,2026-06-05,-494.39,19.609999999999996,-467.56,-407.23999999999484,-135.83642857142726,-435.2149999999992,,-1823.4999999999886,0.3592,0.3504,0.3374582880188627,1.8578957438056528e-05,0.5995440268733252,0.019809600000000004,0.0198556,0.0198616,500.0,500.0,500.0,1.0
XSP,K5,R2-B,903,244,0.2702104097452935,5.674418604651163,-441.4599999999839,-0.48888150609079056,-0.2780824162206727,-4.579333690118867,0.9754098360655737,5.823445378151269,-304.57333333333094,0.0716393442622951,847.229999999985,0.0338891999999994,2024-04-15,2026-06-05,-494.39,19.609999999999996,-467.56,-402.46,-150.4941666666655,-435.2149999999992,,-1823.4999999999886,0.2963,0.2896,0.2746127031770163,4.283032986102553e-06,0.5835369380215629,0.019809600000000004,0.0198556,0.0198616,500.0,500.0,500.0,1.0
XSP,K5,R3,903,441,0.4883720930232558,10.255813953488373,-1131.9399999999455,-1.2535326688814457,-0.48472510482429426,-7.941281007899643,0.9501133786848073,7.685775656324587,-197.8309090909067,0.09197278911564628,1484.049999999952,0.059361999999998076,2023-01-18,2026-06-05,-494.39,26.760000000000005,-464.55999999999995,-605.2600000000024,-197.8309090909066,-452.85249999999724,,-2187.449999999987,0.1518,0.1596,0.14297072817355866,2.809791906047471e-07,0.3331356760217081,0.0197356,0.0198556,0.0198616,500.0,500.0,500.0,1.0
XSP,K5,R4-1.0,903,56,0.06201550387596899,1.302325581395349,449.86,0.49818383167220376,3.561318746257583,,1.0,8.033214285714285,,0.09375,0.0,0.0,None,None,3.46,19.609999999999996,0.0,0.0,3.5349999999999997,3.46,-0.0,0.0,1.0,1.0,1.0,0.9999999999992751,,0.0197016,0.0198556,0.0198616,500.0,500.0,500.0,1.0
XSP,K5,R4-1.5,903,34,0.03765227021040975,0.7906976744186046,338.39,0.3747397563676633,2.9016653666841585,,1.0,9.95264705882353,,0.11294117647058821,0.0,0.0,None,None,3.76,19.609999999999996,0.0,0.0,3.76,3.76,-0.0,0.0,1.0,1.0,1.0,0.9999925452311995,,0.019609599999999998,0.019849600000000002,0.019849600000000002,500.0,500.0,500.0,1.0
XSP,K5,R4-2.0,903,23,0.02547065337763012,0.5348837209302325,257.22999999999996,0.2848615725359911,2.4518765032798626,,1.0,11.183913043478265,,0.1252173913043478,0.0,0.0,None,None,6.61,19.609999999999996,0.0,0.0,6.61,6.61,-0.0,0.0,1.0,1.0,1.0,0.9946228672834679,,0.0195816,0.019701,0.0197356,500.0,500.0,500.0,1.0
XSP,K6,B0,903,0,0.0,0.0,0.0,0.0,,,,,,,0.0,0.0,None,None,0.0,0.0,0.0,0.0,,,,0.0,0.0,0.0,,,,,,,,,,
XSP,K6,R0,903,705,0.7807308970099668,16.3953488372093,-362.5999999999225,-0.4015503875968134,-0.14817294737694284,-2.596632569436574,0.9602836879432625,6.799438700147708,-177.35071428571152,0.08109219858156029,1374.5999999999622,0.054983999999998485,2024-03-08,2024-09-03,-493.24,24.25999999999932,-454.2500000000001,-645.539999999987,-141.16714285714065,-435.02571428571144,,-2346.2499999999955,0.3973,0.3689,0.38483072569358184,6.488950027860456e-05,0.3455841699403546,0.019769600000000002,0.019849600000000002,0.0198616,500.0,500.0,500.0,1.0
XSP,K6,B2-EDGE,903,288,0.31893687707641194,6.6976744186046515,462.58000000002914,0.5122702104097776,0.3600931999708867,5.729760020724276,0.9652777777777778,7.275467625899281,-155.9999999999971,0.08517361111111112,458.98999999999796,0.018359599999999917,2026-06-05,2026-06-05,-458.9899999999976,21.76,-454.22999999999763,-436.5499999999976,-110.41857142856934,-395.56499999999454,2.8373470534824285,-1312.4999999999845,0.774,0.7631,0.7190187464758211,0.010719692353021263,0.9999999999999992,0.0197296,0.019849600000000002,0.0198616,500.0,500.0,500.0,1.0
XSP,K6,B2-TS,903,557,0.6168327796234773,12.953488372093023,825.0700000000722,0.9136987818383967,0.4688128671043643,7.443303227282834,0.9658886894075404,6.5839776951672855,-143.00578947368035,0.07904847396768402,729.7199999999903,0.02918879999999961,2025-11-20,2026-06-05,-491.5400000000001,24.25999999999932,-461.86000000000007,-402.4399999999976,-99.5696296296269,-382.50999999999675,2.31804574157322,-1912.5499999999838,0.8419,0.83,0.7732202584154071,0.017450490595186243,0.6736008331963036,0.019769600000000002,0.0198556,0.0198616,500.0,500.0,500.0,1.0
XSP,K6,R1,903,607,0.6722037652270211,14.116279069767442,-2634.7299999999072,-2.9177519379843933,-0.8241906826831065,-13.365392929750229,0.9275123558484349,9.879715808170515,-186.2956818181797,0.12324546952224052,3167.1099999998805,0.12668439999999523,2023-01-18,2026-06-05,-491.5400000000001,60.46,-652.9499999999999,-845.2100000000023,-259.5966666666653,-475.2149999999993,,-2392.2999999999984,0.0365,0.0304,0.02917184399946333,9.820377954991053e-10,0.15520142969458547,0.0196956,0.0198556,0.0198616,500.0,500.0,600.0,1.0
XSP,K6,R2-A,903,705,0.7807308970099668,16.3953488372093,-362.5999999999225,-0.4015503875968134,-0.14817294737694284,-2.596632569436574,0.9602836879432625,6.799438700147708,-177.35071428571152,0.08109219858156029,1374.5999999999622,0.054983999999998485,2024-03-08,2024-09-03,-493.24,24.25999999999932,-454.2500000000001,-645.539999999987,-141.16714285714065,-435.02571428571144,,-2346.2499999999955,0.3973,0.3689,0.38483072569358184,6.488950027860456e-05,0.3455841699403546,0.019769600000000002,0.019849600000000002,0.0198616,500.0,500.0,500.0,1.0
XSP,K6,R2-B,903,564,0.6245847176079734,13.116279069767442,-982.1099999999371,-1.0876079734218573,-0.4077126807971134,-6.717003984828155,0.9556737588652482,6.894137291280147,-187.92199999999747,0.08223404255319149,1514.9199999999473,0.06059679999999789,2023-03-09,2025-02-21,-493.24,24.25999999999932,-466.2799999999984,-657.2100000000024,-167.41142857142628,-469.2499999999991,,-2346.2499999999955,0.2002,0.1852,0.19026367123076676,1.1601371277022376e-06,0.32558814986931134,0.019769600000000002,0.0198556,0.0198616,500.0,500.0,500.0,1.0
XSP,K6,R3,903,755,0.8361018826135105,17.558139534883722,-1348.0499999998733,-1.4928571428570026,-0.428240421759185,-7.162867470997104,0.9324503311258279,9.969730113636365,-164.0537254901936,0.11803973509933775,1997.039999999888,0.07988159999999553,2023-01-18,2026-06-05,-491.5400000000001,46.760000000000005,-514.8,-781.9699999999957,-217.88864864864684,-477.0757142857137,,-2412.2999999999984,0.1822,0.1777,0.18592033966704502,1.897507977450714e-06,0.24613427873253796,0.0196896,0.019849600000000002,0.0198616,500.0,500.0,500.0,1.0
XSP,K6,R4-1.0,903,92,0.10188261351052048,2.13953488372093,640.6199999999982,0.7094352159468419,1.1975878712999537,20.44123044265009,0.9891304347826086,9.930879120879114,-263.09000000000117,0.11271739130434785,263.09000000000015,0.010523600000000006,2025-02-21,2025-02-21,-263.09000000000117,24.25999999999932,-244.72000000000116,-198.28000000000114,-63.065000000000296,-263.09000000000117,0.41068027848022526,-263.09000000000117,0.9832,0.9858,0.8771150923354801,0.28348146897260745,1.000000000000004,0.019649600000000003,0.019818300000000004,0.0198616,500.0,500.0,500.0,1.0
XSP,K6,R4-1.5,903,59,0.06533776301218161,1.372093023255814,653.7899999999993,0.7240199335548165,3.8108730814559975,,1.0,11.081186440677953,,0.12508474576271184,0.0,0.0,None,None,3.6100000000000003,24.25999999999932,0.0,0.0,4.035,3.6100000000000003,-0.0,0.0,1.0,1.0,1.0,0.9999999999999963,,0.0195756,0.019815600000000003,0.0198556,500.0,500.0,500.0,1.0
XSP,K6,R4-2.0,903,27,0.029900332225913623,0.627906976744186,361.16999999999933,0.3999667774086371,2.614917548570377,,1.0,13.376666666666642,,0.14925925925925926,0.0,0.0,None,None,4.76,24.25999999999932,0.0,0.0,4.76,4.76,-0.0,0.0,1.0,1.0,1.0,0.9993306984872983,,0.019489600000000003,0.0197212,0.019809600000000004,500.0,500.0,500.0,1.0
XSP,K7,B0,903,0,0.0,0.0,0.0,0.0,,,,,,,0.0,0.0,None,None,0.0,0.0,0.0,0.0,,,,0.0,0.0,0.0,,,,,,,,,,
XSP,K7,R0,903,184,0.20376522702104097,4.27906976744186,502.690000000002,0.5566888150609103,0.5292605286379034,8.446698908938055,0.9945652173913043,5.453989071038262,-495.39000000000004,0.0682608695652174,495.3899999999994,0.01981559999999998,2025-11-20,2025-11-20,-495.39000000000004,15.76,-473.1000000000001,-425.52000000000004,-52.16777777777756,-495.39000000000004,0.9854781276731148,-495.39000000000004,0.85,0.8469,0.7497720641517066,0.05448491853779715,1.0000000000000013,0.019809600000000004,0.0198556,0.0198616,500.0,500.0,500.0,1.0
XSP,K7,B2-EDGE,903,82,0.09080841638981174,1.9069767441860466,465.97,0.5160243632336656,4.661155265451908,,1.0,5.682560975609756,,0.0701219512195122,0.0,0.0,None,None,3.46,11.61,0.0,0.0,3.535,3.46,-0.0,0.0,1.0,1.0,1.0,1.0,,0.019809600000000004,0.0198556,0.0198616,500.0,500.0,500.0,1.0
XSP,K7,B2-TS,903,126,0.13953488372093023,2.9302325581395348,192.01000000000207,0.21263565891473096,0.20281020635325867,3.1679563252736442,0.9920634920634921,5.499200000000016,-495.39000000000004,0.06888888888888892,495.3899999999994,0.01981559999999998,2025-11-20,2025-11-20,-495.39000000000004,15.76,-477.71000000000004,-430.13,-80.03166666666634,-495.39000000000004,2.580021873860709,-495.39000000000004,0.7295,0.7235,0.6267184286138399,0.0057605550470757345,1.0000000000000013,0.019809600000000004,0.0198556,0.0198616,500.0,500.0,500.0,1.0
XSP,K7,R1,903,273,0.3023255813953488,6.348837209302325,-2024.7199999999698,-2.242214839424108,-0.8611564076777093,-13.810585164512391,0.9413919413919414,7.643463035019474,-249.3181249999984,0.10076923076923076,2264.9899999999725,0.0905995999999989,2023-01-18,2026-03-26,-495.39000000000004,40.61,-628.4699999999999,-546.8399999999999,-303.95153846153704,-489.81500000000005,,-2347.549999999992,0.0365,0.0327,0.012826079309585304,3.3163508935661607e-12,0.21871619742250786,0.019769600000000002,0.0198556,0.0198556,500.0,500.0,600.0,1.0
XSP,K7,R2-A,903,184,0.20376522702104097,4.27906976744186,502.690000000002,0.5566888150609103,0.5292605286379034,8.446698908938055,0.9945652173913043,5.453989071038262,-495.39000000000004,0.0682608695652174,495.3899999999994,0.01981559999999998,2025-11-20,2025-11-20,-495.39000000000004,15.76,-473.1000000000001,-425.52000000000004,-52.16777777777756,-495.39000000000004,0.9854781276731148,-495.39000000000004,0.85,0.8469,0.7497720641517066,0.05448491853779715,1.0000000000000013,0.019809600000000004,0.0198556,0.0198616,500.0,500.0,500.0,1.0
XSP,K7,R2-B,903,157,0.17386489479512734,3.6511627906976742,364.420000000002,0.4035658914728704,0.3841826274027461,6.095089888482654,0.9936305732484076,5.511602564102576,-495.39000000000004,0.0689171974522293,495.3899999999994,0.01981559999999998,2025-11-20,2025-11-20,-495.39000000000004,15.76,-476.56000000000006,-428.9800000000001,-68.06142857142828,-495.39000000000004,1.3593930080676069,-495.39000000000004,0.7724,0.7702,0.7043569145847113,0.024848212235398702,1.0000000000000013,0.019809600000000004,0.0198556,0.0198556,500.0,500.0,500.0,1.0
XSP,K7,R3,903,343,0.3798449612403101,7.976744186046512,-500.4699999999649,-0.5542303433000718,-0.25707544670900195,-4.2938410814583285,0.9504373177842566,7.473190184049086,-172.74882352940983,0.08988338192419826,942.7199999999721,0.037708799999998883,2023-01-18,2024-04-30,-495.39000000000004,24.76,-474.31999999999994,-402.67,-172.74882352940983,-468.2566666666639,,-2146.749999999993,0.3079,0.327,0.29538431597548975,9.414712365556324e-06,0.5136625933469263,0.019769600000000002,0.0198556,0.0198616,500.0,500.0,500.0,1.0
XSP,K7,R4-1.0,903,42,0.046511627906976744,0.9767441860465116,289.27000000000004,0.320343300110742,3.235804353080729,,1.0,6.887380952380953,,0.08238095238095237,0.0,0.0,None,None,3.46,15.76,0.0,0.0,3.535,3.46,-0.0,0.0,1.0,1.0,1.0,0.9999999890652689,,0.019769600000000002,0.0198553,0.0198616,500.0,500.0,500.0,1.0
XSP,K7,R4-1.5,903,26,0.028792912513842746,0.6046511627906976,195.76,0.21678848283499444,2.545333432189543,,1.0,7.529230769230771,,0.08884615384615385,0.0,0.0,None,None,3.6100000000000003,15.76,0.0,0.0,3.6100000000000003,3.6100000000000003,-0.0,0.0,1.0,1.0,1.0,0.9984046808421885,,0.0197126,0.0198541,0.0198556,500.0,500.0,500.0,1.0
XSP,K7,R4-2.0,903,12,0.013289036544850499,0.27906976744186046,112.77000000000001,0.12488372093023258,1.774398076917459,,1.0,9.397499999999999,,0.10750000000000003,0.0,0.0,None,None,4.759999999999999,15.76,0.0,0.0,,,-0.0,0.0,0.9999,1.0,0.9999999999957995,0.47862577646262555,,0.019615599999999997,0.019768900000000002,0.019809600000000004,500.0,500.0,500.0,1.0
XSP,K8,B0,903,0,0.0,0.0,0.0,0.0,,,,,,,0.0,0.0,None,None,0.0,0.0,0.0,0.0,,,,0.0,0.0,0.0,,,,,,,,,,
XSP,K8,R0,903,121,0.13399778516057587,2.813953488372093,148.86000000000203,0.1648504983388727,0.1570484253853538,2.4310490063184416,0.9834710743801653,5.423025210084033,-248.239999999999,0.06776859504132232,496.3899999999994,0.019855599999999977,2025-11-20,2025-11-20,-496.39,14.76,-483.16999999999996,-446.2,-80.43999999999967,-496.39,3.3352142953109714,-496.479999999998,0.7138,0.7069,0.6023470942701256,0.003522759377756111,1.000000000000001,0.019815600000000003,0.0198556,0.0198616,500.0,500.0,500.0,1.0
XSP,K8,B2-EDGE,903,56,0.06201550387596899,1.302325581395349,313.71,0.34740863787375414,3.8227619050656503,,1.0,5.601964285714287,,0.06946428571428571,0.0,0.0,None,None,3.46,10.610000000000001,0.0,0.0,3.46,3.46,-0.0,0.0,1.0,1.0,1.0,0.999999999999994,,0.019809600000000004,0.019857100000000003,0.0198616,500.0,500.0,500.0,1.0
XSP,K8,B2-TS,903,79,0.08748615725359911,1.8372093023255813,-60.70999999999805,-0.06723145071982065,-0.06419722207605633,-1.1105828423577644,0.9746835443037974,5.659350649350649,-248.239999999999,0.07012658227848098,496.3899999999994,0.019855599999999977,2025-11-20,2025-11-20,-496.39,14.76,-486.78,-449.81,-164.33999999999932,-496.39,,-496.479999999998,0.4293,0.4278,0.4486153661310363,9.68329500005262e-05,1.000000000000001,0.019809600000000004,0.0198556,0.0198616,500.0,500.0,500.0,1.0
XSP,K8,R1,903,212,0.23477297895902546,4.930232558139535,-2436.729999999977,-2.6984828349944374,-1.0359623441566248,-16.500506698653833,0.9245283018867925,7.881173469387769,-248.83999999999872,0.10537735849056605,2607.32999999998,0.1042931999999992,2023-01-18,2026-03-26,-496.39,39.61,-631.47,-557.8399999999999,-366.5149999999984,-490.815,,-2352.549999999991,0.013,0.0119,0.001856700246311719,1.2840323128307184e-15,0.19038249857133688,0.0197356,0.0198556,0.0198616,500.0,500.0,600.0,1.0
XSP,K8,R2-A,903,121,0.13399778516057587,2.813953488372093,148.86000000000203,0.1648504983388727,0.1570484253853538,2.4310490063184416,0.9834710743801653,5.423025210084033,-248.239999999999,0.06776859504132232,496.3899999999994,0.019855599999999977,2025-11-20,2025-11-20,-496.39,14.76,-483.16999999999996,-446.2,-80.43999999999967,-496.39,3.3352142953109714,-496.479999999998,0.7138,0.7069,0.6023470942701256,0.003522759377756111,1.000000000000001,0.019815600000000003,0.0198556,0.0198616,500.0,500.0,500.0,1.0
XSP,K8,R2-B,903,104,0.11517165005537099,2.4186046511627906,64.140000000002,0.07102990033222813,0.06772872593629273,0.9983221832650849,0.9807692307692307,5.496274509803921,-248.239999999999,0.0685576923076923,496.3899999999994,0.019855599999999977,2025-11-20,2025-11-20,-496.39,14.76,-483.16999999999996,-446.2,-97.1899999999996,-496.39,7.740567508574719,-496.479999999998,0.6439,0.6434,0.547984187003684,0.0010957205900843981,1.000000000000001,0.019815600000000003,0.0198556,0.0198616,500.0,500.0,500.0,1.0
XSP,K8,R3,903,270,0.29900332225913623,6.27906976744186,-996.1999999999734,-1.1032115171649761,-0.5119150357106745,-8.329352128995348,0.9407407407407408,7.550551181102364,-182.12749999999835,0.09066666666666667,1237.9799999999777,0.04951919999999911,2023-01-18,2026-03-26,-496.39,23.76,-477.31999999999994,-420.89,-223.40153846153655,-490.815,,-2151.7499999999927,0.1316,0.1466,0.11588470823403785,3.866287380053615e-08,0.40096770545566884,0.0197356,0.0198556,0.0198616,500.0,500.0,500.0,1.0
XSP,K8,R4-1.0,903,36,0.03986710963455149,0.8372093023255814,231.31,0.25615725359911407,2.977693444510307,,1.0,6.425277777777778,,0.07777777777777778,0.0,0.0,None,None,3.46,14.76,0.0,0.0,3.46,3.46,-0.0,0.0,1.0,1.0,1.0,0.9999981502091372,,0.0197726,0.019857100000000003,0.0198616,500.0,500.0,500.0,1.0
XSP,K8,R4-1.5,903,23,0.02547065337763012,0.5348837209302325,161.77999999999997,0.1791583610188261,2.3915934473740728,,1.0,7.033913043478262,,0.08391304347826088,0.0,0.0,None,None,3.46,14.76,0.0,0.0,3.46,3.46,-0.0,0.0,1.0,1.0,1.0,0.9906577076840237,,0.0197296,0.0198556,0.0198616,500.0,500.0,500.0,1.0
XSP,K8,R4-2.0,903,12,0.013289036544850499,0.27906976744186046,100.77,0.11159468438538206,1.7586492934140647,,1.0,8.397499999999999,,0.09750000000000002,0.0,0.0,None,None,3.759999999999999,14.76,0.0,0.0,,,-0.0,0.0,0.9999,1.0,0.9999999999951217,0.45426333766604926,,0.019655600000000002,0.0198089,0.019849600000000002,500.0,500.0,500.0,1.0
XSP,K14+,B0,903,0,0.0,0.0,0.0,0.0,,,,,,,0.0,0.0,None,None,0.0,0.0,0.0,0.0,,,,0.0,0.0,0.0,,,,,,,,,,
XSP,K14+,R0,903,687,0.760797342192691,15.976744186046512,-1094.1299999999228,-1.2116611295680209,-0.3917666864803297,-6.493694898121483,0.9606986899563319,7.291363636363635,-218.75666666666382,0.08621542940320233,1771.1399999999412,0.07084559999999765,2023-03-09,2026-06-05,-493.39,21.76,-483.16999999999996,-730.079999999987,-172.9752941176448,-479.173333333332,,-2416.0499999999943,0.2133,0.186,0.2044775858873511,2.1636484349829644e-06,0.27857199317954334,0.0197356,0.019849600000000002,0.0198556,500.0,500.0,500.0,1.0
XSP,K14+,B2-EDGE,903,283,0.3133997785160576,6.5813953488372094,494.98000000003583,0.5481506090808813,0.3832328431157893,6.1195290639273345,0.9611307420494699,7.7509926470588235,-146.662727272724,0.08985865724381625,458.98999999999796,0.018359599999999917,2026-06-05,2026-06-05,-458.9899999999976,21.76,-450.46999999999764,-424.02999999999764,-114.46142857142603,-395.56499999999454,2.6516222877689795,-1312.4999999999845,0.7915,0.7797,0.7299576703198828,0.0123407055395642,0.9999999999999992,0.0197296,0.019849600000000002,0.0198556,500.0,500.0,500.0,1.0
XSP,K14+,B2-TS,903,537,0.5946843853820598,12.488372093023257,436.4700000000704,0.4833554817276527,0.21871834013129832,3.3493612607227075,0.9664804469273743,6.979171483622352,-176.98444444444053,0.08342644320297951,985.4199999999764,0.03941679999999906,2025-10-10,2026-06-05,-493.39,21.61,-483.16999999999996,-380.46999999999997,-121.41692307692036,-427.96999999999645,4.902627901114938,-2139.849999999982,0.7016,0.6734,0.6492830585599955,0.0029678316162240668,0.5006900610907145,0.019769600000000002,0.019849600000000002,0.0198556,500.0,500.0,500.0,1.0
XSP,K14+,R1,903,616,0.6821705426356589,14.325581395348838,-2171.2399999999093,-2.404473975636666,-0.6968838733730316,-11.329461103194163,0.9415584415584416,8.917500000000006,-203.98305555555316,0.1072077922077922,2726.1499999999105,0.10904599999999642,2023-01-18,2026-06-05,-493.39,60.46,-609.9499999999999,-745.2100000000023,-242.96833333333106,-477.9316666666657,,-2406.0499999999943,0.0623,0.0587,0.058166193032847646,1.0708239892418378e-08,0.1809841718174041,0.0196956,0.019849600000000002,0.0198556,500.0,500.0,600.0,1.0
XSP,K14+,R2-A,903,687,0.760797342192691,15.976744186046512,-1094.1299999999228,-1.2116611295680209,-0.3917666864803297,-6.493694898121483,0.9606986899563319,7.291363636363635,-218.75666666666382,0.08621542940320233,1771.1399999999412,0.07084559999999765,2023-03-09,2026-06-05,-493.39,21.76,-483.16999999999996,-730.079999999987,-172.9752941176448,-479.173333333332,,-2416.0499999999943,0.2133,0.186,0.2044775858873511,2.1636484349829644e-06,0.27857199317954334,0.0197356,0.019849600000000002,0.0198556,500.0,500.0,500.0,1.0
XSP,K14+,R2-B,903,564,0.6245847176079734,13.116279069767442,-1582.9599999999314,-1.753001107419636,-0.5799305678212578,-9.447410554946522,0.9556737588652482,7.451094619666049,-223.96399999999724,0.08794326241134752,2151.169999999951,0.08604679999999804,2023-03-09,2026-06-05,-493.39,21.76,-483.16999999999996,-649.2100000000024,-199.581071428569,-483.20999999999884,,-2416.0499999999943,0.1041,0.0839,0.09666814728214995,5.423213860150599e-08,0.22935890701339792,0.0197356,0.019849600000000002,0.0198556,500.0,500.0,500.0,1.0
XSP,K14+,R3,903,757,0.8383167220376523,17.6046511627907,-861.3799999998819,-0.9539091915834794,-0.28139277085077113,-4.790055663881111,0.9484808454425363,8.987994428969364,-187.55794871794578,0.10431968295904888,1857.449999999928,0.07429799999999712,2024-03-08,2026-06-05,-493.39,46.760000000000005,-483.16999999999996,-761.5799999999795,-197.3454054054023,-470.35428571428446,,-2406.0499999999943,0.2808,0.269,0.2845616685282416,1.4092312251161984e-05,0.2656276077418068,0.0196956,0.019849600000000002,0.0198556,500.0,500.0,500.0,1.0
XSP,K14+,R4-1.0,903,99,0.10963455149501661,2.302325581395349,660.6400000000035,0.7316057585825066,1.1367615608403392,19.40032263534019,0.9797979797979798,10.673917525773195,-187.36499999999828,0.12151515151515152,338.74999999999636,0.013549999999999854,2025-02-07,2025-02-21,-263.09000000000117,21.76,-237.72000000000116,-293.0699999999965,-91.58999999999914,-263.09000000000117,0.567222693146032,-374.72999999999655,0.9699,0.9656,0.8885182867144696,0.24242733097164804,0.7766494464944768,0.0195816,0.019809600000000004,0.019849600000000002,500.0,500.0,500.0,1.0
XSP,K14+,R4-1.5,903,67,0.07419712070874862,1.558139534883721,677.4200000000046,0.7501882613510572,2.375220179984965,51.04333366309574,0.9850746268656716,11.955454545454547,-111.63999999999537,0.13567164179104474,111.63999999999578,0.004465599999999831,2025-02-07,2025-02-07,-111.63999999999537,21.76,-111.63999999999537,-29.97999999999537,-34.03999999999845,-111.63999999999537,0.16480174780785126,-111.63999999999537,0.9999,1.0,0.9851502962116846,0.7044346759880468,0.9999999999999963,0.0195416,0.019765400000000002,0.019809600000000004,500.0,500.0,500.0,1.0
XSP,K14+,R4-2.0,903,36,0.03986710963455149,0.8372093023255814,480.26,0.5318493909191584,3.072260618858871,,1.0,13.340555555555557,,0.1472222222222222,0.0,0.0,None,None,4.76,21.76,0.0,0.0,4.76,4.76,-0.0,0.0,1.0,1.0,1.0,0.9999994946694861,,0.0194616,0.0197371,0.019809600000000004,500.0,500.0,500.0,1.0
XSP,K14-,B0,903,0,0.0,0.0,0.0,0.0,,,,,,,0.0,0.0,None,None,0.0,0.0,0.0,0.0,,,,0.0,0.0,0.0,,,,,,,,,,
XSP,K14-,R0,903,9,0.009966777408637873,0.20930232558139536,34.239999999999995,0.03791805094130675,1.58531022463756,,1.0,3.8044444444444445,,0.051111111111111114,0.0,0.0,None,None,3.6100000000000003,4.76,0.0,0.0,,,-0.0,0.0,0.9999,1.0,0.9999999987366577,0.22267637273072377,,0.019849600000000002,0.0198556,0.0198556,500.0,500.0,500.0,1.0
XSP,K14-,B2-EDGE,903,5,0.005537098560354375,0.11627906976744186,19.5,0.02159468438538206,1.1765336012917629,,1.0,3.9,,0.052000000000000005,0.0,0.0,None,None,3.6100000000000003,4.76,0.0,0.0,,,-0.0,0.0,0.9888,0.9903,0.9999957492226693,0.010304340446511538,,0.019849600000000002,0.0198556,0.0198556,500.0,500.0,500.0,1.0
XSP,K14-,B2-TS,903,7,0.007751937984496124,0.16279069767441862,25.72,0.0284828349944629,1.4020560509709998,,1.0,3.674285714285714,,0.049999999999999996,0.0,0.0,None,None,3.6100000000000003,3.76,0.0,0.0,,,-0.0,0.0,0.999,0.9997,0.9999999288535742,0.07356457157432643,,0.0198556,0.0198556,0.0198556,500.0,500.0,500.0,1.0
XSP,K14-,R1,903,121,0.13399778516057587,2.813953488372093,-1689.9899999999752,-1.8715282392026305,-0.9096106826394837,-14.540349748019825,0.9008264462809917,8.037522935779817,-213.83999999999796,0.1113223140495868,1830.3699999999772,0.07321479999999908,2023-02-09,2026-03-26,-495.53999999999996,41.61,-557.17,-503.66999999999996,-377.3399999999983,-495.53999999999996,,-2029.4999999999955,0.0227,0.0144,0.0035558460256462287,7.125393708203993e-16,0.2707321470522387,0.019769600000000002,0.019849600000000002,0.0198556,500.0,500.0,600.0,1.0
XSP,K14-,R2-A,903,9,0.009966777408637873,0.20930232558139536,34.239999999999995,0.03791805094130675,1.58531022463756,,1.0,3.8044444444444445,,0.051111111111111114,0.0,0.0,None,None,3.6100000000000003,4.76,0.0,0.0,,,-0.0,0.0,0.9999,1.0,0.9999999987366577,0.22267637273072377,,0.019849600000000002,0.0198556,0.0198556,500.0,500.0,500.0,1.0
XSP,K14-,R2-B,903,9,0.009966777408637873,0.20930232558139536,34.239999999999995,0.03791805094130675,1.58531022463756,,1.0,3.8044444444444445,,0.051111111111111114,0.0,0.0,None,None,3.6100000000000003,4.76,0.0,0.0,,,-0.0,0.0,0.9999,1.0,0.9999999987366577,0.22267637273072377,,0.019849600000000002,0.0198556,0.0198556,500.0,500.0,500.0,1.0
XSP,K14-,R3,903,167,0.1849390919158361,3.883720930232558,-268.7799999999718,-0.2976522702103785,-0.21482277549744216,-3.5615733885107645,0.9401197604790419,7.26,-140.8599999999972,0.08580838323353294,686.0199999999786,0.027440799999999144,2023-03-09,2024-04-30,-483.24,24.61,-454.72,-381.94000000000005,-172.75874999999667,-483.24,,-1227.7999999999895,0.3516,0.2878,0.3229989937841503,9.216466305417053e-06,0.7044109501180943,0.019769600000000002,0.019849600000000002,0.0198556,500.0,500.0,500.0,1.0
XSP,K14-,R4-1.0,903,4,0.004429678848283499,0.09302325581395349,15.889999999999999,0.0175968992248062,1.0512841986565467,,1.0,3.9725,,0.0525,0.0,0.0,None,None,3.6100000000000003,4.76,0.0,0.0,,,-0.0,0.0,0.9685,0.9694,0.9999661848133341,0.0026075208694668994,,0.019849600000000002,0.0198547,0.0198556,500.0,500.0,500.0,1.0
XSP,K14-,R4-1.5,903,3,0.0033222591362126247,0.06976744186046512,12.129999999999999,0.01343300110741971,0.9087704107791976,,1.0,4.043333333333334,,0.05333333333333334,0.0,0.0,None,None,3.6100000000000003,4.76,0.0,0.0,,,-0.0,0.0,0.9525,0.9587,0.9997224958520724,0.0004163611528572147,,0.019849600000000002,0.019855,0.0198556,500.0,500.0,500.0,1.0
XSP,K14-,R4-2.0,903,2,0.0022148394241417496,0.046511627906976744,7.37,0.008161683277962347,0.7473467242015623,,1.0,3.685,,0.05,0.0,0.0,None,None,3.6100000000000003,3.76,0.0,0.0,,,-0.0,0.0,0.8665,0.8796,0.9976033902790841,4.268362353122947e-05,,0.0198526,0.0198553,0.0198556,500.0,500.0,500.0,1.0
XSP,K16,B0,903,0,0.0,0.0,0.0,0.0,,,,,,,0.0,0.0,None,None,0.0,0.0,0.0,0.0,,,,0.0,0.0,0.0,,,,,,,,,,
XSP,K16,R0,903,117,0.12956810631229235,2.7209302325581395,-18.359999999997967,-0.020332225913619013,-0.019374830031530642,-0.3947181094036693,0.9829059829059829,4.194782608695651,-250.37999999999897,0.06858974358974358,497.77999999999884,0.019911199999999952,2025-11-20,2025-11-20,-497.78,13.519999999999998,-486.84,-460.4,-98.87999999999957,-497.78,,-500.75999999999794,0.5075,0.5077,0.4851111105392606,0.0002480107211334704,1.0000000000000022,0.019859200000000004,0.0199112,0.0199232,500.0,500.0,500.0,1.0
XSP,K16,B2-EDGE,903,49,0.05426356589147287,1.1395348837209303,213.38,0.23630121816168329,3.455804066776406,,1.0,4.35469387755102,,0.07030612244897959,0.0,0.0,None,None,1.9200000000000017,8.72,0.0,0.0,2.0700000000000003,1.9200000000000017,-0.0,0.0,1.0,1.0,1.0,0.9999999999705406,,0.019851199999999996,0.0199112,0.0199232,500.0,500.0,500.0,1.0
XSP,K16,B2-TS,903,80,0.08859357696567,1.8604651162790697,-160.8999999999979,-0.17818383167220145,-0.17002810711944058,-2.7932684289253578,0.975,4.3571794871794856,-250.37999999999897,0.070125,497.77999999999884,0.019911199999999952,2025-11-20,2025-11-20,-497.78,13.519999999999998,-489.05999999999995,-462.61999999999995,-124.07999999999947,-497.78,,-500.75999999999794,0.3618,0.3611,0.35107224441138507,5.296069540818109e-06,1.0000000000000022,0.019859200000000004,0.0199112,0.0199112,500.0,500.0,500.0,1.0
XSP,K16,R1,903,206,0.22812846068660023,4.790697674418604,-2740.479999999977,-3.0348615725359656,-1.1625406382507932,-18.424083177707292,0.9223300970873787,6.662105263157909,-250.39249999999873,0.10635922330097089,2892.7199999999793,0.11570879999999917,2023-01-18,2026-03-26,-497.78,38.22,-636.14,-573.38,-368.20999999999844,-491.88,,-2361.6999999999916,0.006,0.0047,0.00026996252385004207,7.973542940693565e-19,0.17208025664426682,0.0197992,0.0199112,0.0199232,500.0,500.0,600.0,1.0
XSP,K16,R2-A,903,117,0.12956810631229235,2.7209302325581395,-18.359999999997967,-0.020332225913619013,-0.019374830031530642,-0.3947181094036693,0.9829059829059829,4.194782608695651,-250.37999999999897,0.06858974358974358,497.77999999999884,0.019911199999999952,2025-11-20,2025-11-20,-497.78,13.519999999999998,-486.84,-460.4,-98.87999999999957,-497.78,,-500.75999999999794,0.5075,0.5077,0.4851111105392606,0.0002480107211334704,1.0000000000000022,0.019859200000000004,0.0199112,0.0199232,500.0,500.0,500.0,1.0
XSP,K16,R2-B,903,100,0.11074197120708748,2.3255813953488373,-83.59999999999798,-0.0925802879291229,-0.08827529461925161,-1.4929994414052121,0.98,4.256734693877551,-250.37999999999897,0.0693,497.7800000000025,0.019911200000000098,2025-11-20,2025-11-20,-497.78,13.519999999999998,-486.84,-460.4,-98.87999999999957,-497.78,,-500.75999999999794,0.3993,0.4008,0.42779253740884243,5.4647059887825744e-05,0.999999999999995,0.019859200000000004,0.0199112,0.0199232,500.0,500.0,500.0,1.0
XSP,K16,R3,903,259,0.2868217054263566,6.023255813953488,-1322.7199999999793,-1.4648062015503647,-0.6810038973393407,-10.97196358700002,0.9420849420849421,6.3417213114754105,-191.3399999999987,0.09181467181467182,1536.3199999999779,0.061452799999999114,2023-01-18,2026-03-26,-497.78,23.02,-480.8399999999999,-444.78000000000003,-237.9383333333318,-491.88,,-2156.599999999993,0.066,0.0699,0.04195125142000404,1.8347621850746333e-10,0.3240080191626791,0.0197992,0.0199112,0.0199232,500.0,500.0,500.0,1.0
XSP,K16,R4-1.0,903,32,0.035437430786267994,0.7441860465116279,167.24,0.18520487264673313,2.7090651619208588,,1.0,5.22625,,0.07921875,0.0,0.0,None,None,2.2199999999999993,13.519999999999998,0.0,0.0,2.2199999999999993,2.2199999999999993,-0.0,0.0,1.0,1.0,1.0,0.9998703137018858,,0.019821199999999997,0.0199112,0.0199112,500.0,500.0,500.0,1.0
XSP,K16,R4-1.5,903,19,0.021040974529346623,0.4418604651162791,118.67999999999998,0.1314285714285714,2.129765454137337,,1.0,6.246315789473684,,0.0894736842105263,0.0,0.0,None,None,2.2199999999999993,13.519999999999998,0.0,0.0,,,-0.0,0.0,1.0,1.0,1.0,0.9112542637574677,,0.019739200000000002,0.019900400000000002,0.0199112,500.0,500.0,500.0,1.0
XSP,K16,R4-2.0,903,12,0.013289036544850499,0.27906976744186046,84.53999999999999,0.09362126245847176,1.7212635363753708,,1.0,7.044999999999999,,0.09750000000000002,0.0,0.0,None,None,2.5199999999999974,13.519999999999998,0.0,0.0,,,-0.0,0.0,0.9999,1.0,0.999999999992472,0.39632757119516765,,0.0197012,0.0198728,0.019899200000000002,500.0,500.0,500.0,1.0
XSP,K17,B0,903,0,0.0,0.0,0.0,0.0,,,,,,,0.0,0.0,None,None,0.0,0.0,0.0,0.0,,,,0.0,0.0,0.0,,,,,,,,,,
XSP,K17,R0,903,44,0.048726467331118496,1.0232558139534884,193.740000000002,0.2145514950166135,3.2531269961618468,310.81608849571836,0.9772727272727273,4.627441860465117,-5.239999999997999,0.06068181818181817,5.239999999997963,0.0005239999999997962,2025-01-07,2025-01-07,-5.239999999997999,10.61,0.0,0.0,-0.889999999999,-5.239999999997999,0.02704655724165348,-5.239999999997999,1.0,1.0,1.0,0.9999988842575254,1.0000000000000069,0.019554,0.019653999999999998,0.019653999999999998,200.0,200.0,200.0,1.0
XSP,K17,B2-EDGE,903,24,0.026578073089700997,0.5581395348837209,104.44,0.11565891472868217,2.5676016889192144,,1.0,4.351666666666667,,0.057916666666666665,0.0,0.0,None,None,3.459999999999999,6.61,0.0,0.0,3.459999999999999,3.459999999999999,-0.0,0.0,1.0,1.0,1.0,0.9983033576462449,,0.019589000000000002,0.019653999999999998,0.019653999999999998,200.0,200.0,200.0,1.0
XSP,K17,B2-TS,903,34,0.03765227021040975,0.7906976744186046,147.790000000002,0.16366555924695683,2.7953838211707374,236.9452872970388,0.9705882352941176,4.637272727272728,-5.239999999997999,0.060882352941176464,5.239999999997963,0.0005239999999997962,2025-01-07,2025-01-07,-5.239999999997999,10.61,0.0,0.0,-5.239999999997999,-5.239999999997999,0.035455714189038014,-5.239999999997999,1.0,1.0,1.0,0.9992788151602292,1.0000000000000069,0.019554,0.019653999999999998,0.019653999999999998,200.0,200.0,200.0,1.0
XSP,K17,R1,903,153,0.16943521594684385,3.558139534883721,-979.4699999999887,-1.0846843853820471,-0.9166321511264705,-14.761136880846953,0.9019607843137255,6.702391304347844,-126.95999999999943,0.09111111111111111,1053.279999999988,0.1053279999999988,2023-01-18,2026-03-26,-195.39,26.460000000000004,-332.46999999999997,-289.80999999999995,-184.24714285714234,-195.39,,-953.8,0.0267,0.0253,0.010340971637502283,4.312027941888486e-12,0.18550622816345344,0.019438999999999998,0.019639,0.019653999999999998,200.0,200.0,200.0,1.0
XSP,K17,R2-A,903,44,0.048726467331118496,1.0232558139534884,193.740000000002,0.2145514950166135,3.2531269961618468,310.81608849571836,0.9772727272727273,4.627441860465117,-5.239999999997999,0.06068181818181817,5.239999999997963,0.0005239999999997962,2025-01-07,2025-01-07,-5.239999999997999,10.61,0.0,0.0,-0.889999999999,-5.239999999997999,0.02704655724165348,-5.239999999997999,1.0,1.0,1.0,0.9999988842575254,1.0000000000000069,0.019554,0.019653999999999998,0.019653999999999998,200.0,200.0,200.0,1.0
XSP,K17,R2-B,903,38,0.042081949058693245,0.8837209302325582,167.230000000002,0.18519379844961462,2.988165277226022,268.1857672510375,0.9736842105263158,4.661351351351352,-5.239999999997999,0.061052631578947365,5.239999999997963,0.0005239999999997962,2025-01-07,2025-01-07,-5.239999999997999,10.61,0.0,0.0,-5.239999999997999,-5.239999999997999,0.03133409077317429,-5.239999999997999,1.0,1.0,1.0,0.999938412097128,1.0000000000000069,0.019554,0.019653999999999998,0.019653999999999998,200.0,200.0,200.0,1.0
XSP,K17,R3,903,199,0.2203765227021041,4.627906976744186,-408.55999999997994,-0.45244739756365443,-0.42468184134189285,-7.039228908861082,0.9246231155778895,6.320869565217392,-104.77333333333199,0.07889447236180905,515.5799999999799,0.051557999999997994,2023-01-18,2026-03-26,-195.39,16.460000000000004,-195.76999999999992,-173.62999999999707,-159.2511111111101,-195.39,,-948.7999999999965,0.1819,0.1906,0.17746319582878,7.158535206484112e-07,0.37897125567323714,0.019438999999999998,0.019640499999999998,0.019653999999999998,200.0,200.0,200.0,1.0
XSP,K17,R4-1.0,903,12,0.013289036544850499,0.27906976744186046,64.12,0.0710077519379845,1.7431319511664134,,1.0,5.343333333333334,,0.06833333333333336,0.0,0.0,None,None,3.46,10.61,0.0,0.0,,,-0.0,0.0,1.0,1.0,0.9999999999934907,0.4303575186363194,,0.019504,0.01964575,0.019653999999999998,200.0,200.0,200.0,1.0
XSP,K17,R4-1.5,903,5,0.005537098560354375,0.11627906976744186,32.599999999999994,0.036101882613510515,1.1237441943831823,,1.0,6.519999999999999,,0.07999999999999999,0.0,0.0,None,None,4.46,10.61,0.0,0.0,,,-0.0,0.0,0.9958,0.9957,0.9999954938928403,0.004325299411606831,,0.019454,0.019534,0.019554,200.0,200.0,200.0,1.0
XSP,K17,R4-2.0,903,3,0.0033222591362126247,0.06976744186046512,17.529999999999998,0.019413067552602435,0.912077680008968,,1.0,5.843333333333334,,0.07333333333333332,0.0,0.0,None,None,5.459999999999998,6.61,0.0,0.0,,,-0.0,0.0,0.9522,0.9601,0.9997224749730893,0.0004549056042005308,,0.019454,0.019454,0.019454,200.0,200.0,200.0,1.0
XSP,K18,B0,903,0,0.0,0.0,0.0,0.0,,,,,,,0.0,0.0,None,None,0.0,0.0,0.0,0.0,,,,0.0,0.0,0.0,,,,,,,,,,
XSP,K18,R0,903,457,0.5060908084163898,10.627906976744185,742.0700000000235,0.82178294573646,0.3494713007695468,5.510910351084354,0.9824945295404814,6.165456570155907,-253.27749999999727,0.07435448577680526,989.239999999998,0.01978479999999996,2025-11-20,2025-11-20,-989.2400000000001,17.76,-947.5000000000001,-840.9200000000001,-89.7218181818172,-449.7149999999982,2.5578449472420774,-1898.0999999999883,0.7769,0.7822,0.7016615730609053,0.014674327445505333,1.0000000000000022,0.0198848,0.0199248,0.0199248,1000.0,1000.0,1000.0,1.0
XSP,K18,B2-EDGE,903,181,0.20044296788482835,4.209302325581396,928.6100000000046,1.02836101882614,2.479862012216428,44.48684964729286,0.9834254143646409,6.515898876404494,-77.07333333333182,0.077292817679558,164.94000000000233,0.0032988000000000466,2025-02-21,2025-02-21,-164.9400000000012,17.61,-150.42000000000118,-95.0100000000012,-23.217777777777275,-164.9400000000012,0.24899581094323164,-231.21999999999548,0.9999,1.0,0.9655482756648418,0.6940159245845441,0.9999999999999931,0.0198848,0.0199248,0.0199248,1000.0,1000.0,1000.0,1.0
XSP,K18,B2-TS,903,346,0.3831672203765227,8.046511627906977,606.2100000000099,0.671328903654496,0.3063122669151744,4.816178600736018,0.9884393063583815,5.950204678362578,-357.18999999999795,0.07222543352601157,998.3599999999933,0.019967199999999866,2025-11-20,2026-02-12,-989.2400000000001,17.76,-956.2600000000001,-849.6800000000001,-81.16941176470539,-473.9399999999982,2.356873030797856,-1428.7599999999916,0.7525,0.7522,0.6779754408969538,0.012692980135777443,0.9908650186305609,0.0198848,0.0199248,0.0199248,1000.0,1000.0,1000.0,1.0
XSP,K18,R1,903,498,0.5514950166112956,11.581395348837209,-1953.0699999999451,-2.1628682170542026,-0.6109183236401529,-9.859960738850555,0.9538152610441767,7.844210526315801,-246.91608695651956,0.0984136546184739,2609.779999999948,0.05219559999999896,2023-01-18,2026-02-12,-989.2400000000001,48.76,-945.9600000000002,-839.3800000000001,-236.4837499999979,-679.1274999999983,,-3139.6499999999846,0.112,0.1039,0.07120575658676731,4.186107053342087e-09,0.379051107756217,0.019864800000000002,0.0199248,0.0199248,1000.0,1000.0,1100.0,1.0
XSP,K18,R2-A,903,457,0.5060908084163898,10.627906976744185,742.0700000000235,0.82178294573646,0.3494713007695468,5.510910351084354,0.9824945295404814,6.165456570155907,-253.27749999999727,0.07435448577680526,989.239999999998,0.01978479999999996,2025-11-20,2025-11-20,-989.2400000000001,17.76,-947.5000000000001,-840.9200000000001,-89.7218181818172,-449.7149999999982,2.5578449472420774,-1898.0999999999883,0.7769,0.7822,0.7016615730609053,0.014674327445505333,1.0000000000000022,0.0198848,0.0199248,0.0199248,1000.0,1000.0,1000.0,1.0
XSP,K18,R2-B,903,391,0.4330011074197121,9.093023255813954,462.6600000000188,0.5123588039867317,0.21894013013602617,3.4116215518232513,0.9820971867007673,6.223020833333339,-275.2828571428547,0.07496163682864451,1019.0999999999913,0.020381999999999824,2025-11-20,2026-02-12,-989.2400000000001,17.76,-958.9600000000002,-852.3800000000001,-99.06105263157804,-544.6399999999973,4.021743829161616,-1860.6999999999884,0.6995,0.7059,0.6397713894508935,0.005157572002153047,0.9706996369345585,0.0198848,0.0199248,0.0199248,1000.0,1000.0,1000.0,1.0
XSP,K18,R3,903,604,0.6688815060908084,14.046511627906977,-40.05999999993753,-0.04436323366549007,-0.014301736399866259,-0.3561548222674978,0.9602649006622517,7.787758620689658,-189.8733333333308,0.09201986754966887,1123.5399999999863,0.022470799999999725,2025-11-20,2026-02-12,-989.2400000000001,34.760000000000005,-915.5000000000001,-808.9200000000001,-151.1666666666646,-521.073333333331,,-2792.099999999982,0.5205,0.533,0.4891409046704399,0.000300395781926692,0.8804670950745075,0.019864800000000002,0.0199248,0.0199248,1000.0,1000.0,1000.0,1.0
XSP,K18,R4-1.0,903,80,0.08859357696567,1.8604651162790697,486.99999999999886,0.5393133997785148,1.4072210371641924,24.777010068041637,0.9875,8.252405063291139,-164.9400000000012,0.09462499999999999,164.94000000000233,0.0032988000000000466,2025-02-21,2025-02-21,-164.9400000000012,17.76,-150.42000000000118,-100.7700000000012,-38.415000000000305,-164.9400000000012,0.33868583162217986,-164.9400000000012,0.9942,0.9959,0.904543746765292,0.36159539926277007,0.9999999999999931,0.019826299999999998,0.0199248,0.0199248,1000.0,1000.0,1000.0,1.0
XSP,K18,R4-1.5,903,45,0.04983388704318937,1.0465116279069768,414.85,0.45941306755260247,3.3477247349439647,,1.0,9.218888888888888,,0.1048888888888889,0.0,0.0,None,None,3.76,17.76,0.0,0.0,4.26,3.76,-0.0,0.0,1.0,1.0,1.0,0.999999999294369,,0.0198078,0.0199048,0.0199248,1000.0,1000.0,1000.0,1.0
XSP,K18,R4-2.0,903,25,0.02768549280177187,0.5813953488372093,279.25,0.3092469545957918,2.5450691901031055,,1.0,11.17,,0.12440000000000001,0.0,0.0,None,None,4.76,17.76,0.0,0.0,4.76,4.76,-0.0,0.0,1.0,1.0,1.0,0.9982264795062019,,0.0197478,0.0198848,0.0199048,1000.0,1000.0,1000.0,1.0
XSP,K18-S1,B0,903,0,0.0,0.0,0.0,0.0,,,,,,,0.0,0.0,None,None,0.0,0.0,0.0,0.0,,,,0.0,0.0,0.0,,,,,,,,,,
XSP,K18-S1,R0,903,285,0.31561461794019935,6.627906976744186,759.6000000000265,0.8411960132890659,0.2916577824536449,4.574025521814441,0.9859649122807017,11.241708185053394,-599.8299999999945,0.06824561403508772,1208.359999999986,0.024167199999999722,2025-11-20,2026-02-12,-988.78,33.72,-936.2,-817.8199999999999,-166.4871428571411,-872.1799999999984,3.1586624539229775,-2399.3199999999774,0.7435,0.7441,0.6819460315674688,0.00759136897753431,0.8182826310040149,0.019799600000000004,0.0198556,0.0198616,1000.0,1000.0,1000.0,2.0
XSP,K18-S1,B2-EDGE,903,123,0.1362126245847176,2.86046511627907,1305.1600000000058,1.4453599114064295,3.9123809777256766,92.92856915924224,0.991869918699187,11.66672131147541,-118.17999999999435,0.07008130081300813,118.17999999999302,0.0023635999999998603,2024-03-08,2024-03-08,-118.17999999999435,25.220000000000002,-108.15999999999435,-108.15999999999435,-13.729999999999059,-118.17999999999435,0.09054828526770191,-118.17999999999435,1.0,1.0,0.9987597586582073,0.9497755566764601,1.0000000000000113,0.019799600000000004,0.0198556,0.0198616,1000.0,1000.0,1000.0,2.0
XSP,K18-S1,B2-TS,903,203,0.2248062015503876,4.72093023255814,715.4600000000175,0.7923145071982476,0.3320261416960759,5.245436698631186,0.9901477832512315,11.149353233830865,-762.7799999999933,0.06793103448275864,1242.7999999999884,0.024855999999999767,2025-11-20,2026-02-12,-988.78,33.72,-947.42,-829.04,-147.14999999999822,-762.7799999999933,2.132278534089885,-1525.5599999999865,0.769,0.7693,0.6935772093306667,0.013228821323408546,0.7956066945606769,0.019805600000000003,0.0198556,0.0198616,1000.0,1000.0,1000.0,2.0
XSP,K18-S1,R1,903,366,0.4053156146179402,8.511627906976743,-4024.3799999999146,-4.456677740863693,-0.8190642850918616,-13.172404838619839,0.9453551912568307,14.942832369942224,-459.7299999999962,0.09480874316939891,4761.379999999932,0.09522759999999864,2023-01-18,2026-03-26,-988.78,83.22,-1242.7199999999998,-1364.5600000000047,-509.40777777777356,-971.1133333333333,,-4570.499999999978,0.046,0.0444,0.021737475471356505,6.481690027159454e-11,0.20766668486867548,0.019765599999999998,0.0198556,0.0198616,1000.0,1000.0,1000.0,2.0
XSP,K18-S1,R2-A,903,285,0.31561461794019935,6.627906976744186,759.6000000000265,0.8411960132890659,0.2916577824536449,4.574025521814441,0.9859649122807017,11.241708185053394,-599.8299999999945,0.06824561403508772,1208.359999999986,0.024167199999999722,2025-11-20,2026-02-12,-988.78,33.72,-936.2,-817.8199999999999,-166.4871428571411,-872.1799999999984,3.1586624539229775,-2399.3199999999774,0.7435,0.7441,0.6819460315674688,0.00759136897753431,0.8182826310040149,0.019799600000000004,0.0198556,0.0198616,1000.0,1000.0,1000.0,2.0
XSP,K18-S1,R2-B,903,246,0.2724252491694352,5.72093023255814,329.7200000000265,0.36513842746403824,0.12675798356217058,1.9166144088651877,0.983739837398374,11.277024793388449,-599.8299999999945,0.06845528455284554,1252.2199999999866,0.02504439999999973,2025-11-20,2026-02-12,-988.78,33.72,-945.12,-826.74,-195.43833333333123,-872.1799999999984,7.2768409559619815,-2399.3199999999774,0.63,0.6284,0.5884907439722336,0.0016848799589841003,0.7896216319816091,0.019799600000000004,0.0198556,0.0198616,1000.0,1000.0,1000.0,2.0
XSP,K18-S1,R3,903,447,0.4950166112956811,10.395348837209303,-938.1599999999054,-1.0389368770763072,-0.21930851912057442,-3.7094758127437264,0.9552572706935123,14.818829039812657,-363.2899999999955,0.08778523489932888,2264.359999999935,0.0452871999999987,2023-01-18,2024-04-30,-988.78,51.72,-934.4199999999998,-1241.3400000000047,-330.06181818181386,-903.0549999999946,,-4367.799999999976,0.339,0.3588,0.3274805784696705,2.148442318836256e-05,0.42673426486955596,0.0197596,0.0198396,0.0198616,1000.0,1000.0,1000.0,2.0
XSP,K18-S1,R4-1.0,903,52,0.05758582502768549,1.2093023255813953,743.94,0.8238538205980067,3.604698215836124,,1.0,14.306538461538462,,0.08423076923076923,0.0,0.0,None,None,6.919999999999998,33.72,0.0,0.0,7.069999999999999,6.919999999999998,-0.0,0.0,1.0,1.0,1.0,0.9999999999985367,,0.019747599999999997,0.0198556,0.0198616,1000.0,1000.0,1000.0,2.0
XSP,K18-S1,R4-1.5,903,28,0.031007751937984496,0.6511627906976745,461.96,0.5115836101882614,2.660560309598288,,1.0,16.49857142857143,,0.09535714285714288,0.0,0.0,None,None,8.02,33.72,0.0,0.0,8.02,8.02,-0.0,0.0,1.0,1.0,1.0,0.9996359776278435,,0.019690600000000003,0.0198312,0.0198396,1000.0,1000.0,1000.0,2.0
XSP,K18-S1,R4-2.0,903,12,0.013289036544850499,0.27906976744186046,250.64,0.27756367663344406,1.7872295091301416,,1.0,20.886666666666667,,0.11750000000000001,0.0,0.0,None,None,12.019999999999998,33.72,0.0,0.0,,,-0.0,0.0,0.9999,1.0,0.999999999996202,0.4983325065474561,,0.0195756,0.0197244,0.0197596,1000.0,1000.0,1000.0,2.0
SPY,PRIMARY,B0,904,0,0.0,0.0,0.0,0.0,,,,,,,0.0,0.0,None,None,0.0,0.0,0.0,0.0,,,,0.0,0.0,0.0,,,,,,,,,,
SPY,PRIMARY,R0,904,641,0.709070796460177,14.890486725663715,-2007.3999999999999,-2.220575221238938,-1.0594862493877317,-16.883791754223367,0.8564742589703588,3.627322404371585,-43.46521739130435,0.07920436817472698,2255.0999999999985,0.09020399999999994,2023-03-09,2026-06-09,-496.65,18.200000000000003,-468.59999999999997,-537.8,-123.546875,-336.0416666666667,,-1771.0500000000002,0.0079,0.0084,0.002010377813031272,5.412498626512552e-15,0.22023413595849423,0.01981,0.01989,0.01989,500.0,500.0,500.0,1.0
SPY,PRIMARY,B2-EDGE,904,276,0.3053097345132743,6.4115044247787605,-289.05,-0.319745575221239,-0.3247631239888815,-5.317559775242141,0.8804347826086957,4.0318930041152266,-38.448484848484846,0.08268115942028986,455.6999999999971,0.018227999999999883,2023-08-10,2025-07-31,-245.2,17.75,-241.5,-235.7,-96.31923076923077,-229.85,,-990.7499999999999,0.2704,0.2747,0.24115868134267077,2.4476795881305455e-06,0.5380732938336659,0.019804000000000002,0.019884000000000002,0.01989,500.0,500.0,500.0,1.0
SPY,PRIMARY,B2-TS,904,478,0.5287610619469026,11.103982300884955,-1039.6,-1.15,-0.7236783468070244,-11.632461389613026,0.8410041841004184,3.3764925373134327,-31.538815789473688,0.0760669456066946,1301.699999999997,0.052067999999999885,2023-08-24,2026-06-05,-496.65,18.200000000000003,-473.09999999999997,-432.4,-102.78478260869566,-300.925,,-1409.9,0.0523,0.0477,0.02861481633129103,2.0839813304339155e-11,0.38153952523623036,0.019844000000000004,0.01989,0.01989,500.0,500.0,500.0,1.0
SPY,PRIMARY,R1,904,590,0.6526548672566371,13.70575221238938,-3577.8999999999996,-3.9578539823008847,-1.3675671784736156,-21.62593368640431,0.8406779661016949,5.7306451612903215,-68.30106382978722,0.10659322033898305,3855.6000000000167,0.15422400000000067,2023-01-18,2026-06-09,-496.65,57.050000000000004,-625.4,-536.5500000000001,-211.0224137931034,-461.3299999999999,,-2306.6499999999996,0.001,0.0003,6.702033231009618e-05,6.256725451116005e-19,0.12881263616557678,0.019764,0.01989,0.01989,500.0,500.0,600.0,1.0
SPY,PRIMARY,R2-A,904,641,0.709070796460177,14.890486725663715,-2007.3999999999999,-2.220575221238938,-1.0594862493877317,-16.883791754223367,0.8564742589703588,3.627322404371585,-43.46521739130435,0.07920436817472698,2255.0999999999985,0.09020399999999994,2023-03-09,2026-06-09,-496.65,18.200000000000003,-468.59999999999997,-537.8,-123.546875,-336.0416666666667,,-1771.0500000000002,0.0079,0.0084,0.002010377813031272,5.412498626512552e-15,0.22023413595849423,0.01981,0.01989,0.01989,500.0,500.0,500.0,1.0
SPY,PRIMARY,R2-B,904,523,0.5785398230088495,12.14933628318584,-2151.8500000000004,-2.380365044247788,-1.1484903743297719,-18.24786293325149,0.8393881453154876,3.7482915717539864,-45.206547619047626,0.07891013384321224,2364.75,0.09459,2023-03-09,2026-06-09,-496.65,18.200000000000003,-481.2,-440.49999999999994,-143.98653846153846,-354.21000000000004,,-1771.0500000000002,0.0036,0.0033,0.0005365202501315651,3.121237522658667e-17,0.21002220107833808,0.01981,0.01989,0.01989,500.0,500.0,500.0,1.0
SPY,PRIMARY,R3,904,732,0.8097345132743363,17.00442477876106,-1990.9499999999998,-2.2023783185840706,-0.8761744073052262,-14.132261370470829,0.860655737704918,5.652698412698413,-54.4328431372549,0.10318306010928961,2341.099999999995,0.0936439999999998,2023-01-18,2026-06-09,-496.65,46.35,-493.40000000000003,-519.1,-148.85555555555555,-375.5142857142858,,-2064.05,0.025,0.025,0.016623923093618584,4.828145750413938e-11,0.2121438639955581,0.019764,0.019884000000000002,0.01989,500.0,500.0,500.0,1.0
SPY,PRIMARY,R4-1.0,904,129,0.1426991150442478,2.9966814159292032,38.20000000000012,0.04225663716814172,0.06074127454974905,0.9375645776117376,0.9147286821705426,5.886016949152542,-59.66818181818181,0.10813953488372093,214.5,0.00858,2026-06-05,2026-06-05,-214.5,18.200000000000003,-214.5,-210.75,-108.25833333333333,-214.5,16.437172774869058,-627.9,0.5703,0.5828,0.5444633566294416,0.000750020646054688,1.0,0.019724000000000002,0.019884000000000002,0.01989,500.0,500.0,500.0,1.0
SPY,PRIMARY,R4-1.5,904,70,0.07743362831858407,1.6261061946902653,99.85000000000007,0.11045353982300893,0.2130320759932786,3.4977182827436892,0.9,7.923809523809523,-57.04999999999999,0.13285714285714287,240.45000000000073,0.00961800000000003,2025-02-21,2025-07-31,-175.2,18.200000000000003,-167.45,-148.29999999999998,-124.39999999999998,-175.2,3.989484226339506,-398.3499999999999,0.6921,0.6955,0.6407992826146062,0.0038518227189169294,0.7286338116032417,0.019627,0.0198073,0.019884000000000002,500.0,500.0,500.0,1.0
SPY,PRIMARY,R4-2.0,904,45,0.049778761061946904,1.0453539823008848,320.6,0.3546460176991151,1.9832208888307947,50.678316970920854,0.9111111111111111,9.620731707317074,-18.462500000000002,0.15555555555555556,53.599999999998545,0.002143999999999942,2024-05-22,2024-08-28,-48.349999999999994,18.200000000000003,-48.349999999999994,-33.0,-35.0,-48.349999999999994,0.23034934497816595,-73.85000000000001,0.999,0.9993,0.9969763959837101,0.6068642619609408,0.9020522388059945,0.019483999999999998,0.019763199999999998,0.019804000000000002,500.0,500.0,500.0,1.0
SPY,PRIMARY,R0-SNAP1000,904,505,0.5586283185840708,11.731194690265486,-1708.5000000000002,-1.8899336283185844,-1.0130524629476891,-16.13734655862442,0.8356435643564356,3.2207345971563983,-36.95963855421687,0.07178217821782178,1890.3999999999978,0.07561599999999992,2023-03-09,2026-06-09,-496.65,17.75,-474.44999999999993,-441.15,-120.62199999999999,-342.41,,-1712.0500000000002,0.0081,0.0084,0.001735247489401842,3.261566091420636e-16,0.26272217520101593,0.019844000000000004,0.01989,0.01989,500.0,500.0,500.0,1.0
SPXW,PRIMARY,B0,904,0,0.0,0.0,0.0,0.0,,,,,,,0.0,0.0,None,None,0.0,0.0,0.0,0.0,,,,0.0,0.0,0.0,,,,,,,,,,
SPXW,PRIMARY,R0,904,785,0.8683628318584071,18.23561946902655,-4034.5899999999447,-4.463042035398169,-1.0223393447026758,-16.28489925316437,0.9732484076433121,6.605287958115182,-432.42999999999734,0.09076433121019108,4406.999999999949,0.17627999999999797,2023-01-18,2026-06-05,-497.58,37.419999999999995,-489.59999999999997,-1322.7699999999672,-231.7299999999986,-497.4257142857144,,-2487.1800000000003,0.0163,0.018,0.0068357796298268905,6.150186087619786e-12,0.112906739278422,0.0197032,0.0199032,0.0199032,500.0,500.0,500.0,1.0
SPXW,PRIMARY,B2-EDGE,904,326,0.3606194690265487,7.573008849557522,-953.1399999999599,-1.0543584070796017,-0.40668189685871536,-6.687274241467472,0.9754601226993865,7.264622641509434,-407.911249999995,0.09708588957055216,1418.709999999959,0.05674839999999837,2023-04-25,2025-02-21,-497.4,27.42,-484.8,-477.36,-202.74562499999752,-494.06666666666666,,-2457.09,0.2265,0.2282,0.18447958958122535,6.269645858596218e-07,0.35060019313320856,0.0196996,0.0199032,0.0199032,500.0,500.0,500.0,1.0
SPXW,PRIMARY,B2-TS,904,621,0.6869469026548672,14.425884955752212,-1892.5699999999595,-2.0935508849557074,-0.6029521211424731,-9.81552648058586,0.9790660225442834,6.287960526315789,-439.6653846153814,0.08768115942028985,2615.2099999999664,0.10460839999999866,2024-07-11,2026-06-05,-497.4,37.419999999999995,-489.59999999999997,-476.79999999999995,-182.97064516128904,-495.7633333333333,,-2482.18,0.104,0.1207,0.0868750321526045,3.4752321683014075e-08,0.19019505125783642,0.019896,0.0199032,0.0199032,500.0,500.0,500.0,1.0
SPXW,PRIMARY,R1,904,634,0.7013274336283186,14.727876106194689,-5186.520000000099,-5.737300884955862,-1.1468840785267498,-18.326376667384235,0.9511041009463722,11.986334991708125,-400.4606451612934,0.15701892744479493,5749.630000000085,0.2299852000000034,2023-01-18,2026-06-05,-497.4,87.41999999999999,-787.5400000000001,-912.5,-400.4606451612934,-495.7633333333333,,-2482.18,0.0064,0.0039,0.0035002584822108186,2.607371541863762e-12,0.086509914551022,0.019696,0.0199032,0.0199032,500.0,500.0,500.0,1.0
SPXW,PRIMARY,R2-A,904,785,0.8683628318584071,18.23561946902655,-4034.5899999999447,-4.463042035398169,-1.0223393447026758,-16.28489925316437,0.9732484076433121,6.605287958115182,-432.42999999999734,0.09076433121019108,4406.999999999949,0.17627999999999797,2023-01-18,2026-06-05,-497.58,37.419999999999995,-489.59999999999997,-1322.7699999999672,-231.7299999999986,-497.4257142857144,,-2487.1800000000003,0.0163,0.018,0.0068357796298268905,6.150186087619786e-12,0.112906739278422,0.0197032,0.0199032,0.0199032,500.0,500.0,500.0,1.0
SPXW,PRIMARY,R2-B,904,616,0.6814159292035398,14.309734513274336,-4511.959999999941,-4.9911061946902,-1.1797568999349433,-18.65142239685691,0.9691558441558441,6.747219430485762,-449.47631578947056,0.09237012987012987,4833.909999999931,0.19335639999999724,2023-01-18,2026-06-05,-497.4,37.419999999999995,-497.4,-927.3199999999999,-283.7809999999981,-497.40000000000003,,-2487.0,0.0042,0.0032,0.0013505320948910464,2.2677543044978162e-14,0.10289806802360969,0.0197032,0.0199032,0.0199032,500.0,500.0,500.0,1.0
SPXW,PRIMARY,R3,904,803,0.8882743362831859,18.653761061946902,-4508.720000000076,-4.987522123893889,-0.9356647366731535,-15.144069086832214,0.9564134495641345,12.2038020833333,-396.60685714285853,0.15161892901618929,5555.400000000005,0.2222160000000002,2023-11-09,2026-06-05,-497.58,87.41999999999999,-720.5400000000109,-1520.1299999999383,-346.72850000000125,-495.57000000000005,,-2487.1800000000003,0.026,0.0216,0.018441871167955908,6.246650837555979e-10,0.08956690787342036,0.019696,0.0199032,0.0199032,500.0,500.0,500.0,1.0
SPXW,PRIMARY,R4-1.0,904,49,0.05420353982300885,1.1382743362831858,741.1000000000001,0.8198008849557523,3.411860702847848,,1.0,15.124489795918368,,0.176530612244898,0.0,0.0,None,None,2.4200000000000044,37.419999999999995,0.0,0.0,4.919999999999995,2.4200000000000044,-0.0,0.0,1.0,1.0,1.0,0.9999999998671764,,0.0194996,0.0197032,0.0199032,500.0,500.0,500.0,1.0
SPXW,PRIMARY,R4-1.5,904,22,0.024336283185840708,0.5110619469026548,368.96000000000004,0.408141592920354,2.319470055603441,,1.0,16.770909090909097,,0.19318181818181823,0.0,0.0,None,None,7.419999999999986,37.419999999999995,0.0,0.0,7.419999999999986,7.419999999999986,-0.0,0.0,1.0,1.0,1.0,0.9813033719055496,,0.019399599999999996,0.01968636,0.0197032,500.0,500.0,500.0,1.0
SPXW,PRIMARY,R4-2.0,904,11,0.012168141592920354,0.2555309734513274,236.80000000000007,0.2619469026548673,1.688737809931332,,1.0,21.527272727272727,,0.24090909090909093,0.0,0.0,None,None,12.510000000000014,37.419999999999995,0.0,0.0,,,-0.0,0.0,0.9999,0.9999,0.9999999999700986,0.3512057513006498,,0.0191032,0.0194014,0.0194996,500.0,500.0,500.0,1.0
SPXW,PRIMARY,R0-SNAP1000,904,707,0.7820796460176991,16.423672566371682,-3871.179999999945,-4.282278761061886,-1.0102993533149276,-16.104048873428887,0.9717114568599717,6.859461426491995,-429.18149999999724,0.09328147100424329,4203.689999999951,0.16814759999999807,2023-01-18,2026-06-05,-497.58,37.419999999999995,-494.8,-857.15,-244.209428571427,-496.7371428571429,,-2487.1800000000003,0.0134,0.0123,0.007187816442686979,6.090293163749424e-12,0.1183674343255582,0.0197032,0.0199032,0.0199032,500.0,500.0,500.0,1.0
