tree
version=v4
num_class=1
num_tree_per_iteration=1
label_index=0
max_feature_idx=35
objective=lambdarank
feature_names=VIX_21d_pct_change VIX_5d_pct_change VIX_VIX9D_spread VVIX_5d_pct_change days_until_next_pce entry_bid_ask_spread entry_bid_ask_spread_pct entry_bid_ask_spread_pct_wd_rank gamma gamma_x_dte gamma_x_morning_spx_rv_annualized iv_at_strike_minus_atmf iv_at_strike_minus_atmf_wd_rank iv_at_strike_minus_atmf_x_VIX_VIX9D_spread iv_term_slope_5d_30d jobless_claims leverage morning_atmf_iv_pct_change morning_spx_directionality morning_spx_range_pct morning_spx_rv_annualized morning_vix_change prior_day_strategy_drawdown_max_5d rom_roll_skew_30d rom_roll_std_30d spx_10d_returns spx_1d_returns spx_252d_rv spx_5d_returns spx_realized_skew_21d theta theta_x_atmf_iv_5dte_percentile_252d vega vix_pcr_21d_avg vix_z_60d win_rate_30d
feature_infos=[-0.52839210998206809:4.8438162544169607] [-0.46669080376538741:1.6965317919075145] [-28.090000000000003:6.4700000000000024] [-0.32030341620065339:0.85349160517591693] [0:44] [0.049999999999999822:30] [0.0053050397877982946:1.9748427672955975] [1:8.5] [0.00033523060713275678:0.072209098383669706] [0:0.033556061189271305] [0.00050198565975699322:0.029708705204148592] [-0.040643324853528728:0.35516611695907097] [1:8.5] [-6.5795764598266988:0.58289359397191487] [-0.50666580450779986:0.067287322754047196] [152144:6161268] [12.51586456957032:1073.1554712918908] [-0.33382759238393778:0.8768424828297523] [-0.99475890985327808:0.99778270509972999] [0.00070837031052892977:0.047613469070574892] [0.17917490989228085:8.150433863579746] [-17.640000000000001:24.859999999999999] [0:30374.000000000073] [-5.4772255750516701:5.0258428426019996] [7.1417041269969607e-17:24.825182971967418] [-0.23386323847009061:0.19052471618843292] [-0.11984050283657066:0.093827657101993367] [0.067700138624190859:0.34896258123526319] [-0.1796662632195084:0.17397425583266291] [-3.020948396923655:1.8366420072588208] [-7697.42948726533:-96.192032199531141] [-7575.2480668325461:0] [10.153572579096968:166.46298008069991] [0.33857142857142858:1.6957142857142857] [-2.0836522372647459:6.9859947436689716] [0.46666666666666667:1]
tree_sizes=3562 3589 3585 3548 3579 3580 3585 3561 3533 3570 3604 3593 3604 3593 3590 3558 3575 3566 3593 3572 3563 3599 3554 3579 3562 3538 3610 3597 3597 3605 3567 3617 3573 3584 3557 3598 3562 3589 3544 3610 3589 3603 3543 3546

Tree=0
num_leaves=32
num_cat=0
split_feature=35 6 12 12 30 12 30 6 0 3 1 12 12 16 17 19 19 17 34 27 34 4 13 19 34 30 29 3 29 0 18
split_gain=313.321 57.5184 55.9229 33.4661 18.9544 7.47943 7.38397 6.81685 5.23933 5.27457 6.24112 4.73984 4.19308 4.0849 3.88397 6.08095 4.87663 3.64876 3.62941 4.77623 3.57256 3.41396 3.31899 3.16284 4.82113 2.89557 2.65795 2.9302 2.8937 4.4377 2.67477
threshold=0.8500000000000002 0.018018018018018011 5.2500000000000009 4.2500000000000009 -209.86520500711239 3.7500000000000004 -741.89983497243873 0.19758530942741476 0.41252219386339678 -0.03031780359707725 -0.020642515379357514 6.7500000000000009 5.2500000000000009 397.62237802620956 -0.014897752436425602 0.0020341273310804289 0.0051815763837962233 -0.0074216767681496423 -0.20379791385415977 0.11723539683783388 0.28179690968096244 6.5000000000000009 0.0033876868403041323 0.0052362154477906412 -0.55399956929062133 -831.61866799064626 -0.19835324111142685 0.012403898746714772 0.63736514572743463 0.25800751703077279 -0.10105883407769867
decision_type=10 10 2 2 10 2 10 10 2 2 2 2 2 8 10 2 2 10 2 2 2 2 8 2 2 10 2 2 2 2 2
left_child=1 18 5 6 7 -2 8 11 9 10 14 -4 -5 -8 15 -3 -17 -13 -1 -20 -16 -21 -23 24 -9 -7 -11 -28 29 30 -29
right_child=2 3 4 12 -6 25 13 23 -10 26 -12 17 -14 -15 20 16 -18 -19 19 21 -22 22 -24 -25 -26 -27 27 28 -30 -31 -32
leaf_value=-0.069408700698989509 -0.028590818741800268 -0.072650811967139975 0.027275214969085672 0.00092483523274416264 -0.012436049799130057 -0.0069760453845636701 -0.013377978302392093 0.033308291484717242 -4.5149999830707123e-05 -0.057501966321363979 0.018365028349367908 0.041463595251765857 0.034575512540408471 0.041125851212115212 -0.058136484625188098 0.038048625854786057 -0.030378482430971659 0.056384647934272995 -0.0065249236755690236 -0.036123846683326424 0 -0.023458089073654712 -0.071086214282379143 0.047969828556572468 0 0.019591270144806487 -0.055514131938843393 -0.022531095016492267 -0.065066981905766541 -0.063689078905091678 0.023429542092478675
leaf_weight=53.828697646036744 22.805679312441498 2.1895695701241547 28.751015033572912 13.088868132326754 12.15804588422179 17.494765154551718 12.926452181767674 15.996151312254369 8.4342544265091401 26.638855580124073 5.1265194783918551 89.153032121248543 17.941583304200321 3.1132203568704417 10.952550235437227 4.4778825803659856 3.1535410564392805 68.998030146583915 5.0771207613870493 15.993141352664678 2.8562695435248306 4.5078575944062349 25.700388056691736 9.0224340921267849 15.300632320344448 12.697655956726519 8.2747052186168748 3.888778883032499 2.2945556230843058 2.2229695296846321 5.4839660145808011
leaf_count=851 727 42 961 534 112 682 464 179 317 780 178 1065 517 94 336 244 127 790 81 240 91 141 413 93 158 477 221 159 79 55 223
internal_value=-3.58551e-05 -0.0366658 0.0297349 -0.0176824 0.038596 -0.00991222 -0.0296496 0.0414144 -0.0346584 -0.0381653 -0.0222097 0.0450037 0.0210249 -0.00155191 -0.0318569 -0.00861763 0.00716068 0.0481001 -0.0605079 -0.0507729 -0.0469372 -0.0552034 -0.0646411 0.0242799 0.0168104 0.00353759 -0.0471567 -0.0338192 -0.0194529 -0.0086965 0.00223335
internal_weight=530.549 238.172 292.377 133.065 239.379 52.9981 102.034 227.221 85.9944 77.5602 28.7563 186.902 31.0305 16.0397 23.6298 9.82099 7.63142 158.151 105.107 51.2785 13.8088 46.2014 30.2082 40.3192 31.2968 30.1924 48.8038 22.165 13.8903 11.5957 9.37274
internal_count=11431 6187 5244 4461 3358 1886 3410 3246 2852 2535 1018 2816 1051 558 840 413 371 1855 1726 875 427 794 554 430 337 1159 1517 737 516 437 382
is_linear=0
shrinkage=0.0429769


Tree=1
num_leaves=32
num_cat=0
split_feature=32 10 12 30 32 6 30 3 17 27 15 4 34 7 34 20 16 28 22 13 28 33 33 18 18 26 21 22 19 19 0
split_gain=895.607 147.574 108.856 42.2551 34.724 40.5541 27.1845 21.087 20.8294 18.4023 17.9158 16.9035 16.4144 16.3704 14.7216 18.451 15.7907 14.0615 13.6653 16.65 15.1057 14.3943 13.6081 19.8335 13.4537 14.9614 17.7004 23.6039 12.686 19.1806 11.9975
threshold=95.605924565013822 0.012143395635146251 3.2500000000000004 -209.86520500711239 53.726038327006769 0.19758530942741476 -512.09579854760216 -0.040567479793150112 -0.0021257560935665771 0.33438876204853035 242481.50000000003 6.5000000000000009 -0.17277113411325931 7.7500000000000009 0.74401910827940398 1.2350475618808636 187.60453569785361 0.011612091974755103 1.0000000180025095e-35 0.015730333622207299 -0.011615784986530873 0.76357142857142879 0.74880952380952392 0.27089292900099221 -0.10105883407769867 -0.010314134250953009 -0.22500000000000139 1690.5000000000139 0.0052362154477906412 0.0027460178916606085 -0.29590588171016574
decision_type=8 8 2 10 10 10 10 2 10 2 2 2 2 2 2 2 10 2 10 10 2 2 2 2 2 2 2 10 2 2 2
left_child=2 8 6 4 5 13 7 9 22 10 17 12 -3 14 15 -4 -16 -1 19 20 -15 -21 -2 -24 -9 -26 -27 -28 29 -7 -6
right_child=1 11 3 -5 30 28 -8 24 -10 -11 -12 -13 -14 18 16 -17 -18 -19 -20 21 -22 -23 23 -25 25 26 27 -29 -30 -31 -32
leaf_value=0.024814308459655689 -0.017517947125392199 -0.065114698982771807 0.035156796018858856 -0.037264947637647983 -0.013539822217051797 0.021027963551492435 0.049025262269707444 -0.042657273794452194 -0.032609648133919408 -0.049926443112657107 0.045219737171759415 -0.068225210777548354 -0.032222228997410424 0.053321396191911029 0.027506463293775731 -0.0065247144803447397 -0.0084335534639796653 -0.02400394690437363 0.016200400768424494 0.065201374586503907 0.021029178809225352 0.037869184005735357 0.032912050864070209 -0.019597387387473818 -0.054386899510308687 -0.03123564885849921 -0.0077466729861466674 0.070769008915678638 0.029121402542385998 -0.020368021433383256 0.016207965541550472
leaf_weight=18.773589748889208 96.588791812770069 55.317234484478831 278.56382631883025 20.329384224489331 26.152140601538122 35.994126498699188 13.335407447069882 50.038269331678748 111.14730887580663 10.214176680892704 20.566504901275039 231.69295145059004 64.489170957356691 42.43318448215723 52.638692477717996 20.245584636926651 38.393924862146378 25.671950447373092 38.606573266908526 91.197487089782953 82.182003267109394 66.521380051970482 29.783626687712967 23.535727141425014 12.775428460910915 22.748193496838208 20.139760360121734 10.607023086398838 32.15403088927269 48.236673710867763 364.23407879192382
leaf_count=160 871 231 1169 112 183 153 87 503 921 78 188 961 215 83 259 118 177 202 114 196 186 138 235 204 110 203 174 80 107 196 2817
internal_value=0.00048814 -0.0430408 0.0189832 0.0237905 0.0248264 0.0298344 -0.00996601 -0.0141779 -0.0184539 0.00331972 0.0119935 -0.0612444 -0.0475768 0.0336914 0.0276151 0.032266 0.0121296 -0.00293467 0.0410097 0.0443314 0.0321859 0.0538006 -0.00782497 0.00936018 -0.0256661 -0.0125349 -0.00216543 0.0186949 0.00610755 -0.00244165 0.014164
internal_weight=2055.31 612.555 1442.75 1237.88 1217.55 827.167 204.87 191.535 261.055 75.2262 65.012 351.499 119.806 710.783 389.842 298.809 91.0326 44.4455 320.941 282.334 124.615 157.719 149.908 53.3194 116.309 66.2704 53.495 30.7468 116.385 84.2308 390.386
internal_count=11431 3638 7793 6008 5896 2896 1785 1698 2231 628 550 1407 446 2440 1723 1287 436 362 717 603 269 334 1310 439 1070 567 457 254 456 349 3000
is_linear=0
shrinkage=0.0429769


Tree=2
num_leaves=32
num_cat=0
split_feature=32 12 6 6 31 30 4 23 11 8 15 26 15 34 29 34 5 18 3 17 0 11 5 15 18 8 26 30 14 3 8
split_gain=574.062 124.927 86.3765 28.6541 19.1032 19.3434 16.059 18.3704 14.7716 14.2535 14.091 13.9936 14.2437 13.7001 13.0228 15.2848 14.4073 12.4812 12.4604 12.4545 12.2745 11.8479 16.5752 15.6236 26.7616 16.0674 13.7374 15.5709 13.5714 13.3781 13.0256
threshold=95.605924565013822 5.2500000000000009 0.095238095238095316 0.23804705287123698 -219.20214523315576 -444.0846493375256 19.500000000000004 -3.2377623217813842 0.0012297505421339924 0.0037489852494019152 291455.50000000006 -0.0037826330361759859 303862.00000000006 2.1115907780017906 -0.82302698090126281 -1.3105943198389463 0.19999999999999954 -0.25404839359745612 -0.033642764065501256 -0.0070641231345206492 -0.18093018907012257 0.033816117552134796 0.20000000000000015 236631.50000000003 -0.075491425752800198 0.0028968294376563604 0.0022210468727251746 -692.03769750559411 0.0047440432263935262 -0.024730886944545335 0.0032546173816883697
decision_type=8 2 8 10 10 10 2 10 10 10 2 2 2 2 2 2 10 2 2 8 2 10 10 2 2 10 2 8 10 2 10
left_child=1 6 8 4 5 21 7 14 -2 -5 -6 -10 -13 -4 -1 -16 -17 -12 20 -8 -9 23 -23 24 30 -26 27 -25 -28 -27 -3
right_child=2 3 13 9 10 -7 19 18 11 -11 17 12 -14 -15 15 16 -18 -19 -20 -21 -22 22 -24 26 25 29 28 -29 -30 -31 -32
leaf_value=-0.029614814200897222 -0.035706666455632884 0.070929061403510116 -0.05798776290508556 0.029617299365060055 0.043243492136760285 -0.0040382298028300749 0.04832309655612637 0.030944688617530438 0.0097745647765451922 -0.013865327971117154 0.049249099099519335 -0.030140850742147989 0.003655734917529897 -0.01526518356482397 -0.025204074216414844 0.040094374043058129 0.0057824461114327277 0.013568333482346985 -0.022808725480508826 -0.0055859455653563816 -0.0095692798489085476 0.051797790506217273 0.016455712545371214 0.0080052454160113046 -0.02153079634351562 -0.0017623278531812851 0.055265425398484593 -0.043435452448232166 0.00231500772053676 0.038179224658025104 0.033393915143976674
leaf_weight=16.049504863098264 62.39879659563303 27.726890858262777 243.0807396704331 20.269033513963223 231.54052792675793 41.930951911956072 18.999668443575501 17.353772399015725 43.347748747095466 44.443032950162888 25.569825693964958 69.738967632874846 32.916610930114985 16.071916311979294 17.559426734223962 35.453113961964846 67.149561356753111 71.432293996214867 120.02358969068155 12.528679752722384 66.9981121821329 67.280669901520014 41.679541222751141 31.392972452566028 20.216622959822416 24.565454714000225 16.14510228484869 16.293165374547243 21.911462407559156 38.061141008511186 54.564951317384839
leaf_count=172 666 102 1302 91 1044 141 199 195 398 257 139 769 311 105 176 357 742 283 1309 144 658 230 204 189 79 143 82 59 117 237 330
internal_value=0.00141209 0.0175433 -0.038813 0.0271653 0.0295941 0.0231768 -0.00296035 -0.0057249 -0.0180716 0 0.0373807 -0.0103977 -0.0191099 -0.0554153 0.0064012 0.0113781 0.0178335 0.0231803 -0.0139042 0.0262699 -0.000997365 0.0264035 0.0384623 0.0210864 0.0288465 0.011283 0.00590803 -0.00915411 0.0253045 0.0221943 0.0462847
internal_weight=1634.69 1167.14 467.555 795.024 730.312 401.769 372.115 340.587 208.402 64.7121 328.543 146.003 102.656 259.153 136.212 120.162 102.603 97.0021 204.375 31.5283 84.3519 359.838 108.96 250.878 165.135 82.8432 85.7427 47.6861 38.0566 62.6266 82.2918
internal_count=11230 7679 3551 3727 3379 1913 3952 3609 2144 348 1466 1478 1080 1407 1447 1275 1099 422 2162 343 853 1772 434 1338 891 459 447 248 199 380 432
is_linear=0
shrinkage=0.0429769


Tree=3
num_leaves=32
num_cat=0
split_feature=11 12 6 12 10 6 4 4 34 30 11 33 27 21 22 30 24 31 25 16 18 22 0 6 6 18 23 8 16 20 4
split_gain=392.524 114.708 50.002 25.3712 22.3603 23.6391 17.2938 14.8286 14.5604 12.6065 12.3579 11.9695 12.9849 12.9681 12.5282 10.7772 10.1641 9.56063 17.0245 11.9415 12.6276 11.4702 12.8161 9.56619 9.10566 9.80249 8.84435 14.0902 8.81396 10.1486 8.17838
threshold=0.0012297505421339924 4.2500000000000009 0.018405081157374673 4.2500000000000009 0.0023652274507270626 0.18907646474677267 12.500000000000002 19.500000000000004 2.2474538924142911 -660.29437572665222 0.039950090609686663 0.52642857142857158 0.11678359318142111 -0.7350000000000011 4166.0000000000155 -918.66553446297746 1.7426241215366705 -2647.782957765171 -0.012068982101167023 111.99159939951797 -0.33215849258892211 1566.249999999982 0.0097719934508546675 0.082031562925578838 0.039215686274509796 -0.075491425752800198 -3.4590007441496837 0.0051314555754324188 400.91418923717453 0.832525171186841 8.5000000000000018
decision_type=10 2 10 2 10 10 2 2 2 10 10 2 2 2 10 10 10 10 2 10 2 10 2 10 10 2 10 10 10 2 2
left_child=2 7 8 9 5 6 -3 17 -1 -4 -8 12 -6 16 15 -15 -13 -2 23 30 -21 28 -23 -19 25 -14 -17 -28 29 -22 -20
right_child=1 4 3 -5 11 -7 10 -9 -10 -11 -12 13 24 14 -16 26 -18 18 19 20 21 22 -24 -25 -26 -27 27 -29 -30 -31 -32
leaf_value=-0.05401538204090231 0.025217675471645627 0.046967595921964624 -0.035035856191319825 0.023095568250775456 0 -0.0037242347471014309 0.03283306922794877 0.023304434347369389 -0.0087623684748094188 0.0038019332720977831 -0.0056201837882170359 0.0024570853455727353 0.038043613522508277 -0.010321156369817926 0.048075432367532742 0.018191117857168523 0.034164646847878746 -0.041247014169625985 0.049039463123057826 -0.030068759841425385 -0.024516363290711995 0.043688979898617343 -0.0075549381167922336 0 0.031205984540645802 -0.018833891224393395 -0.041678538934884587 0.011353474127257521 0.02085813376398327 0.011112493494155407 -0.0013604922606269855
leaf_weight=205.73100997088477 12.239871147088705 144.46299462020397 67.462225712835789 24.259368808940053 35.318795660510659 26.787299894727767 45.82937278598547 24.497193602379411 15.166704880073665 18.856951125897467 22.059024255722761 27.695208391174674 9.0114624574780482 69.283977249637246 12.348456446081398 89.931010372936726 67.851156499236822 50.152094127610326 10.966374488547446 46.097851983271539 66.285383046604693 17.267669833265245 17.733619045466185 13.852869438938795 206.93992471136153 14.547525081783531 13.595197793096302 28.191227234899998 12.989648593589662 18.13522085826844 11.386622369289396
leaf_count=1374 140 526 890 163 228 158 177 282 89 208 81 169 90 541 127 522 492 636 81 637 832 216 175 164 1375 130 62 216 136 177 136
internal_value=0.0018965 0.014112 -0.0391498 -0.015299 0.0225085 0.0336467 0.0384547 -0.00847907 -0.0509987 -0.0263207 0.0200451 0.0178391 0.0245969 0.011959 0.00594329 0.0032552 0.0251828 -0.0113609 -0.0131268 -0.00684992 -0.0106341 -0.00371719 0.0171578 -0.0325125 0.0283154 0.00207782 0.0105478 -0.00542491 -0.0114228 -0.0166264 0.0224767
internal_weight=1446.93 1115.46 331.476 110.579 813.853 239.139 212.351 301.604 220.898 86.3192 67.8884 574.714 265.818 308.896 213.35 201.001 95.5464 277.107 264.867 200.862 178.509 132.412 35.0013 64.005 230.499 23.559 131.717 41.7864 97.4103 84.4206 22.353
internal_count=11230 8506 2724 1261 4894 942 784 3612 1463 1098 258 3952 1823 2129 1468 1341 661 3330 3190 2390 2173 1536 391 800 1595 220 800 278 1145 1009 217
is_linear=0
shrinkage=0.0429769


Tree=4
num_leaves=32
num_cat=0
split_feature=32 12 5 11 30 12 18 21 16 6 30 18 24 18 16 10 0 32 3 5 3 29 28 3 15 34 0 4 23 22 1
split_gain=337.593 74.7443 33.8104 30.325 18.5856 19.8592 22.6802 15.7497 15.5555 14.306 14.0914 12.9466 10.3718 10.1848 9.96511 11.93 9.28941 9.50424 8.86345 10.5832 8.47865 10.3287 8.47187 9.24846 8.32464 10.8407 8.05768 7.97942 7.92318 7.87398 7.85385
threshold=99.350491150784663 5.2500000000000009 0.90000000000000135 0.0035548851913335543 -254.37982441752794 7.5000000000000009 -0.20105394716995154 -0.9250000000000006 400.91418923717453 0.23804705287123698 -682.16650594406144 0.10849240134620337 2.3019010291940485 -0.24159660677954961 208.57727870042717 0.008202152339427041 -0.34701475752545413 53.386147059449264 -0.077281483154721928 0.60000000000000109 0.024034523710168124 -0.14222408479651402 0.016307415152545083 -0.12086046072585004 182487.50000000003 -0.25787003870964204 0.10508391345057812 10.500000000000002 -3.6279641562822418 2166.5000000000005 -0.007322911322157454
decision_type=8 2 8 10 10 2 2 2 10 10 10 2 10 2 10 10 2 10 2 10 2 2 2 2 2 2 2 2 10 10 2
left_child=1 3 12 8 5 9 -7 -8 30 16 18 -9 20 -14 -12 -16 -3 -18 19 22 -2 29 -5 -24 -19 -26 -4 -6 -17 -22 -1
right_child=2 4 26 10 27 6 7 11 -10 -11 14 -13 13 -15 15 28 17 24 -20 -21 21 -23 23 -25 25 -27 -28 -29 -30 -31 -32
leaf_value=-0.015602573173888645 -0.041197599324733027 -0.015546925143401762 -0.057654701432533248 0.031154369434243497 0.0082734104052400639 0.048417132842166914 -0.0042703558512696971 0.0051392010124911925 0.01609617969389162 -0.017809998947645383 -0.0061660586986105378 0.036668119268735672 -0.027081415714739987 0.012920557125556707 0.065796971580961455 0.041281275916801696 0.025654292394848666 0.045977554316844131 -0.0055992642676705208 0.062836536295964279 -0.0044865768968382659 0.015334321647080745 -0.047780866009932019 0.012311574130792428 0.020448737411517863 -0.0052119462828872191 -0.036745900023962358 -0.032461465747438266 -0.007172364659324435 -0.056764211913902338 -0.039615375171630211
leaf_weight=61.471476351842284 56.41064955946058 13.672791352495549 117.78757690964267 14.589681550860403 19.898106107488275 98.270382959395647 32.668258317746222 34.104321286082268 18.080341053660959 20.860071687027812 12.696480240672825 96.503583308309317 21.648293295875192 25.086459854617715 15.748709223233162 11.81593771278858 205.23583599273115 11.376176381483672 125.74192374525592 7.7716757189482442 11.610094556584956 13.454506015405057 7.9727061744779339 10.815556453540923 57.903456253930926 62.161251986399293 57.619014522060752 15.334728894755242 11.997405729256572 11.478637012653051 48.060953077860177
leaf_count=804 728 84 907 193 122 393 149 127 157 109 153 362 239 376 146 118 1230 82 1694 82 138 183 107 108 527 493 426 111 154 129 604
internal_value=0.000594476 0.0126755 -0.0382485 -0.0034639 0.0210835 0.0227841 0.0319347 0.0218918 -0.0201554 0.0162829 0.00616485 0.0285882 -0.0222179 -0.00518297 0.0256397 0.0363505 0.0183698 0.0198065 0 0.0173786 -0.0305679 -0.013612 0.00619333 -0.0121305 0.0105237 0.00699755 -0.0509006 -0.00889134 0.0160347 -0.031343 -0.0263216
internal_weight=1329.85 1014.75 315.095 346.763 667.989 632.756 261.547 163.276 127.613 371.21 219.15 130.608 139.689 46.7348 52.2585 39.5621 350.35 336.677 166.892 41.1496 92.9539 36.5432 33.3779 18.7883 131.441 120.065 175.407 35.2328 23.8133 23.0887 109.532
internal_count=11235 8109 3126 4320 3789 3556 1031 638 1565 2525 2755 489 1793 615 571 418 2416 2332 2184 490 1178 450 408 215 1102 1020 1333 233 272 267 1408
is_linear=0
shrinkage=0.0429769


Tree=5
num_leaves=32
num_cat=0
split_feature=32 12 11 10 20 11 27 32 30 3 26 2 32 30 8 16 21 31 18 29 28 19 3 1 3 1 4 14 32 1 18
split_gain=278.414 61.4988 32.78 20.3289 20.8695 15.0879 12.5807 9.92365 9.84502 9.82388 12.9972 9.64181 9.17023 11.5581 15.5718 11.7107 9.93515 10.7 9.02761 8.99171 12.0399 8.79928 8.79415 14.711 8.61685 7.904 8.89966 7.6309 7.4517 7.42004 7.3069
threshold=96.720623263144674 3.7500000000000004 0.0012297505421339924 0.0023652274507270626 0.40787760493513597 0.0034744805829695917 0.11351685564903774 32.216383387510454 -516.20067490824738 -0.034320007811617974 -0.0087086363766978297 0.46999999999999981 16.995115923905416 -692.03769750559411 0.0028425016580868288 178.79233796322231 -1.2649999999999986 -421.00753693012376 0.7732415130839333 -0.0067098513197185444 -0.00063795678694655844 0.0036629908816679323 -0.083442700796608246 -0.10822462138251614 -0.057360786844853011 0.044422650873362175 7.5000000000000009 -0.00023547659357187054 40.036769993900428 0.28662889451115942 -0.3702288859231429
decision_type=8 2 10 10 2 10 2 10 10 2 2 2 10 10 10 10 2 10 2 2 2 2 2 2 2 2 2 8 10 2 2
left_child=1 5 29 4 7 8 21 -3 24 11 -11 -6 -8 14 -14 -15 -17 -18 22 -4 -21 -5 23 -7 -1 -19 -27 -24 -16 -2 -30
right_child=2 3 19 6 9 18 12 -9 -10 10 -12 -13 13 15 28 16 17 25 -20 20 -22 -23 27 -25 -26 26 -28 -29 30 -31 -32
leaf_value=-0.0060783863950940632 -0.047339618221268816 -0.024196224871462429 -0.024014656408025851 -0.033308797352860534 -0.0058590792090993391 -0.013261265373861027 -0.016045027971465165 0.020752792814543876 0.017515348372308708 0.014567637921777957 0.05058693887380214 0.031999942624294321 0.039900656756729769 -0.0037938141571136463 0.030182402598754626 -0.00041104487487829601 0.066334968150914705 0.030651824186922427 0.05058595148731429 0.035469197781571413 -0.016925397191163569 0.013073863822498573 -0.031792475697039024 0.060931048801846084 -0.03993549961743445 -0.020618525521255638 0.024641429855244982 0.0011211422425737997 -0.0086412873700746004 -0.0066363759207288091 0.0086381559628575244
leaf_weight=21.261929832864553 184.14442543080077 17.02904620859772 77.289781563915312 17.51770076900721 17.076590929180384 9.7509465385228413 16.430750301107764 19.403987573459744 8.4698299271985871 25.387835513800383 90.363616751506925 38.831145409494638 28.452930878847837 25.796151038259268 21.699609668925405 21.802032073028386 14.074139839038251 145.36774464976043 6.4061986338347188 12.781740743666886 21.88261266797781 12.517186269164084 21.283989822492003 9.3459406318142992 50.105566341429949 12.821771195158361 20.50192853435874 30.651885365135968 62.945166278630495 9.8651224290952069 154.45199936628342
leaf_count=285 1818 88 1056 136 75 116 77 104 99 107 397 182 177 171 167 138 65 981 68 151 276 96 330 76 713 86 164 517 724 91 1704
internal_value=0.000864265 0.0126939 -0.034631 0.0177515 0.0292867 -0.0116986 0.0133856 0 -0.0248241 0.0355569 0.0428595 0.0200799 0.0149531 0.0159952 0.00971995 0.0228971 0.0261989 0.0293119 0.0015763 -0.0158375 0.00182015 -0.0133155 -0.0025647 0.0220077 -0.0301286 0.0262835 0.00662867 -0.0119844 0.00604466 -0.0453728 0.00354334
internal_weight=1225.71 919.748 305.964 762.471 208.092 157.276 554.379 36.433 79.8373 171.659 115.751 55.9077 524.344 507.913 267.55 240.364 214.568 192.766 77.439 111.954 34.6644 30.0349 71.0328 19.0969 71.3675 178.691 33.3237 51.9359 239.097 194.01 217.397
internal_count=11235 7843 3392 5639 953 2204 4686 192 1097 761 504 257 4454 4377 2772 1605 1434 1296 1107 1483 427 232 1039 192 998 1231 250 847 2595 1909 2428
is_linear=0
shrinkage=0.0429769


Tree=6
num_leaves=32
num_cat=0
split_feature=32 12 11 11 30 10 4 6 29 18 4 11 30 23 3 1 33 30 23 32 15 15 32 22 27 3 24 0 3 29 15
split_gain=235.9 50.8964 28.9241 20.0418 18.4242 12.7244 11.5365 11.4143 10.5808 9.71597 9.68049 9.2431 8.78207 8.74444 10.9965 8.35218 8.63469 10.9649 10.0533 10.1165 12.9103 7.75526 7.66167 7.62532 7.29733 6.76076 8.76402 6.50073 6.24683 6.19336 6.18828
threshold=95.605924565013822 5.2500000000000009 0.0012903060640741678 0.0034744805829695917 -226.05903497082093 0.0022673085831043092 13.500000000000002 0.11111111111111117 0.052550085600969125 0.61490623475838169 1.5000000000000002 0.016393505619417555 -352.97018991268811 -3.2377623217813842 -0.077281483154721928 -0.19954855654772993 0.44833333333333342 -366.13268122810763 -2.6179934118474892 25.611750784738728 326326.50000000006 190988.00000000003 58.002481878906167 4727.5000000000191 0.12735744233830171 -0.039807557163493483 1.3389693977579136 -0.18226283106732663 0.10202508818444757 -0.29131434032303088 385642.00000000006
decision_type=8 2 10 10 10 10 2 10 2 2 2 10 10 10 2 2 2 10 10 10 2 2 10 10 2 2 10 2 2 2 2
left_child=1 3 9 7 5 8 13 25 12 -2 11 -7 -3 22 29 -12 -17 18 19 -18 21 -21 -5 -4 -10 26 -1 -24 -8 -15 -29
right_child=2 4 23 6 -6 10 28 -9 24 -11 15 -13 -14 14 -16 16 17 -19 -20 20 -22 -23 27 -25 -26 -27 -28 30 -30 -31 -32
leaf_value=0.036959332546041973 -0.0484482973077957 0.041691989794333022 -0.021986770512746136 0.034432194823470368 -0.026464672223400439 0.022932187673533892 0.023155268152411562 0.014493122655125456 0.03211211261274155 -0.019810681985671073 -0.010292611485290882 -0.022339933769800136 0.014017772102139564 -0.0060290346414023687 -0.022960428784312221 0.030389654646343637 -0.010389791112168341 -0.011453856172519235 0.039010000114369982 0.036510418770678066 0.036903206929685087 0.0059487635616894199 -0.034885348836560713 0.0047528352220727937 -0.0015892361115491392 -0.037964684444934345 -0.02269493999868024 0.018626165898274476 -0.018113352499531422 0.048285822422635107 -0.02599862781829726
leaf_weight=5.5300601162016418 155.88631945848465 97.884985249489546 88.19882727926597 15.291153943166135 16.557959406636655 12.575962009839712 56.938437059521675 13.210091071203349 18.725410863757133 28.407706069760025 18.951599614694715 23.609133213758469 30.093962885439396 7.6159493532031775 56.203430265188217 86.206623304635286 27.232324995100498 26.386446189135313 34.737590020522475 18.272578941658139 46.754448428750038 115.15482383780181 8.417007568292318 23.883001525886357 29.607254670932889 47.395295605994761 22.267480264883488 23.936521102674309 7.1375562828034154 6.8944735657423717 7.2761861635372034
leaf_count=78 1742 442 1294 181 162 125 796 173 79 295 141 145 128 97 837 558 124 168 223 156 378 827 91 279 134 723 368 331 97 92 102
internal_value=-0.000426617 0.0107154 -0.0336092 -0.00443563 0.0177393 0.019022 0.00334927 -0.021367 0.0287968 -0.0441425 0.0147686 -0.00605452 0.0353406 -0.00409024 -0.0141894 0.0168383 0.018344 0.0144026 0.0173024 0.0135704 0.0173024 0.0102841 0.00855012 -0.0161111 0.0110562 -0.0279323 -0.0101081 -0.000935057 0.0182467 0.0184084 0.00758364
internal_weight=1177.24 880.865 296.376 278.114 602.751 586.193 189.711 88.4029 176.312 184.294 409.882 36.1851 127.979 125.635 70.7139 373.696 354.745 268.538 242.152 207.414 180.182 133.427 54.9209 112.082 48.3327 75.1928 27.7975 39.6297 64.076 14.5104 31.2127
internal_count=11366 7756 3610 3966 3790 3628 2624 1342 783 2037 2845 270 570 1731 1026 2575 2434 1876 1708 1485 1361 983 705 1573 213 1169 446 524 893 189 433
is_linear=0
shrinkage=0.0429769


Tree=7
num_leaves=32
num_cat=0
split_feature=32 12 11 11 32 11 6 20 32 19 13 6 19 16 9 18 11 19 8 34 2 30 3 24 5 3 32 25 19 20 18
split_gain=200.98 37.2467 22.618 16.2741 15.5322 12.2289 13.8563 12.651 12.049 11.9027 16.5475 11.5046 10.4475 10.3819 9.58007 8.97078 8.76424 8.08342 8.60653 7.9636 7.69064 7.56542 7.44457 8.51941 7.12886 8.50428 8.07717 7.06685 7.05719 8.09734 9.14771
threshold=96.720623263144674 5.2500000000000009 0.0012903060640741678 0.0034744805829695917 23.808549565267001 0.035013820232949806 0.19758530942741476 1.06168471042468 66.030686748035762 0.0059127186973959691 0.0231062337784524 0.1176470588235294 0.0026258169259515216 73.2641735729364 0.0017662756003819738 0.61490623475838169 0.0097353688600587424 0.0058133556582084149 0.0094631281054600152 -1.3625568760730558 -1.365 -2699.7403190646824 -0.039807557163493483 1.3389693977579136 0.19999999999999954 -0.083442700796608246 52.121682881290447 0.013395229362536789 0.005638320730140387 0.61981239240555086 -0.024572219311570075
decision_type=8 2 10 10 10 10 10 2 10 2 10 10 2 10 10 2 10 2 10 2 2 10 2 10 10 2 10 2 2 2 2
left_child=1 3 15 11 9 6 7 8 28 10 -3 22 -8 -5 20 -2 -9 19 -19 -15 -7 -4 23 -1 26 27 -21 -26 29 -6 -31
right_child=2 4 21 13 5 14 12 16 -10 -11 -12 -13 -14 17 -16 -17 -18 18 -20 24 -22 -23 -24 -25 25 -27 -28 -29 -30 30 -32
leaf_value=0.036352647941039068 -0.046620624481867115 -0.041808241975040725 0.030329227328484087 0.041086129708811814 0.028926628995543446 0.014967208065001864 0.019913631241878393 0.024782849659648436 -0.0022490463415126443 0.023954933651072926 0.0070427202655466746 0.017691813302187089 -0.03064068244297195 -0.030481517730374365 0.015514497469466383 -0.018259462363103319 -0.0093771330102223275 -0.0021279403728151872 -0.047598481667210632 0.064015750007085259 0.051867220647953675 -0.019106349933845225 -0.036116292785404562 -0.020239476644507044 0.043146352620517026 -0.0042026559528755454 0.013267397261772453 -0.0057930320137116187 0.050575992059833472 0.027470125491470657 0
leaf_weight=6.2318315738812116 140.86235699709505 21.846273108385503 5.7796704191714516 13.162423118948935 152.0138780111447 15.479584535583852 11.712159417569639 19.864155885763466 32.490244559943676 22.785159701481462 29.664313177578151 13.177117217332123 19.868977643549442 9.7401991430670005 40.918860198929906 27.046660899184644 45.665600270032883 27.64263807144016 11.231691530905662 8.3288620430976135 47.800541743636131 96.02587996982038 44.839463784825057 21.343659690581262 15.130352575331928 68.481925142928958 24.296428197063506 7.4855498503893605 19.640842605382204 39.952548841945827 49.733459552749991
leaf_count=83 1718 109 79 120 1007 99 95 141 365 115 196 158 146 161 246 294 311 481 175 70 218 1415 770 393 184 1037 344 89 157 278 312
internal_value=-0.0001088 0.0102313 -0.0324059 -0.00281798 0.0164786 0.0192314 0.0156454 0.0180655 0.0218762 -0.00159871 -0.0132896 -0.0183636 -0.0112609 0.00424765 0.0324935 -0.0421713 0.000674217 0.00131789 -0.0157803 0.00644768 0.0431566 -0.0161034 -0.0252001 -0.00672528 0.0095166 0.00309401 0.0268376 0.026068 0.0249517 0.0227865 0.0121566
internal_weight=1110.24 840.529 269.715 271.092 569.437 495.141 390.942 359.361 293.831 74.2957 51.5106 85.5921 31.5811 185.5 104.199 167.909 65.5298 172.338 38.8743 133.463 63.2801 101.806 72.415 27.5755 123.723 91.0978 32.6253 22.6159 261.341 241.7 89.686
internal_count=11366 7860 3506 4065 3795 3375 2812 2571 2119 420 305 1404 241 2661 563 2012 452 2541 656 1885 317 1494 1246 476 1724 1310 414 273 1754 1597 590
is_linear=0
shrinkage=0.0429769


Tree=8
num_leaves=32
num_cat=0
split_feature=11 12 30 11 28 15 8 19 33 9 20 23 23 15 18 23 4 31 10 14 15 31 0 33 30 11 5 11 34 14 29
split_gain=170.036 52.5167 23.1947 15.4691 14.3619 13.5454 12.0207 10.3264 11.3594 9.56599 9.47504 8.76606 8.17237 11.0324 10.1822 8.78294 7.99003 7.67444 7.61552 7.4351 6.97862 6.25219 6.10673 7.92595 7.693 6.29775 5.96518 7.64391 6.77904 6.36278 5.69437
threshold=0.00021723863652305111 5.2500000000000009 -347.08223084780235 0.0031078679835647165 -0.0029044973904938649 223868.00000000003 0.002297205198519961 0.0032564772324938022 0.76357142857142879 0.0026952814102639204 0.36339871992012418 -2.5474361657894891 -5.3767827334872722 190381.50000000003 -0.3702288859231429 -3.6868311820457897 19.500000000000004 -58.950844272499559 0.013876373503867867 0.020294911143577361 223460.50000000003 -360.62163371333207 0.14946323073134252 0.52452380952380973 -562.63748026217661 0.023344052359308549 0.20000000000000001 0.020047288462891989 -1.0773059078251894 0.013009109789528088 0.54824054903876507
decision_type=10 2 10 10 2 2 10 2 2 10 2 8 10 2 2 10 2 10 10 10 2 10 2 2 10 10 10 10 2 10 2
left_child=11 3 4 7 9 17 -6 8 -2 12 -5 18 21 -14 -15 -16 30 -4 -1 -7 -17 -3 23 -8 25 -24 27 28 -25 -28 -12
right_child=1 2 5 10 6 19 22 -9 -10 -11 16 -13 13 14 15 20 -18 -19 -20 -21 -22 -23 24 26 -26 -27 29 -29 -30 -31 -32
leaf_value=-0.026002841456730392 -0.017510488480281985 0.043661024081903144 0.027432164421117733 0.034431401214858354 0.049572118101359627 -0.03505464193358003 0.036534923810688701 -0.033427479400232669 0.031524217425357631 -0.020823066409983323 -0.0021241913481252544 -0.042156019837982284 0.03913702255792282 -0.025425677632411964 -0.0074577298485756375 0 0.027783193002574827 -0.0096204300107967256 0.029659450195090226 0 0.040018463170151002 0.010488819341200734 0 -0.011144842640392606 -0.018668910879048314 0.046356529045604514 0.025901768817652 0.035081475716194244 0.022707773683093724 -0.020894050858267964 -0.033664803669002576
leaf_weight=24.526781351305548 33.961542183998972 25.229720102623105 27.19756281375885 14.298013956286011 38.095899648033082 26.120007858611643 79.51901139318943 50.210159689653665 11.59676943393424 15.883713420480488 197.75978339696303 151.74972162023187 16.383153388276696 20.920528731308877 30.166862912476063 14.435131002217529 15.70149129629135 15.632169768214224 5.2652768418192855 18.393748336471617 20.434219071641564 21.250864597037435 9.7210637778043765 16.774359993636608 13.781236719340084 10.21753318607807 9.015670998021962 48.50491113960743 28.632313456386328 13.100997809320686 11.341004008427261
leaf_count=418 629 143 200 211 166 165 684 833 118 118 3089 1756 129 176 236 87 253 92 69 128 157 108 103 129 57 72 87 296 245 116 184
internal_value=-9.96526e-05 0.00790805 0.0164733 -0.00531793 0.0205635 -0.00353184 0.0267615 -0.0199178 -0.0045903 0.0103812 0.00044666 -0.0378908 0.0138459 0.00680205 0.000406269 0.00902287 -0.00162654 0.0134434 -0.0154948 -0.0203125 0.023852 0.0289249 0.0228837 0.0258247 0.00523696 0.0227602 0.0183121 0.0230526 0.00976289 -0.000916238 -0.00393056
internal_weight=1035.82 854.279 519.411 334.869 432.067 87.3435 267.363 95.7685 45.5583 164.704 239.1 181.542 148.82 102.34 85.9567 65.0362 224.802 42.8297 29.7921 44.5138 34.8694 46.4806 229.267 195.547 33.7198 19.9386 116.028 93.9116 45.4067 22.1167 209.101
internal_count=11254 9011 3694 5317 3109 585 1955 1580 747 1154 3737 2243 1036 785 656 480 3526 292 487 293 244 251 1789 1557 232 175 873 670 374 203 3273
is_linear=0
shrinkage=0.0429769


Tree=9
num_leaves=32
num_cat=0
split_feature=11 32 30 23 5 16 11 27 11 16 16 12 0 30 9 33 16 8 30 30 7 11 24 28 32 18 13 14 3 23 10
split_gain=144.564 40.451 16.6081 12.9221 11.751 8.72072 14.473 9.47718 8.59875 8.91724 8.28936 8.04801 8.04596 7.2059 7.18396 8.73111 6.55669 6.40864 6.22581 6.21453 6.08064 6.00026 10.2916 9.07154 5.96206 5.75638 5.35179 5.87287 6.4265 5.24038 9.62786
threshold=0.0012903060640741678 69.533684983791673 -254.37982441752794 -2.5474361657894891 0.14999999999999999 99.520184768029779 0.03445146469320929 0.3399947323814333 0.026992405184539912 297.12231343868677 62.641243667503353 4.7500000000000009 -0.034509734936239982 -347.08223084780235 0.011012217065730278 0.48071428571428571 139.43853708465329 0.010611281091998376 -660.29437572665222 -2055.7860540566276 1.7500000000000002 0.013630104780155474 6.7110126217241879 0.0064761645569070278 27.383829654490722 0.7732415130839333 0.0060978366530826025 -0.00058738702786048636 0.0032638740399137949 -2.4996751730630309 0.01116040382893419
decision_type=10 10 10 8 10 10 10 2 10 10 10 2 2 8 10 2 10 10 10 8 2 10 10 2 10 2 8 10 2 10 8
left_child=3 2 4 11 8 19 7 20 9 21 -3 18 -4 -10 17 -16 -8 29 -1 -6 -7 -2 23 -23 -22 26 27 28 -26 -12 -31
right_child=1 10 12 -5 5 6 16 -9 13 -11 14 -13 -14 -15 15 -17 -18 -19 -20 -21 24 22 -24 -25 25 -27 -28 -29 -30 30 -32
leaf_value=-0.031911201892397122 0.02104982285179852 0.038462460032058658 0 -0.039010398422375754 0.014210880725801595 -0.028440752899889114 0.053609144907162322 -0.035771141106713242 0.03869419088059653 0.023864449835089452 -0.011716331839215608 0.018649885649530813 -0.054535562230259675 0.0048146144113858898 -0.011916279932741743 0.041412208733073892 0.017620959433539515 -0.021098944558184663 0.014529340202902705 -0.026392899060518265 -0.01804367257085257 -0.0097345229606927378 -0.038135939645376121 0.032893224970494982 -0.0024027082115958857 0.05046146238945131 0.020033030603080999 -0.015347333423033686 0.033018058210956019 0.011795863330302733 -0.039219489204763161
leaf_weight=26.910033131483939 28.10721437074244 7.2739624092355362 11.940373360179366 151.53661323850974 9.9022736931219679 7.4265632592141619 19.26944893784821 9.2700459510087949 75.487935634329915 129.24694715905935 86.15361397806555 11.193941200152038 8.5703876940533501 15.33378665614873 10.300908590666952 11.562157631851731 22.644293664954603 68.596398238092661 5.9951042570173767 20.275615067221228 11.522258951328693 22.175298916175961 12.185568720102308 15.310021642595528 20.917450370267034 7.656403503380715 61.157431080937378 22.572543764486916 15.974645515903829 51.265837670303881 7.7812591688707462
leaf_count=503 257 93 135 2029 102 129 128 93 414 986 1265 126 84 86 177 176 141 1237 122 154 81 146 75 124 196 78 750 267 232 746 122
internal_value=6.14052e-05 0.00827334 0.0147659 -0.0329922 0.0162664 0.00879038 0.0121153 0.00595385 0.0219369 0.0169019 -0.00626216 -0.0118588 -0.0227701 0.0331939 -0.00772761 0.0153761 0.0346439 -0.0101836 -0.0228439 -0.0124091 0.00871697 0.00507525 -0.00356357 0.0071451 0.0108339 0.0135834 0.0110764 0.0015292 0.0123957 -0.00488937 0.00473414
internal_weight=985.516 789.881 546.947 195.636 526.436 228.589 198.411 156.497 297.847 207.025 242.934 44.0991 20.5108 90.8217 235.66 21.8631 41.9137 213.797 32.9051 30.1779 147.227 77.7781 49.6709 37.4853 139.801 128.278 120.622 59.4646 36.8921 145.201 59.0471
internal_count=11254 8474 4658 2780 4439 2351 2095 1826 2088 1588 3816 751 219 500 3723 353 269 3370 625 256 1733 602 345 270 1604 1523 1445 695 428 2133 868
is_linear=0
shrinkage=0.0429769


Tree=10
num_leaves=32
num_cat=0
split_feature=32 32 10 16 10 30 31 9 14 30 9 5 24 5 6 3 32 19 6 25 25 6 14 14 28 17 6 23 33 26 20
split_gain=122.225 21.1001 14.804 10.2556 10.0936 10.9527 9.6694 9.20498 7.81262 8.43263 6.8371 6.43294 8.11901 7.48991 7.02819 9.51493 10.0681 10.0318 8.7487 8.67881 6.85699 6.83904 6.76685 6.3186 9.16641 8.75201 6.45073 6.10877 5.89328 7.08687 9.13196
threshold=95.605924565013822 68.287148228511754 0.0051990004119700011 75.920756738204773 0.0026442250986984457 -321.63680769589041 -2647.782957765171 0.01143574017708209 -0.037680647630096369 -530.41157112700739 0.0022196404448815515 0.14999999999999999 1.9771555764263429 0.10000000000000007 0.11251780344991295 -0.045059979839831225 48.082381890412869 0.004212198032489122 0.21712938711367205 0.001946139730948371 -0.0055408714063696065 0.095238095238095219 -0.011623314583131509 -0.00058738702786048636 0.00096305499567350694 -0.073540586091725355 0.064328035361610011 -3.0369713907586529 1.1028571428571432 -0.0064537955971067365 1.2965948885445702
decision_type=8 10 8 10 10 10 8 10 8 8 10 10 10 10 10 2 10 2 10 2 2 10 10 8 2 10 10 8 2 2 2
left_child=1 4 27 -3 5 -1 -4 8 -5 28 -7 12 -6 20 23 16 17 -16 19 22 -14 -22 -17 24 -13 -25 -27 -2 29 -10 -31
right_child=2 3 6 7 11 10 -8 -9 9 -11 -12 14 13 -15 15 18 -18 -19 -20 -21 21 -23 -24 25 -26 26 -28 -29 -30 30 -32
leaf_value=0.026231588001510441 -0.029817720983125691 0.03356091197126241 0.020353456234874289 -0.056310907949438015 0.0023192841610284185 -0.019344114188470467 -0.032523813837560686 0.025688836002555279 -0.022323696243768044 -0.052088888776377185 0.019404093908901198 -0.007275788277152459 0.035772655312784729 0.032577309179866711 -0.044292613690459455 0.033727934751300294 0.02518786058569741 0.0030458878364425495 -0.0025130542873656836 0.049801656081222639 0.016326323093790875 -0.02173498911949592 -0.014875500790913418 0.023919846817465992 0.034057279029772472 0.012300865702690551 -0.033138136762769534 0.013350363139668154 -0.04499425743889978 -0.0015634432329982987 0.046715128592865016
leaf_weight=149.03334681876004 8.3371632918715459 12.133557888679205 6.1266606012359262 6.7079144036397338 63.098014739342034 17.66105396579951 200.88501550839283 13.974647619761525 27.932941727340221 7.7302085468545547 15.992724361829458 29.528705662116408 12.921149926260112 58.714295601472259 14.311812161467968 11.041782426647844 14.89363974239677 17.899793634191155 17.99185901042074 24.005284531973302 19.257135001942515 15.876763937994836 9.505707507953046 7.7085425620898596 14.589307357091455 6.310954311862587 32.259203409776092 21.794518186710778 6.6815197095274916 89.748668670654297 7.8240164238959542
leaf_count=859 150 114 80 131 603 133 3073 241 452 80 122 400 99 527 83 106 155 112 179 229 177 112 76 145 180 124 446 341 100 1599 127
internal_value=1.136e-06 0.00877887 -0.0267625 -0.00424521 0.012886 0.021228 -0.0308624 -0.0072261 -0.0104995 -0.0081598 -0.000338138 0.00871227 0.0148976 0.0221442 0.00336026 0.0107355 -0.00349034 -0.0173699 0.0217681 0.0320206 0.00898122 -0.000306341 0.0102739 -0.0053654 0.00594192 -0.0165752 -0.0251862 0.000743241 -0.00543916 -0.00317372 0.00210464
internal_weight=962.478 725.335 237.143 172.733 552.601 182.687 207.012 160.6 146.625 139.917 33.6538 369.914 169.867 106.769 200.047 109.65 47.1052 32.2116 62.5446 44.5528 48.055 35.1339 20.5475 90.3967 44.118 46.2787 38.5702 30.1317 132.187 125.506 97.5727
internal_count=11355 7711 3644 2844 4867 1114 3153 2730 2489 2358 255 3753 1518 915 2235 940 350 195 590 411 388 289 182 1295 580 715 570 491 2278 2178 1726
is_linear=0
shrinkage=0.0429769


Tree=11
num_leaves=32
num_cat=0
split_feature=32 11 10 30 9 20 4 32 23 34 4 29 8 6 15 11 31 6 16 16 31 21 28 32 24 16 14 13 13 23 22
split_gain=107.84 20.6728 15.1233 10.6415 9.27995 11.3786 10.3295 10.3218 10.5878 8.19562 7.89458 7.52967 7.04491 6.57899 6.44479 8.09312 6.35274 9.18874 9.33961 7.98593 8.28546 6.84979 7.443 6.50197 7.07697 6.66893 7.38447 6.45326 6.84448 5.80973 5.78456
threshold=95.605924565013822 0.026619170347515018 0.0051990004119700011 -973.72742639273645 0.0028234949058728036 0.94645140868413058 12.500000000000002 30.959892555925425 -4.1355349321074453 2.016194178724978 7.5000000000000009 0.048076810660777347 0.0096639642228592074 0.02513091760743141 277062.50000000006 0.0057524260554154836 -557.93426650538333 0.23804705287123698 180.03175031204938 197.62527877657263 -500.47349724466898 -0.49500000000000094 -0.011615784986530873 67.293042700868327 0.7918232638914996 270.22463767265361 0.018603559835249878 0.024740789127074093 0.029860222961239264 -3.0369713907586529 3493.7500000000023
decision_type=8 10 8 10 10 2 2 10 10 2 2 2 10 10 2 10 10 10 10 10 8 2 2 10 10 10 8 10 10 8 10
left_child=1 3 29 11 6 -6 -3 8 -8 13 -11 12 -1 -4 -13 -16 21 18 -18 -20 -21 -5 -23 25 -25 26 -22 -27 -29 -2 -15
right_child=2 4 9 16 5 -7 7 -9 -10 10 -12 14 -14 30 15 -17 17 -19 19 20 23 22 -24 24 -26 27 -28 28 -30 -31 -32
leaf_value=-0.0035312461238742772 -0.028230158699236164 0.034222787526646765 -0.038622425732687898 0.042066342066067859 0.019656878176020916 -0.037381142388780708 -0.024815225603603549 0.030190942693316111 0.021711199293986183 -0.041363018106743317 0.014820862814475226 -0.001393916737680195 -0.026865090162734681 -0.026408564282501334 0.069457197547622335 0.0034892906150971606 -0.019537224929331187 -0.022147251310438498 0.044594830485982319 -0.034456570999287429 -0.017952875270940787 0.030277906379943795 -0.021074627375627496 0.034667478108393573 -0.012640941422033704 0.02254382351982652 0.02334705774540842 -0.022838873996697547 0.012740822497054946 0.013806610526813963 0.0087530136525062543
leaf_weight=81.033566261641681 8.219735546037553 92.778475875966251 122.0485611865297 20.533608064055443 16.636796444654468 10.490687904879449 20.077860865741968 29.91314193373546 16.191701666451991 6.8897045496851232 13.596339982002972 29.040933094918728 35.494741692207754 43.685756128747016 6.4205872742459169 8.8774656262248737 20.530129531398416 19.542029513046145 12.211405422538517 7.8161291154101491 23.313932611607015 11.126491614617409 9.4795958250761014 6.8147696694359174 36.772716304287314 115.46344736311585 11.970699011348186 12.754210447892545 43.15747454110533 22.503547007218007 9.7980112829245609
leaf_count=1153 150 650 1788 167 196 97 122 231 89 96 162 569 699 907 92 106 251 193 99 90 201 89 138 91 713 1122 116 92 345 341 200
internal_value=0.000208514 0.00858998 -0.0255212 0.0040855 0.0208847 -0.00166742 0.0248587 0.0114297 -0.00349499 -0.0299223 -0.00310426 -0.00499266 -0.0108102 -0.0329386 0.0098469 0.0324854 0.00829708 0.00610729 0.0080747 0.010246 0.00854301 0.0243304 0.00568686 0.00996602 -0.00478562 0.0131738 -0.00337591 0.0166976 0.00426749 0.00190998 -0.0195943
internal_weight=925.184 698.443 226.742 512.354 186.089 27.1275 158.961 66.1827 36.2696 196.018 20.486 160.867 116.528 175.532 44.339 15.2981 351.487 310.347 290.805 270.275 258.063 41.1397 20.6061 250.247 43.5875 206.66 35.2846 171.375 55.9117 30.7233 53.4838
internal_count=11355 7711 3644 6326 1385 293 1092 442 211 3153 258 2619 1852 2895 767 198 3707 3313 3120 2869 2770 394 227 2680 804 1876 317 1559 437 491 1107
is_linear=0
shrinkage=0.0429769


Tree=12
num_leaves=32
num_cat=0
split_feature=11 12 17 30 18 6 21 1 28 25 6 29 16 6 22 19 27 33 6 16 19 22 19 19 23 16 11 11 18 27 16
split_gain=74.5991 23.8067 14.7581 11.2139 9.6158 9.518 9.00049 8.21175 7.66872 15.8421 6.46774 9.06453 9.5008 7.30949 6.85128 6.35659 6.20668 6.15742 6.0221 5.95995 5.66386 5.09894 6.3996 5.29413 4.91154 4.87929 4.73808 4.5481 5.39712 4.49772 5.31451
threshold=0.0012297505421339924 6.7500000000000009 -0.0021257560935665771 -692.03769750559411 -0.34370532778609059 0.18056426332288414 -0.42500000000000066 -0.16088165292135817 -0.0019746637921238537 -0.00080491089077872047 0.089674078586658587 -0.81370969506885837 137.3635032556115 0.16216216216216223 215.00000000002186 0.0058488470368847079 0.16667513424481348 0.41357142857142865 0.097560975609756143 75.920756738204773 0.0060008957847541055 1566.249999999982 0.0029271230346477142 0.0038227339272761765 -2.7352853076844372 177.81413817824162 0.025694262896183599 0.012477055253034818 0.21794262420547691 0.15014260033924759 251.80672811389383
decision_type=10 2 8 10 2 10 2 2 2 2 10 2 10 10 10 2 2 2 10 10 2 10 2 2 10 10 8 8 2 2 10
left_child=3 4 5 -1 -2 7 -7 -3 9 16 11 -6 14 15 -13 17 18 -12 -9 -16 -21 22 25 -24 -5 -14 -8 28 -25 -27 -31
right_child=1 2 -4 24 10 6 26 8 -10 -11 13 12 21 -15 19 -17 -18 -19 -20 20 -22 -23 23 27 -26 29 -28 -29 -30 30 -32
leaf_value=-0.030336864321109745 -0.012819567368931572 -0.019690885848614947 0.025650575010585819 -0.015005715396598949 -0.024601409637946266 0.0089213179641813821 -0.0534519270574512 -0.015922346901325692 0.022557979232140056 -0.028248995593963891 -0.0035977283976476411 0.039660447939771165 -0.035012083333187963 -0.007192296257167545 0.042346763742635893 -0.014384842119154731 0.043912076667808143 0.034351354238426501 0.027405128445695284 0.015611137761261874 -0.024471025246502104 0.010005477669456718 -0.040108788680471706 0.0054265120115690952 0.037090821738151473 -0.0038724094551390565 -0.011031748265621481 0.011092795254771011 -0.038879579846815282 0.058360887838314342 0.0047586815271360916
leaf_weight=149.43980175815523 107.04246934968978 13.680835070088504 123.46572304237634 6.0898367576301098 27.623015862889588 20.155989790335298 9.6400973843410593 11.461387015879156 87.860313267447054 20.187725234776735 8.714409680105744 17.507260804995894 5.7051366465166202 22.477585510350764 6.4972439706325522 7.2819287395104757 12.533152267336844 39.554325071163476 11.762846687808631 13.107729470357301 12.583504348527638 32.979707287624478 16.944406453054398 7.2302196128293899 6.6308168084360641 24.102776582352817 12.910984371788802 11.64572422206402 12.816523462533949 5.768307430669668 10.719319994561372
leaf_count=2473 1711 104 918 120 443 160 107 104 618 120 124 242 59 246 71 133 109 455 69 173 232 576 313 133 146 438 114 171 240 92 212
internal_value=-0.000669894 0.0052834 0.0139085 -0.0270037 -0.00181797 0.006567 -0.0111926 0.0115097 0.0146168 0.00178877 0.00226919 -0.00164932 0.00180844 0.0128309 0.0178334 0.0212917 0.0193055 0.0270873 0.00516499 0.00534045 -0.00324569 -0.0042619 -0.00942851 -0.0203482 0.0105856 0.00161336 -0.0300531 -0.00915201 -0.0219069 0.00725403 0.0247264
internal_weight=876.121 713.961 323.659 162.16 390.302 200.193 42.7071 157.486 143.805 55.9451 283.259 205.231 177.608 78.0282 49.6957 55.5507 35.7574 48.2687 23.2242 32.1885 25.6912 127.912 94.9324 48.6369 12.7207 46.2955 22.5511 31.6925 20.0467 40.5904 16.4876
internal_count=11226 8487 2423 2739 6064 1505 381 1124 1020 402 4353 3395 2952 958 718 712 282 579 173 476 405 2234 1658 857 266 801 221 544 373 742 304
is_linear=0
shrinkage=0.0429769


Tree=13
num_leaves=32
num_cat=0
split_feature=11 12 17 18 30 32 0 27 26 32 6 29 16 5 26 22 22 11 28 29 29 23 24 16 17 10 10 14 2 2 30
split_gain=65.487 19.8675 12.017 9.56779 8.83651 7.93379 9.15332 9.03403 8.17726 6.69447 8.03134 9.4001 9.55468 9.51158 7.43611 6.46806 6.40787 6.33895 11.2285 12.1538 9.50142 7.50379 5.52146 5.08511 6.0278 5.06985 7.47064 4.98359 5.22783 6.22531 4.98001
threshold=0.00088249750035435126 6.7500000000000009 -0.0021257560935665771 -0.34370532778609059 -692.03769750559411 23.302024336710481 0.43453225291677028 0.152984989179517 0.0091320780218812087 35.613992742015512 0.092307692307692216 -0.81370969506885837 138.50763574257357 0.20000000000000015 -0.0057889403846542722 215.00000000002186 1110.2499999999968 0.026619170347515018 -0.0017054275680379314 -0.17872632992040732 -0.015814175185585051 -2.7250178670796781 0.73134868817452914 75.920756738204773 -0.033592840571101838 0.012143395635146251 0.0088564021531518603 0.023188226511358687 1.0200000000000007 0.46999999999999981 -461.07262027660221
decision_type=10 2 8 2 10 10 2 2 2 10 10 2 10 10 2 10 10 10 2 2 2 10 10 10 8 10 10 10 2 2 10
left_child=4 3 5 -2 -1 7 8 -3 17 -5 11 -11 15 16 -12 -13 22 18 19 -7 30 -19 -14 -17 -25 26 -16 28 29 -24 -20
right_child=1 2 -4 9 -6 6 -8 -9 -10 10 14 12 13 -15 25 23 -18 21 20 -21 -22 -23 27 24 -26 -27 -28 -29 -30 -31 -32
leaf_value=-0.029536364144971728 -0.012580170668201874 0.01428250747198093 0.023599474967045203 -0.037110208758860411 0.008388703194245296 0.003544363005612615 -0.025483135966598708 -0.033935247603228601 0.037094157406853623 -0.024511278749288493 -0.011830849044167929 0.039131160749860762 0.039776430725519257 -0.015908072303651464 0.030159498225985005 0.040083044306412012 0.030256841855150762 0.031860948935141943 0.012761556289695787 -0.052469182499926943 0.031176732456445769 -0.0051197169667111042 0.0059516176647984526 -0.028596471098709424 0.0140621876135306 0.053061068405786345 -0.0050698625753365142 -0.030476233503565375 0.019154313464088382 -0.049738523322171074 -0.022786911044786393
leaf_weight=137.6181533462368 106.80675108637661 11.406027549877765 120.8828237587586 7.5614719139412037 11.49729144386947 15.312749160453679 12.157453907653688 17.62507402151823 22.343085031490773 26.354260469786823 12.932506362907587 18.626605989411473 5.6195504320785394 59.004310770891607 29.014752659481019 6.6174825998023143 17.26712330058217 33.964765924029052 14.503689609467981 12.504832247272132 26.479110416956246 13.214396459981797 8.435391357168557 9.8668967923149449 15.801739662885668 9.5066789090633375 16.621006275527179 11.08136378135532 17.16479096468538 5.9679390508681527 14.059921791777017
leaf_count=2302 1780 109 919 53 236 103 92 151 191 456 184 249 86 1192 373 71 310 235 118 98 190 87 146 203 220 140 182 203 315 101 131
internal_value=-0.000602707 0.00489116 0.0129093 -0.0016187 -0.0264785 0.00613024 0.00985706 -0.0143048 0.0128078 0.00252934 0.00371412 -0.000496243 0.00299766 -0.00327902 0.0164881 0.0187423 0.00778736 0.00848102 0.00106595 -0.0209213 0.0125405 0.0210809 0 0.00636014 -0.00156029 0.0234914 0.0168923 -0.00552782 0.00260013 -0.0157441 -0.00403922
internal_weight=847.82 698.705 314.454 384.251 149.115 193.571 164.54 29.0311 152.383 277.444 269.882 201.807 175.453 124.54 68.0749 50.9127 65.5362 130.039 82.8603 27.8176 55.0427 47.1792 48.269 32.2861 25.6686 55.1424 45.6358 42.6495 31.5681 14.4033 28.5636
internal_count=11226 8688 2424 6264 2538 1505 1245 260 1153 4484 4431 3552 3096 2353 879 743 1161 962 640 201 439 322 851 494 423 695 555 765 562 247 249
is_linear=0
shrinkage=0.0429769


Tree=14
num_leaves=32
num_cat=0
split_feature=11 12 13 13 30 17 34 35 2 0 18 7 27 30 16 30 20 20 30 20 2 1 5 3 21 20 6 12 3 32 30
split_gain=72.1284 17.9309 10.8457 10.761 7.91959 7.82816 7.77706 7.50069 7.4861 9.30599 7.30061 7.44979 7.21537 7.18541 7.21752 6.44087 6.74702 8.69812 7.14451 6.41481 6.74652 6.11352 5.66655 12.1413 8.96374 6.23094 6.70881 5.55228 5.36693 6.54723 6.08649
threshold=0.0018760801415071973 5.2500000000000009 0.13321542872462425 -0.0023583188940684047 -209.86520500711239 -0.11707647256156216 -1.3737897065527962 0.95000000000000007 2.2650000000000001 -0.15746359495762505 0.6863186375028153 6.2500000000000009 0.11578044517333229 -474.49739987620353 295.88348028528895 -516.20067490824738 0.61769150362978109 0.3911287646171776 -923.20240869483234 1.4900018847833845 -2.6249999999999996 -0.20958691111626829 0.59999999999999987 -0.06100755562428483 -0.27999999999999842 1.3247461824139146 0.021978021978021966 4.7500000000000009 -0.045059979839831225 45.800300110147624 -433.39609233711502
decision_type=10 2 10 10 8 8 2 10 2 2 2 2 2 8 10 10 2 2 10 2 2 2 10 2 2 2 10 2 2 10 10
left_child=3 15 4 5 6 -1 -3 21 10 -10 28 -12 -7 14 -11 16 17 -2 19 20 -18 -5 24 -24 -22 26 -26 -19 30 -30 -8
right_child=1 2 -4 7 -6 12 8 -9 9 13 11 -13 -14 -15 -16 -17 18 27 -20 -21 22 -23 23 -25 25 -27 -28 -29 29 -31 -32
leaf_value=0.0095949244890951458 0.014841401586348245 0.03045690345798821 0.044180117396275802 0.03397781905945902 -0.028325614950095328 0.0066803288946801764 0.013033433540411312 0.036089694528854195 -0.032591823045144991 -0.0013604480134893084 0.019590365845665713 -0.018559744539649186 -0.041446509923169568 -0.014337427354394557 0.045478787595086702 0.0205250538038723 -0.044390588486642568 -0.029837006791207529 0.022810178835121844 0.016526054135545275 -0.023214973100006819 -0.019230737153952262 0.065375925626284678 -0.010481982072919619 0.049147696156605913 -0.040794966662695407 0.0014789308060151668 0.00090213225406923715 0.024352918535268848 0.0057643355025720072 -0.01214692659782261
leaf_weight=6.1537318183109164 13.346237032674251 36.797177467495203 18.85610025189817 3.951525490731 9.2137470906600338 5.4435581695288411 59.263199863955379 5.1672378117218605 16.081784936599433 10.888395926915111 14.471530663780866 26.205170902423561 79.550481199286878 17.217794236727059 11.810971882194279 20.263791928533465 8.7503917654976231 45.759307219646871 22.42248916067183 23.842594401910901 42.209958979859948 75.396020157728344 6.2977659730240694 9.3387000691145641 6.8923027999699107 4.810467359609901 30.882918905932456 12.602924576960502 125.86844697222114 52.768690448254347 24.594534907490015
leaf_count=78 257 300 138 66 117 68 556 50 147 144 124 182 1208 142 117 359 134 942 352 445 763 1688 72 140 116 82 645 226 961 638 157
internal_value=0.000180305 0.00661792 0.0119908 -0.0243133 0.0104433 -0.0346886 0.0113959 -0.0128871 0.00938745 -0.00479626 0.0120731 -0.00449674 -0.0381295 0.00590397 0.0221353 -0.00250976 -0.00465256 -0.0155631 0.000252438 -0.00340037 -0.0079346 -0.0163288 -0.00455883 0.0188015 -0.00910199 0.00441897 0.0107066 -0.0228578 0.0147167 0.0189737 0.00541049
internal_weight=847.12 671.457 424.038 175.663 405.181 91.1478 395.968 84.5148 359.171 55.9989 303.172 40.6767 84.994 39.9172 22.6994 247.42 227.156 71.7085 155.448 133.025 109.183 79.3475 100.432 15.6365 84.7956 42.5857 37.7752 58.3622 262.495 178.637 83.8577
internal_count=11414 8256 3723 3158 3585 1354 3468 1804 3168 550 2618 306 1276 403 261 4533 4174 1425 2749 2397 1952 1754 1818 212 1606 843 761 1168 2312 1599 713
is_linear=0
shrinkage=0.0429769


Tree=15
num_leaves=32
num_cat=0
split_feature=11 12 13 4 13 1 27 3 10 0 0 29 10 1 6 27 24 24 12 4 10 8 13 27 16 18 24 9 20 24 5
split_gain=63.3337 13.7841 9.39026 7.58701 7.55859 7.28951 9.85007 6.77557 7.80956 9.73505 9.46789 7.73912 7.35206 6.9196 8.208 6.62558 6.49843 6.7205 6.11587 5.70243 6.0793 6.6046 5.90028 5.4838 8.4812 6.12266 5.06148 4.99573 7.44432 5.2304 7.69261
threshold=0.0018760801415071973 5.2500000000000009 -0.0023583188940684047 9.5000000000000018 0.13321542872462425 0.064840214461008197 0.12527472971575795 -0.034320007811617974 0.0023652274507270626 0.58409687942034016 0.27461696339076896 0.63736514572743463 0.0055894111756410502 -0.014360580190108272 0.19758530942741476 0.16478669705299831 1.7426241215366705 2.952370760765556 4.2500000000000009 4.5000000000000009 0.0024591655239283171 0.0034814663159325313 0.019896787390384942 0.32578379000583652 75.920756738204773 -0.19407119741097437 1.368865469289525 0.011012217065730278 0.31886267757795117 3.002963523758877 0.59999999999999987
decision_type=10 2 10 2 10 2 2 2 10 2 2 2 10 2 10 2 10 10 2 2 10 10 8 2 10 2 10 10 2 10 8
left_child=2 23 5 18 7 -1 -7 13 -9 10 11 12 -10 14 19 -15 26 -18 -4 -3 22 -22 -21 24 -2 -25 -5 28 -26 -30 -31
right_child=1 4 3 16 -6 6 -8 8 9 -11 -12 -13 -14 15 -16 -17 17 -19 -20 20 21 -23 -24 25 27 -27 -28 -29 29 30 -32
leaf_value=-0.041904529954785656 0.02899773767649344 -0.0043552930478864887 -0.035161938838927619 -0.002615020859437146 0.038920039992930158 0.02137511785509702 -0.031949695715521066 0.025761013166404098 -0.0020827325743132466 -0.031965225910023244 0.036935954599739036 0.042194965189008893 0.021077234805099782 0.0022291729015009613 -0.018369326836352184 -0.038710353585526658 -0.03169475450100858 0.017871220947210928 0.0091019893084541212 -0.023211899010505247 0.063586606646669416 0.019291151756835004 0.021207281120757628 -0.04188942890232418 0.049466951937028568 -0.0030804257714191646 0.036561987611380062 0.020726237885912876 -0.010627510207608427 0 0.055773332739561927
leaf_weight=58.402299009496346 18.253421655856073 26.097833121195436 30.033784816041589 11.567555652931334 17.958049384877086 9.1329885702580231 19.252444187644869 77.1971291503869 93.160759759135544 9.8478321451693756 23.637678380124271 10.82631047349423 34.194723424967378 14.321782738901677 18.973452277015895 13.290817145258186 16.593694072682414 6.7051065899431697 6.3049432113766661 10.642448862083254 8.0823048744350654 41.309354560449719 11.476234221830966 12.334007581230251 4.6210322324186555 22.452978631481528 11.12362432759255 16.54711825447157 115.88598642870784 46.626846343278885 5.0902130361646405
leaf_count=946 202 246 744 223 138 102 306 516 961 103 225 117 351 98 173 106 356 142 112 85 57 444 103 262 72 414 227 325 2298 878 82
internal_value=0.000377868 0.00647363 -0.0230351 -0.012248 0.0112697 -0.0330376 -0.01409 0.00995549 0.0142672 0.00898219 0.0115977 0.00711851 0.00397945 0.00237551 0.00707811 -0.0167562 -0.000210267 -0.0165745 -0.0269334 0.0122292 0.0185604 0.0269458 0 -0.00159607 0.000965992 -0.0174154 0.0157138 -0.00163932 -0.00390417 -0.00549531 0.00561934
internal_weight=821.945 652.828 169.116 82.3287 411.017 86.7877 28.3854 393.059 248.864 171.667 161.819 138.182 127.355 144.194 116.582 27.6126 45.99 23.2988 36.3387 97.6082 71.5103 49.3917 22.1187 241.812 207.025 34.787 22.6912 188.771 172.224 167.603 51.7171
internal_count=11414 8256 3158 1804 3723 1354 408 3585 2273 1757 1654 1429 1312 1312 1108 204 948 498 856 935 689 501 188 4533 3857 676 450 3655 3330 3258 960
is_linear=0
shrinkage=0.0429769


Tree=16
num_leaves=32
num_cat=0
split_feature=11 10 10 3 24 25 16 13 32 4 12 24 10 11 24 33 27 18 11 17 0 23 4 14 10 24 16 15 1 10 9
split_gain=55.6189 15.3528 10.4344 8.7598 8.3454 7.12802 6.73659 6.07961 5.89788 5.73464 6.21909 5.80662 8.0105 7.84896 8.2675 7.34668 5.5165 6.05266 5.51244 5.42247 5.52089 5.35026 5.30461 6.23058 5.15508 6.82689 5.02882 4.90458 4.76219 5.69986 4.65195
threshold=0.003205146570135015 0.0052321471189039617 0.0022673085831043092 -0.020072281468483773 1.7272325143838543 0.030300633483181242 475.46421314987498 0.0022794903624350983 17.773613448534377 21.500000000000004 6.7500000000000009 3.095880844768742e-16 0.0024591655239283171 0.035013820232949806 6.874831274942501e-16 0.61023809523809536 0.12348793831509614 -0.34849576674277433 0.011467769688958311 -0.059987058392315211 -0.10007873764314794 -5.1398025917485901 12.500000000000002 0.015952871056130958 0.0019440872426518875 1.246260926926906 238.92959209967574 227904.50000000003 -0.016380665193003071 0.0086616762988777161 0.011140085939304616
decision_type=10 8 10 2 8 2 10 10 10 2 2 10 10 10 10 2 2 2 8 8 2 8 2 10 10 10 10 2 2 10 10
left_child=1 27 3 7 22 24 8 -2 -4 10 16 -12 -13 14 -14 19 -10 28 -11 -16 -21 -17 -3 -24 25 -5 -22 -1 -18 -30 -19
right_child=2 4 6 5 -6 -7 -8 -9 9 18 11 12 13 -15 15 21 17 30 -20 20 26 -23 23 -25 -26 -27 -28 -29 29 -31 -32
leaf_value=0 -0.019618338290087783 -0.018856711247898582 -0.025527070688733718 0.030509222375550829 -0.028072349740923836 0.053660550122702051 -0.0151761104085067 0.014070634255959938 0.014976768815330431 0.056602786574109033 -0.015092461729191061 -0.017399528817797719 0.046643095800521166 0.040651674123448236 -0.0098201242243377337 0.014183558351546631 0.00015107324376105509 0.0012357253911097238 0.0043163744352770631 0.003281060141570129 0.010580540967848634 -0.023463232742281199 0.023169469664395457 -0.029342599616365216 0.039953984583294834 -0.0041436023200560239 0.048702361099574321 0.042468639855378167 -0.035653310086797847 0.001949172976313065 0.036485104959923596
leaf_weight=10.426174603402616 13.910369722638277 30.395486119668931 10.528681533411143 18.599441549740732 133.73170596710406 16.396902783773839 29.558625868055969 32.70071593998 46.952090275473893 8.3407671204768103 12.090506020467727 12.049528980627654 12.068693650886415 24.634251948446035 10.547358133830128 10.49333384539932 24.858306900598109 153.37230050703511 8.364159175660463 18.59115631785243 12.121239692904064 18.560659852810204 15.730243305210026 5.4337686118669799 17.929962939582765 22.202344493940473 18.498685530386865 8.3519030539318901 23.100497002713382 9.5541911507025343 7.3416480235755435
leaf_count=137 83 716 108 112 2603 105 254 289 652 121 127 91 59 199 113 88 493 2630 128 153 108 183 287 138 124 158 169 130 421 186 160
internal_value=0.00077121 -0.0185547 0.00745139 0.018721 -0.0223557 0.0278436 0.00450006 0.00358856 0.00586086 0.00667299 0.00562016 0.0126443 0.0152272 0.0185185 0.0129154 0.00810652 0.00158077 -0.00121021 0.0316205 0.0168448 0.0229651 -0.00918042 -0.00714091 0.00874369 0.0202947 0.0111652 0.0342644 0.0178873 -0.013239 -0.0240418 0.00297052
internal_weight=797.436 204.069 593.366 121.74 185.291 75.1287 471.627 46.6111 442.068 431.539 414.834 149.655 137.565 125.515 100.881 88.8124 265.179 218.227 16.7049 59.7584 49.2111 29.054 51.5595 21.164 58.7317 40.8018 30.6199 18.7781 57.513 32.6547 160.714
internal_count=11325 4011 7314 871 3744 499 6443 372 6189 6081 5832 1290 1163 1072 873 814 4542 3890 249 543 430 271 1141 425 394 270 277 267 1100 607 2790
is_linear=0
shrinkage=0.0429769


Tree=17
num_leaves=32
num_cat=0
split_feature=11 12 18 30 3 30 21 1 30 32 13 12 30 14 7 11 0 0 24 32 25 10 35 5 17 16 29 30 10 3 13
split_gain=49.6166 13.9224 7.33211 7.31804 6.82367 8.48012 9.50332 7.50391 6.74942 5.85438 5.55537 7.85115 5.34667 5.44509 5.34076 5.51851 5.27487 5.06916 4.87721 4.86812 4.70735 4.49548 4.44644 5.80667 4.3907 4.29245 4.24943 4.13151 3.99964 3.97534 5.0845
threshold=0.00082198769546561201 6.7500000000000009 -0.36609016575916387 -254.37982441752794 -0.035869570854038739 -373.83214649951918 0.2800000000000003 0.17641570032233125 -660.29437572665222 35.0555804729484 -0.00029801364709561117 4.7500000000000009 -757.39443346025985 0.023188226511358687 5.7500000000000009 0.010058192909907402 -0.092422365953311422 -0.29095248544546753 2.2456401068459892 27.383829654490722 0.027401710542879213 0.010933640427108348 0.75000000000000011 0.39999999999999908 -0.060576133945592518 414.05369895680093 0.46024751606264541 -956.0213039140134 0.0014731693942765893 -0.083442700796608246 0.032575911569908314
decision_type=10 2 2 10 2 10 2 2 10 10 8 2 10 10 2 10 2 2 10 10 2 10 10 10 10 10 2 10 10 2 10
left_child=8 2 20 4 5 6 29 14 10 -4 11 -1 13 -11 -6 -16 -5 -14 27 -9 21 22 23 -2 -19 -26 28 -15 -17 30 -3
right_child=1 3 9 16 7 -7 -8 19 -10 12 -12 -13 17 18 15 26 -18 24 -20 -21 -22 -23 -24 -25 25 -27 -28 -29 -30 -31 -32
leaf_value=-0.025258434585904339 -0.015156914287535026 -0.0075196362003250713 -0.040343139953069207 0.010203163021296502 0 -0.02008519198512829 -0.016794122410059148 -0.021632611681860977 0.0075980038390061899 0.0043712601318017501 -0.029306197588164745 0.046245820187537333 -0.018173040397986413 -0.011745910988541811 0.004454240561489224 0.0053748280207559307 -0.036566426949512273 0.033444702062736413 0.0039356745379556845 0.012842693766203754 0.0099188521033264677 -0.04167581996257548 -0.016572663444251248 0.038749285401005848 0.016392439772240325 -0.0174210149533503 0.053022308770597854 -0.055201768536310189 0.030756256241780171 0.03129135564424676 0.026388209750378033
leaf_weight=7.572842800524084 7.1821153569035214 16.374032236635689 5.3353550066240123 7.7143686576746431 15.762284350581465 19.199594787321985 16.366021584719419 11.267585510388015 11.05040873819962 149.62947983061895 107.00236186408438 4.5182374715805054 7.2674001897685221 12.950497800949959 19.448227151297033 15.751057801768182 9.1575904251076263 24.073165349196643 13.572812136728315 22.671171833761036 16.144155256450176 10.559905036818234 49.434569284087047 6.9903976246714592 34.669459055643529 8.1419913331046683 15.222646221984176 7.1987305153161314 78.368452934548259 29.203631879761815 15.165569020435212
leaf_count=198 154 163 43 101 158 156 143 96 213 2831 2047 34 116 220 175 89 113 374 276 225 303 257 862 96 602 121 96 123 608 224 108
internal_value=0.00101357 0.0059236 0.000127411 0.0128731 0.0145958 0.00509362 0.0116219 0.0196111 -0.0231606 0.00381294 -0.0261821 0 0.00480561 0.000752175 0.0238876 0.0267777 -0.0140023 0.0145592 -0.0147143 0.000808978 -0.0103779 -0.0150649 -0.0103323 0.0100275 0.0184142 0.00949552 0.0305658 -0.0282653 0.0267207 0.0196065 0.00815353
internal_weight=774.966 644.822 353.15 291.672 274.8 96.3088 77.1093 178.491 130.144 262.839 119.093 12.0911 257.504 183.352 144.553 128.79 16.872 74.152 33.722 33.9388 90.3111 74.167 63.6071 14.1725 66.8846 42.8115 109.342 20.1492 94.1195 60.7432 31.5396
internal_count=11325 8833 6378 2455 2241 794 638 1447 2492 4706 2279 232 4663 3450 1126 968 214 1213 619 321 1672 1369 1112 250 1097 723 793 343 697 495 271
is_linear=0
shrinkage=0.0429769


Tree=18
num_leaves=32
num_cat=0
split_feature=11 23 11 21 22 9 20 4 32 12 30 8 28 30 24 24 14 5 26 1 28 26 6 30 8 16 22 1 25 15 6
split_gain=38.4465 11.7018 10.7873 10.5953 7.99859 6.82878 8.69215 6.77191 11.6479 6.58827 5.73516 5.39595 5.2221 5.16499 5.05743 7.17563 6.64064 4.84309 4.62962 4.66731 4.64063 4.44156 6.77711 7.39915 4.64434 6.34699 6.44329 6.67492 6.21886 5.30977 5.07708
threshold=0.0031078679835647165 -4.1662646770492957 0.026619170347515018 4.6900000000000022 1501.2499999999766 0.002780504811957366 0.82578347434284161 12.500000000000002 33.069870108997932 5.7500000000000009 -226.05903497082093 0.0031222570083377786 0.010520283696419332 -648.87235391316801 0.9843377797638867 1.4945361666597392 0.027214165953749581 0.20000000000000001 0.0022210468727251746 0.086793637270617854 0.029553679178693563 0.0084776024455432992 0.072859986728599918 -942.29895217211481 0.011705236681711586 361.87121481169322 22.750000000002732 -0.12155772511119249 -0.0039242993580594345 190381.50000000003 0.11582225416217512
decision_type=10 8 10 2 10 10 2 2 10 2 8 10 2 10 10 10 8 10 2 2 2 2 10 10 10 10 10 2 2 2 10
left_child=1 12 10 5 13 7 -7 17 11 -6 14 -9 -1 18 16 -16 -2 -4 20 -20 -3 24 -23 -24 25 26 -17 -28 -29 -26 -27
right_child=2 4 3 -5 9 6 -8 8 -10 -11 -12 -13 -14 -15 15 21 -18 -19 19 -21 -22 22 23 -25 29 30 27 28 -30 -31 -32
leaf_value=-0.0016929527828484765 0.017188138673070504 -0.023837345632389099 0.035952853145683895 -0.027712926850532348 -0.0094137942482984578 0.020156377473563407 -0.030000062868076289 -0.027115064779823547 0.031856343700311103 0.046405196368238144 -0.035201866529408141 0.010809750385233579 0.048394006057282869 -0.00072612497264989745 -0.021970165914061365 -0.010943060728226702 -0.017796232122284376 0.0042348041502097622 -0.043328560046508861 -0.00053869931398648299 0.015225560984974951 -0.0011656623448998732 -0.0071411037216408254 0.040832506400256596 0.014496064557688013 0.036378319572269682 0.046861709021888936 -0.0064048914693137617 0.018850154874440955 -0.018047963910633166 0
leaf_weight=7.824728478677569 66.855835876427591 63.37604308500886 58.06954925134778 9.8288099491037411 34.914803802035749 14.02988221589476 11.589104890823362 14.820989844389262 23.182973050512373 4.3466972745954982 7.7259937273338428 12.092695933766661 6.4098405754193664 15.608071220107375 25.936589484103024 67.408907561097294 11.248309519141911 12.232015550136564 45.538191701751202 6.3104290617629877 5.5210211873054496 30.637687319889665 7.408620277419689 20.692184544634074 10.851432374212889 16.604489916935567 7.1291765007190397 47.060346094891429 28.675950882490724 46.985729626379907 10.956348986830561
leaf_count=164 787 1264 440 88 870 188 140 118 203 46 95 102 109 325 444 998 143 149 979 111 86 600 150 205 185 172 82 739 455 852 80
internal_value=-0.000554507 -0.0172993 0.0050664 0.0146915 -0.020393 0.0176828 -0.00175532 0.0219844 0.0093297 -0.00272385 0.00132422 -0.00933494 0.0194656 -0.0253343 0.0020827 -0.000247304 0.0118942 0.030718 -0.0283501 -0.0385053 -0.0204173 0.00159887 0.0121978 0.0274757 -0.000958304 0.00238976 -0.000960856 0.00691896 0.00289452 -0.0115971 0.0213805
internal_weight=751.873 189.85 562.024 155.846 175.615 146.017 25.619 120.398 50.0967 39.2615 406.178 26.9137 14.2346 136.354 398.452 320.347 78.1041 70.3016 120.746 51.8486 68.8971 294.411 58.7385 28.1008 235.672 177.835 150.274 82.8655 75.7363 57.8372 27.5608
internal_count=11369 3954 7415 1428 3681 1340 328 1012 423 916 5987 220 273 2765 5892 4962 930 589 2440 1090 1350 4518 955 355 3563 2526 2274 1276 1194 1037 252
is_linear=0
shrinkage=0.0429769


Tree=19
num_leaves=32
num_cat=0
split_feature=11 11 21 23 9 20 22 19 19 30 30 4 10 2 25 24 24 14 26 16 5 22 25 30 31 26 13 8 20 10 29
split_gain=34.5438 11.0661 10.987 10.8027 6.28898 6.18286 6.06471 5.7519 7.41993 5.52751 5.1277 5.01072 7.83415 9.4161 4.37468 4.05515 7.20077 6.94928 4.75676 5.4747 5.62791 4.83752 9.63327 7.68746 7.30551 8.57228 4.49233 4.46913 4.18317 4.94187 6.73387
threshold=0.0034074651826579987 0.026619170347515018 4.6900000000000022 -4.1662646770492957 0.002780504811957366 0.82578347434284161 957.99999999999648 0.0078450360234891721 0.0059127186973959691 -648.87235391316801 -226.05903497082093 12.500000000000002 0.0031439978000550903 0.46999999999999981 0.018062462598647081 0.9843377797638867 1.4945361666597392 0.027214165953749581 0.0070057033109061093 202.19221577215703 0.10000000000000007 22.750000000002732 0.001290220021008093 -610.12397791705541 -241.15697958426534 -0.0018143144704703682 -0.0056879800593161193 0.012577197353569922 0.7943968101131903 0.0065017171050747577 -0.18371050830295588
decision_type=10 10 2 8 10 2 10 2 2 10 8 2 10 2 2 10 10 8 2 10 10 10 2 10 10 2 10 10 2 10 2
left_child=3 10 4 -1 11 14 9 8 -8 -5 15 -3 13 -13 -6 17 -17 -2 21 26 -21 23 27 -18 -25 -26 -20 -23 29 -24 -31
right_child=1 2 -4 6 5 -7 7 -9 -10 -11 -12 12 -14 -15 -16 16 18 -19 19 20 -22 22 28 24 25 -27 -28 -29 -30 30 -32
leaf_value=0.017559971830121264 0.016382011445324779 0.030049293575954834 -0.028229232159611088 -0.027110391237531069 -0.0031886254835348177 -0.024741420493027664 -0.0024774209954245121 0.028755770489472008 -0.051253888601819335 0 -0.035434102746417138 -0.033389770873227503 0.032140504000741081 0.016506319412000935 0.04370981192917564 -0.022860751123792433 -0.018600960454970502 -0.01985274767453896 0.020664486206399751 -0.0032861311502257319 0.031892561598734381 0 0.032512481906651479 -0.02361922822270909 0.045520655039642824 0.00042593023423593602 -0.015193832866655611 -0.037363577850664693 0.044342553660216104 -0.03753041065764183 0.026622286384399001
leaf_weight=15.613313652109353 65.190043526235968 68.198731404729187 9.7731923442333919 115.15099531086162 6.7963919276371616 11.402671767398713 31.626600119285285 7.3846572283655396 7.3418832365423432 14.682289099320768 6.8389464276842764 11.413675044663252 19.758457675110549 17.713143997825682 6.5210759984329343 23.885807804763317 57.559730065986514 11.038807229138909 9.7222161130048352 10.448781087063251 28.98471416067332 60.476494621951133 11.044909827876838 13.164960647467522 10.962198076304047 30.07666652277112 18.511656457092613 6.6851656790822735 12.339735097251831 6.4196594343520683 5.4620485380291939
leaf_count=302 767 589 88 2379 114 140 829 165 149 323 95 95 188 140 74 415 1062 141 172 136 430 883 217 131 99 338 386 116 175 134 97
internal_value=-0.000346758 0.00518673 0.0150492 -0.016041 0.0181729 -0.000757042 -0.019132 -0.00522832 -0.0121813 -0.0239422 0.00129055 0.0223398 0.0111759 -0.00236291 0.0182832 0.00200048 -0.000146473 0.0108729 0.00170789 0.0116722 0.0220661 -0.00134707 0.00528542 -0.00760387 0.00370668 0.0129592 -0.00213954 -0.00401293 0.0235575 0.0114976 -0.00636262
internal_weight=732.19 540.39 151.577 191.8 141.804 24.7201 176.186 46.3531 38.9685 129.833 388.813 117.084 48.8853 29.1268 13.3175 381.974 305.745 76.2289 281.859 67.6674 39.4335 214.192 102.428 111.764 54.2038 41.0389 28.2339 67.1617 35.2664 22.9266 11.8817
internal_count=11369 7222 1428 4147 1340 328 3845 1143 978 2702 5794 1012 423 235 188 5699 4791 908 4376 1124 566 3252 1622 1630 568 437 558 999 623 448 231
is_linear=0
shrinkage=0.0429769


Tree=20
num_leaves=32
num_cat=0
split_feature=11 10 32 31 11 9 25 6 13 27 32 23 27 33 22 11 4 6 19 16 19 19 19 2 6 14 13 20 23 11 28
split_gain=37.92 13.1991 8.39327 7.54527 6.29931 8.32027 5.29628 5.05376 6.66732 4.87631 4.68453 5.60652 5.05611 4.25024 4.07153 4.13634 6.42758 6.77056 6.07752 6.49962 5.72119 5.80734 5.32506 5.01782 6.90903 4.86572 4.3475 4.11835 5.5698 5.17201 5.03811
threshold=0.0035548851913335543 0.0023652274507270626 71.65460304101228 -355.58786016326547 0.057728945942905487 0.0007299315430987543 0.059061692483451507 0.18056426332288414 0.0084912385689711427 0.15414796051276139 110.95452206094656 -2.4797789541439186 0.14145285554138814 0.47214285714285725 10049.500000000009 0.013319892000540458 1.5000000000000002 0.095238095238095219 0.0072272876123582004 548.15321704246787 0.0029374486986901878 0.0066955053339424423 0.002684390785066867 0.82500000000000118 0.08559218559218558 0.017068559970572859 0.0073024696559773556 0.52074174375807425 -5.1880386514011709 0.021239450160368076 0.00822934025952138
decision_type=10 10 8 10 10 10 2 10 10 2 10 8 2 2 10 10 2 10 2 8 2 2 2 2 10 8 8 2 10 10 2
left_child=2 4 3 9 5 7 10 8 -2 -1 14 -12 -13 -5 15 18 17 -17 19 20 22 23 -3 -22 25 -25 -24 28 -18 30 -30
right_child=1 6 -4 13 -6 -7 -8 -9 -10 -11 11 12 -14 -15 -16 16 27 -19 -20 -21 21 -23 26 24 -26 -27 -28 -29 29 -31 -32
leaf_value=-0.048461475738664904 0.0069262636403392818 0.0081650619044102372 -0.019983035324578499 0.03815370296952407 0.048643797170184723 -0.0014358064621589914 -0.022160750987592511 0 0.039631765592042345 -0.00018906824132936738 -0.037140440106746095 -0.020011544237198777 0.039668339616887448 0 0.039775974776088949 0.0083982610962959302 -0.0014125090478920397 -0.04022487066276148 -0.025996478834988332 -0.036990973910427133 -0.018011173934888835 0.035643256461987731 0.067004961273093563 0.0083849318597341588 0.024219315209751242 -0.028606363866811937 0.0052656288961227685 0.0082413462533940697 0.049296861557173263 0.066993860166120869 -0.00015520200106840609
leaf_weight=6.1290069734677699 18.532087911851704 48.349486370105296 153.98505652556196 11.359638137277217 12.896038989536462 33.210644850041717 14.526974084321408 13.028245038818566 39.432402239181101 12.793526081368325 10.873673049733041 5.47046014852822 4.7587000299245119 8.4450135286897403 6.3437517434358588 10.55984582193196 8.4033069312572497 9.6657125907950086 15.554446115158497 7.3335773283615699 35.847479489631951 6.6213836651295415 6.0588485118933004 11.730436268728232 17.893915771972388 13.37094888510182 4.3910888573154807 153.23388484027237 6.1501343101263064 7.7465891460888079 7.9446410546079278
leaf_count=132 135 802 3478 220 99 288 203 125 275 218 229 146 69 136 111 130 109 97 276 72 639 90 90 258 214 274 106 1935 88 86 102
internal_value=0.000821338 0.00678433 -0.0154724 0.00194798 0.0195521 0.0157594 0.00311438 0.0240839 0.0295199 -0.016882 0.00408639 -0.01538 0.00580679 0.0209454 0.00522839 0.00458343 0.00869884 -0.0138552 -0.00031275 0.00219139 0.00432197 -0.0025798 0.0146923 -0.00604366 0.00347118 -0.0105264 0.0429762 0.0112938 0.0260984 0.0375945 0.0200136
internal_weight=722.641 529.929 192.712 38.7272 117.099 104.203 412.829 70.9927 57.9645 18.9225 398.302 21.1028 10.2292 19.8047 377.199 370.856 203.704 20.2256 167.152 151.597 144.264 85.4642 58.7994 78.8428 42.9953 25.1014 10.4499 183.479 30.2447 21.8414 14.0948
internal_count=11232 7048 4184 706 922 823 6126 535 410 350 5923 444 215 356 5479 5368 2547 227 2821 2545 2473 1475 998 1385 746 532 196 2320 385 276 190
is_linear=0
shrinkage=0.0429769


Tree=21
num_leaves=32
num_cat=0
split_feature=11 10 32 33 34 25 19 34 32 31 18 28 7 32 10 22 28 10 2 21 32 24 18 5 19 21 27 23 25 5 33
split_gain=35.0698 10.029 6.54545 6.4789 5.35646 5.24776 4.94078 6.54616 5.77255 4.90984 4.78593 4.67718 4.4148 4.40914 4.17981 4.08835 4.40137 4.23508 6.01201 5.88768 8.94962 4.18836 4.65454 5.3772 4.27935 6.48737 4.07843 4.17222 3.86335 5.42502 4.73467
threshold=0.003144286947514147 0.0023652274507270626 71.65460304101228 0.47214285714285725 1.8211988170364075 0.043109539698638295 0.0034389511907231269 -0.39258711115091283 32.216383387510454 -355.58786016326547 0.044375038654169661 -0.025765297353516733 1.7500000000000002 110.95452206094656 0.0053827525432409542 10049.500000000009 -0.0058669234452865529 0.0085442347534216527 2.3600000000000017 -0.77000000000000035 43.176717088696599 0.65803192393545185 0.78350743732656902 0.20000000000000001 0.0063835184996423365 -0.35500000000000037 0.14145285554138814 -2.441820806683086 -0.016248735735625294 0.29999999999999993 0.42071428571428576
decision_type=10 10 8 2 2 2 2 2 10 10 2 2 2 10 10 8 2 10 2 2 10 10 2 10 2 2 2 10 2 10 2
left_child=2 6 3 9 12 13 7 8 10 -1 -2 -6 14 15 -4 16 21 18 -18 -20 -21 -3 23 24 25 -23 -15 -28 -19 30 -30
right_child=1 5 4 -5 11 -7 -8 -9 -10 -11 -12 -13 -14 26 -16 -17 17 28 19 20 -22 22 -24 -25 -26 -27 27 -29 29 -31 -32
leaf_value=-0.0078552819490607367 0.026356770809938434 -0.022395106678127417 0.034795680456362083 -0.015789957899505193 -0.022777905417119073 -0.013459997425678088 0.026777106903158276 -0.011556327336868519 0.037730904496027722 0.038910323283020354 -0.016638822121207483 0.029929461274017428 -0.026000900318780978 -0.031235334661551466 -0.013006415242634912 0.03950824467883185 0.01657911739505424 -0.032049795466836818 0.023023569646952676 -0.049742792690476371 0.0011720447387873682 0.029904952914657348 0.039362805051476928 -0.0087480573835511544 0.03638713021406062 -0.0093341238099290472 -0.021144792502747527 0.036106514983484002 0.029865287498106678 0.020965436234875189 -0.01793522661007298
leaf_weight=5.820159513968977 8.6943396357819456 14.989139112643896 3.833930168766531 18.932539542205632 5.1413296265527606 30.436783893965185 59.3636085242033 18.989591458812356 16.729781334288418 10.548356746323405 10.36198683362454 7.2309298142790777 104.62122116982937 11.612407779786738 22.583712668623775 6.8175066467374554 134.8784737130627 6.7953360727988175 12.852434972766785 8.3281161584891361 24.225685259792954 11.577583094127474 5.7634100890718392 59.621321260929108 9.7455015480518323 22.890351258218288 4.4677365170791745 4.6025877334177476 4.3769729733467129 18.201416904572397 22.216597957536578
leaf_count=105 78 156 58 334 118 483 430 177 141 200 99 116 2362 289 673 117 1937 123 171 106 380 138 92 994 119 242 105 66 118 256 449
internal_value=0.00111809 0.00670919 -0.0153058 0.000735028 -0.0193933 0.00354219 0.0180325 0.00819083 0.0192265 0.0210656 0.00193269 0.00641583 -0.0219823 0.00494195 -0.005312 0.00607932 0.0053838 0.00889344 0.0120148 -0.0011046 -0.0112438 -0.000988223 0.00175805 -0.000138143 0.0110213 0.00326899 -0.0140701 0.00571138 -0.00162802 0.00254346 -0.00931638
internal_weight=707.251 528.539 178.712 35.3011 143.411 414.399 114.139 54.7757 35.7861 16.3685 19.0563 12.3723 131.039 383.963 26.4176 363.28 356.462 231.875 180.285 45.4062 32.5538 124.587 109.598 103.835 44.2134 34.4679 20.6827 9.07032 51.5903 44.795 26.5936
internal_count=11232 7266 3966 639 3327 6341 925 495 318 305 177 234 3093 5858 731 5398 5281 3540 2594 657 486 1741 1585 1493 499 380 460 171 946 823 567
is_linear=0
shrinkage=0.0429769


Tree=22
num_leaves=32
num_cat=0
split_feature=11 10 11 9 2 17 1 4 6 12 32 18 30 17 1 10 1 5 19 11 5 31 23 18 17 20 33 27 6 31 26
split_gain=26.1798 8.82468 5.47165 4.94568 7.10745 5.40749 6.40315 5.09059 4.25824 8.09173 5.91975 5.16649 4.25322 4.63768 4.05446 5.06432 3.82145 3.54239 11.8926 5.08827 5.05358 4.43752 6.86971 6.41237 5.64374 5.18815 4.82189 4.69783 4.19285 4.12619 5.8284
threshold=0.0031078679835647165 0.0053827525432409542 0.024675772152700681 0.0027404941316885351 -1.365 -0.04058280150514209 0.27310952730925347 4.5000000000000009 0.056149832976766921 5.2500000000000009 71.994181894143097 0.6863186375028153 -359.37646234434072 -0.042468589616146073 -0.084373717844507909 0.0019788504033866044 0.036665757463267619 0.32500000000000023 0.0036375004852422436 0.0047369033165290684 0.79999999999999816 -219.20214523315576 -4.8937977841948408 0.7732415130839333 -0.031494451835044394 0.43866597605966323 0.50833333333333341 0.17615006282088663 0.18056426332288414 -813.09085094448517 -0.0047301981875629831
decision_type=10 8 10 10 2 10 2 2 8 2 10 2 10 10 2 10 2 10 2 10 10 10 10 2 10 2 2 2 10 10 2
left_child=1 -1 17 4 5 -4 -7 -5 9 10 -3 -10 14 -14 -6 -16 -13 21 20 -20 -19 22 26 -24 28 -26 -2 -28 -23 30 -21
right_child=2 8 3 7 12 6 -8 -9 11 -11 -12 16 13 -15 15 -17 -18 18 19 29 -22 24 23 -25 25 -27 27 -29 -30 -31 -32
leaf_value=0.013001238106205674 -0.044323325780402323 0.028039982265565568 0.025055082492900466 -0.037104971308134033 0.041004630893565042 -0.041786046090091927 0.0045085125318836215 0.0051273527110645874 -0.027656710429037817 0.032581454591513001 -0.01940801752887536 -0.017962992284292136 -0.017062170833524213 0.020677691680072104 0 0.028054938811682528 0.032372437255772615 0.054905873073863937 0.024864803619463985 0.00040837345127541294 0.0043397786813242651 0 -0.0032637041443904519 0.035923444293244969 0.030245302365978718 0.0047551043688597531 0.0068638209664707711 -0.033936548193289159 -0.034421979202557774 0.010495658191401795 -0.038310169516789096
leaf_weight=18.398394509684294 12.400172720663248 5.0595706035383037 8.5508723733946699 6.8006555014289942 23.472028962802142 9.4246301907114702 11.732452519237993 21.485904111061245 81.541560142999515 7.4231197182089081 49.700175839476287 6.3774000827688706 10.330383536871524 13.750920665450392 19.321178451180458 34.608378875534981 4.8065273771062493 12.859309656545522 11.575881534721701 13.854746857658027 6.3566951761022201 51.632114044390619 112.21727959113196 8.2646401794627291 23.939134214771912 44.728621094487607 12.267611297313126 8.4107588613405806 7.3298531929031006 14.183628494385632 12.984804334118961
leaf_count=294 150 124 93 89 189 91 112 319 1777 77 1468 133 85 108 153 418 77 247 170 270 56 704 2061 133 401 715 129 87 107 206 275
internal_value=-4.82127e-05 -0.0145164 0.00480565 0.0114356 0.0149856 -0.00292302 -0.0151743 -0.00432386 -0.0179134 -0.00869804 -0.014659 -0.023878 0.0204244 0.00366035 0.0253823 0.0182118 0.00189019 0.00175389 0.0102827 0 0.0392183 -0.000353536 -0.00534172 -0.000409494 0.00549192 0.0139326 -0.0227025 -0.00876962 -0.00400029 -0.00738873 -0.0175826
internal_weight=685.789 173.307 512.483 159.477 131.191 29.708 21.1571 28.2866 154.908 62.1829 54.7597 92.7255 101.483 24.0813 77.4016 53.9296 11.1839 353.005 71.8151 52.5991 19.216 281.19 153.56 120.482 127.63 68.6678 33.0785 20.6784 58.962 41.0232 26.8396
internal_count=11318 3950 7368 1657 1249 296 203 408 3656 1669 1592 1987 953 193 760 571 210 5711 1224 921 303 4487 2560 2194 1927 1116 366 216 811 751 545
is_linear=0
shrinkage=0.0429769


Tree=23
num_leaves=32
num_cat=0
split_feature=11 10 10 14 6 8 15 2 18 0 20 30 33 35 28 16 22 23 25 23 17 4 9 32 23 4 23 20 21 8 30
split_gain=22.9737 8.16854 5.42973 9.01421 5.6735 5.28725 4.12592 4.07271 3.71619 5.77318 6.40903 3.71777 3.65562 4.21067 3.64941 3.5967 3.20592 3.02891 7.73407 5.16991 4.77884 4.53155 3.58146 4.41942 7.5235 4.11256 7.17466 4.64913 3.7812 10.2404 6.51644
threshold=0.0029798725549775936 0.0051990004119700011 0.0023652274507270626 -0.019759289036307772 0.20067114093959734 0.032638709388691123 269646.50000000006 2.5400000000000014 0.19402129402125803 0.18286782330885723 0.7912339926263674 -2169.7537449860988 0.76357142857142879 0.95000000000000007 0.0094383466815166645 200.16481120414224 1921.9999999999802 -5.4772255750516514 0.013395229362536789 -5.365305436607489 -0.029829267061149464 12.500000000000002 0.011012217065730278 84.078934279103166 -2.0739333032534053 17.500000000000004 -1.8238516710323303 1.2350475618808636 -0.77000000000000035 0.015369501954612673 -576.73412590017517
decision_type=10 8 10 10 10 10 2 2 2 2 2 8 2 10 2 10 10 10 2 10 8 2 10 10 10 2 10 2 2 8 8
left_child=1 -1 3 -2 12 6 7 8 11 16 -11 -3 13 -5 -14 -9 -10 18 21 -19 -20 -4 23 25 -25 28 27 -27 29 30 -21
right_child=2 5 17 4 -6 -7 -8 15 9 10 -12 -13 14 -15 -16 -17 -18 19 20 22 -22 -23 -24 24 -26 26 -28 -29 -30 -31 -32
leaf_value=0.013706248428775923 -0.020246386892323515 0.00017811390752193689 0.022543336969044789 0.0093975815774172203 -0.011687590321216182 0.016326547510894761 -0.032122481415454443 -0.0090721181691721629 -0.023273786839391318 0.062019949355283946 -0.0073891019013351327 -0.029431640017404739 -0.0060445031277614495 0.036786372668690212 0.025053492256714223 0.039459156168759245 0.011194097684039917 0.029847283014333696 -0.050379889502642605 0.011484586280068342 -0.0066654704145867813 -0.010755493371572786 0.024003611704826493 -0.016545212138642931 0.014097563649756764 0.033604913235973741 -0.022263046382003725 0 -0.0020447744817835832 0.048464790204618982 -0.023622391118372096
leaf_weight=16.751334299799055 12.532015928067265 7.8001294475980103 15.32623765198514 17.479369996581227 9.7309085801243764 7.5319187813438466 36.822070956695825 6.4526156084611994 24.023875323124233 4.1935523059219104 4.9099532142281532 47.162700882647187 14.214212863706054 36.949239561799914 12.443536379374562 4.499118628911674 5.4264348596334449 13.352134981658308 9.6734807090833765 37.548392606433481 11.199584361631425 14.015900168567894 13.700944832060484 52.56430078111589 19.945484927389771 26.427214602474123 6.9126610560342661 9.4598260917700809 147.84811476105824 10.890814417041836 13.064142674673347
leaf_count=246 95 151 166 157 120 155 880 119 604 74 119 1267 122 303 126 105 148 177 126 651 157 134 281 1225 383 438 90 144 2288 144 123
internal_value=-0.000165731 -0.0140875 0.00435686 0.0131785 0.0180107 -0.0173501 -0.0192866 -0.0145709 -0.0175504 -0.00660185 0.0224034 -0.0248671 0.0218208 0.0283577 0.007725 0.00904988 -0.0162457 0.00203888 -0.00771214 0.00348777 -0.027883 0.00595861 0.00238848 0.00141474 -0.00784114 0.0041555 0.0163453 0.0243386 0.00156805 0.0105767 0.00202824
internal_weight=670.852 165.574 505.279 103.349 90.8173 148.822 141.29 104.468 93.5166 38.5538 9.10351 54.9628 81.0864 54.4286 26.6577 10.9517 29.4503 401.929 50.2152 351.714 20.8731 29.3421 338.362 324.661 72.5098 252.151 42.7997 35.887 209.351 61.5033 50.6125
internal_count=11318 3868 7450 923 828 3622 3467 2587 2363 945 193 1418 708 460 248 224 752 6527 583 5944 283 300 5767 5486 1608 3878 672 582 3206 918 774
is_linear=0
shrinkage=0.0429769


Tree=24
num_leaves=32
num_cat=0
split_feature=32 26 23 34 10 18 11 2 31 19 19 32 5 32 11 11 22 29 14 21 30 3 13 20 18 14 16 32 20 0 2
split_gain=17.7677 7.08836 6.73546 6.62992 6.48729 6.11766 6.02038 5.11446 4.98058 4.97948 4.74932 4.57381 5.94859 6.03881 5.109 4.78682 4.4603 6.22207 4.5987 4.41659 4.01685 3.94949 3.85639 3.83113 3.48963 5.35769 4.45097 8.25605 4.17362 5.96006 4.28231
threshold=95.605924565013822 0.0032424865015775466 -2.3930419542542283 2.016194178724978 0.0051580923501168838 0.61490623475838169 0.035013820232949806 -1.365 -2647.782957765171 0.003999936514374647 0.0029526184682071906 20.932585057319926 0.14999999999999999 29.434903495672163 0.0034744805829695917 0.0046629827662389651 1084.4999999999984 -0.031061155678857467 0.0082580394189569212 0.73999999999999944 -347.08223084780235 -0.077281483154721928 0.0077291373051529442 1.1418499474212409 -0.20105394716995154 -0.009659042346780845 463.70258810609681 35.613992742015512 0.65251867485944592 -0.015709797836670199 3.0299999999999989
decision_type=8 2 10 2 10 2 10 2 8 2 2 10 10 10 10 10 10 2 8 2 10 2 10 2 2 8 10 10 2 2 2
left_child=3 2 5 6 -4 9 11 -8 -6 10 -2 -1 24 -14 16 21 18 -18 23 -12 -9 -16 -10 -15 -13 -26 28 -28 30 -30 -27
right_child=1 -3 4 -5 8 -7 7 20 22 -11 19 12 13 14 15 -17 17 -19 -20 -21 -22 -23 -24 -25 25 26 27 -29 29 -31 -32
leaf_value=-0.020875830156361401 -0.020877884118175385 -0.025911023926360837 0.046672529088245644 -0.011221863409724706 0.044130727478940771 0.013437809316727967 -0.010749085499924678 0.029171123577745785 -0.017277399729599283 -0.035823807005684022 -0.0053318642630222372 0.018665864550729973 -0.033038794693592131 -0.061751521559155101 0.059324149619429403 0.002445680836569718 -0.013902585451994406 0.038071214866596849 -0.0043804935879195031 0.049607280414522149 0 0.0098622993453095255 0.028283469105704596 -0.0074440601991049796 -0.019619651171482448 0.025340563666280406 -0.044813519906036263 0.011966005194345652 -0.015211241000722088 0.021747380187651561 -0.0099449518833859517
leaf_weight=13.20850173011422 19.692610125290233 50.747307566925883 6.9321296461857846 46.56881471676752 3.9769856501370668 11.499095113947986 8.6183361699804646 42.751215592958033 18.020489018876113 22.575557682896033 6.4129137517884356 62.843187205027789 9.8777357293292862 7.5345982154831272 5.1968710403889409 146.08698518597521 11.300736791919919 6.6401747725903979 14.165955952368678 4.1010982720181346 9.4257750110700709 10.063103436492382 3.9877895894460371 4.8668206580914557 13.169301413930951 47.394524403847754 7.4937026642728624 12.000892631243913 18.089005151763558 14.446249333210288 6.4555041007697573
leaf_count=158 497 1303 106 604 59 209 81 441 501 540 176 860 102 158 54 2491 254 166 423 79 97 205 70 67 153 690 71 150 199 181 111
internal_value=0.000325719 -0.0127775 -0.005715 0.00410521 0.00974091 -0.0139399 0.00566093 0.0183678 0 -0.0202823 -0.00800527 0.00373194 0.00459962 -0.000136338 0.00134599 0.00498835 -0.0114096 0.00422532 -0.0227175 0.0142089 0.0235595 0.0280196 -0.0081142 -0.0420517 0.0103262 0.00575619 0.00910105 -0.00884052 0.0133808 0.000586865 0.0207402
internal_weight=666.144 147.946 97.1987 518.198 32.9174 64.2813 471.629 60.7953 25.9853 52.7822 30.2066 410.834 397.625 215.733 205.855 161.347 44.5083 17.9409 26.5674 10.514 52.177 15.26 22.0083 12.4014 181.892 119.049 105.88 19.4946 86.3853 32.5353 53.85
internal_count=11256 3540 2237 7716 736 1501 7112 619 630 1292 752 6493 6335 3920 3818 2750 1068 420 648 255 538 259 571 225 2415 1555 1402 221 1181 380 801
is_linear=0
shrinkage=0.0429769


Tree=25
num_leaves=32
num_cat=0
split_feature=32 26 34 11 10 2 23 27 31 2 30 5 11 11 12 33 21 10 21 30 13 32 15 27 34 34 27 30 26 0 17
split_gain=15.687 6.2005 6.17163 6.23024 5.94398 4.4929 4.34699 4.31974 4.67951 5.39381 3.90744 4.84569 3.9712 5.41715 4.49169 5.79766 3.99272 3.76514 4.66595 6.56208 7.31546 4.24881 4.80088 4.53161 3.46444 5.18738 4.75275 3.40294 3.3908 3.2875 3.16059
threshold=95.605924565013822 0.0022210468727251746 2.016194178724978 0.035013820232949806 0.0051580923501168838 -1.365 -2.4126475583078135 0.11578044517333229 -2647.782957765171 -0.20499999999999916 -254.37982441752794 0.10000000000000032 0.0034744805829695917 0.0046629827662389651 3.2500000000000004 0.41785714285714298 0.11000000000000033 0.0073472182393345816 -0.9250000000000006 -433.39609233711502 0.010645889762648936 38.856723876942041 199642.50000000003 0.13660036238417192 -0.22438195134306832 -0.79778864052601717 0.19933998377275355 -347.08223084780235 0.00030042494506044021 -0.22224325113165214 0.0015147712234889756
decision_type=8 2 2 10 8 2 10 2 8 2 10 10 10 10 2 2 2 10 2 10 10 10 2 2 2 2 2 10 2 2 8
left_child=2 4 3 10 6 -5 -2 -6 -9 -10 11 17 14 -14 15 -13 30 18 19 20 -1 23 -23 -20 25 26 -24 -7 -12 -17 -16
right_child=1 -3 -4 5 7 27 -8 8 9 -11 28 12 13 -15 16 29 -18 -19 21 -21 -22 22 24 -25 -26 -27 -28 -29 -30 -31 -32
leaf_value=-0.024335587476545871 -0.0043708914123891324 -0.023312420308534369 -0.01094251765205145 -0.0091181585406948044 0.025881780836135151 0.028464200006696812 0.044820986049127258 0.029400185853518272 -0.038182341297819992 -0.0082051287636185407 0 0.016395375967403446 0.027362467240169882 0.00096652315561126666 0.039440143736572363 0.00034736564052225127 -0.02544567687391323 -0.0096469888567087651 0.0076400087923797592 -0.040390800878672785 0.033131901518608071 0.030243761473838057 0.0087924687987134473 0.034797389649964941 -0.022837667382720285 0.03172185629492922 -0.036883410075386557 0 -0.046158733525676524 -0.037782485635759859 -0.0025755319113747008
leaf_weight=6.4826665222644868 4.9941048943437636 56.825877776136622 46.300969103816897 8.332684791646896 5.5807343525812021 42.16684639826417 7.0761313820257765 4.3014718033373356 15.338516183663158 50.513197678839788 4.7028875807300192 5.4930330673232701 15.743236132897435 188.98182761645876 6.9270121916197249 3.9949014955200317 4.6857822174206367 14.328725001774727 20.047193225938827 6.684956985525786 10.22040673624724 12.557953242678193 11.833961594384162 34.670657633338124 9.5251518562436122 10.321049093734475 6.2354559730738393 8.9529914949089271 5.3733255537226796 19.887443626765158 4.7598877125419685
leaf_count=117 163 1485 604 81 118 441 102 68 327 1277 67 136 278 3027 113 112 104 272 183 66 131 235 172 289 148 176 86 97 117 571 93
internal_value=0.000298519 -0.012159 0.00387597 0.00540125 -0.0047131 0.0184667 0.0228198 -0.00936499 -0.0124538 -0.0154914 0.00342645 0.00414633 0.000459799 0.00309402 -0.0108923 -0.021109 0.0062212 0.0104681 0.0128648 -0.00381462 0.0096346 0.0167628 0.00720663 0.0252127 0 0.00709602 -0.0058694 0.0233532 -0.0226945 -0.0305704 0.0206257
internal_weight=653.841 144.63 509.211 462.91 87.8042 59.4525 12.0702 75.7339 70.1532 65.8517 403.458 393.381 250.473 204.725 45.7481 29.3754 16.3727 142.908 128.579 23.388 16.7031 105.191 50.4736 54.7179 37.9156 28.3905 18.0694 51.1198 10.0762 23.8823 11.6869
internal_count=11256 3540 7716 7112 2055 619 265 1790 1672 1604 6493 6309 4434 3305 1129 819 310 1875 1603 314 248 1289 817 472 582 434 258 538 184 683 206
is_linear=0
shrinkage=0.0429769


Tree=26
num_leaves=32
num_cat=0
split_feature=32 27 16 10 29 17 5 28 25 6 23 22 26 10 2 18 34 34 34 3 8 6 2 28 24 19 20 3 19 24 28
split_gain=18.0394 6.5085 5.74574 4.89993 6.80768 7.36277 10.4348 4.52683 8.9052 6.21868 4.66048 4.70113 4.40079 5.43805 4.12113 4.07776 4.04801 8.78883 3.97743 3.94409 3.75706 3.74215 3.47179 3.46104 5.20796 3.30429 4.27796 3.00216 4.66745 2.80402 2.73694
threshold=70.862709578291756 0.095943400777709617 50.573883618042075 0.0023652274507270626 -0.35015307451060068 0.029557450406645928 0.12500000000000069 -0.0040841431632541161 -0.012731685575352423 0.051282051282051273 -1.8828517852736926 856.00000000001558 -0.0011895079237141946 0.012897319683517211 1.4500000000000004 0.6863186375028153 -0.20379791385415977 0.12119655180573288 -0.069678454362931033 -0.024730886944545335 0.0091506526575185505 0.06473669699476152 -0.11000000000000031 -0.0071364110874831957 2.1356136995273864 0.0047019465486634084 0.63806949216592612 0.08821761006349417 0.0070120965070787043 5.6880222416677526 0.021942757422211526
decision_type=8 2 8 10 2 8 10 2 2 8 8 10 2 8 2 2 2 2 2 2 10 8 2 2 10 2 2 2 2 10 2
left_child=1 -1 -2 4 29 6 14 8 15 23 11 12 20 22 -6 19 -12 -18 21 -4 -9 -13 -14 24 -10 26 -11 -21 -29 -3 -5
right_child=2 3 7 30 5 -7 -8 10 9 25 16 18 13 -15 -16 -17 17 -19 -20 27 -22 -23 -24 -25 -26 -27 -28 28 -30 -31 -32
leaf_value=-0.03316898626032741 0.042137145797075809 0.036423840487743366 0.011985414730898215 0.0061836710374671275 -0.0013151807798515486 0.034039358525023593 -0.033029961743234658 -0.0034682448721134319 -0.0070414214999941754 -0.015425899894327659 -0.033553153981053657 0.0095389179456281028 -0.049741171271871838 0.041778226265356849 0.026334018558352192 0.016756467140052817 0.036483302751993039 -0.026131737161765742 -0.011052601659961784 -0.037655405637045621 -0.04575668052397075 0.066382816883318416 -0.0071760159592296289 0.056143989432613638 0.036636668520440771 -0.025531914906852703 0.035715285184452057 0.0067391666326792679 -0.03781564553343144 0.007776038292858967 -0.0051791630996005358
leaf_weight=7.2912276056595138 3.9974996047094455 29.590266110375524 5.4556019469164303 239.54445217712782 20.949781727511436 14.065642522647975 13.806836532428859 7.2041988638229695 8.5016233702190274 5.5956506961956638 32.68376937136054 13.087460121838381 4.0812784172594538 3.7781436382792881 17.023568104486912 6.0206392500549546 5.646225169068205 14.420325229526496 11.808867376297711 18.253366083372384 12.47250660182908 2.9258571141399434 49.542380401631817 6.1087552891112855 10.486882213968782 8.6199052422307414 5.8864816841669381 10.018976083956661 6.9994144737720481 10.462442154064773 44.89165896596387
leaf_count=134 53 255 136 3457 186 116 128 162 192 127 912 443 125 80 145 140 127 327 285 397 348 91 1277 92 162 159 100 184 166 94 667
internal_value=0.000822952 0.00656305 -0.00809861 0.00735648 0.0153232 0.00643332 -0.000681939 -0.00898344 -0.00116501 0.0121989 -0.0134169 -0.00789061 -0.0134455 -0.00698062 0.0105561 -0.0145125 -0.0240278 -0.00751794 0.00678198 -0.019625 -0.0312889 0.0211782 -0.0107894 0.0265947 0.0160329 -0.00478381 0.00905879 -0.0250799 -0.0104173 0.0294391 0.0043202
internal_weight=651.222 397.626 253.596 390.335 105.899 65.8458 51.7802 249.598 91.9473 45.1993 157.651 104.901 77.0785 57.4018 37.9733 46.748 52.7503 20.0666 27.8222 40.7274 19.6767 16.0133 53.6237 25.0973 18.9885 20.102 11.4821 35.2718 17.0184 40.0527 284.436
internal_count=11267 5182 6085 5048 924 575 459 6032 1855 832 4177 2811 1992 1482 331 1023 1366 454 819 883 510 534 1402 446 354 386 227 747 350 349 4124
is_linear=0
shrinkage=0.0429769


Tree=27
num_leaves=32
num_cat=0
split_feature=11 10 17 11 16 29 34 30 17 18 18 18 3 13 13 27 11 28 23 27 21 11 8 19 3 30 19 21 0 26 3
split_gain=11.5525 7.15804 6.4574 5.76869 7.61135 5.57218 6.39119 5.61441 5.53915 5.32945 6.75989 4.04964 4.05845 3.78578 5.68815 3.72724 3.64211 3.58975 5.3217 5.19577 4.28504 6.22312 4.97214 9.12837 3.20124 4.74216 5.84091 5.87475 5.09003 5.47859 5.4211
threshold=0.00021723863652305111 0.0032743498561403467 -0.11707647256156216 0.061751009741152892 159.52607219781262 -0.39723142528553496 -1.1903775838834145 -676.32845845667168 0.023330461912351778 0.37926112940640283 -0.28231556962260607 -0.64907841046889703 -0.03031780359707725 0.036604680949536963 -0.0010605371209143032 0.11013956026835127 0.026992405184539912 0.021942757422211526 -1.3859040491016559 0.16165193214689103 2.2350000000000008 0.024346854992458141 0.0065155253384782275 0.0057668144811855648 -0.079220350501659861 -307.96448417417236 0.0029271230346477142 -1.0400000000000016 0.066480386793363558 -0.0073583111235112067 -0.051737161756757681
decision_type=10 10 8 10 10 2 2 10 10 2 2 2 2 10 10 2 10 2 10 2 2 10 10 2 2 8 2 2 2 2 2
left_child=2 3 -1 4 9 13 -7 -8 16 10 -2 12 -4 14 -6 -13 -9 18 20 -20 21 24 23 -23 -3 26 -26 -28 30 -30 -29
right_child=1 17 11 -5 5 6 7 8 -10 -11 -12 15 -14 -15 -16 -17 -18 -19 19 -21 -22 22 -24 -25 25 -27 27 28 29 -31 -32
leaf_value=0.025692982965151597 0 0.011538411877684451 0.034557812008230736 0.037657700614365512 0.0033400487690794208 0.026987333019862367 0.024938575158292169 -0.024363193008840312 0.023142263940362309 0.012309426505414096 -0.049162130908825506 0.01821925530514 -0.019679023160041591 0.0070778531602568593 0.048023047543852337 -0.022212045204167263 0.0003191111015668165 -0.010113051749074229 0.0064483492293647068 0.051419548776368028 -0.015459286134038257 -0.019967041200562034 0.043114663783372732 0.030202628886715807 0.0081299454658109692 -0.045270863870987402 -0.025091178561428267 -0.032659498589696814 0.0033460932422173031 -0.029141893549648645 0.0097095574092921511
leaf_weight=6.9408778580836952 9.188971259165557 33.389231607550755 5.3953106701374054 13.78792316187173 8.5945953279733676 20.16176915820688 12.496685220859943 25.093281371984631 8.7234954973682743 10.480333315208552 10.099514531902971 3.9245092691853634 4.3968574195168895 16.157205427996814 19.379055278841406 72.179366941098124 16.942634959705174 55.245105908252299 16.706446864176545 7.4513077219016841 29.202233452349901 11.79724471550435 10.816006659530101 14.861238742247222 70.186196123249829 4.7747204531915477 27.108225700911134 6.0574218896217635 15.571345450356601 21.398516418412328 55.061370458686724
leaf_count=138 100 715 80 101 67 197 172 263 105 103 93 63 123 204 190 1826 173 1118 273 82 534 139 127 221 1394 81 533 145 266 495 1146
internal_value=0.000909765 0.00330281 -0.0130714 0.0106008 0.00810222 0.0127426 0.00589409 -0.000514694 -0.00717471 -0.01111 -0.0248681 -0.0164365 0.00817062 0.0252352 0.0350087 -0.0198647 -0.0139414 0 0.00173808 0.0211482 0.000109676 0.00186088 0.0181378 0.00725349 -0.000665704 -0.00280123 -0.0016608 -0.00730881 -0.00219069 -0.0149198 0.00518315
internal_weight=643.569 550.732 92.8369 171.105 157.318 127.549 83.4179 63.2561 50.7594 29.7688 19.2885 85.896 9.79217 44.1309 27.9737 76.1039 42.0359 379.627 324.382 24.1578 300.224 271.022 37.4745 26.6585 233.547 200.158 195.383 125.197 98.0887 36.9699 61.1188
internal_count=11267 9037 2230 1768 1667 1371 910 713 541 296 193 2092 203 461 257 1889 436 7269 6151 355 5796 5262 487 360 4775 4060 3979 2585 2052 761 1291
is_linear=0
shrinkage=0.0429769


Tree=28
num_leaves=32
num_cat=0
split_feature=11 5 11 8 4 4 2 34 17 32 0 21 32 32 27 1 16 24 26 8 18 31 5 17 1 3 12 21 4 26 28
split_gain=10.7698 5.84477 6.15539 5.50931 5.08513 5.14886 8.84975 4.84353 4.70115 4.42701 3.89083 4.22302 4.00966 4.48014 3.98648 3.94756 4.02888 3.84029 5.11933 4.82961 4.9323 6.31795 7.88936 5.60156 4.65475 5.44836 4.10364 5.90319 7.46239 6.07086 4.7281
threshold=0.00021723863652305111 0.14999999999999999 0.024346854992458141 0.0056050265951644741 14.500000000000002 8.5000000000000018 0.40500000000000119 2.1850830022009697 -0.15335369469169793 23.302024336710481 0.37823587580628398 -0.19500000000000026 27.383829654490722 82.340571138808926 0.19933998377275355 -0.078467330508306607 291.09371899707634 5.1234775223853104 0.0020913707461718283 0.0028425016580868288 -0.17793739941931161 -415.09699285088976 0.59999999999999887 0.04265764649717408 -0.018097161340640707 0.1119302079971838 5.7500000000000009 0.12999999999999992 8.5000000000000018 -0.010314134250953009 0.021454325308351011
decision_type=10 10 10 10 2 2 2 2 10 10 2 2 10 10 2 2 10 10 2 10 2 10 10 10 2 2 2 2 2 2 2
left_child=7 2 9 4 5 6 -4 8 -1 -2 11 12 -11 15 -13 16 -14 19 -19 -3 24 23 -23 26 -21 -26 27 28 -22 -29 -31
right_child=1 17 3 -5 -6 -7 -8 -9 -10 10 -12 14 13 -15 -16 -17 -18 18 -20 20 21 22 -24 -25 25 -27 -28 29 -30 30 -32
leaf_value=0.033748304467457885 -0.029623991165389059 0.017793552396416369 -0.027522751503939763 0.045460837718935804 -0.0080839189004839607 0.035734405717428003 0.024077841262812823 0.022947013009575527 -0.017997329320170594 -0.034827656223822258 -0.025568097317437002 0.0086423427018776384 -0.036876505323262962 -0.028832216367899299 0.036489455563453038 0.016360007209444312 0.0042978619781824049 -0.02705462286227291 0.0075968436045255796 0.00089564267045557863 0.013939882346854431 -0.011642400348222844 0.038099856580859147 0.047045819554804476 -0.025372230520909599 0.0073092466742972033 0.026375579798213738 -0.005485654773690991 -0.02798343029665017 0.041998613420563581 -0.0019568126124537887
leaf_weight=3.1177834956906727 7.1440751808695486 27.73479281924665 8.9860898396000284 12.100832120049743 15.160696377977727 21.238149101380259 18.387664974667132 5.9857807909138492 81.570833265199326 6.0351589247584334 7.1589370062574735 61.676417007576674 6.178297603037211 7.4287115186452857 12.194562019314615 31.300829134183004 13.016390133183448 21.823090052697808 11.138416002038865 44.420241235988215 12.565933622885497 59.079057249240577 6.4075653995387247 7.4855196643620721 39.566027350723743 11.236243139021097 17.066430789418519 14.44337305286899 19.167540605412796 15.35013968544081 5.215876310132443
leaf_count=52 94 280 74 107 146 190 201 97 2069 75 55 1000 91 226 200 483 191 283 181 927 285 1288 91 109 858 239 221 305 527 277 79
internal_value=0.000592399 0.00292114 0.00816221 0.0182149 0.0127309 0.0196326 0.00640967 -0.0130741 -0.0158561 0.0030174 0.00476369 0.00648417 -0.00131923 0.00182924 0.0135102 0.00673594 -0.00791984 -0.000836707 -0.0147408 0.000730462 -0.00106851 0.00352676 -0.00646975 0.0109157 -0.00884371 -0.0177515 0.00744955 0.00231066 -0.0107546 0.0147226 0.0298828
internal_weight=631.381 540.707 228.007 75.8734 63.7726 48.6119 27.3738 90.6744 84.6886 152.133 144.989 137.83 63.9594 57.9242 73.871 50.4955 19.1947 312.7 32.9615 279.739 252.004 156.781 65.4866 91.2948 95.2225 50.8023 83.8093 66.7429 31.7335 35.0094 20.566
internal_count=11301 9083 3133 718 611 465 275 2218 2121 2415 2321 2266 1066 991 1200 765 282 5950 464 5486 5206 3182 1379 1803 2024 1097 1694 1473 812 661 356
is_linear=0
shrinkage=0.0429769


Tree=29
num_leaves=32
num_cat=0
split_feature=32 34 30 31 21 18 22 21 21 35 10 30 26 22 21 7 31 26 8 26 21 19 28 14 16 16 5 13 14 34 21
split_gain=11.1227 9.05024 8.38747 8.79592 7.30951 6.23548 6.31894 5.56433 7.44464 5.39284 5.17334 5.11457 4.91639 4.55262 4.32699 6.18856 5.01621 4.1501 6.55409 4.22719 4.90606 5.57436 4.52536 3.93761 5.76144 5.89956 4.96768 3.80381 3.86294 3.65348 3.96942
threshold=52.121682881290447 -1.3484837261976266 -403.04753852701919 -245.95525236156001 0.68000000000000071 -0.18696769735324362 777.24999999998556 -0.43000000000000055 -0.9250000000000006 0.91666666666666685 0.0051580923501168838 -484.54837386772675 -0.010314134250953009 5892.9999999999936 -0.025000000000000352 4.2500000000000009 -760.85697825732575 0.00299605679431092 0.028557777793674844 -0.0015183635272824068 1.4450000000000005 0.0051320253851741401 -0.0043396853789469661 -0.0046894258022989873 230.34054947726426 91.362019134213469 0.099999999999999936 0.010111573684812148 0.023188226511358687 -0.8939098076412485 -0.29999999999999977
decision_type=8 2 10 10 2 2 10 2 2 10 8 10 2 10 2 2 8 2 10 2 2 2 2 10 10 10 10 10 10 2 2
left_child=1 -1 3 11 7 10 9 8 -4 17 -2 23 13 -8 -14 16 -16 18 19 20 -7 -22 -21 24 25 -3 -25 -19 -29 30 -5
right_child=5 2 4 29 -6 6 12 -9 -10 -11 -12 -13 14 -15 15 -17 -18 27 -20 22 21 -23 -24 26 -26 -27 -28 28 -30 -31 -32
leaf_value=0.035191842258072606 0.0049664516823799713 -0.0079131838738385959 -0.025595051423586555 -0.011529070756470838 0.024653840350472828 -0.02737855979650693 -0.027491468709094351 -0.026549446875832779 0.023696592160457414 0.010840010924168723 -0.015861741288400604 -0.020526431734170521 0.0053168697243255267 0.011902009343672542 0.064819463476938219 -0.00085478451622745361 0.016763447784379343 -0.029161904490153479 0.046311181633559323 0.038122805317310812 0.028030780637278419 -0.032367974998869967 -0.0025154929865166945 -0.032564362782782227 -0.012382697567240041 0.027107519255509856 0.0039464625752222617 0.022269987090813705 -0.024277903604703988 0.034257133112877876 0.029476123527271539
leaf_weight=20.54497415246442 26.239494460634887 10.154241887386886 10.24428989319131 8.3641010383144039 10.190227083861826 25.528389390558004 10.810321591794493 30.687578753218986 12.548716810066251 30.407941395184025 104.16749514266849 13.680689578410236 34.507460263324901 10.061716453172265 9.7350961463525874 7.6560604977421454 9.2263198001310283 28.353318323381245 4.5735796247608951 5.9576982413418582 7.6892857081256789 4.3073662854731083 29.729204696894158 8.254949221853165 11.645560912787912 43.291453367099166 39.074441735632718 6.526141476351766 6.6092612873762846 32.347052313387394 8.2876903698779625
leaf_count=266 558 114 104 89 124 580 254 364 120 523 2627 129 862 144 176 191 230 837 91 91 136 126 663 93 126 454 488 159 147 332 103
internal_value=0.000831419 0.00765217 0.00519872 0.0101065 -0.00798496 -0.00399838 0.000148278 -0.0145775 0.000667745 -0.0050172 -0.011518 0.00391456 0.0098206 -0.00754713 0.0160772 0.0292766 0.0424924 -0.00922711 -0.00306746 -0.00642585 -0.0165983 0.00468143 0.00371244 0.00706651 0.0139663 0.0200809 -0.00200179 -0.0202943 0 0.0256341 0.00768393
internal_weight=621.402 259.316 238.771 175.1 63.6708 362.086 231.679 53.4806 22.793 149.682 130.407 126.101 81.997 20.872 61.1249 26.6175 18.9614 119.274 77.7855 73.2119 37.525 11.9967 35.6869 112.421 65.0913 53.4457 47.3294 41.4887 13.1354 48.9988 16.6518
internal_count=11301 2906 2640 1928 712 8395 5210 588 224 3353 3185 1404 1857 398 1459 597 406 2830 1687 1596 842 262 754 1275 694 568 581 1143 306 524 192
is_linear=0
shrinkage=0.0429769


Tree=30
num_leaves=32
num_cat=0
split_feature=32 12 32 34 16 19 24 24 16 14 4 35 17 30 19 11 23 16 6 18 17 23 28 14 16 25 5 23 2 32 13
split_gain=9.60666 8.26453 6.28823 5.7625 4.59656 8.06209 7.39569 6.59244 5.36167 4.53354 4.51448 3.74396 4.3991 4.74104 3.62436 3.53825 3.13331 3.26312 3.53575 4.12498 3.11938 4.90768 5.7176 4.17723 3.33948 3.28487 4.98502 4.91157 4.54927 4.17208 3.65348
threshold=16.995115923905416 5.2500000000000009 87.793635188763417 2.2474538924142911 168.36792658817893 0.0034389511907231269 5.967163180766307 2.1442006064708372 201.1704666824775 -0.037680647630096369 6.5000000000000009 0.55000000000000016 -0.017897010301901547 -512.09579854760216 0.0029271230346477142 0.019297577384975461 -4.7884207038648556 267.29848743109284 0.086956521739130474 -0.34849576674277433 -0.0070641231345206492 -1.2853174557605167 -0.0043396853789469661 -0.013817856550044414 448.1537859481636 0.024553128612917145 0.10000000000000032 -5.4617873596751458 1.0050000000000001 31.479571387153136 0.029251758529442198
decision_type=10 2 8 2 10 2 10 10 10 10 2 10 8 10 2 10 10 10 10 2 10 10 2 10 10 2 10 10 2 10 10
left_child=3 11 4 10 5 -3 7 -7 15 -9 14 -2 13 16 -1 -6 -13 -18 19 -19 23 22 -22 -10 -24 26 28 -27 -25 -28 -31
right_child=1 2 -4 -5 8 6 -8 9 20 -11 -12 12 -14 -15 -16 -17 17 18 -20 -21 21 -23 24 25 -26 27 29 -29 -30 30 -32
leaf_value=-0.028114449118703193 0.03530841101022579 -0.044531317888738764 0.047187843867707434 0.022995106726324609 0.0048627297985578055 -0.010896158101363965 -0.025911103365863011 -0.0017338456469368144 -0.02500480452692326 0.033425778696836314 -0.027781773258316565 0.025378424071097753 -0.009368575564983243 0.027268458170930109 0.011653373218961871 0.037134815696329662 0.0022036863418479452 0.036579042613530947 -0.033966965211640346 -0.012945615237526712 0 -0.015992217280624235 0.033428471863082961 0.037738804001811864 0 -0.032378099221927699 -0.032069831294097718 0.0026774009534026528 0.0081000110762839746 -0.0082126798882759585 0.027305642153460079
leaf_weight=6.3831897645723101 4.4843424549326292 7.7893111696466795 7.3132952353917053 6.1631496343761674 11.419272239319982 16.188864958938211 13.383220076095311 8.4638326009735447 9.3596055596135539 20.993642298039052 39.078079972416162 7.6556461513973764 130.46883273823187 12.338607044192029 12.238489767536519 19.921933686826378 63.610070048598573 3.765414616558707 11.294268545461817 16.176253396319225 19.653434447012842 8.1485062940046173 33.048034345265478 16.177711117081344 6.6571494704112402 9.2962274709716421 7.1830446491949287 32.353022104594857 29.285391334444284 12.574737419374289 8.7548552539665234
leaf_count=152 54 94 101 88 130 175 169 96 123 270 887 158 3215 260 252 207 1677 96 221 553 200 104 527 193 77 106 98 356 372 165 108
internal_value=0.00068334 0.00255362 0.00740718 -0.0150456 0.00633727 -0.00333682 0.001763 0.0103145 0.00931424 0.0226477 -0.0194552 -0.00315614 -0.00394089 0.00205196 -0.000909987 0.0260136 -0.000789592 -0.00311253 -0.0145761 -0.00259156 0.00649143 0.0139959 0.0184488 0.00227841 0.0278348 0.0046598 0.010182 -0.00466997 0.0190866 -0.00331775 0.00543308
internal_weight=611.621 547.759 297.965 63.8629 290.652 66.8189 59.0296 45.6463 223.833 29.4575 57.6998 249.793 245.309 114.84 18.6217 31.3412 102.502 94.846 31.2359 19.9417 192.492 67.5071 59.3586 124.985 39.7052 115.625 73.9757 41.6492 45.4631 28.5126 21.3296
internal_count=11284 9905 3671 1379 3570 804 710 541 2766 366 1291 6234 6180 2965 404 337 2705 2547 870 649 2429 908 804 1521 604 1398 936 462 565 371 273
is_linear=0
shrinkage=0.0429769


Tree=31
num_leaves=32
num_cat=0
split_feature=8 24 17 17 31 15 30 16 29 19 35 10 17 24 16 32 29 1 11 3 24 24 24 30 15 20 15 26 0 23 32
split_gain=8.60405 6.94394 4.30664 4.60074 4.13264 4.24057 4.01108 4.58376 5.03358 6.05697 3.96434 5.10872 6.02465 3.71918 3.54423 6.11331 3.45079 5.9013 4.27246 6.71249 3.41911 5.25596 5.21752 5.72343 4.60234 4.55803 3.66025 5.72918 3.60517 4.43016 3.44654
threshold=0.0097342292558548309 2.0115622553020978 -0.01290359188634743 -0.022638355060995981 -279.0495080273592 200537.00000000003 -798.28287538138818 254.96437270626697 -0.32360599049620459 0.0060008957847541055 0.81666666666666676 0.0098936709649993636 -0.05350536385543974 2.7311738817250285e-16 168.36792658817893 16.995115923905416 -0.81370969506885837 0.0081297790475589621 0.026619170347515018 0.042202434634599946 1.9497151755990145 3.9348112773137847 0.65803192393545185 -1060.9305104780472 197514.50000000003 1.3519545824176316 198267.00000000003 0.0017069520168357946 0.16285282683718563 -2.3678283924453902 104.64856583367225
decision_type=8 8 8 10 10 2 10 10 2 2 10 10 10 10 10 10 2 2 10 2 10 10 10 10 2 2 2 2 2 10 10
left_child=14 6 3 -3 5 -4 7 8 -2 -10 -8 13 -13 -12 20 -16 17 -17 -18 -20 22 24 -1 28 25 -22 -23 -28 29 -24 -26
right_child=1 2 4 -5 -6 -7 10 -9 9 -11 11 12 -14 -15 15 16 18 -19 19 -21 21 26 23 -25 30 -27 27 -29 -30 -31 -32
leaf_value=0.0080004657474543155 -0.020715483903254037 -0.0093424900871168243 -0.0036767565774923406 0.021437636776233195 -0.0006415888488525281 -0.036223743074851489 0.034943611684775729 -0.022858733200351044 0.030344919621220792 -0.030181519850894064 -0.01693032444975727 0.0076421833417281149 -0.051583999666175315 0.020663743569366684 -0.02997385092361431 0.043671179336401175 0.0034608939212445095 0.0037166075354066515 0.02855958438883895 -0.008745327389368493 0.0053368280855550466 0.013718170661745578 -0.025261138793818475 -0.056310898362647015 0.021902277538959024 -0.04546457984535409 -0.030493697572094542 0.010378991897802283 -0.0295706552585886 0.030160041743395066 -0.0027219641155254762
leaf_weight=16.137638957705349 9.2358746738173085 64.440902141621336 11.566262408159671 10.132802148815243 15.560426216339691 31.150653365068138 10.408365773968397 18.756151406094432 14.98616810841486 3.5244614747352889 5.3445235723629585 6.1954286750406027 5.6224539773538691 26.961751494091004 7.1504436840768895 14.355462557636203 136.43610819848254 15.321375562343745 34.141807642299682 11.066923931706695 9.0359621243551356 8.9250405395869148 4.2820717440918115 6.979432829655706 45.157287652138621 4.6875576393213114 19.027062699664388 8.5888339909724873 9.0732781072147173 6.4334018975496319 11.881873408332465
leaf_count=183 253 1497 332 247 431 751 253 650 368 109 68 125 139 465 94 183 2089 209 359 141 160 146 113 84 710 90 281 188 168 131 267
internal_value=0.000808185 -0.00559976 -0.0120859 -0.00489236 -0.0209484 -0.0278784 0.00273165 -0.00627297 0.00422141 0.0177414 0.0107758 0.00462156 -0.0188537 0.0138267 0.00492737 0.00842227 0.00981612 0.0237173 0.00743496 0.0189866 -2.31549e-05 0.00394309 -0.0104066 -0.0222479 0.0109069 -0.0105683 -0.00899691 -0.0170604 -0.00922134 0.00615242 0.0164234
internal_weight=602.568 233.886 132.851 74.5737 58.2773 42.7169 101.035 46.5027 27.7465 18.5106 54.5325 44.1242 11.8179 32.3063 368.682 218.472 211.322 29.6768 181.645 45.2087 150.209 107.304 42.9058 26.7682 70.7627 13.7235 36.5409 27.6159 19.7888 10.7155 57.0392
internal_count=11284 5688 3258 1744 1514 1083 2430 1380 730 477 1050 797 264 533 5596 3075 2981 392 2589 500 2521 1842 679 496 1227 250 615 469 412 244 977
is_linear=0
shrinkage=0.0429769


Tree=32
num_leaves=32
num_cat=0
split_feature=11 0 17 0 24 14 5 5 24 31 6 20 11 3 11 33 6 4 16 23 10 18 8 11 1 6 20 8 22 22 11
split_gain=7.20075 4.37166 3.70716 3.11101 3.87538 5.79768 3.77553 7.25387 7.08449 5.3042 5.12995 4.23654 3.56938 5.20085 5.97685 5.04727 4.85635 4.46226 5.34276 3.83294 7.87116 3.79279 5.41693 8.77868 3.77525 3.53193 3.51025 3.50689 4.18462 4.39933 4.06363
threshold=0.0018760801415071973 0.58409687942034016 -0.16220463158681106 0.122980389048454 6.9191905093813304 -0.010171660862601349 0.34999999999999981 0.20000000000000015 3.7083442923398668 -857.99351647471553 0.064516129032258049 1.2559669631182959 0.0085637384074666052 0.011889289802732185 0.0066048273158890733 0.41357142857142865 0.10000000000000006 12.500000000000002 422.30271680750838 -5.4295422594713925 0.0018912981025237337 -0.015642873801985781 0.0039862991029811614 0.016225164842038054 -0.10082280096028161 0.16666666666666669 0.58718038960987251 0.0097342292558548309 1440 2762.4999999999714 0.0052347388527944358
decision_type=10 2 10 2 10 8 10 10 10 10 10 2 10 2 10 2 10 2 10 10 10 2 10 8 2 10 2 10 10 10 10
left_child=1 2 -1 6 27 -6 7 8 9 -2 -10 25 13 14 24 16 -14 18 21 -19 -21 26 -23 -24 -11 -9 -17 -5 30 -30 -29
right_child=3 -3 -4 4 5 -7 -8 11 10 12 -12 -13 15 -15 -16 17 -18 19 -20 20 -22 22 23 -25 -26 -27 -28 28 29 -31 -32
leaf_value=0.033225053426775938 0.04047903610812862 0.023947799673746346 -0.013074822636475487 0.0038674274838627733 -0.036192511493807006 0.0050618298077946058 0.016788758852430044 -0.0082847139876371587 0 -0.015077618086375538 0.029960756105701959 -0.041861193009778162 0.012874333046781721 -0.033237571602228878 -0.028016244924697706 0.0010117852697251431 -0.034758327069109952 -0.023147754238956788 0.038007829666858839 -0.037133827434861655 0.020241365592015337 -0.024684758731888169 -0.021852242953129677 0.042477187144005266 0.031009593243734021 0.029146039503971707 0.038250179436534179 0.0013961587076002891 0.02820634922454868 -0.02025342938078201 -0.047058145241679374
leaf_weight=3.0621014102362087 6.5252919881604603 6.4642982538789502 104.6490077835042 114.11594277177937 13.986336829606442 10.079345191363247 44.518282209755853 57.153035464230925 15.800106736365704 4.0270807603374115 35.961718200938776 6.6628363700583568 5.5086340839043286 12.596425104886292 8.3539270465262216 10.061330086551605 10.70339736714959 12.307834189385174 14.959497217088936 5.6596393284853574 18.55918239383027 11.835539869498467 6.5876668589189631 8.8598120771348459 10.956805091118442 4.8927987725473931 11.108152349479495 3.7568423799239126 6.6097756712697429 7.0775531195104122 9.0238702003844065
leaf_count=57 123 104 3010 1705 172 113 888 1414 322 112 416 131 91 291 137 156 154 146 157 66 269 119 98 102 210 45 163 111 96 181 185
internal_value=0.000292058 -0.00938668 -0.0115728 0.00259626 -0.00212841 -0.0180872 0.0050618 0.0031196 0.00713212 0.00248347 0.0209908 -0.00887566 0.000721567 -0.0109558 0.000218813 0.00450603 -0.0173446 0.00825041 0.0152013 -0.00327128 0.00600817 0.00774702 -0.00219101 0.0137543 0.0172927 -0.00501074 0.0214953 0.000461952 -0.0134666 0.00169322 -0.0312583
internal_weight=602.424 114.175 107.711 488.249 164.65 24.0657 323.599 279.081 210.372 158.61 51.7618 68.7087 152.085 35.9342 23.3378 116.151 16.212 99.9387 63.412 36.5267 24.2188 48.4525 27.283 15.4475 14.9839 62.0458 21.1695 140.584 26.468 13.6873 12.7807
internal_count=11344 3171 3067 8173 2563 285 5610 4722 3132 2394 738 1590 2271 750 459 1521 245 1276 795 481 335 638 319 200 322 1459 319 2278 573 277 296
is_linear=0
shrinkage=0.0429769


Tree=33
num_leaves=32
num_cat=0
split_feature=11 34 17 1 23 16 4 34 23 16 5 4 32 33 18 10 18 1 24 5 11 16 6 11 25 4 2 16 29 19 16
split_gain=6.34469 5.70302 4.18425 3.70465 3.3307 3.37872 3.89928 3.08304 7.51629 3.59365 4.93569 3.92813 2.97743 3.10851 2.79775 4.65138 2.6385 2.5491 2.43014 1.99193 6.778 4.2701 4.1584 4.14592 5.60342 3.9054 3.84337 3.91669 3.85414 4.11554 3.79149
threshold=0.0031078679835647165 2.016194178724978 -0.16220463158681106 0.1971078032127819 -4.2208870798067695 118.06810454004172 10.500000000000002 1.4684678022808535 -4.8937977841948408 154.7524878944044 0.24999999999999986 10.500000000000002 95.605924565013822 0.70571428571428585 0.11854212860314145 0.0058943384163558368 0.87318888517204896 -0.22124380693846316 3.5060376306553498 0.30000000000000054 0.0086666241853709126 153.63644769803497 0.13408239700374536 0.0092804318103783933 -0.013105506750561489 19.500000000000004 2.5100000000000011 490.07500728005851 -0.54418016945095682 0.0042683042924678951 138.50763574257357
decision_type=10 2 10 2 8 8 2 2 10 10 10 2 10 2 2 10 2 2 8 10 10 10 8 10 2 2 2 10 2 2 10
left_child=1 2 -1 -3 -4 6 -6 12 -9 10 -10 -11 16 -14 15 -12 19 -7 -16 20 22 30 25 24 -21 -2 27 28 29 -23 -22
right_child=7 3 4 -5 5 17 -8 8 9 11 14 -13 13 -15 18 -17 -18 -19 -20 23 21 26 -24 -25 -26 -27 -28 -29 -30 -31 -32
leaf_value=0.034701719521328306 -0.0083564241285123599 0.045012545256896977 0.011447454629861352 -0.00054024267608283579 0.035384042918462803 0.012103948125720385 -0.016002124885300655 -0.03161418005150228 0.044187670816939154 0.0051728773616566909 -0.016285466740004691 -0.032070582785172344 -0.02438226666503155 0.0018184844946236747 -0.02885093512206461 0.030303193680017909 -0.017268270962006765 -0.017815185051123488 0.0073018723767081578 -0.0093257474162788193 0.0040175117107376446 -0.014267936227990923 -0.043652624918513849 0.0024553496421594874 0.038771642665702342 0.034602613164809073 -0.00064841432963831267 0.038063784740919974 0.015200563846871637 0.018075892580531737 -0.024797210576166875
leaf_weight=3.4666703077964476 44.672503008740023 5.8003466967493278 9.5463245082646591 5.7348963278345764 5.2761240852996689 4.7416911963373414 5.0759625351056457 15.770337271504102 6.4962728954851618 9.5611792043782788 5.4700492816045942 9.843602220527826 12.904077261220662 20.338039172114804 7.468526920769361 11.337752554565666 8.7052825493738037 100.88770688208751 5.0812350716441879 5.0930757881142226 23.910596354398876 19.152783141471449 5.7892992640845469 29.333463307702914 18.454567665234208 4.1648713995236895 41.754970414331183 11.876298986840991 109.83909683232196 11.52896927250549 12.402696796692906
leaf_count=70 1036 68 238 118 106 123 111 157 110 163 79 154 393 477 137 182 111 3082 78 101 350 290 79 571 280 93 629 99 1548 140 171
internal_value=0.000202923 -0.00773384 -0.0104262 0.0206424 -0.011832 -0.0139201 0.0082649 0.00272049 -0.00537434 0.00175465 0.010131 -0.0126945 0.00428637 -0.00775371 0.00191299 0.0139552 0.0054984 -0.0162832 -0.0126266 0.00614391 0.00461756 0.00788969 -0.00882217 0.0139953 0.0275225 -0.0042832 0.0104549 0.0136278 0.0114201 -0.00146435 -0.00527621
internal_weight=591.479 140.53 128.994 11.5352 125.528 115.981 10.3521 450.95 71.029 55.2586 35.8538 19.4048 379.921 33.2421 29.3576 16.8078 346.678 105.629 12.5498 337.973 285.092 230.465 54.6267 52.8811 23.5476 48.8374 194.152 152.397 140.521 30.6818 36.3133
internal_count=11344 3916 3730 186 3660 3422 217 7428 1060 903 586 317 6368 870 476 261 5498 3205 215 5387 4435 3227 1208 952 381 1129 2706 2077 1978 430 521
is_linear=0
shrinkage=0.0429769


Tree=34
num_leaves=32
num_cat=0
split_feature=32 31 30 7 28 13 23 25 0 16 18 6 22 14 16 18 24 16 11 29 12 16 34 34 10 33 10 27 21 3 31
split_gain=9.40302 8.91504 5.75392 6.655 6.27834 4.98935 6.93882 4.33882 5.29884 3.66653 3.50866 5.02741 4.15078 3.84758 5.69646 6.2018 4.55643 4.04727 3.88695 3.50869 4.65626 4.31725 3.6994 3.6548 4.17058 4.14846 3.87908 3.69387 3.49484 4.32751 4.78369
threshold=66.360870294584487 -245.95525236156001 -572.7139094991054 3.2500000000000004 -0.00093450518708215735 -0.011221562436954912 -3.5950137302410936 -0.013105506750561489 0.55124109004076038 50.573883618042075 -0.20105394716995154 0.013029454205924789 8446.5000000000018 -0.037680647630096369 137.3635032556115 0.3905485949035154 2.6310619954654766 151.07726215783362 0.013792777777542788 -0.30834894887279657 4.2500000000000009 227.87767435316542 -1.3737897065527962 -0.84023371158676186 0.0078345933232255565 0.5514285714285716 0.0081405682545815736 0.13596708714401654 0.48499999999999949 0.05435307260718137 -90.813637080728881
decision_type=8 10 10 2 2 10 10 2 2 8 2 8 10 8 8 2 10 8 10 2 2 8 2 2 10 2 10 2 2 2 10
left_child=1 2 3 -1 7 -4 -7 8 -5 -2 -11 -12 13 -13 15 18 -17 -16 -15 20 -19 -21 -23 26 25 -25 -24 -27 29 -3 -31
right_child=9 28 5 4 -6 6 -8 -9 -10 10 11 12 -14 14 17 16 -18 19 -20 21 -22 22 23 24 -26 27 -28 -29 -30 30 -32
leaf_value=-0.018089214568772573 0.033715879029570489 0.012911203245695739 0.0078751369874561564 0.016470964458881451 0.019921714984337771 -0.035551727877359274 0.0063704697219972486 -0.016835501369932396 -0.01505282015789936 -0.013508126563582391 0.038991349132922744 -0.034512210318888181 -0.041521219874927212 0.049091221846125133 -0.03834726514598371 -0.024020351039464202 0.026677244623696292 -0.028975507277813325 0 0.01963481438722792 0 -0.033385992327622009 0.0027931152108895303 -0.017530831178569153 -0.040394571937493108 0.046698803300250967 0.055628350369365809 -0.00079950044994316842 0.027671954946335366 -0.032889657048913369 0.013671478626586964
leaf_weight=22.079483929323032 4.1019390644505611 105.17002546577714 12.24854820081964 32.11760310200043 45.447020452236757 24.016959233209487 9.4073984841816145 21.213390670251101 13.636322916951029 88.09399721189402 5.0896513736806801 6.7592711122706532 5.373138357885181 10.619755708146842 6.6319775241427115 8.7709784703329188 5.0342274836730203 18.93268865137361 5.0115184225141993 19.699618593323976 24.117045446299016 6.8359310431405893 10.525443256832654 11.621470640879133 5.8976861075498155 4.9998506070114654 3.8467764584347597 5.689943740144372 26.23819780908525 8.6165912938304228 7.010462191887199
leaf_count=494 51 1414 92 466 757 251 110 345 138 2464 86 183 132 171 156 178 83 619 94 512 547 226 308 326 209 88 103 141 355 109 120
internal_value=0.000301338 0.00516928 -0.00113794 0.00321711 0.00757953 -0.0143982 -0.0231567 -0.000499223 0.00663981 -0.00580325 -0.00652152 -0.00268104 -0.00412848 -0.00270297 -0.00111751 0.0156341 -0.00408786 -0.00543632 0.0343249 -0.00331193 -0.0130192 0.00244619 -0.00400317 0.000247475 -0.00825881 0 0.0183283 0.0195579 0.0130332 0.00968798 -0.0107276
internal_weight=584.855 327.202 180.167 134.494 112.414 45.6729 33.4244 66.9673 45.7539 257.653 253.551 165.457 160.367 154.994 148.235 29.4365 13.8052 118.798 15.6313 112.166 43.0497 69.1167 49.4171 42.5812 28.209 22.3113 14.3722 10.6898 147.035 120.797 15.6271
internal_count=11328 4651 2653 2200 1706 453 361 949 604 6677 6626 4162 4076 3944 3761 526 261 3235 265 3079 1166 1913 1401 1175 764 555 411 229 1998 1643 229
is_linear=0
shrinkage=0.0429769


Tree=35
num_leaves=32
num_cat=0
split_feature=11 3 31 32 27 18 27 19 16 3 2 13 30 28 24 11 34 1 33 3 13 33 23 27 22 22 8 32 30 30 12
split_gain=7.86221 6.01843 5.17734 5.24537 5.0582 9.28081 7.59425 5.30989 4.77248 4.34735 4.23401 5.18893 3.62553 3.50014 3.27907 3.26191 3.8892 3.0119 3.62412 2.97555 4.02881 4.01951 4.77991 5.21013 3.67586 8.92306 4.38181 3.56265 3.41801 3.16628 4.58254
threshold=0.02176911227577873 0.16295754127841791 -92.975762648604501 65.821517424968206 0.16165193214689103 0.73030186519448437 0.16550491104220225 0.0055269963235202715 303.04880828970602 0.23485823924677043 3.2000000000000006 0.06370972008683963 -287.55266938006343 0.02030145515567117 11.221383608242066 0.026619170347515018 -0.36145509577606538 -0.038493750805308584 0.82547619047619059 -0.077281483154721928 0.0090874680718558108 0.627857142857143 -2.3331373689597181 0.1370364584715838 871.49999999999739 2354.0000000000005 0.0073122501673074823 111.97369777094379 -702.86022531639549 -682.16650594406144 6.7500000000000009
decision_type=10 2 10 10 2 2 2 2 8 2 2 10 10 2 10 10 2 2 2 2 10 2 8 2 10 10 8 10 10 8 2
left_child=2 4 14 12 5 15 -6 8 10 -3 11 -8 13 -4 19 -2 -17 18 -5 20 24 29 28 27 26 -26 -1 -24 -23 30 -21
right_child=1 9 3 17 6 -7 7 -9 -10 -11 -12 -13 -14 -15 -16 16 -18 -19 -20 21 -22 22 23 -25 25 -27 -28 -29 -30 -31 -32
leaf_value=0.016389845446254072 0.0059715450328003327 -0.040952048892018603 0.027218028703867157 -0.031753681115117949 -0.044564605638602157 -0.024356772514214628 -0.0026615017839344574 0.025293850699019196 0.026999060960510701 0.0017611168480866255 0.013381607897697875 -0.051175239066049039 -0.010822918706268317 -0.0041665801033522378 -0.035802665299370796 0.051025364501905986 0.021762156102981777 0.0073422694038759928 0.0079779031594805951 -0.00071927159612168311 0.017909511857204217 -0.017823514140458577 0.036504929709346552 -0.013494453594503191 0.053206678857092349 -0.024602478684160576 -0.019014888063109577 -0.010480893255659566 -0.051839493992904953 -0.0087322210829363592 0.027873171707149844
leaf_weight=7.8402580271940669 17.889556247740984 7.0843725856393602 33.743989822687581 12.0003966933582 5.8078545425087205 7.9535270305350414 11.023302874993538 19.075190260540694 7.39965028874576 9.4689530334435386 7.6866439227014771 7.4849179992452255 6.7615013783797613 6.8369787842966607 6.4086720189079633 12.477607137989251 43.828539768233895 15.446467505069448 5.4904544418677679 84.010286680422723 23.845367359463125 34.434679096564651 8.1848597896750999 29.191864011343569 6.0420597917400283 4.5553081899415702 27.648605020716786 3.8225783412344745 7.6987307141534975 85.263471024576575 11.637791449669747
leaf_count=150 263 119 501 409 59 86 155 335 76 113 109 89 117 103 54 131 449 506 133 2228 406 841 189 714 89 148 686 119 104 1668 179
internal_value=0.000446718 0.00867751 -0.00257991 0.00713724 0.011644 0.0185468 0.00160585 0.00707729 -0.00267399 -0.0153183 -0.0118188 -0.0233619 0.0164103 0.0214393 -0.00492891 0.0234152 0.0286029 -0.00558648 -0.0181429 -0.00427692 0.00342233 -0.00638996 -0.0142563 -0.00328079 -0.00364152 0.0178818 -0.010631 0.0198882 -0.0245147 -0.00265617 0.00255189
internal_weight=578.044 157.18 420.864 80.2798 140.627 82.1492 58.4776 52.6697 33.5945 16.5533 26.1949 18.5082 47.3425 40.581 340.585 74.1957 56.3061 32.9373 17.4909 334.176 69.9316 264.244 83.3327 41.1993 46.0862 10.5974 35.4889 12.0074 42.1334 180.912 95.6481
internal_count=11328 1984 9344 1769 1752 929 823 764 429 232 353 244 721 604 7575 843 580 1048 542 7521 1479 6042 1967 1022 1073 237 836 308 945 4075 2407
is_linear=0
shrinkage=0.0429769


Tree=36
num_leaves=32
num_cat=0
split_feature=11 0 16 20 11 6 9 26 32 31 30 16 5 32 26 14 7 1 23 30 24 10 5 5 25 1 21 2 29 17 8
split_gain=9.51754 3.71759 3.20783 3.15394 3.3604 3.15002 2.36568 2.57189 2.48093 2.36044 8.94873 6.74652 4.1891 3.75299 3.73563 3.96686 3.86239 3.68235 3.39252 4.01521 3.47076 3.3831 3.1083 4.11818 4.3942 4.84243 4.01027 4.21976 3.91044 5.58707 6.18006
threshold=0.035772881523606498 0.38355680648850127 50.573883618042075 1.9387550383206367 0.010763240218948646 0.1276595744680851 0.0015604395037370337 -0.0040857148814166791 25.345659122605081 -291.29921327948972 -572.7139094991054 271.94212243535816 0.9750000000000002 25.000029737858068 0.0091320780218812087 0.022386636070527714 1.2500000000000002 -0.069832325538586301 -4.7315248018201048 -983.89464920321768 2.6930594547520572 0.0071782583009202382 0.60000000000000042 0.10000000000000032 -0.0075300684973668699 0.0070040988967863269 0.1449999999999996 0.22000000000000156 -0.027312928869260834 -0.0012145457538180746 0.0044159011992894641
decision_type=10 2 8 2 8 10 10 2 10 10 10 10 10 8 2 8 2 2 8 10 10 10 10 10 2 2 2 2 2 10 10
left_child=2 6 -1 9 -5 -3 8 -8 -2 10 12 -12 13 -4 16 18 17 -15 -16 20 -20 -19 23 24 -11 28 -25 -28 29 30 -26
right_child=1 5 3 4 -6 -7 7 -9 -10 22 11 -13 -14 14 15 -17 -18 21 19 -21 -22 -23 -24 26 25 -27 27 -29 -30 -31 -32
leaf_value=0.03776441673440635 0.016362966119597595 0.018876246896375556 0.03481752147868216 0.00061011670395939572 -0.044840211771611939 -0.016010259987964865 -0.008251267788294353 0.02191979885895225 0.046211648424714473 0.036391060135518058 -0.052446103120649817 -0.0008157218424378835 -0.030662379059708134 0.046836724248290384 -0.037924146437232083 -0.046807431796807117 0 0.034076505692200762 0 0.022253532057533398 -0.032061290912939244 -0.0051844066777733408 0.028536185217993976 0.0017812628236068457 -0.048590339876627892 -0.0092997685763333386 0.021206335958481062 -0.023315175647402139 0.024561593124744895 0.028017645028246167 0.002023544649122183
leaf_weight=4.0189139447174957 12.894223107956352 9.2070228699594754 5.7149408031254998 4.2906026178970915 6.1026082872413099 9.8938285913318378 6.9718637098558274 14.490182694513349 13.416094478219746 9.5199488559737784 11.28025625832379 9.3603951996192318 8.2773230460006726 6.4076760413590845 5.5219472069293261 5.2919446080923072 180.85510610463098 5.7958269540686187 19.965903371106837 9.5905267614871246 8.8826276937033963 11.581346623133866 8.7746016848832351 62.791932893916965 5.6307352278381613 28.113708409480751 4.1296550170518485 27.235603947658092 26.352478703483939 10.806777674704788 18.321641206974164
leaf_count=67 144 108 45 79 130 95 78 169 157 132 145 127 225 95 90 130 3983 102 530 157 281 266 145 1582 66 448 91 669 446 188 315
internal_value=0.00160416 0.0168459 -0.000376292 -0.000722495 -0.0241639 0 0.0232587 0.0111904 0.0323437 -0.000184714 -0.00271636 -0.0300005 -0.000539446 0.000344492 -0.00035329 -0.0110455 0.00212281 0.018403 -0.00628476 -0.00121899 -0.00971439 0.00676637 0.0033383 0.00208844 0.00828898 0.00506631 -0.0042026 -0.0168167 0.0120015 0.00190471 -0.00904643
internal_weight=571.488 66.8732 504.615 500.596 10.3932 19.1009 47.7724 21.462 26.3103 490.203 288.526 20.6407 267.885 259.608 253.893 49.2529 204.64 23.7848 43.961 38.4391 28.8485 17.3772 201.677 192.902 98.7453 89.2253 94.1572 31.3653 61.1116 34.7592 23.9524
internal_count=11285 751 10534 10467 209 203 548 247 301 10258 6176 272 5904 5679 5634 1188 4446 463 1058 968 811 368 4082 3937 1595 1463 2342 760 1015 569 381
is_linear=0
shrinkage=0.0429769


Tree=37
num_leaves=32
num_cat=0
split_feature=10 30 15 11 33 31 21 8 34 11 27 5 25 24 27 8 27 16 4 14 22 4 25 5 5 9 14 20 5 22 31
split_gain=6.74377 5.72178 5.91987 5.36974 4.18225 3.94348 3.1977 2.63854 6.29658 6.09102 5.00824 4.96875 3.79716 3.50691 4.98989 5.65816 3.72981 4.07427 3.41494 3.36669 5.19844 3.43799 4.30823 5.98069 5.92016 6.71855 5.14445 4.51211 3.6717 4.46167 3.35711
threshold=0.0026442250986984457 -347.08223084780235 232116.50000000003 0.026992405184539912 0.88000000000000012 -245.95525236156001 -0.010000000000000673 0.0061826188174780592 0.64229608084352074 0.019521201052928514 0.11259165999662583 1.0000000000000004 0.0033960279059817027 2.5418711947781789 0.14522917583978986 0.0013244578075080448 0.16523312652413394 161.88460751498349 12.500000000000002 0.024801938630325749 2328.4999999999932 21.500000000000004 -0.011631953998461729 0.34999999999999981 0.29999999999999943 0.011012217065730278 0.012293623567806515 1.0970801686512079 0.20000000000000015 7168.7500000000009 -466.28982956160149
decision_type=8 10 2 10 2 10 2 10 2 10 2 8 2 10 2 10 2 10 2 10 10 2 2 10 10 8 10 2 10 10 10
left_child=1 3 6 5 -5 -1 -3 8 -2 10 -9 19 13 14 -10 -16 17 -15 -14 21 -21 22 28 24 25 27 -25 -24 -12 -30 -26
right_child=7 2 -4 4 -6 -7 -8 9 12 -11 11 -13 18 16 15 -17 -18 -19 -20 20 -22 -23 23 26 30 -27 -28 -29 29 -31 -32
leaf_value=-0.011694746489102867 -0.011518175386296537 -0.0072372155465198562 -0.030775826781681469 0.038375084522239665 0.008352425332494107 0.018160020014130376 0.028280404994434981 -0.025487472753667448 0.033652084942948433 0.018858688566017006 0.0098033704780799164 -0.032584495396129794 0.00063281405011201349 -0.0045688971237574615 -0.030156449653672833 0.020543526874428699 0.014156382115943283 -0.043035187424856819 0.049536319184050034 -0.012724796785372991 0.02741504097353532 0.036646853396584085 0.0013700367869317941 0.010604703751113073 0 0.055410870323723313 0.050621851990059592 0.047054555906226439 -0.026386357221321804 0.017883600789408642 -0.036371292106365513
leaf_weight=14.746978821000083 105.36888503516093 8.4470889514777845 10.337329646106808 27.003244114574045 15.374552809167652 17.412577880080789 8.9671772439032793 13.868011186365036 11.437602595891805 34.541364627424628 12.446717421058564 7.7562033161520949 6.1752369711175543 17.790061497595165 7.7024270598776665 8.3925411324016732 8.841619002632795 8.048041324131189 6.0880603070836514 44.963581715710461 6.6259938301518551 6.3462736257351926 73.889809968881309 19.112023470457647 7.8612284166738418 5.1496871437411746 9.9583276237826777 4.3045880664139977 21.659993111621592 4.6585131357423952 9.8675577223766577
leaf_count=168 2031 99 125 269 188 240 81 277 184 509 251 196 94 320 154 132 196 104 80 1055 160 187 2064 452 231 133 254 92 555 106 298
internal_value=0.00156718 0.0115635 -0.00452913 0.0178224 0.0279544 0.00385031 0.00990892 -0.000598952 -0.00470213 0.00193809 -0.000334106 0.00106808 0.00467371 4.20108e-05 0.0118065 -0.00248216 -0.00872339 -0.0173247 0.0265408 0.00230692 -0.00718197 0.00521396 0.00391443 0.00774096 0.00257879 0.00754979 0.0250017 0.00414125 -0.00841757 -0.0177921 -0.0196639
internal_weight=565.143 102.289 27.7516 74.5374 42.3778 32.1596 17.4143 462.854 179.844 283.01 248.469 234.6 74.4756 62.2123 27.5326 16.095 34.6797 25.8381 12.2633 226.844 51.5896 175.255 168.908 130.143 101.073 83.3441 29.0704 78.1944 38.7652 26.3185 17.7288
internal_count=11285 1170 305 865 457 408 180 10115 3295 6820 6311 6034 1264 1090 470 286 620 424 174 5838 1215 4623 4436 3524 2818 2289 706 2156 912 661 529
is_linear=0
shrinkage=0.0429769


Tree=38
num_leaves=32
num_cat=0
split_feature=11 24 13 24 0 27 1 24 35 26 27 32 32 6 22 3 13 27 6 10 9 9 11 27 13 8 15 16 11 16 18
split_gain=6.55749 3.69721 4.8202 4.5218 6.45628 6.86781 6.59984 4.15355 4.10618 4.09171 4.0121 4.58176 4.03927 3.7682 3.25427 3.00655 3.00305 3.99255 4.86514 2.92347 2.80679 4.71208 6.07519 3.04881 4.04428 2.84128 6.30138 3.94334 3.43952 3.13188 2.91204
threshold=-0.00052564651191880352 0.9843377797638867 0.069103156125389961 1.4945361666597392 0.022804476302769276 0.12572876411519901 0.0789983098103232 1.6063835278165937 0.81666666666666676 -0.0055266320372045477 0.16280530811596203 16.995115923905416 22.680633696403991 0.016042895442359244 5949.7499999999827 -0.073134516880083641 0.042442169609244552 0.11846830842354848 0.039215686274509796 0.0022673085831043092 0.0071293452360591458 0.0028666745553346221 0.029644469825884995 0.23345919919967908 0.031839034855840047 0.006295529714855151 182487.50000000003 145.59828836751367 0.0053771318077173455 256.18081779787093 0.3983146589799616
decision_type=8 8 10 10 2 2 2 10 8 2 2 10 10 10 10 2 10 2 10 10 10 10 10 2 8 10 2 10 8 8 2
left_child=-1 2 16 4 8 6 -6 -5 15 -7 11 -9 -12 14 -13 -3 17 -2 -19 -20 21 22 23 24 25 26 -14 -27 -29 -28 -30
right_child=1 3 -4 7 5 9 -8 10 -10 -11 12 13 20 -15 -16 -17 -18 18 19 -21 -22 -23 -24 -25 -26 27 29 28 30 -31 -32
leaf_value=-0.029120086013508514 -0.027417054284421264 0.03920876388004943 -0.017440774044576324 0.023754237219723019 -0.0056505154311058767 -0.03169926402019406 0.053016464270592291 0.037307374596375141 -0.025244200110925305 0.002997834759421311 -0.026153463912922479 0 0.029986175175216394 -0.00584578913212972 0.046214029519720312 -0.0095924954013335163 0.030878512571062292 0.048080739139755274 0.023242729579522697 0.0017399275647335918 0.032489468838665873 -0.01718188129134449 0.032486175118482882 -0.0064824692960138057 0.050482395084682698 0.047660102498463836 -0.040182907884574681 -0.0095060399833949098 0.03650838747021426 0 0
leaf_weight=13.864167256513609 5.1864589448086909 3.1789190447889268 11.521496676141394 14.608682071324436 5.2359344721771768 9.4158254847861844 8.2284459425136429 4.8869221801869562 42.424981753109023 16.296174653805792 6.5030998643487683 4.9561374795157445 5.7324955668300417 194.01928506908007 4.856858185492456 7.9750176128000003 13.356263046618549 6.0944598517380646 16.04353783512488 52.258966787485406 8.4377842987887544 13.639500581193714 17.615433537168428 29.416610633488744 4.4130864390172055 5.6186691662296644 8.032325545791533 12.069498413009574 8.9667715411633235 5.1108101569116124 7.3874190133064976
leaf_count=308 93 72 151 324 118 227 108 39 1127 425 76 126 89 3683 55 247 146 123 159 884 200 305 231 777 70 164 176 406 221 60 134
internal_value=3.31391e-05 0.000799528 0.00810048 -0.000854604 -0.00933347 0.00350059 0.0287254 0.00129697 -0.0190893 -0.00893501 0.000278251 -0.00337717 0.00616709 -0.00445081 0.0210941 0.00253494 0.0114816 0.00797497 0.010711 0.00708317 0.00798752 0.00606596 0.0092956 0.00435585 0.0102647 0.00653194 -0.00611871 0.0141318 0.00679938 -0.0233851 0.0200511
internal_weight=567.352 553.488 104.461 449.027 92.7553 39.1764 13.4644 356.271 53.5789 25.712 341.663 208.719 132.944 203.832 9.813 11.1539 92.9397 79.5834 74.397 68.3025 126.44 118.003 104.363 86.7477 57.3311 52.918 18.8756 34.0424 28.4237 13.1431 16.3542
internal_count=11324 11016 1556 9460 2324 878 226 7136 1446 652 6812 3903 2909 3864 181 319 1405 1259 1166 1043 2833 2633 2328 2097 1320 1250 325 925 761 236 355
is_linear=0
shrinkage=0.0429769


Tree=39
num_leaves=32
num_cat=0
split_feature=11 24 30 24 24 0 27 1 1 27 24 6 15 29 35 6 11 18 13 10 19 30 3 21 17 9 25 23 4 10 16
split_gain=5.61925 5.21504 3.19361 3.2727 3.23587 6.15036 7.14426 6.97447 4.28495 3.58715 4.29376 3.21442 4.04419 3.16201 3.10492 3.0547 3.31573 4.17938 5.73605 3.6463 3.2573 4.30223 3.84914 3.43935 3.21226 3.05387 3.48952 3.98238 4.29885 3.22974 2.86402
threshold=-0.00052564651191880352 1.2455107357571489e-16 -254.37982441752794 0.9843377797638867 1.5118310693761658 0.022804476302769276 0.12601419215699114 0.0789983098103232 0.18554948085751879 0.16280530811596203 1.5908433965964723 0.055045871559633031 186790.00000000003 -0.16951053214778464 0.81666666666666676 0.016042895442359244 0.017107112905878009 -0.25830553413134744 -0.023772387174165199 0.0066950764560377652 0.0030542989055042189 -1871.2940630415089 -0.077281483154721928 -0.98499999999999932 -0.061440583295698452 0.0083075129361128101 -0.045764786088564539 -5.1671216403556803 8.5000000000000018 0.0024186560407240447 235.30810531049289
decision_type=8 8 10 8 10 2 2 2 2 2 10 10 2 2 8 10 10 2 10 10 2 10 2 2 10 8 2 10 2 10 10
left_child=-1 -2 3 11 5 14 7 -7 -8 10 -6 -3 -13 -4 -5 -12 20 18 -18 24 23 -22 30 -17 -19 26 -11 28 -28 -29 -23
right_child=1 2 13 4 9 6 8 -9 -10 25 15 12 -14 -15 -16 16 17 19 -20 -21 21 22 -24 -25 -26 -27 27 29 -30 -31 -32
leaf_value=-0.027340420092791654 0.048122093980277121 0.026801936362130695 -0.038853443575570613 0.00035786505718661408 0.035514575578467551 -0.0080450762739218747 0 0.050060690553034255 -0.043078445394773068 0.025598276005711573 0.019597889049209741 0.036547546033925786 0.0011591603426519012 0.00043721432107681884 -0.022960405870201778 0.029305997987905591 -0.0062564709091415174 0.021485988266990268 0.029580909817651189 -0.031506071363233905 0.0070879324502148081 -0.019108813252653255 -0.027567689265723519 -0.0053234164221121613 -0.0071541925812946047 0.034795170833515771 -0.0016078985108421782 -0.030459238847904982 0.034051144984401711 0.00063100040237374863 0.029346137937403333
leaf_weight=13.410762868355958 4.2741066340822718 15.011529450770466 7.5103424626868218 11.93941003968939 5.3709213309921315 5.3775092391297212 20.326937319245193 9.815773678943513 5.3165906737558535 13.914397759828715 10.010291983140631 6.6783777391538015 70.568733648629859 5.6857019520830345 41.27666433295235 5.8524537570774546 13.252779777627437 9.5262222820892912 18.943607380148023 8.3498145160265249 10.664411102188742 4.6006771186366588 39.569988102186485 50.439278773730621 29.972727313637733 7.0782576783094546 9.6730165539775061 6.582806969061493 13.608495627529917 84.53926194482483 4.2223945430014282
leaf_count=308 38 304 118 347 124 123 533 122 132 259 184 98 1000 101 1130 157 123 135 286 125 270 116 922 1093 370 153 146 94 225 2107 81
internal_value=0.000101635 0.000807179 0.000399838 0.000953255 -0.00054679 -0.00764745 0.00451436 0.028185 -0.00873417 0.00132488 -0.0021096 0.00832679 0.00447774 -0.0204173 -0.0173545 -0.00319084 -0.00446058 0.00205857 0.014211 -0.0057023 -0.0091572 -0.0162438 -0.0217974 -0.00136793 0 0.00681859 0.00511939 0.00245391 0.0183808 -0.00139702 0.00182311
internal_weight=563.364 549.953 545.679 532.483 440.225 94.0529 40.8368 15.1933 25.6435 346.172 210.776 92.2586 77.2471 13.196 53.2161 205.405 195.394 80.0452 32.1964 47.8488 115.349 59.0575 48.3931 56.2917 39.4989 135.396 128.318 114.404 23.2815 91.1221 8.82307
internal_count=11324 11016 10978 10759 9357 2387 910 245 665 6970 3986 1402 1098 219 1477 3862 3678 1039 409 630 2639 1389 1119 1250 505 2984 2831 2572 371 2201 197
is_linear=0
shrinkage=0.0429769


Tree=40
num_leaves=32
num_cat=0
split_feature=13 21 1 33 7 16 2 18 9 11 26 25 2 13 22 35 11 15 32 29 13 25 14 24 33 19 14 0 13 18 29
split_gain=3.52505 4.02727 4.78469 4.2747 4.30414 3.86419 3.73173 3.56988 3.47275 4.03168 4.20193 3.36072 3.17755 3.08023 6.90716 4.18674 4.54188 4.41154 4.19973 4.09398 3.99653 3.81191 5.99327 3.71604 3.67077 3.58867 3.67503 3.58596 3.65431 7.27203 3.49202
threshold=0.0060978366530826025 1.9100000000000013 0.22288745555854975 0.76928571428571435 5.7500000000000009 130.71644040305969 0.59000000000000175 0.73030186519448437 0.0025319792393647426 0.033159765766680123 0.0073889687752904951 -0.053852194502475852 0.12999999999999992 0.0038043094639825981 1274.9999999999893 0.91666666666666685 0.026024786236353684 263012.00000000006 71.994181894143097 -0.58365554471280612 -0.025738534151355508 0.0015481426375455467 -0.011623314583131509 4.826487688250654 0.4835714285714286 0.0044593086798316948 -0.0025054587360089637 0.33988023917976901 0.0011818817587716704 -0.15739136803942644 -0.30323330111913915
decision_type=10 2 2 2 2 8 2 2 10 8 2 2 2 10 8 10 10 2 10 2 10 2 10 8 2 2 10 2 8 2 2
left_child=5 2 3 4 -2 12 -6 8 9 10 -8 -7 -1 15 -15 16 17 18 19 25 -17 22 -21 -23 -20 26 -13 28 29 -22 -26
right_child=1 -3 -4 -5 6 11 7 -9 -10 -11 -12 13 -14 14 -16 20 -18 -19 24 21 27 23 -24 -25 30 -27 -28 -29 -30 -31 -32
leaf_value=0.0013382675451677917 -0.00046945246861415055 0.037191299774729347 -0.038572813536624874 -0.003017772513589576 -0.0094783099994220753 -0.034581078368792484 0.012927918531681995 -0.0079987848202356729 0 0.054569563453286556 0.04361702842498183 0.062667973615002426 0.025418919455403644 -0.030744184740321191 0.024876250690064699 0.033604735531063447 -0.036579435901715134 -0.018179583250407739 -0.027701886497592681 -0.010761353417887125 0.011931525244761656 0.0055084969868664851 0.029311353097198317 -0.026933677791981785 -0.020179748521508934 -0.0017069607422812302 0.0099416241966627777 0.033719833948799453 0.018495777671182895 -0.034864381990155735 0.0097798247708477289
leaf_weight=58.469901043223217 54.778033036971465 6.7606655349954954 4.8697867151349774 91.017647402826697 9.7095602808985841 7.2553518000058821 42.981224029324956 8.0284956204704923 11.572552963159977 7.9676212510093967 11.494126657256855 5.9398174085654327 12.826514484360812 19.576632932294164 4.8288155654445282 9.4130270252935571 8.6606045532971603 32.067440610611811 15.041763382731004 11.408013130072506 10.857975136954336 10.91016127029434 15.624650789890437 13.63994017569348 11.506468602456154 5.0969120478257528 5.9552764210384348 5.6441297945566467 9.5727628222666628 12.896254774648702 18.725656434893608
leaf_count=1006 1334 144 94 1633 114 174 653 116 187 91 172 89 234 433 148 105 105 930 552 203 174 259 341 404 357 109 135 45 173 199 579
internal_value=0.000371806 0.00419788 0.00319516 0.0041357 0.00871506 -0.0026795 0.0144154 0.0174863 0.0205201 0.0245322 0.0197708 -0.00538704 0.00595076 -0.00436742 -0.0189212 -0.00251895 -0.00604761 -0.00409827 0 0.00657428 0.00834214 0.00015507 0.0116636 -0.0117053 -0.0102889 0.0248854 0.0379533 0.00172709 -0.0030951 -0.0126361 -0.000964353
internal_weight=555.098 249.18 242.419 237.549 146.532 305.918 91.7536 82.044 74.0155 62.443 54.4754 234.622 71.2964 227.366 24.4054 202.961 154.577 145.916 113.849 68.5748 48.3841 51.5828 27.0327 24.5501 45.2739 16.992 11.8951 38.9711 33.327 23.7542 30.2321
internal_count=11292 4538 4394 4300 2667 6754 1333 1219 1103 916 825 5514 1240 5340 581 4759 4063 3958 3028 1540 696 1207 544 663 1488 333 224 591 546 373 936
is_linear=0
shrinkage=0.0429769


Tree=41
num_leaves=32
num_cat=0
split_feature=11 4 31 22 29 15 13 3 31 0 33 12 1 23 3 8 23 23 11 24 27 8 1 29 16 10 5 1 1 19 29
split_gain=3.12843 4.53003 3.30265 2.59034 2.80984 2.76299 2.53112 6.54213 3.14073 3.81293 3.64254 4.69371 3.97636 3.37227 3.36716 3.12014 2.87971 3.37661 2.48958 3.08565 2.60246 2.32192 2.53293 2.55738 3.03222 2.52413 2.64898 5.25288 3.13583 3.08768 2.31324
threshold=0.053954769690968372 12.500000000000002 -78.510808927606419 5892.9999999999936 0.048076810660777347 208558.50000000003 0.0079096586788403849 0.14424022240051718 -398.13674620491389 0.19122437304441223 0.97904761904761928 4.2500000000000009 0.014509595870280891 -2.220618392503154 0.0057373186834744913 0.0038147611424524763 -3.4590007441496837 -5.3767827334872722 0.0053771318077173455 1.9618897004363156 0.14572029895153821 0.028557777793674844 -0.0084413634443409862 0.61157231049357053 200.16481120414224 0.0013820702181026997 0.10000000000000001 -0.030439595794854387 -0.068723940717053109 0.0028996686258856777 -0.16341385885719312
decision_type=10 2 10 10 2 2 10 2 10 2 2 2 2 8 2 10 10 10 10 10 2 8 2 2 10 8 10 2 2 2 2
left_child=2 -2 3 6 5 30 -1 8 14 10 11 -10 16 -14 18 -12 17 -13 -8 -20 -21 22 23 24 -4 -26 28 29 -27 -28 -5
right_child=1 -3 21 4 -6 -7 7 -9 9 -11 15 12 13 -15 -16 -17 -18 -19 19 20 -22 -23 -24 -25 25 26 27 -29 -30 -31 -32
leaf_value=-0.0054907246128200549 0.032485612127659894 -0.0051389370956072761 0.031352989596606713 0.029743686828953352 0.042089652838333637 -0.0097241873249008185 0.029081920455550962 -0.040051863001810677 -0.022008647542183023 -0.037397488900248563 -0.041117870305938241 0.0054707903828302793 -0.018673673269211981 0.021055784224179752 0.026151886745289125 -0.00094709376613093396 -0.00097435355713913654 0.036797438538174208 -0.022047698503970557 -0.0081476636347613887 0.020310550045094328 0.037362960150831168 0.015096152406203432 0.028475813311937083 -0.037759394471940058 0.023985625978025178 -0.0085704481137418888 0.032789176454247476 -0.013524197699085095 -0.046330242943413535 -0.0031841297658753778
leaf_weight=252.15671684313565 13.20430078962818 9.2639430058188719 4.1480165948159984 9.6305364952422661 4.422838599421083 12.824691196437923 5.9016394549980751 6.6411317158490411 9.5108114811591786 5.1378294164314857 6.2779104893561479 12.557719236938281 12.680634554941205 5.398960787337276 19.252202366245911 10.818644346203653 9.3151055406779069 17.631928401999176 9.4019474252127093 9.8028584974817949 12.857116896659134 4.656114366836845 31.091799839632586 5.2230426380410782 4.4366780477575949 11.035984676331283 15.839930370217191 3.8274846342392292 5.843342622043564 6.3933950860518953 4.9841037942096653
leaf_count=5708 141 81 73 186 100 305 79 107 341 80 61 175 223 56 435 186 197 307 183 197 252 106 578 92 42 154 348 116 123 170 90
internal_value=0.000365188 0.0160866 -0.000264107 -0.00186118 0.00979879 0.00386432 -0.00282694 0.00142775 0.00344417 -0.001394 0.000567399 0.00530749 0.010166 -0.00570602 0.011346 -0.0168674 0.0179343 0.0244285 0.00331135 -0.000812448 0.00712024 0.00706923 0.00523554 0 -0.00307219 -0.00650841 -0.00281335 -0.0117605 0.00981956 -0.0203289 0.0171518
internal_weight=552.169 22.4682 529.701 437.205 31.8622 27.4393 405.343 153.186 146.545 89.3295 84.1917 67.0952 57.5843 18.0796 57.2158 17.0966 39.5048 30.1896 37.9636 32.0619 22.66 92.4958 87.8397 56.7479 51.5248 47.3768 42.9401 26.0608 16.8793 22.2333 14.6146
internal_count=11292 222 11070 9268 681 581 8587 2879 2772 1626 1546 1299 958 279 1146 247 679 482 711 632 449 1802 1696 1118 1026 953 911 634 277 518 276
is_linear=0
shrinkage=0.0429769


Tree=42
num_leaves=32
num_cat=0
split_feature=9 6 33 27 13 9 27 24 24 3 29 20 21 7 21 31 26 11 0 31 1 4 5 22 13 34 30 22 3 18 25
split_gain=3.25467 3.54928 5.91602 3.40343 2.97847 2.52005 4.561 4.44774 3.42639 4.3519 3.74147 3.29499 3.27575 3.15379 3.129 4.30667 3.93135 2.97147 5.73565 4.704 3.55256 3.45496 4.72773 3.60981 6.40466 3.55916 4.46873 5.57798 5.85893 3.87173 3.62109
threshold=0.0064352597384847486 0.054054054054054008 0.54214285714285726 0.15132593702244015 0.012551464039942848 0.0028234949058728036 0.11846830842354848 6.874831274942501e-16 1.5118310693761658 -0.10719586445132133 -0.36423414192855769 0.66631186802562703 0.1449999999999996 2.7500000000000004 0.59499999999999986 -50.741560355793546 0.0033281265599109937 0.024346854992458141 0.22248821980977487 -486.23792682699485 -0.083063434816321488 21.500000000000004 0.17499999999999985 957.99999999999648 0.028502086835594482 0.49721635384173163 -757.39443346025985 5892.9999999999936 -0.0092677294020219163 0.34506571776527889 -0.018622095391037204
decision_type=10 10 2 2 8 8 2 10 10 2 2 2 2 2 2 8 2 10 2 10 2 2 8 10 10 2 8 10 2 2 2
left_child=5 3 -3 -2 -5 7 -7 14 9 -9 11 -11 13 -8 15 16 -1 21 20 -20 -19 23 -23 -10 25 29 27 28 -27 -25 -29
right_child=1 2 -4 4 -6 6 12 8 17 10 -12 -13 -14 -15 -16 -17 -18 18 19 -21 -22 22 -24 24 -26 26 -28 30 -30 -31 -32
leaf_value=-0.027915847261694965 0 -0.018503452180485755 0.025750470663637604 0.04013151416582228 0 0.016525731593808178 -0.059832946210534241 0.016641797697592144 -0.0082689307573346315 0.021770991189838773 -0.019812900141093184 -0.017359252547834537 -0.0015578466828744756 -0.015681723768565282 0.032412801757962288 0.025275582476378733 0.0073671950460272541 0.036980388362593632 0.0034311271496582445 -0.035081506176348538 0.0082988095030029282 0.058327739207510165 0 0.0065524509116718678 -0.038250571516597442 0.012269472352905538 0.040088709079716768 0.030352102926536804 -0.034576804900937459 0.038371063145291061 -0.015971150996024332
leaf_weight=8.9299429010134208 10.573665594216438 15.73968025064096 8.5162742331158352 14.209065958391873 4.712792570237073 11.333121553994713 3.6893969289958468 9.1820349134504777 123.45004568621516 8.7481893687508983 50.977163612144068 6.9541544795501968 35.100525415735319 41.199099340708926 10.971385559998451 13.266332866391165 15.515071573201565 13.748457303736357 22.596070634434003 7.6164568290114394 25.098133797291666 4.0100914810318473 5.4365838605444887 26.218312367564067 6.2249623178504399 6.3428009292110792 4.100676817353814 9.0257147657684964 16.104129075072709 10.899964644340796 4.1361376615241161
leaf_count=128 256 402 157 244 124 159 54 162 2759 202 1205 131 773 1023 130 164 132 147 302 64 380 73 177 691 108 138 55 218 382 294 101
internal_value=-0.000682869 0.00930738 -0.00214318 0.019399 0.0303111 -0.00179481 -0.00825948 -0.000304608 -0.00199697 -0.0101171 -0.0141013 0.00317203 -0.0120207 -0.0197576 0.0118304 0.00531215 -0.00470813 9.45278e-05 0.00792057 -0.00562011 0.0189645 -0.00231595 0.022816 -0.00356241 0.00319343 0.00681197 -0.00168166 -0.00705403 -0.0204517 0.016435 0.0142805
internal_weight=554.626 53.7515 24.256 29.4955 18.9219 500.875 91.3221 409.553 360.87 75.8615 66.6795 15.7023 79.989 44.8885 48.6827 37.7113 24.445 285.009 69.0591 30.2125 38.8466 215.949 9.44668 206.503 83.0527 76.8277 39.7095 35.6088 22.4469 37.1183 13.1619
internal_count=11335 1183 559 624 368 10152 2009 8143 7589 1700 1538 333 1850 1077 554 424 260 5889 893 366 527 4996 250 4746 1987 1879 894 839 520 985 319
is_linear=0
shrinkage=0.0429769


Tree=43
num_leaves=32
num_cat=0
split_feature=30 11 27 18 9 6 3 24 18 18 19 10 10 26 13 4 22 11 8 1 17 8 19 0 27 18 30 30 33 4 11
split_gain=3.34961 2.87583 4.09485 2.67598 2.31053 5.02933 2.99508 2.53478 2.8294 4.99477 3.4994 3.32041 2.35174 4.46324 2.91882 2.43951 2.89225 3.33577 4.01298 5.18163 4.50758 3.44998 4.37733 4.10667 3.5546 3.09575 3.17877 3.84142 2.85425 3.64597 2.67038
threshold=-209.86520500711239 0.00012698504012680081 0.11313077126346739 -0.64907841046889703 0.011012217065730278 0.054054054054054008 -0.018903610569797221 6.874831274942501e-16 -0.015642873801985781 0.26557404710004712 0.0029374486986901878 0.0032743498561403467 0.0015324115146453311 0.0020913707461718283 0.13321542872462425 21.500000000000004 5350.4999999999791 0.025694262896183599 0.0040598673661405337 0.046428629375265158 -0.0055945709756726738 0.0053394482600554452 0.0050032735812632666 0.056306519868654321 0.16227987855580672 0.6863186375028153 -1459.3635935829707 -2699.7403190646824 0.51333333333333342 14.500000000000002 0.011576720329665531
decision_type=10 10 2 2 10 10 2 10 2 2 2 10 10 2 8 2 10 10 10 2 8 10 2 2 2 2 10 8 2 2 10
left_child=1 2 -1 -4 7 -6 -7 8 11 -10 -11 -3 13 -9 15 16 17 18 19 20 -14 22 24 -24 -19 26 27 -18 -25 -30 -17
right_child=-2 4 3 -5 5 6 -8 12 9 10 -12 -13 14 -15 -16 30 25 21 -20 -21 -22 -23 23 28 -26 -27 -28 -29 29 -31 -32
leaf_value=0.023369212226543586 -0.031934646951262177 0.033169664772034445 0.011729361782074827 -0.013993543989318206 0.036307468100834912 0.018089587387157848 -0.032618894524163965 -0.038451288542668646 -0.030166093597431217 -0.008148193445305275 0.0268134792395275 0 -0.053733354673605155 0.0030606154204280665 0.033137684347367267 0.03335198942033752 0.031451716116105727 0 -0.0025490191725368954 0 -0.0046635511237504554 0.026315393149763538 0.03777122128970703 0.024737269480529012 -0.033780384496366327 -0.017035253806314637 0.035780837061365763 -0.0095578850958748813 0.0069288267543852044 -0.033384057312652309 -0.00085118115157189328
leaf_weight=6.72987210843712 6.1758466600440434 14.559142629150303 7.6136143226176491 63.584428109228611 10.362345415167512 3.6973138980101794 4.4531394531950337 8.5454029873944837 7.2721096647437689 8.3612279742956179 11.839327126741408 8.1175825498066825 10.123067456530405 9.0749527011066657 4.8769252712372682 8.1474664418492448 6.4855252825655043 14.89671407476999 226.13578835153021 14.269039089791475 6.7048250460065963 12.604934756411238 8.3276099842041713 7.3505086065270033 9.0531777255237085 5.4607037827372542 10.628818755503746 11.14590690052137 10.484062414616348 6.3482977070379993 6.5142912049777797
leaf_count=91 119 161 187 1894 213 119 105 82 91 91 137 113 121 99 80 188 100 159 5420 171 94 204 121 77 116 85 209 300 146 94 148
internal_value=-0.000459883 -6.56106e-05 -0.00774128 -0.0109626 0.00117566 0.01609 -0.00717248 0.000513778 0.00964172 0 0.0113566 0.0208807 -0.000588621 -0.015943 7.17648e-05 -0.000305642 -0.00105768 -0.00234636 -0.00464168 -0.0192171 -0.03537 0.00591376 0.00100508 0.0115987 -0.0125426 0.0108204 0.0169092 0.00439894 0.00175882 -0.00709373 0.0167985
internal_weight=549.944 543.768 77.9279 71.198 465.84 18.5128 8.15045 447.327 50.1494 27.4727 20.2006 22.6767 397.178 17.6204 379.558 374.681 360.019 326.298 257.233 31.0969 16.8279 69.0653 56.4604 32.5105 23.9499 33.721 28.2603 17.6314 24.1829 16.8324 14.6618
internal_count=11335 11216 2172 2081 9044 437 224 8607 593 319 228 274 8014 181 7833 7753 7417 6723 5806 386 215 917 713 438 275 694 609 400 317 240 336
is_linear=0
shrinkage=0.0429769


end of trees

feature_importances:
iv_at_strike_minus_atmf=91
theta=72
vega=64
leverage=62
morning_spx_directionality=53
gamma_x_morning_spx_rv_annualized=52
rom_roll_std_30d=51
entry_bid_ask_spread_pct=49
VVIX_5d_pct_change=44
rom_roll_skew_30d=44
spx_252d_rv=43
morning_spx_range_pct=42
entry_bid_ask_spread=39
days_until_next_pce=38
iv_at_strike_minus_atmf_x_VIX_VIX9D_spread=38
VIX_5d_pct_change=36
prior_day_strategy_drawdown_max_5d=35
vix_z_60d=34
VIX_21d_pct_change=33
iv_at_strike_minus_atmf_wd_rank=33
morning_vix_change=33
gamma=32
morning_atmf_iv_pct_change=31
spx_realized_skew_21d=31
theta_x_atmf_iv_5dte_percentile_252d=30
iv_term_slope_5d_30d=29
morning_spx_rv_annualized=29
spx_1d_returns=29
vix_pcr_21d_avg=27
spx_10d_returns=25
spx_5d_returns=25
VIX_VIX9D_spread=24
jobless_claims=24
gamma_x_dte=22
entry_bid_ask_spread_pct_wd_rank=10
win_rate_30d=10

parameters:
[boosting: gbdt]
[objective: lambdarank]
[metric: ndcg]
[tree_learner: serial]
[device_type: cpu]
[data_sample_strategy: bagging]
[data: ]
[valid: ]
[num_iterations: 2000]
[learning_rate: 0.0429769]
[num_leaves: 32]
[num_threads: 4]
[seed: 20260831]
[deterministic: 1]
[force_col_wise: 0]
[force_row_wise: 0]
[histogram_pool_size: -1]
[max_depth: -1]
[min_data_in_leaf: 85]
[min_sum_hessian_in_leaf: 0.001]
[bagging_fraction: 0.712681]
[pos_bagging_fraction: 1]
[neg_bagging_fraction: 1]
[bagging_freq: 2]
[bagging_seed: 14268]
[bagging_by_query: 0]
[feature_fraction: 0.953091]
[feature_fraction_bynode: 1]
[feature_fraction_seed: 16877]
[extra_trees: 0]
[extra_seed: 18694]
[early_stopping_round: 0]
[early_stopping_min_delta: 0]
[first_metric_only: 0]
[max_delta_step: 0]
[lambda_l1: 0.463796]
[lambda_l2: 0.00243385]
[linear_lambda: 0]
[min_gain_to_split: 0]
[drop_rate: 0.1]
[max_drop: 50]
[skip_drop: 0.5]
[xgboost_dart_mode: 0]
[uniform_drop: 0]
[drop_seed: 5741]
[top_rate: 0.2]
[other_rate: 0.1]
[min_data_per_group: 100]
[max_cat_threshold: 32]
[cat_l2: 10]
[cat_smooth: 10]
[max_cat_to_onehot: 4]
[top_k: 20]
[monotone_constraints: ]
[monotone_constraints_method: basic]
[monotone_penalty: 0]
[feature_contri: ]
[forcedsplits_filename: ]
[refit_decay_rate: 0.9]
[cegb_tradeoff: 1]
[cegb_penalty_split: 0]
[cegb_penalty_feature_lazy: ]
[cegb_penalty_feature_coupled: ]
[path_smooth: 0]
[interaction_constraints: ]
[verbosity: -1]
[saved_feature_importance_type: 0]
[use_quantized_grad: 0]
[num_grad_quant_bins: 4]
[quant_train_renew_leaf: 0]
[stochastic_rounding: 1]
[linear_tree: 0]
[max_bin: 255]
[max_bin_by_feature: ]
[min_data_in_bin: 3]
[bin_construct_sample_cnt: 200000]
[data_random_seed: 4795]
[is_enable_sparse: 1]
[enable_bundle: 1]
[use_missing: 1]
[zero_as_missing: 0]
[feature_pre_filter: 1]
[pre_partition: 0]
[two_round: 0]
[header: 0]
[label_column: ]
[weight_column: ]
[group_column: ]
[ignore_column: ]
[categorical_feature: ]
[forcedbins_filename: ]
[precise_float_parser: 0]
[parser_config_file: ]
[objective_seed: 5797]
[num_class: 1]
[is_unbalance: 0]
[scale_pos_weight: 1]
[sigmoid: 1]
[boost_from_average: 1]
[reg_sqrt: 0]
[alpha: 0.9]
[fair_c: 1]
[poisson_max_delta_step: 0.7]
[tweedie_variance_power: 1.5]
[lambdarank_truncation_level: 5]
[lambdarank_norm: 1]
[label_gain: 0,1,3,7,15]
[lambdarank_position_bias_regularization: 0]
[eval_at: 1,3]
[multi_error_top_k: 1]
[auc_mu_weights: ]
[num_machines: 1]
[local_listen_port: 12400]
[time_out: 120]
[machine_list_filename: ]
[machines: ]
[gpu_platform_id: -1]
[gpu_device_id: -1]
[gpu_device_id_list: ]
[gpu_use_dp: 0]
[num_gpu: 1]

end of parameters

pandas_categorical:[]
