tree
version=v4
num_class=1
num_tree_per_iteration=1
label_index=0
max_feature_idx=37
objective=lambdarank
feature_names=VIX_21d_pct_change VIX_5d_pct_change VIX_VIX9D_spread VVIX_5d_pct_change atmf_iv_1dte_1000 days_until_next_pce entry_bid_ask_spread entry_bid_ask_spread_pct entry_bid_ask_spread_pct_wd_rank entry_log_premium gamma gamma_x_dte gamma_x_morning_spx_rv_annualized iv_at_strike_minus_atmf iv_at_strike_minus_atmf_wd_rank iv_at_strike_minus_atmf_x_VIX_VIX9D_spread iv_term_slope_5d_30d jobless_claims leverage morning_atmf_iv_pct_change morning_spx_directionality morning_spx_range_pct morning_spx_rv_annualized morning_vix_change prior_day_strategy_drawdown_max_5d rom_roll_skew_30d rom_roll_std_30d spx_10d_returns spx_1d_returns spx_252d_rv spx_5d_returns spx_realized_skew_21d theta theta_x_atmf_iv_5dte_percentile_252d vega vix_pcr_21d_avg vix_z_60d win_rate_30d
feature_infos=[-0.52839210998206809:4.8438162544169607] [-0.46669080376538741:1.6965317919075145] [-28.090000000000003:6.4700000000000024] [-0.32030341620065339:0.85349160517591693] [0.03730083401571016:1.1291745036510505] [0:44] [0.049999999999999822:30] [0.0053050397877982946:1.9748427672955975] [1:8.5] [-2.0794415416798357:4.4502692247701292] [0.00033523060713275678:0.072209098383669706] [0:0.033556061189271305] [0.00050198565975699322:0.029708705204148592] [-0.040643324853528728:0.35516611695907097] [1:8.5] [-6.5795764598266988:0.58289359397191487] [-0.50666580450779986:0.067287322754047196] [152144:6161268] [12.51586456957032:1073.1554712918908] [-0.33382759238393778:0.8768424828297523] [-0.99475890985327808:0.99778270509972999] [0.00070837031052892977:0.047613469070574892] [0.17917490989228085:8.150433863579746] [-17.640000000000001:24.859999999999999] [0:30374.000000000073] [-5.4772255750516701:5.0258428426019996] [7.1417041269969607e-17:24.825182971967418] [-0.23386323847009061:0.19052471618843292] [-0.11984050283657066:0.093827657101993367] [0.067700138624190859:0.34896258123526319] [-0.1796662632195084:0.17397425583266291] [-3.020948396923655:1.8366420072588208] [-7697.42948726533:-96.192032199531141] [-7575.2480668325461:0] [10.153572579096968:166.46298008069991] [0.33857142857142858:1.6957142857142857] [-2.0836522372647459:6.9859947436689716] [0.46666666666666667:1]
tree_sizes=6043 6028 6026 6051 6029 6025 6003 6016 6038 6038 6034 6026 6060 6027 6057 6048 6027 6037 6058 6034 6053 6048 6055 6045 6054 6044 6059 6069 6053 6053 6074 6047 6040 6046 6016 6002 6040 6076 6063 6050 6047 6044 6076 6019 6000 6012 6024 6065 6060 6063 6067 6049 6062 6051 6026 6084 6065 6077 6047 6062 6058 6075 6090

Tree=0
num_leaves=55
num_cat=0
split_feature=9 34 14 14 9 0 29 20 28 31 1 17 19 12 23 23 7 20 19 18 9 20 17 28 15 19 19 23 18 0 20 29 3 21 12 3 31 23 31 1 3 8 30 25 10 22 3 12 3 35 23 28 12 1
split_gain=291.915 28.0363 15.9505 15.681 13.8516 7.68216 7.04206 5.78924 4.92098 5.28603 4.6905 4.66941 4.57563 4.47353 5.29182 4.35838 4.26608 4.11835 3.79289 4.41799 6.07401 6.60915 3.98456 3.95309 4.69503 3.77511 4.3362 3.77246 3.38623 5.93385 2.99899 2.89073 4.02378 2.82848 2.77808 2.71491 2.77623 2.70082 2.67473 2.58171 4.79234 4.2026 3.9437 3.23011 3.4101 3.22059 2.50312 2.94519 2.70025 3.06618 2.53641 3.37854 2.56251 2.40858
threshold=1.2563217023798001 126.88226938242779 5.7500000000000009 4.2500000000000009 -0.88597842096593749 0.43453225291677028 0.10323515270873516 0.51990633664221153 0.011188215314322571 0.5067981794903722 0.28662889451115942 3844184.5000000005 -0.039258944405954226 0.0049320727052024607 -0.19500000000000026 1.5799999999999994 0.11111111111111117 -0.19407119741097437 0.12822064429074156 352.99591991688732 -0.37485876602416973 0.26557404710004712 214339.50000000003 -0.010314134250953009 -0.086793165766239175 -0.020450313575615772 0.026885516200284679 -0.94000000000000028 470.03405979537632 -0.060876987882499282 -0.81106302890430315 0.11723539683783388 -0.0092677294020219163 0.0036629908816679323 0.0031012825495234167 0.012403898746714772 -0.82302698090126281 -0.48999999999999927 1.0000000180025095e-35 -0.063463326465832234 -0.037816687196857372 6.7500000000000009 0.022848895250279447 -2.6277904682110127 0.0031222570083377786 0.97858096983154719 -0.023883023089714902 0.015309986226855784 -0.096584794082666889 0.99452380952380948 -0.069999999999999382 0.0014207109142110321 0.012897319683517211 0.038046439232970027
decision_type=8 8 2 2 10 2 2 2 2 2 2 2 8 8 2 2 10 2 8 10 10 2 2 2 10 8 10 2 10 2 2 2 2 2 10 2 2 2 2 2 2 2 2 10 10 2 2 10 2 2 2 2 10 2
left_child=2 3 16 5 7 11 -6 12 9 18 13 17 -4 14 -3 -12 27 30 19 20 21 22 -8 33 -25 -7 -27 -1 -21 -30 -2 32 -15 -22 -10 36 -29 -38 -39 42 41 -41 -26 -42 -45 -44 48 -48 -19 50 52 -52 -50 -33
right_child=1 10 4 -5 6 25 8 -9 34 -11 15 -13 -14 31 -16 -17 -18 46 -20 28 23 -23 -24 24 39 26 -28 35 29 -31 -32 53 -34 -35 -36 -37 37 38 -40 40 43 -43 45 44 -46 -47 47 -49 49 -51 51 -53 -54 -55
leaf_value=0.031335090044767117 0.0047886849901767363 -0.045770464072253728 -0.010426705603050238 0.005254071974324221 -0.014071978263861527 0.035943333958058987 -0.008288925734272928 -0.038372095857090893 0.059228998059652059 0.050524607358612438 0.017048238016876067 0.046111395006146715 0.03305450951511104 0.00041521958711873317 0.062911960841600709 -0.043264182508988433 0.027360475298071032 -0.032495025431976354 0.063477329092771248 0.045105603891460656 0.0094157640822402338 -0.028029050158489138 0.036996812483788201 -0.027409527380353706 0.048527263345861271 -0.052398193153712282 0.027267372354513524 -0.044772642763127174 0.045282310593317505 -0.016067587863770383 -0.044135706345537595 -0.056932604463824983 -0.050825023668926037 0.04896824303645398 0.029197492376288568 -0.026047956139957643 -0.02236623364109528 0.03344170294942047 -0.0050222778588323571 0.029284458214399692 0.031236363983995943 -0.029654028160159381 -0.00030475066609549143 -0.031433710339120256 0.026560854779255041 0.048099622892049901 -0.033859397728294958 0.0085336036410630783 -0.035028825492748612 0.046828201668444897 -0.010249654779537565 0.060936700365398264 0.024651691590981132 -0.042053763889612086
leaf_weight=3.2959701051004293 1.6560080945491815 1.1958265970461073 6.0982090160250664 24.232102918438613 3.7740090545266858 3.3034803019836545 3.8023163191974145 3.8530774004757395 15.062568813562395 18.37428545858711 2.7026422042399636 0.91582080721855064 6.005599629133938 3.3448241278529167 0.91289716912433405 3.2498650141060352 7.277324062306433 5.9184793056920197 4.1498417025431982 28.919899353757501 2.7542371088638857 5.1888890378177157 6.7266506664454937 2.0696153119206349 12.756334156729276 1.8398999818600708 1.4795721694827078 1.4301547780633033 4.4623324563726783 3.4864462343975893 28.994245705194771 52.097253513988107 4.5202561430633059 15.874883192591367 5.7372513534501186 7.5656487066298714 3.0536907124333146 4.9020839622244115 4.183609448838979 2.3629328813403765 26.235544158145785 3.9822821579873562 5.1741538690403095 2.2768465280533148 2.7048392156139016 2.525401015765965 27.649466562899768 2.2028989996761075 4.8286545956507325 1.2878310866653908 2.5107602425850879 1.1572226982098071 1.041741316206753 21.209385411348194
leaf_count=130 73 44 51 849 61 122 31 28 131 250 38 41 49 48 35 58 263 213 40 393 38 46 49 24 208 76 56 37 63 54 937 794 69 197 147 296 99 204 137 55 437 64 100 22 61 25 907 62 194 45 92 47 30 370
internal_value=-0.000602959 -0.0321454 0.0270597 -0.0199946 0.0308799 -0.0272103 0.0337225 -0.000902768 0.0347638 0.0325178 -0.0469496 -0.0303296 0.0112286 -0.0491362 0.00192567 -0.0160248 0.00361508 -0.0312963 0.0300385 0.028933 0.0247932 0.00453034 0.0207038 0.0288264 0.0242999 0.00948331 -0.0170838 -0.00353415 0.0394367 0.0184883 -0.0414803 -0.0504654 -0.0292821 0.0432104 0.0511321 -0.00910118 0.000457197 0.00612062 0.0158513 0.0261912 0.0205372 -0.00756736 0.0364154 0.0262607 -1.09694e-05 0.015964 -0.0245198 -0.0307078 -0.0133619 -0.00268631 -0.009804 0.0131874 -0.0241764 -0.052693
internal_weight=424.318 198.251 226.067 109.018 194.358 84.7861 178.402 15.9569 174.628 153.828 89.233 78.1631 12.1038 83.2804 2.10872 5.95251 31.7085 77.2473 135.453 131.304 94.4349 15.7179 10.529 78.7171 60.0879 6.62295 3.31947 24.4312 36.8687 7.94878 30.6503 81.1717 7.86508 18.6291 20.7998 21.1352 13.5695 12.1394 9.08569 58.0183 37.5624 6.34522 20.4559 31.2172 4.98169 7.69955 46.5971 29.8524 16.7447 10.8262 9.53838 3.66798 5.8704 73.3066
internal_count=8990 5200 3790 3744 2624 2895 2496 128 2435 2157 1456 2641 100 1360 79 96 1166 2600 1907 1867 1357 126 80 1231 996 254 132 903 510 117 1010 1281 117 235 278 773 477 440 341 972 639 119 333 520 83 125 1590 969 621 408 363 139 224 1164
is_linear=0
shrinkage=0.0356217


Tree=1
num_leaves=55
num_cat=0
split_feature=13 14 7 32 14 14 36 4 20 32 20 10 32 11 27 13 17 29 31 16 30 26 1 21 26 32 12 36 2 7 17 7 30 22 28 32 5 20 29 27 26 27 23 29 25 1 25 31 21 32 20 31 12 31
split_gain=753.287 128.447 99.0726 44.5217 35.9377 31.4862 28.9421 29.8896 20.1811 18.4469 16.5016 14.8517 15.3675 14.4695 14.3368 14.242 14.1543 13.8585 13.9611 15.6006 25.8635 20.644 13.2022 12.8484 12.4906 12.6336 14.1706 12.3135 11.7749 13.3556 11.423 13.7777 12.0478 19.6199 29.5491 13.8652 11.2295 11.0824 11.0358 10.9637 10.7583 10.3407 10.3033 10.1383 10.2766 11.2725 10.8636 11.517 10.0685 13.5921 15.5 9.99291 9.94592 16.438
threshold=0.0017125506708097692 6.7500000000000009 0.014201203320896768 -209.86520500711239 3.2500000000000004 3.7500000000000004 -0.21397304138062087 0.20625570123882725 0.61935609252336776 -660.29437572665222 0.87318888517204896 0.0087124574934524471 -334.64413981589365 0.011337195372903374 0.061144136738823358 0.027743112056292461 1483992.5000000002 0.11313077126346739 -0.8419975205982263 -0.01445310036268038 -0.019622353064533523 5.1951199998022162 -0.061223715092645174 0.0014945879392712161 2.4315420533094971 -1402.2314630749668 0.013474498369861976 1.4684678022808535 2.2650000000000001 0.11111111111111117 869382.00000000012 0.14246682279469172 -0.0013881649812342853 1.0390985293202666 -0.0042883179632552384 -373.83214649951918 12.500000000000002 0.066289895736999116 0.12627804025733561 0.0062703822410739027 2.6930594547520572 0.032944948885277332 4.5000000000000009 0.14572029895153821 -2.1891313652955326 -0.10564574855645752 -5.3351538447101818 -1.334951439356441 0.002361242044245775 -825.44527811270018 -0.39801968550942018 -0.82302698090126281 0.0096422896968941796 0.30592833413198889
decision_type=10 2 10 10 2 2 2 2 2 10 2 10 10 10 2 8 2 2 2 10 2 10 2 2 10 10 10 2 2 8 2 10 2 2 2 10 2 2 2 2 10 2 2 2 10 2 10 2 2 10 2 2 10 2
left_child=2 4 6 10 14 9 -1 8 27 16 11 17 -13 23 22 -5 36 -3 -19 20 -20 40 52 -6 25 26 -24 41 29 -11 32 -32 33 35 -35 -21 -4 -37 -29 -34 -22 -8 43 44 46 -46 -25 -48 51 50 -50 -49 53 -2
right_child=1 3 5 15 13 -7 7 -9 -10 28 -12 12 -14 -15 -16 -17 -18 18 19 30 21 -23 24 42 -26 -27 -28 38 -30 -31 31 -33 39 34 -36 37 -38 -39 -40 -41 -42 -43 -44 -45 45 -47 47 48 49 -51 -52 -53 -54 -55
leaf_value=-0.057493976413405853 -0.021143685546640683 0.0035997249660482699 -0.040514933184868443 -0.040288149791744686 -0.022622355599106032 0.012916149571197966 -0.045497534510981145 -0.063564862026927571 0.0017049725217541997 -0.023888855316113872 -0.0074577847136455232 -0.012182219035520697 0.037847645871528973 0.046247588364400509 0.034910630927025524 0.023173111163095259 0.032441352522001719 0.048813250523169038 0.044793209234417458 0.043246772551296976 -0.00069174441665068877 -0.033956021388896383 -0.036608841988592961 0.04797557965272644 0.012161183119487225 0.0003392826949035711 0.018256382511965766 0.013079362679093775 0.04802804961852198 0.04051099694987044 0.035413086985292906 -0.017981707641801438 0.056119199440474637 0.035954183806683006 -0.035089265055616374 0.0368058093057421 -0.016757820493652754 -0.013880299641979803 -0.038157155854792985 0.036479365786061688 0.043924159223894484 -0.0055030470031372765 -0.026552755904357902 0.016007463294767557 -0.0032890020278345438 0.052577211383492736 0.044511708214053959 -0.036729285281218667 -0.023493937747053648 -0.026466589524924273 0.01351300116105358 0.023842745674759191 -0.043576536275534518 0.06419310097870172
leaf_weight=169.45307036582381 27.563881779089574 20.683268383145332 66.849591664969921 15.552211228758095 15.62407476082444 41.186027413234115 73.611737564206123 39.615401055663824 23.482049969956279 16.964293049648411 14.722272679209707 19.881455041468143 12.672793600708244 13.556254141032694 9.0974109806120378 6.2112935483455685 4.496561497449874 64.927265085279942 24.316268982365727 64.560901204124093 17.250716852024201 15.454437730833886 32.825717465952039 5.8597787879407397 39.477827027440071 48.406677829101682 7.2284301891922942 11.473346047103407 5.8153008706867686 5.2747976295649996 12.997832193970682 11.439801283180712 46.298306966200471 15.141609307378532 14.39293300360441 10.358758654445412 40.931169210933149 11.396998077630995 9.8053440675139409 171.62875457946211 11.272634781897066 9.2738997191190702 9.3408207874745113 223.92035144846886 7.9079718999564674 10.747272701002656 6.5549622084945431 3.9374557510018375 21.62829174939543 35.629532858729362 42.257116757333279 24.145550357177854 22.440178841352463 3.0970460250973693
leaf_count=573 266 64 502 64 72 241 258 136 58 114 37 61 38 111 57 32 31 214 105 213 49 55 277 49 361 463 51 30 50 25 50 37 163 53 39 28 350 34 40 586 40 24 70 1554 50 90 48 22 139 188 308 178 207 35
internal_value=0.000183808 0.0157674 -0.0356684 0.0277561 0.00436578 -0.0144434 -0.0471023 -0.0365455 -0.0281156 -0.0224777 0.0297014 0.0307073 0.00734489 0.0101691 -0.00848501 -0.022146 -0.0289287 0.0321904 0.0333924 0.0310336 0.0153944 -0.000921932 -0.0106846 0.00895763 -0.00447784 -0.0119105 -0.0266828 -0.0348348 0.00334534 -0.0084942 0.0340097 0.0104399 0.0357312 0.0264006 0.001326 0.034967 -0.0315182 0.010304 -0.0105913 0.0406763 0.017027 -0.0410365 0.0102224 0.0111274 0.00423358 0.0289957 0.00091484 -0.00117376 -0.00355494 -0.00887164 0.00096478 0.0152444 -0.0255993 -0.0123382
internal_weight=1710.64 1192.41 518.233 581.161 611.247 181.518 336.715 167.262 127.646 140.332 559.397 544.675 32.5542 421.109 190.137 21.7635 112.277 512.12 491.437 426.51 68.2941 43.9778 181.04 407.553 127.939 88.4608 40.0541 104.164 28.0544 22.2391 358.216 24.4376 333.778 115.851 29.5345 86.3167 107.781 21.7558 21.2787 217.927 28.5234 82.8856 391.929 382.588 158.668 18.6552 140.013 134.153 127.598 99.5149 63.8854 28.083 53.1011 30.6609
internal_count=8990 6558 2432 1962 4596 1313 1119 546 410 1072 1866 1829 99 2879 1717 96 883 1730 1666 1452 249 144 1660 2768 1152 791 328 352 189 139 1203 87 1116 367 92 275 852 62 70 749 89 282 2696 2626 1072 140 932 883 835 635 447 200 508 301
is_linear=0
shrinkage=0.0356217


Tree=2
num_leaves=55
num_cat=0
split_feature=9 11 10 10 36 29 32 0 9 21 36 32 7 30 0 5 16 30 29 21 5 28 2 32 32 20 0 32 32 23 31 3 3 3 10 21 23 6 3 6 9 31 32 2 23 37 20 0 17 27 31 3 0 0
split_gain=496.602 139.178 30.2494 27.2537 23.2827 21.1685 20.2366 19.7179 18.6284 15.0353 18.0726 21.8084 18.4808 17.9647 14.6203 14.4242 13.6203 13.6219 22.8371 13.2199 15.9288 13.1773 13.9246 13.402 17.7609 12.9034 14.9919 12.4259 12.2345 12.7804 13.6801 11.7943 11.7253 11.6649 11.6601 11.4241 11.3506 11.1177 11.335 11.9806 10.8275 10.782 10.7564 10.7043 10.5946 10.7003 12.8522 10.3984 10.3861 11.5003 11.2372 10.7106 10.6452 10.3104
threshold=1.3800049700164607 0.017419332363119877 0.0031222570083377786 0.010272264950325767 -0.21397304138062087 0.12572876411519901 -209.86520500711239 0.43453225291677028 0.60838281306234432 0.0040201182226034743 -1.3484837261976266 -386.08022128277344 0.089674078586658587 0.012453382542490845 -0.40239575956310164 12.500000000000002 0.0086790781541993562 0.0099503225100338061 0.12245780551995288 0.0044593086798316948 7.5000000000000009 0.0091320780218812087 -0.49000000000000016 -572.7139094991054 -549.80519001639232 -0.25404839359745612 -0.075390682208974921 -479.32808369320816 -403.04753852701919 -1.0099999999999987 -0.10068789471095636 0.021667198657800871 -0.045888114859210953 0.022573703352133049 0.0046540985292419781 0.002546998317856371 -0.36000000000000026 0.19999999999999987 0.0041524012633272775 0.10000000000000007 -0.62109700857306671 -0.75334439283483079 -1240.4028997618868 1.4500000000000004 0.51000000000000079 0.95000000000000007 -0.0083207294319840291 -0.15159271113687381 814092.50000000012 -0.045764786088564539 -1.1328728445379974 -0.10229909737248381 3.1283007637974536 -0.14885118281552537
decision_type=8 8 10 10 2 2 10 2 10 2 2 10 10 2 2 2 8 2 2 2 2 2 2 10 10 2 2 10 8 2 2 2 2 2 10 2 2 10 2 10 10 2 10 2 2 10 2 2 2 2 2 2 2 2
left_child=2 3 21 48 -3 16 8 15 9 10 11 31 41 32 -10 -5 17 18 -6 20 -7 23 -23 -1 -25 -17 35 -26 29 30 -16 -4 -14 37 -34 -27 47 38 39 -31 -38 -12 -41 -28 45 -29 -47 -15 49 52 -50 -52 -2 -36
right_child=1 4 6 7 5 19 -8 -9 14 -11 12 -13 13 36 28 25 -18 -19 -20 -21 -22 22 -24 24 27 26 43 44 -30 33 -32 -33 34 -35 53 -37 40 -39 -40 42 -42 -43 -44 -45 -46 46 -48 -49 50 -51 51 -53 -54 -55
leaf_value=0.038049491194474996 0.020881463169720598 -0.055616303715635265 0.032168153642568878 -0.032454138337504594 -0.052635956132380791 0.010682033040941463 -0.026761519974527682 0.036617738593952238 -0.042852523932681262 0.038377086454923943 -0.017493480216067524 0.066441812726007715 -0.0057052162732871064 -0.017221198192350535 0.010861366049624177 -0.034394028838254556 -0.051813836096007107 0.031626272500382399 0.021806518112736144 -0.054617716172155634 -0.045561445936816401 0.0091307619403573955 0.05708365608373165 -0.021195068835352434 0.042244979479991063 0.066932545824395645 0.0027747030761957436 -0.030028171362120614 0.054441828677140494 -0.017092225968745947 0.050055972894869009 -0.023841277218503331 0.04670058437383192 0.016774456728957225 0.045136328394843828 0.0054116577951382056 -0.044062203595458385 -0.013568479088269024 -0.024461623113403753 -0.032843164847696775 -0.0044106082836332132 0.035763504238871195 0.028844502305966725 -0.048542118751326441 0.037511658506286426 0.044065101486476049 -0.0067274524738774382 0.036374590550865379 -0.02230146183665787 -0.0093505791262165697 -0.031567810802423699 0.03465085241460468 -0.030643100430245849 0.0058340710812570876
leaf_weight=71.301062783226371 31.695528727024794 118.09800249896944 15.830332752317192 91.978746517561376 11.070488288067287 10.462074353359641 13.904423236846922 7.102109868079423 6.5129424184560767 60.670682018622756 5.236394762992858 20.183113645762205 21.755427698604763 7.8499475419521358 29.821709366515279 17.841197004541755 8.4658069927245361 10.569678571075199 9.7481572777032834 50.926406524609774 16.171078683808446 9.6327151246368867 38.895701378583908 12.888163231313227 29.159495148807764 5.9054890051484135 13.135261766612532 9.4293518178164941 7.805713787674903 11.713771142065523 18.181622115895152 6.7224406804889432 20.535010458901525 69.994822330772877 10.839028522372244 10.645636718720196 14.467657607048748 53.615322886966169 11.123868918046353 3.8548931516706864 21.927296213805676 53.604462215676904 39.914531130343683 8.3765135593712312 15.515796352177857 10.600346378982064 15.382026467472318 10.808578491210936 7.5521261654794207 148.97660611476749 3.4616380613297251 24.642075289040804 5.9639218226075164 37.755926083773375
leaf_count=253 323 586 80 1012 46 50 93 55 39 306 33 68 95 41 224 184 43 26 30 226 80 38 112 31 81 44 157 31 69 89 115 26 71 568 60 141 44 429 80 26 103 298 304 91 52 39 45 35 67 1399 32 195 27 198
internal_value=0.00109349 -0.0229519 0.0198066 -0.00953395 -0.044433 -0.0331455 0.0155525 -0.0209949 0.0166066 0.022484 0.0185738 0.0396265 0.0141623 0.00735603 0.00942749 -0.0237857 -0.0119997 -0.00112605 -0.0178337 -0.0439798 -0.0235045 0.0312803 0.0476067 0.0264304 0.017487 -0.00948831 0.00224107 0.0237326 0.0108289 0.00937701 0.025783 0.0154346 0.0170767 0.00522459 0.0242464 0.0276418 -0.00869039 -0.00150691 0.00820546 0.0147899 -0.0202546 0.0309997 0.0233455 -0.0173324 0.0130679 0.00227789 0.0140784 0.0138459 -0.00153666 -0.00490442 0.0160515 0.0264059 0.0126581 0.0146782
internal_weight=1400.22 612.789 787.435 377.277 235.512 117.414 574.63 154.985 560.725 308.186 247.516 42.7359 204.78 145.939 252.539 147.883 39.8541 31.3883 20.8186 77.5596 26.6332 212.805 48.5284 164.276 92.9752 55.9041 38.0629 80.087 246.026 238.221 48.0033 22.5528 90.8854 190.217 69.13 16.5511 55.0535 120.222 66.6071 55.4832 36.395 58.8409 43.7694 21.5118 50.9275 35.4117 25.9824 18.6585 222.292 186.636 35.6558 28.1037 37.6595 48.595
internal_count=8990 4814 4176 3727 1087 501 3494 1684 3401 1458 1152 174 978 647 1943 1629 145 102 76 356 130 682 150 532 279 617 433 248 1904 1835 339 106 424 1496 329 185 223 928 499 419 147 331 330 248 167 115 84 76 2043 1749 294 227 350 258
is_linear=0
shrinkage=0.0356217


Tree=3
num_leaves=55
num_cat=0
split_feature=34 6 6 32 0 20 16 12 10 18 25 34 21 20 33 32 36 26 8 15 19 33 16 12 32 20 36 22 0 30 18 3 8 30 29 25 12 32 31 10 19 11 24 35 20 8 29 30 16 16 3 21 34 32
split_gain=413.097 58.8724 37.001 30.7826 20.2134 19.3127 18.3905 17.8669 15.7975 15.7934 14.906 14.5957 14.2094 14.158 12.4836 20.5724 12.4372 22.2496 11.7387 15.1892 11.0935 10.9534 17.5193 14.7323 10.7251 13.7115 10.0959 14.3735 9.81237 9.68898 9.62099 9.93158 9.54718 9.44602 9.37492 13.8537 10.19 9.49855 10.7452 10.4559 9.33072 8.46078 8.26052 10.4884 14.2506 8.15008 8.13149 11.6844 12.1949 8.86145 7.87894 7.85179 8.15667 9.16451
threshold=84.078934279103166 0.92500000000000115 0.20000000000000001 -254.37982441752794 0.58409687942034016 -0.0083207294319840291 -0.028834365532035885 0.0051990004119700011 0.0088444342956023516 131.90390284599513 -2.6569770762032845 133.03309626766659 0.0035517676207647343 0.57065161733142011 -219.20214523315576 -347.08223084780235 -1.3625568760730558 1.655723549630212e-16 1.7500000000000002 -0.0014190112618798721 -0.19269750593650739 -409.54715541309355 -0.019759289036307772 0.0017976171441889172 -1299.6975284650828 0.23230133211714982 -0.21397304138062087 1.0248060143659912 0.6055757688839134 -0.0077126905095496459 95.737214612134878 0.040774803011513379 2.2500000000000004 0.0015438896871026178 0.1486022021921358 -5.4734878124967858 0.0031874113652108752 -439.49365720107846 -0.58365554471280612 0.0025252568236922173 -0.061440583295698452 0.009765519996691804 3295.4999999999859 0.80880952380952398 0.55757474507474147 3.2500000000000004 0.11751945980398647 -0.011615784986530873 0.021644879035000734 0.0032077236089099741 0.018826214288250823 0.0036629908816679323 61.446122294254572 -321.63680769589041
decision_type=8 8 10 10 2 2 10 10 10 10 10 10 2 2 10 10 2 10 2 10 10 10 10 10 10 2 2 2 2 2 10 2 2 2 2 10 8 8 2 10 10 10 10 2 2 2 2 2 10 10 2 2 10 10
left_child=2 7 3 8 26 18 -6 41 14 11 50 12 -9 20 15 21 -5 -18 19 -4 -10 40 -23 -24 25 -12 -3 46 30 -26 -14 -32 -15 -34 36 -36 -25 38 -37 -40 -1 -2 -11 44 45 -44 -28 49 -49 -48 -7 52 53 -16
right_child=1 4 5 16 6 10 -8 9 13 42 24 -13 28 32 51 -17 17 -19 -20 -21 -22 22 23 34 29 -27 27 -29 -30 -31 31 -33 33 -35 35 37 -38 -39 39 -41 -42 -43 43 -45 -46 -47 47 48 -50 -51 -52 -53 -54 -55
leaf_value=0.049538690016851142 -0.0017259690438682642 -0.051634722584429138 0.030134021014028765 0.041187133675737841 -0.044559229910002884 0.015033984244076853 0.038250712368247723 0.059735926126274159 -0.03862053875939489 -0.030439246973830804 0.030966195294210051 -0.050143153569779671 -0.035222197515360827 0.036080029540634322 0.036766415364943711 -0.036224537043286757 0.030388585593184712 -0.045615689691906137 0.00012468337769050954 -0.052181292782893123 0.022359437126520641 -0.037766470644100263 0.048705435452942057 0.055120194550094551 0.037315762055497484 -0.043149142495477695 -7.097621260085926e-05 -0.056117802112447081 0.050797623943764025 -0.0022790167915377338 0.028884597352956048 -0.022399478991250128 0.024423343624792499 -0.030143107914802569 -0.031614179357303873 -0.035363775333763323 -0.0040805521506011681 0.05794996880547152 -0.028195928970727889 0.03348831040481394 0.025163005232969594 0.039828296656380081 -0.048240103323199529 0.04641547394528589 0.039440978801272022 0.0050491579963576599 -0.029138647830337656 -0.05303562248754002 -0.0044042163731528548 0.026909345663421732 0.036765086027068919 0.046003380162044652 -0.00029985275406258107 0.011361719581579941
leaf_weight=26.038237204775214 46.660978762432933 96.246036814525723 3.6556652337312689 4.2755154212936786 6.0235120691359043 50.545815226621926 7.5596352070569974 5.3804719466716042 3.8723678663372985 104.45066037587821 4.2047840636223581 6.6595897227525702 11.060357201844456 4.8101033233106163 100.61216473206878 7.477354295551776 6.7351355794817236 17.159675650298595 118.5765981907025 11.869882863946257 84.530896555632353 7.5334354303777209 16.31620254740119 10.050996158272024 11.744561100378631 12.01740228012204 12.635856583714483 28.581239168532193 3.8469311054795972 23.156815395690501 10.779911916702988 8.4653142616152746 5.0398489255458143 18.673294201493263 11.493559457361693 6.1718325912952414 5.7678830614313492 5.1121458783745828 4.5267647951841417 14.177832100540398 86.955315495841205 7.0711313821375361 11.853086080402145 3.7621908886358133 4.3669326063245526 5.2047685850411645 8.0228741290047747 29.471865825355053 8.4358757995069009 6.3001439999788991 36.691939929500222 52.178694751113653 10.633002609014509 22.10608508810401
leaf_count=144 480 570 31 25 55 381 22 46 12 1350 28 69 117 35 402 28 38 130 997 104 717 23 53 45 79 111 48 196 35 182 111 84 42 110 48 21 41 16 17 96 497 51 137 47 59 61 50 159 38 25 325 244 60 98
internal_value=0.0015193 -0.0265388 0.0166128 0.0220774 -0.0404969 0.00593322 0.00145949 -0.0141659 0.0241028 -0.0196571 0.0152653 -0.00176283 0.00648902 0.0126099 0.0275693 0.0214109 -0.0141164 -0.0241488 -0.00369827 -0.0327204 0.0196459 0.023649 0.0136361 0.0189425 -8.02341e-06 -0.0238569 -0.0435013 -0.0350764 -0.00204478 0.0111089 -0.00890254 0.00631915 -0.00918431 -0.0184854 0.0103948 0.00146929 0.0336343 0.0142171 0.0050278 0.018481 0.0308203 0.00380339 -0.0260257 -0.00766874 -0.0173446 -0.0320363 -0.0257307 -0.0319234 -0.0422575 -0.00445872 0.0242074 0.0342458 0.0296131 0.0322043
internal_weight=1237.55 432.839 804.712 532.248 203.277 272.463 13.5831 229.562 504.078 175.83 138.361 46.1926 39.533 116.927 387.152 201.622 28.1703 23.8948 134.102 15.5255 88.4033 194.144 81.1507 73.6172 51.1236 16.2222 189.694 93.4479 34.1525 34.9014 30.3056 19.2452 28.5232 23.7131 57.301 41.4821 15.8189 29.9886 24.8764 18.7046 112.994 53.7321 129.638 25.187 21.4248 17.0579 64.8666 52.2308 37.9077 14.323 87.2378 185.53 133.351 122.718
internal_count=8990 3810 5180 2942 1163 2238 77 2647 2749 2116 1106 462 393 916 1833 1029 193 168 1132 135 729 1001 360 337 400 139 1086 516 347 261 312 195 187 152 284 198 86 150 134 113 641 531 1654 304 257 198 320 272 197 75 706 804 560 500
is_linear=0
shrinkage=0.0356217


Tree=4
num_leaves=55
num_cat=0
split_feature=34 14 13 0 32 14 3 24 27 32 36 32 36 18 34 21 10 21 22 36 27 20 22 18 24 2 24 27 27 27 20 5 2 9 11 11 0 19 19 31 28 20 3 11 3 13 24 31 18 29 9 34 24 27
split_gain=290.504 69.341 35.1162 20.2032 15.8004 14.5662 13.7836 13.4249 13.298 11.4502 11.9599 11.3831 11.0971 15.6016 13.7695 19.7655 15.0898 10.8733 10.777 10.6189 11.6987 10.5841 17.5783 10.0162 9.65785 9.65779 9.56528 9.5248 20.7229 9.19981 8.8973 9.90766 16.1971 10.9174 8.85886 10.3156 8.69243 8.68472 8.22616 8.01699 7.93282 7.87359 7.29568 7.25558 11.6076 7.34037 7.45167 7.24068 12.8208 18.2746 9.74648 7.18658 7.14704 7.12227
threshold=94.550817680612099 4.7500000000000009 0.0012297505421339924 0.65442904310828853 -209.86520500711239 6.7500000000000009 -0.05970903638709351 2253.0000000000005 -0.045764786088564539 -1026.6071106090305 -0.21397304138062087 -516.20067490824738 -1.2623520509819184 505.86517777184093 20.932585057319926 0.005316126681112106 0.0087723730992642079 0.0015608324145403724 0.3789256797705019 -1.3105943198389463 0.056258098552893439 0.63828350925395549 0.57431978316029808 70.580433943513782 2126.7499999999859 -5.3950000000000005 4465.0000000000191 -0.012731685575352423 -0.0045791972881860646 0.022268049889562217 -0.35505298611682362 13.500000000000002 0.78500000000000025 1.1354181973397328 0.0071293452360591458 0.012426007631196454 -0.17186526687247924 -0.061440583295698452 -0.011593917425604615 0.14566038953531549 -0.0082451942470460598 0.20347973288580481 0.14575955248143271 0.0028234949058728036 0.05435307260718137 0.026619170347515018 1885.5000000000111 -0.39330357503840135 202.19221577215703 0.219692659866008 -0.62109700857306671 67.915163862300446 1274.9999999999893 0.0050055023401882623
decision_type=8 2 10 2 10 2 2 10 2 10 2 10 2 10 10 2 10 2 2 2 2 2 2 10 10 2 10 2 2 2 2 2 2 10 10 10 2 10 10 2 2 2 2 10 2 10 10 2 10 2 10 10 10 2
left_child=1 6 3 9 5 25 7 38 -4 10 -2 19 -7 14 15 -14 23 -6 29 -8 30 27 -23 -16 36 -3 40 -12 -29 -13 -21 33 42 53 -10 39 -11 -18 51 41 -27 -36 -33 45 -45 46 47 -25 49 -49 -50 -1 -40 -32
right_child=2 4 8 -5 17 12 11 -9 34 24 21 18 13 -15 16 -17 37 -19 -20 20 -22 22 -24 43 -26 26 -28 28 -30 -31 31 32 -34 -35 35 -37 -38 -39 52 -41 -42 -43 -44 44 -46 -47 -48 48 50 -51 -52 -53 -54 -55
leaf_value=0.049942328876245681 -0.048449547968176979 -0.032501392703120219 0.048250325577560128 0.01631919711441181 0.030949049790043284 0.038410043605373166 -0.044401798646753671 -0.023899116072956545 -0.019462427842070303 0.032874215268273999 -0.053080426888224098 -0.030156382279384251 -0.022993035757454754 -0.014497735642820413 -0.016864228026271775 0.032516590966023162 -0.049028810950434494 -0.047122759650418733 0.051774493064291792 -0.030671422097845857 0.045389819427772975 0.040764510431533285 -0.033181546102260907 0.040376783353193113 0.036249407494574941 -0.0091595009596844804 0.042474962891110954 0.015045701236333097 -0.038976654686419067 0.031492694405171606 0.059394478354772011 0.045918470140275405 -0.027702154954284609 -0.024387076778038221 0.023312137666098402 -0.04136580122969119 -0.046392075386995177 0.013322438171502419 -0.0080487036107467456 0.057259581231499886 0.014121473916455508 -0.019647736273878398 -0.0114173824142433 0.024535821988169004 -0.028171873585341307 0.036822018180295811 -0.0023384294016602766 -0.048279842782225836 -0.014906480074964035 0.03325726207708754 0.031477092717850708 0.010506865949771684 0.047288469804590366 -0.0022387540972582795
leaf_weight=13.729395219124855 95.385090217925608 5.8620051927864543 4.6419074293225995 9.2868434712290746 3.159729599952696 58.372731661424041 13.489914275705813 11.493243615142999 73.802101440727711 2.2595643457025281 27.350358419120312 7.2833639979362506 18.49138642475009 14.497034028172491 6.3189609423279753 14.378304354846476 5.0308311097323895 7.3932085447013378 6.4868732951581469 27.754694233648479 4.3829701337963334 6.4765267260372665 10.643945533782242 36.604429971426725 4.541484764777123 21.015849972143769 13.40580237098038 11.518121873028575 40.480543413199484 5.1601633168756962 3.1115632448345414 12.225678982213141 8.544728195294736 41.722512867301702 11.773268630728134 5.3504892806522539 6.9111420055851331 6.2555698715150339 16.097620686516169 4.1544563658535472 155.24122123420238 9.8506736066192371 3.599807070568203 20.120507998391989 7.0914675667881957 114.46662937477231 11.948798917233942 7.317434933036564 6.2377083655446759 6.4877043906599283 65.50137653760612 10.314776882529257 3.5242161080241194 9.1365809142589551
leaf_count=120 748 46 64 48 14 246 170 132 942 38 219 50 103 58 28 52 22 85 90 383 32 20 68 181 37 204 140 57 281 42 27 140 133 497 106 81 110 43 177 31 1340 101 29 116 37 510 80 35 25 35 336 168 22 91
internal_value=0.00189816 0.0133884 -0.0265457 -0.034913 0.0193749 0.0201428 -0.00490425 0.0102071 -0.0101204 -0.0372351 -0.0394819 -0.0107414 0.0240461 0.0215745 0.0231818 0.0013089 0.0256305 -0.0236609 0.014925 -0.0146709 -0.0110024 -0.0305725 -0.00512502 0.027247 -0.00572889 0.012166 0.0135637 -0.0360478 -0.0270013 -0.00453154 -0.013374 -0.00721262 0.0116035 -0.0157176 -0.0127476 0.00317872 -0.0267009 -0.0146426 0.0192218 0.0125544 0.0113411 0.00373437 0.0328766 0.0282641 0.0107416 0.0301766 0.0244797 0.0271042 0.0213825 -0.0099866 0.0274267 0.0331448 0.00207141 0.0137598
internal_weight=1127.68 803.257 324.427 214.854 605.199 594.646 198.058 55.1593 109.573 205.567 191.855 142.899 399.121 340.748 326.251 32.8697 293.381 10.5529 18.9304 123.968 110.479 96.4695 17.1205 282.095 13.7122 195.525 189.663 79.349 51.9987 12.4435 106.096 78.3409 24.3702 53.9707 104.931 31.1289 9.17071 11.2864 43.666 25.7784 176.257 21.6239 15.8255 275.776 27.212 248.564 134.097 122.149 85.5442 13.8051 71.7391 24.0442 19.6218 12.2481
internal_count=8990 6039 2951 1626 3736 3637 2303 619 1325 1578 1393 1684 1907 1661 1603 155 1448 99 182 1502 1332 645 88 1383 185 1730 1684 557 338 92 1300 917 302 615 1261 319 148 65 487 238 1544 207 169 1355 153 1202 692 612 431 70 361 288 199 118
is_linear=0
shrinkage=0.0356217


Tree=5
num_leaves=55
num_cat=0
split_feature=9 18 36 4 14 13 27 4 26 29 21 30 20 16 20 24 6 6 15 31 27 13 33 16 31 26 22 11 25 23 21 3 3 23 13 14 13 21 23 21 35 27 1 3 20 11 2 2 25 1 30 33 33 7
split_gain=233.676 64.1266 21.8655 20.0383 17.942 17.2845 17.1318 15.8721 15.8338 12.6262 13.3609 14.548 12.0011 14.1385 12.1852 12.3133 14.2863 10.4329 11.9617 12.0384 14.8375 10.2173 10.2003 12.8165 9.82097 16.3041 13.8696 12.7911 9.49506 9.20364 8.9628 10.8957 11.4243 8.93343 11.4212 9.79401 11.4125 12.6131 9.18202 11.567 9.10647 8.97154 8.82093 17.0809 11.4473 8.70481 8.06033 8.25137 7.93867 7.50131 10.3765 7.89869 13.7658 13.2507
threshold=1.2563217023798001 341.63760940730691 -0.21397304138062087 0.20625570123882725 3.7500000000000004 0.0092804318103783933 0.061144136738823358 0.058278553948088188 2.0198693612306261e-16 0.12543407655195662 0.0037195251015469878 0.013496938150990958 -0.18696769735324362 -0.06673952797032702 -0.14209769191205476 1440 0.37499999999999939 0.050000000000000162 0.11850852824877085 0.54824054903876507 0.038923240897474683 0.013630104780155474 -421.00753693012376 -0.0054087094994945953 -0.031061155678857467 2.1356136995273864 0.94645140868413058 0.0059886113138491832 -5.4125616485184622 0.074999999999999303 0.0050953161641812406 0.11400300945488508 -0.16281037535612511 -0.95999999999999897 0.0080594129804434245 5.7500000000000009 0.0036980978235526961 0.0031969956223669525 -0.42500000000000066 0.0028996686258856777 0.47214285714285725 -0.011631953998461729 -0.056382056994743183 0.0032638740399137949 0.551763482792205 0.0073707816620125254 0.72499999999999887 0.18999999999999864 -2.356283677785115 -0.034998040240397148 0.015616117436138556 -283.56678618619065 -207.04830606573319 0.20067114093959734
decision_type=8 8 2 2 2 10 2 2 10 2 2 2 2 10 2 10 10 10 10 2 2 10 10 8 2 10 2 8 10 2 2 2 2 2 8 2 10 2 2 2 2 2 2 2 2 10 2 2 8 2 2 10 10 8
left_child=5 4 -3 9 6 33 12 8 -7 10 11 -4 13 -2 -14 16 -16 -9 19 20 21 -19 28 29 25 -17 -26 -27 -23 -24 31 32 -15 34 -1 38 -37 -38 40 48 -35 -41 -11 -44 -45 46 47 -18 -40 50 -25 -51 -53 -54
right_child=1 2 3 -5 -6 7 -8 17 -10 42 -12 -13 14 30 15 24 45 18 -20 -21 -22 22 23 49 26 27 -28 -29 -30 -31 -32 -33 -34 35 -36 36 37 -39 39 41 -42 -43 43 44 -46 -47 -48 -49 -50 51 -52 52 53 -55
leaf_value=0.044536365698310029 0.027323856494465726 -0.047867562433195295 -0.050909679592570693 -0.05842154829761257 0.0034411334735510368 0.042384278474582274 0.028968372790650631 0.034978788624441315 -0.022702183765213386 -0.054178792763251223 0.028889049827049922 0.022750355403901901 0.044255580764416859 0.044148314034726875 -0.03899988447551566 -0.035118975841624642 -0.028474432695571539 0.03327435482360408 0.045854031441033644 0.042415431048496613 -0.00981070882135383 0.05093920458105386 -0.042701259741255333 0.038195497474417209 0.049278005123278144 -0.0037407905273039665 -0.023546356080294775 0.060079020938583978 0.019256527508026998 0.012824585973697969 -0.049768228255125592 0.022570607574124536 -0.036101987275831693 0.015278371481200271 -0.023737998379415828 0.041047613227915149 0.023510476999550022 -0.016373387362126145 0.024116615782001458 0.034488867649506025 -0.044800635917326199 -0.031483365435999985 0.021052767429719729 -0.049106833785000359 0.017231214436040483 0.032278021914585946 -0.042461502026643193 0.044305726247545439 -0.02371495874835175 -0.017521557523172415 0.0047602274230539934 0.051608317419506479 0.012940863147485385 -0.039821494637965887
leaf_weight=14.187846427783368 5.2700922042131415 79.385000372305512 8.0085569415241498 15.353113637305794 125.88917981926352 6.2305308096110847 11.080479730851946 73.046832416206598 18.818820927292109 10.483396204188464 14.304612973704932 5.7804862093180409 5.0371460430324069 2.3477833718061438 32.152082958258688 17.228901522234082 3.7418518699705619 49.377393649891019 21.257525874301791 23.992541374638677 25.352510016411543 14.826747413724659 9.5828003920614702 27.313491798937321 9.7617108505219203 17.422739587724212 4.9245889196172348 5.0615011621266595 63.095366209745407 6.1547645814716807 24.607887865975499 5.7956274654716244 29.987510073930025 4.2603195067495134 3.9014084897935417 14.458614727482198 20.680856293067336 19.406221492215991 23.948836204595864 3.05449350178242 12.248734315857289 15.49581624381244 10.210794461891057 15.81418562680483 4.1056749094277611 6.5800938513129941 7.5145276049152017 3.9758672621101141 5.3021624451503184 14.837817594408987 20.727104185149074 8.9924654997885209 31.726213879883289 7.3544953726232043
leaf_count=134 42 680 52 124 1433 19 85 321 119 69 50 21 63 22 480 221 56 351 114 152 156 74 44 161 116 217 88 51 422 36 361 56 481 68 28 104 153 130 302 28 118 158 63 118 19 79 125 28 47 92 144 66 189 60
internal_value=0.00185364 -0.0163291 -0.0344599 -0.0217543 -0.007013 0.0175088 -0.0138491 0.0210719 -0.00640288 -0.0134856 0.00486333 -0.0200778 -0.0164797 -0.0283033 -0.00936882 -0.0119014 -0.0239407 0.0228043 0.0200541 0.018231 0.0161388 0.0187325 0.0152079 0.00895692 6.07302e-05 -0.0091434 0.0248539 0.0108211 0.0253445 -0.0210319 -0.0330146 -0.0220966 -0.0301523 0.00650266 0.0297531 0.00294073 0.0140318 0.004206 -0.00647104 0.00145074 -0.0292885 -0.0204854 -0.0261627 -0.016263 -0.0354083 -0.00165921 -0.0164447 0.00908591 0.0153899 0.0132271 0.023813 0.005116 0.0121282 0.00293141
internal_weight=1041.46 481.825 163.446 84.0608 318.38 559.633 192.49 422.687 25.0494 68.7077 28.0937 13.789 181.41 68.0089 113.401 108.364 53.9644 397.638 324.591 303.334 279.341 253.989 204.611 126.689 54.3994 39.7131 14.6863 22.4842 77.9221 15.7376 62.7388 38.1309 32.3353 136.945 18.0893 118.856 54.5457 40.0871 64.3104 47.8013 16.5091 18.5503 40.6141 30.1307 19.9199 21.8123 15.2322 7.71772 29.251 110.952 48.0406 62.911 48.0732 39.0807
internal_count=8990 5200 1196 516 4004 3790 2571 2520 138 392 123 73 2486 962 1524 1461 768 2382 2061 1947 1795 1639 1288 792 693 489 204 268 496 80 920 559 503 1270 162 1108 387 283 721 535 186 186 269 200 137 288 209 84 349 712 305 407 315 249
is_linear=0
shrinkage=0.0356217


Tree=6
num_leaves=55
num_cat=0
split_feature=34 7 14 14 32 15 3 0 23 6 5 33 32 2 10 25 27 36 27 10 22 0 14 18 21 18 32 0 15 36 20 0 26 35 3 29 25 10 7 2 22 7 6 33 11 8 27 14 24 35 14 20 36 18
split_gain=205.045 58.6408 20.6415 17.8615 13.798 13.0337 12.3216 12.2496 9.71648 9.48263 10.2848 9.3288 9.19605 16.4798 14.0444 11.4261 10.5579 10.7545 9.89616 8.7248 8.10883 7.96189 7.77108 7.70558 10.1823 9.81622 7.65715 8.57273 8.23846 9.63695 7.62586 9.76987 7.57365 7.99592 7.85918 7.4152 17.151 11.1439 7.62918 7.35285 7.06763 6.83338 8.62764 6.91334 6.70869 6.58534 6.57289 6.5482 6.52459 9.953 7.6137 7.13254 6.51548 8.05234
threshold=67.574738649108994 0.0090293913823325279 5.2500000000000009 2.2500000000000004 -209.86520500711239 0.031839034855840047 -0.039807557163493483 0.65442904310828853 0.84499999999999986 0.80000000000000016 13.500000000000002 -65.224586439518646 -676.32845845667168 1.8099999999999998 0.0091506526575185505 -2.7352853076844372 -0.0065906194073336857 1.6715024465114141 0.0052099038789120708 0.018047614191704808 0.52244895896351362 -1.0000000180025095e-35 4.7500000000000009 160.57377508611572 0.0034389511907231269 448.1537859481636 -433.39609233711502 -0.17542836452998131 0.016338228107162591 -0.75661346106882987 -0.64907841046889703 -0.011973009984732273 3.6452286345882929 1.0728571428571432 -0.07133095226500745 0.15414796051276139 -2.4126475583078135 0.0026720868681247372 0.071428571428571383 2.145 1.5111847553730922 0.069164839545545184 0.12500000000000069 -245.95525236156001 0.0077229949601350214 2.7500000000000004 0.010108066951757812 7.5000000000000009 4063.2499999999532 0.53309523809523829 3.7500000000000004 -0.091542177629120272 1.4929440101508515 286.25201861847381
decision_type=8 10 2 2 10 10 2 2 2 8 2 10 10 2 10 10 2 2 2 8 2 2 2 10 2 10 10 2 10 2 2 2 10 2 2 2 10 10 10 2 2 10 10 8 8 2 2 2 10 2 2 2 2 10
left_child=3 7 12 6 5 23 21 30 -8 10 -4 32 14 19 15 -3 17 -17 -18 20 22 -1 -14 24 -5 40 -27 -28 29 -29 31 -2 33 34 47 36 -26 -37 -39 -36 52 -41 -43 -44 -20 -15 -47 -7 50 51 -16 -50 -25 -54
right_child=1 2 9 4 -6 11 8 -9 -10 -11 -12 -13 13 45 48 16 18 -19 44 -21 -22 -23 -24 25 35 26 27 28 -30 -31 -32 -33 -34 -35 39 37 -38 38 -40 41 -42 42 43 -45 -46 46 -48 -49 49 -51 -52 -53 53 -55
leaf_value=0.049490616865611362 -0.051223020157375024 -0.02046202682967101 0.017836073741170716 -0.040585170718603146 -0.033342423382102943 -0.028218978008348109 -0.054305222425014163 0.0048683167129378582 0.0039808684425155201 0.056225066303377071 -0.021729690469243938 0.03946539916535502 0.053386804323243268 0.056097024935389025 -0.033237778638484754 -0.028261852021312411 0.054827560052478241 0.015477877115507662 -0.0073737350461051581 -0.047152793854010416 -0.026522751618143308 -0.013036171682276805 -0.019077611393813157 0.022098106399378092 -0.022259403451100997 -0.023849916792344411 0.043559653807218358 -0.012581405214926898 -0.025887472738412704 0.04296046689500356 -0.043532010113506013 0.0091503665470767451 0.034508126802480013 -0.014517115771570804 0.040924042062798753 0.036634506492983603 0.04788043215286631 0.021804464739815062 -0.016362666850345139 0.043904931633983402 -0.024010993123116182 -0.025510169585419021 -0.010808386794464945 0.044217709892022561 0.040958082351488373 -0.039648344514175836 0.030150175112546654 0.021523613851696859 -0.02663310036304992 -0.02683578663818641 -0.011413344052433012 0.049858738352406881 -0.0055250689173585339 0.038821025735936952
leaf_weight=4.7505046403966844 5.6312833409756431 39.678439433686435 28.814056700095534 6.1024259291589251 6.9731677642557761 7.2953087035566551 10.198118998669086 8.0108669344335777 5.5767429117113343 5.4250770043581715 11.616687344387172 43.911606897599995 4.6607842501252907 7.1461127218790335 78.13102435041219 16.927414535544816 7.7081525027751949 12.185701094567774 12.556355013512077 7.6246153712272635 7.6483276830986142 5.455486614257099 3.0291004925966263 196.2524780081585 21.393205462023619 11.850896133109925 7.1770926732569924 7.7344611147418592 9.7304899608716351 7.9496275912970349 113.25382581236772 8.2972512412816251 31.033845487982035 10.92999113537371 21.026156533509493 18.817837694659829 5.4714654572308055 12.017333816736938 14.616028275340794 6.5802816683426526 4.7016705442219964 8.2386869285255688 4.8475088104605675 6.9688322171568853 5.0197698967531315 2.3695953823626041 5.4917915407568216 6.0534272436052561 2.1135805016383529 10.030279021710156 27.607459601014853 5.1631097551435259 23.468794761225585 6.5654150769114485
leaf_count=48 50 523 270 43 93 45 118 39 61 28 99 243 76 82 1347 256 96 169 164 102 91 43 21 1485 144 78 47 42 48 47 860 58 196 67 119 100 48 130 146 46 35 45 41 50 41 29 85 30 38 158 424 64 127 42
internal_value=-0.000185031 -0.0183015 -0.00954028 0.0146204 0.0160951 0.0167904 -0.0141427 -0.0377817 -0.0337945 0.0124414 0.00643848 0.0257122 -0.0134957 0.00266796 -0.0163231 -0.00595049 0.0046497 -0.00995825 0.021449 -0.0162787 -0.000715144 0.01625 0.0249437 0.0130802 0.0032211 0.0158845 0.000547839 0.00946989 -0.000283752 0.0156542 -0.0404711 -0.0154382 0.0198132 0.0134328 0.0184582 0.00697079 -0.00784387 0.0157287 0.000870078 0.0252134 0.0188331 0.0126988 0.00228505 0.0217293 0.00657444 0.0315844 0.00885801 -0.00565748 -0.024241 -0.00392926 -0.0275572 0.0275598 0.0197342 0.00426021
internal_weight=969.83 436.141 300.947 533.689 507.708 500.735 25.9809 135.193 15.7749 45.8558 40.4307 146.886 255.092 37.9703 217.121 94.0758 54.3974 29.1131 25.2843 22.9628 15.3382 10.206 7.68988 353.849 78.4183 275.431 44.4426 32.5917 25.4146 15.6841 127.182 13.9285 102.974 71.9402 61.0102 72.3159 26.8647 45.4512 26.6334 47.6615 230.988 26.6353 20.055 11.8163 17.5761 15.0075 7.86139 13.3487 123.045 17.307 105.738 7.27669 226.287 30.0342
internal_count=8977 5170 4163 3807 3537 3444 270 1007 179 397 369 882 3766 486 3280 1249 726 425 301 290 188 91 97 2562 611 1951 262 184 137 89 968 108 639 443 376 568 192 376 276 301 1689 182 136 91 205 196 114 75 2031 260 1771 102 1654 169
is_linear=0
shrinkage=0.0356217


Tree=7
num_leaves=55
num_cat=0
split_feature=9 10 9 13 16 32 16 0 0 1 6 26 4 25 20 28 30 16 3 30 23 0 5 7 31 18 18 32 35 21 24 13 0 2 28 23 2 35 23 1 6 13 7 1 28 9 23 30 22 21 3 25 13 35
split_gain=175.647 67.9787 18.9326 12.1082 17.096 13.5745 11.4934 10.8206 8.69083 8.72488 8.32898 7.6885 8.64222 9.72083 7.57451 7.3769 7.06394 8.21031 7.17965 7.8869 6.85873 6.8355 8.06721 6.63983 6.63958 8.65356 9.4686 8.16029 8.94082 7.65911 7.4887 6.59439 7.47864 6.7978 6.34759 6.33049 8.28759 6.25829 6.15975 6.04621 5.9197 5.6095 4.9541 5.92286 5.25462 4.88525 10.6078 6.00371 7.50688 6.6811 12.7944 8.84357 10.9395 8.73922
threshold=1.1513550425910986 0.0091506526575185505 2.5197085477608545 0.028658263936803308 -0.016434247870453996 -209.86520500711239 -0.0304148336303765 0.65442904310828853 0.43453225291677028 -0.22124380693846316 0.19999999999999987 1.8420660653917085 0.233620601822213 -1.9890213887156045 -0.49560043639309298 -0.0077337689607582241 0.003639222018981703 -0.005058675946665466 0.16295754127841791 0.0011169534453326915 1.0049999999999992 -0.12676931663600102 12.500000000000002 0.082294392283618054 -0.30323330111913915 236.37416173703406 180.77584910047239 -752.59737178811849 0.41595238095238102 0.0034043889991053652 5625.7500000000136 -0.00039204714946179659 0.50033339773323737 4.6699999999999999 -0.010314134250953009 -0.66499999999999904 1.5799999999999994 0.4852380952380953 -0.16999999999999901 0.21434073475934826 0.20000000000000015 0.0068700518862549751 0.090909090909090898 -0.073904757137136054 -0.0031557731586273059 1.042913679439482 -0.88999999999999868 -0.030969769599257454 1.4232017450355012 0.0032347059782478417 0.12248822847814257 -5.4772255750516514 0.022355212309518733 0.53857142857142881
decision_type=8 8 8 10 10 10 8 2 2 2 10 10 2 10 2 2 2 10 2 2 2 2 2 8 2 10 10 10 2 2 10 10 2 2 2 2 2 2 2 2 10 10 8 2 2 10 2 2 2 2 2 10 8 2
left_child=3 11 8 5 6 31 10 16 9 -3 -5 -2 13 14 40 -16 17 -4 19 35 21 22 -6 -17 27 26 42 39 -29 37 41 -1 33 45 -22 36 -19 -28 -10 -11 -13 -27 43 -26 -45 47 -47 -33 49 51 -51 52 53 -49
right_child=1 2 7 4 20 -7 -8 -9 38 24 -12 12 -14 -15 15 23 -18 18 -20 -21 34 -23 -24 -25 25 30 29 28 -30 -31 -32 32 -34 -35 -36 -37 -38 -39 -40 -41 -42 -43 -44 44 -46 46 -48 48 -50 50 -52 -53 -54 -55
leaf_value=-0.020172898458119839 -0.013299321480162996 0.024952897021271719 -0.049901311067483967 0.04710223952197095 0.033893243503550774 -0.049154722519171912 -0.026211328380493233 0.0023413823721838609 0.050390939469884918 -0.043230323646169071 -0.0022258248366975892 0.0081503203904287596 0.023008461167556917 0.028652663300898027 -0.015371582144071099 0.0049688564140114759 -0.047503426189002128 0.011057320130348509 0.025888906778066795 0.0092957503747384783 0.04155902166685 0.044128257848808659 -0.0080793497816996837 0.042809178972538449 0.025917206335045292 -0.037256355783942111 -4.5425159879400137e-05 0.048745494297664275 -0.024444850843895364 -0.0077441247348254624 0.04354256598309289 0.053489537162772265 -0.01872578018812365 -0.022652565031381793 -0.0064683418645709728 -0.046376956906728883 -0.051882388810330006 0.058104963548685135 -0.013463420902060699 0.011593051438318541 -0.032311711080513061 0.012207236391475562 -0.055228960588410307 0.010073419102628822 -0.03675886516481592 0.037837241836362251 -0.016518806706022279 0.018817616901841291 -0.021409209796061843 0.026375826409014837 -0.026024991891174031 0.016277946972225069 -0.042019316532758373 -0.021531309315929992
leaf_weight=7.4545005448162547 32.357010073028505 5.2100475020706645 18.415235232561827 7.5809340327978161 20.970885714516047 4.4524478251114479 11.680126342922451 8.4408742748200876 3.8312240689992905 36.165019113570452 9.9632828906178457 6.3171032201498774 29.477646805346012 13.915900143794714 19.463737050071359 38.282282606698573 64.187667206861079 7.0785533674061316 3.6654391959309569 6.5733663113787761 5.2394276335835448 51.442876101471484 7.9694414352998129 6.8641815604642025 3.9282251978293123 29.224181212950498 3.830053962767126 2.8680317075923067 7.2947595277801156 10.851523395627735 1.6507124789059151 5.3091252800077191 8.8162412643432599 6.0941180549561969 10.017840834334491 18.573613902553916 4.1196959856897593 5.9481744794175029 3.6704771332442752 2.7008084962144485 16.282220398075879 3.1773057049140325 4.1457300847396246 4.2612956576049354 10.162596113048489 6.2638752507045892 15.934114599600433 21.727415802888576 6.7317466894164673 103.05692281201482 6.1914810622110954 145.31460533710197 7.2445496264845124 9.8037704043090326
leaf_count=61 401 88 180 38 95 63 56 42 28 618 59 58 338 165 241 449 555 48 16 53 39 293 56 93 63 594 79 48 127 211 18 49 44 52 61 180 34 94 40 42 210 76 47 70 141 65 220 156 40 784 53 1145 38 63
internal_value=0.000495165 -0.015949 -0.0269123 0.0153504 0.0248899 0.0119827 0.00103326 -0.0366264 -0.0177273 -0.0198587 0.0192261 0.00221827 0.0060712 0.00111466 -0.00330548 0.00290709 -0.03931 -0.0302401 -0.0210852 -0.0258849 0.0321694 0.0363238 0.0223416 0.0108075 -0.0217281 -0.0151796 -0.00455622 -0.0319815 -0.00350105 0.0128376 -0.0285769 0.0127749 0.0134981 0.0143554 0.0101773 -0.0336629 -0.0123374 0.0355418 0.0193608 -0.0393966 -0.0210085 -0.0323785 -0.020499 -0.0123885 -0.0229381 0.015051 -0.00107262 0.0162235 0.0155461 0.0164017 0.0233836 0.012247 -0.00285808 0.00623884
internal_weight=912.194 432.935 269.975 479.26 124.865 354.395 29.2243 131.054 138.92 131.418 17.5442 162.96 130.603 101.125 87.2095 64.6102 122.614 58.4259 40.0107 36.3452 95.6405 80.3832 28.9403 45.1465 126.208 77.1798 43.1276 49.0286 10.1628 20.6298 34.0522 349.942 342.488 333.672 15.2573 29.7719 11.1982 9.77823 7.5017 38.8658 22.5993 32.4015 22.4978 18.3521 14.4239 327.578 22.198 305.38 300.07 293.339 109.248 184.09 38.7757 31.5312
internal_count=8977 5447 3492 3530 697 2833 153 1108 2384 2316 97 1955 1554 1216 1051 783 1066 511 331 315 544 444 151 542 2228 1393 705 835 175 384 688 2770 2709 2665 100 262 82 173 68 660 268 670 321 274 211 2613 285 2328 2279 2239 837 1402 257 219
is_linear=0
shrinkage=0.0356217


Tree=8
num_leaves=55
num_cat=0
split_feature=34 13 12 3 16 7 12 34 0 30 27 17 25 13 21 27 24 28 33 17 22 13 1 5 27 32 1 25 19 1 16 3 20 3 11 2 26 2 16 3 31 1 20 25 1 27 8 17 19 20 7 21 13 28
split_gain=144.385 45.529 14.1728 10.2073 16.773 10.112 9.33326 14.6883 8.98159 9.38009 11.2066 8.50768 8.14683 7.61288 7.65782 13.3876 12.0607 8.82632 7.8045 7.19496 8.26823 7.21136 6.93312 6.90465 6.58882 6.56989 11.3592 7.55935 12.4912 7.20263 6.26696 6.27438 5.93405 9.95656 5.74607 5.73238 6.02722 8.6192 8.53252 6.47496 6.25545 8.71803 8.48868 8.93375 6.6537 5.99565 5.71126 6.22184 6.96615 6.24013 5.49389 5.48725 5.44215 5.39719
threshold=67.574738649108994 -0.00052564651191880352 0.0022673085831043092 -0.039807557163493483 0.0015612765789611573 0.57767890248424181 0.0015324115146453311 35.0555804729484 0.65442904310828853 0.003639222018981703 0.031053542192211573 405539.00000000006 -3.4438463392869685 0.0035548851913335543 0.0077730250337921967 -0.017829427975762643 5625.7500000000136 0.0080473358250287026 -1708.4121647122347 182487.50000000003 1.4232017450355012 0.014473968737136704 -0.079330369956906663 22.500000000000004 0.033500985954369684 -449.80922827297479 -0.19398493692449484 -4.5308838699185587 -0.089548804192132833 0.011746480315281917 -0.010171660862601349 0.16295754127841791 0.15363158459392054 -0.10719586445132133 0.018693082126379806 4.4649999999999999 0.60713610766453885 1.2249999999999999 0.01157514167461818 0.077002118280057888 0.13433070240219916 0.1971078032127819 0.54050199033888668 -5.1671216403556803 0.096887858138656316 0.024748799709132911 2.2500000000000004 242481.50000000003 0.0066341337248889696 -0.67141920780897635 0.021052631578947361 0.00234683221456363 0.0016551653150790326 -0.00032771318417035283
decision_type=8 10 10 2 10 10 10 10 2 2 2 2 10 10 2 2 10 2 10 2 2 8 2 2 2 10 2 8 10 2 10 2 2 2 8 2 10 2 8 2 2 2 2 10 2 2 2 2 10 2 10 2 8 2
left_child=2 8 3 4 -1 11 7 51 9 10 30 13 19 14 15 -3 17 22 -16 -4 25 -22 52 -15 46 35 -27 28 -28 -29 -2 -32 -6 -34 -24 36 38 40 -21 45 41 42 43 -38 -45 -39 47 49 -49 -14 -13 -5 -17 -23
right_child=1 5 12 6 32 -7 -8 -9 -10 -11 -12 50 24 23 18 16 -18 -19 -20 20 21 53 34 -25 -26 26 27 29 -30 -31 31 -33 33 -35 -36 -37 37 39 -40 -41 -42 -43 -44 44 -46 -47 -48 48 -50 -51 -52 -53 -54 -55
leaf_value=-0.034457400945089582 -0.050534595031714341 -0.049509611435421416 0.03447553519307528 -0.032688852937555621 0.035188928534495824 0.053761611520222324 0.039731126592983862 0.043844662791482115 0.0028604223022296845 -0.045020613570609706 0.03868292875858912 0.019129944869758508 0.013307018774845848 -1.7029340167045189e-05 0.042216077247649836 0.029607728344682397 0.042452445221673241 -0.041424178157995664 -0.031436816149108079 0.028305963291052692 -0.035221374969523364 -0.0056801749921743042 -0.018752388204100228 0.054383564388302413 0.022630639224259973 -0.053631629504534012 -0.042050471897955563 0.051142628290833603 0.011614174832195286 -0.0057071267715812233 -0.026511069108045696 0.019194071222767242 0.039711230618079393 -0.022772307668712865 0.052833960042855205 -0.025542310210551294 0.016982711224069764 0.047979069846454288 -0.03901370527380181 -0.0017157974841933545 0.033593863767030677 0.039401366278324558 0.031915844114868017 -0.011823024292799973 -0.061288040532527399 0.021800181820670873 0.0038721784409407995 0.052476421692212075 -0.023978137943878305 -0.045960245348263484 -0.024552176398708579 0.0094245063584867048 -0.015748124955595317 0.040521823391822337
leaf_weight=8.553997762501238 12.532345166429876 12.524378898553548 21.138988382183015 6.5349605157971444 17.52747988328338 3.3635770455002776 56.635237172245979 12.233951527625321 8.2832680456340295 61.497557298280299 3.2499337373301378 3.9037211053073397 2.8966681510210046 119.34012759290636 5.8473322167992592 9.3053122865967364 5.1364438002929083 11.806849706917999 2.5466475924476963 4.5281103607267124 7.6576576950028539 12.189390422776347 33.727819584542893 2.935751478187739 19.947729255072773 3.856376549229025 6.8878108253702477 8.5117163388058525 25.81540711782873 4.1759153148159376 34.139423890970647 4.2124620750546447 5.478864080272615 7.6060249395668489 1.3895722199231375 3.3856737855821839 10.277765458449716 29.124791235662997 4.8403247389942408 5.8588415700942269 15.158471844159065 8.5189915560185892 7.9448143187910309 13.787246354855606 4.5398818850517264 18.397222236730158 101.05137850251049 2.7661141389980903 3.1099289152771235 9.4399621956981719 44.375518561340868 9.5279452279210073 5.1362357195466748 4.2436742037534705
leaf_count=50 142 178 177 28 87 15 288 56 42 584 23 27 24 1714 57 151 76 210 49 50 57 107 685 42 159 21 55 62 194 39 334 21 31 54 42 33 62 256 49 51 135 64 66 121 32 182 937 38 27 117 675 57 103 41
internal_value=0.00112507 -0.0151461 0.0140734 0.0244535 0.00937185 -0.00670786 0.0313874 0.0146011 -0.0329215 -0.0354863 -0.0245893 -0.0075174 0.0104894 -0.0044075 -0.0124283 -0.0158683 -0.00946549 -0.0138756 0.019745 0.0147427 0.0126369 -0.00690464 -0.0072392 0.00133113 0.00373535 0.015321 0.00426913 0.00929878 0.000213105 0.0325207 -0.0287014 -0.02145 0.0216964 0.00348128 -0.0157734 0.0196202 0.0208846 0.0231482 -0.0065036 0.033567 0.0138708 0.007174 -0.000420154 -0.00948658 -0.0243506 0.0379147 0.000557365 -0.0177468 0.0122616 -0.0320364 -0.0209847 -0.00779508 0.0134684 0.00641423
internal_weight=869.404 385.254 484.149 124.098 39.1664 261.339 84.9321 28.2969 123.915 115.632 54.1342 257.976 360.051 209.696 87.4206 79.0266 66.5022 61.3658 8.39398 220.839 199.7 24.0907 49.5589 122.276 139.212 175.609 49.2472 45.3908 32.7032 12.6876 50.8842 38.3519 30.6124 13.0849 35.1174 126.362 122.976 113.608 9.36844 53.3809 60.2272 45.0687 36.5497 28.6049 18.3271 47.522 119.264 18.2127 5.87604 12.3366 48.2792 16.0629 14.4415 16.4331
internal_count=8977 5170 3807 651 222 4024 429 141 1146 1104 520 4009 3156 3307 1551 1445 1267 1191 106 1854 1677 205 981 1756 1302 1472 371 350 249 101 497 355 172 85 727 1101 1068 969 99 489 480 345 281 215 153 438 1143 206 65 141 702 85 254 148
is_linear=0
shrinkage=0.0356217


Tree=9
num_leaves=55
num_cat=0
split_feature=9 10 9 15 30 7 23 21 35 21 15 9 3 36 32 28 30 19 13 19 26 14 20 37 9 7 9 6 20 21 17 10 2 28 3 3 21 21 35 11 11 35 32 29 36 15 33 33 8 12 12 9 17 20
split_gain=120.446 48.0625 15.9532 12.3015 8.18472 7.96957 7.8527 7.53126 7.65713 8.85344 10.4522 8.77042 7.34854 9.32152 7.69054 9.37921 7.94799 7.26364 7.227 6.49571 6.46789 6.6404 9.42443 10.2308 8.58936 6.30964 5.95838 5.85763 5.76637 5.72437 5.58968 5.52521 8.00928 5.51905 7.46385 5.90486 6.54162 9.99022 7.77082 5.32529 5.27522 6.52639 4.99636 4.86983 4.84365 7.32553 7.20284 5.38447 5.11098 9.0861 9.85479 10.4631 8.94719 7.24703
threshold=1.1976960712901261 0.0088444342956023516 2.5197085477608545 0.041233270218724825 0.003639222018981703 0.33469945355191261 2.5149999999999992 0.0050953161641812406 0.87690476190476196 0.0022795516121721462 0.11850852824877085 -0.27128716104028544 -0.03031780359707725 2.824842909568805 -1073.9242938795485 -0.00059765102920106272 0.0078265836117690241 -0.020107176418544811 -0.00039204714946179659 -0.012665369442100225 1.9410504902131076 5.2500000000000009 -0.34370532778609059 0.65000000000000002 2.5474882212650036 0.38503543627280135 1.4758901930124042 0.60000000000000109 0.091608391608367576 0.010310348233737264 170044.00000000003 0.0074156377055140041 -1.0349999999999999 -0.011147381899122231 0.16295754127841791 0.064781362932925149 0.0044593086798316948 0.0041653961039854219 0.76928571428571435 0.011517263076866823 0.0015881946103294216 0.80071428571428582 -667.46140861089259 0.16630803782855527 1.4440286145135055 -0.20177590525862929 -448.81074884036792 -536.75783200730211 5.7500000000000009 0.0015324115146453311 0.0022673085831043092 -0.14802516106114869 260978.50000000003 0.71933000562428695
decision_type=8 8 8 10 2 10 2 2 2 2 10 8 2 2 10 2 2 10 10 10 10 2 2 10 10 8 10 10 2 2 2 10 2 2 2 2 2 2 2 10 10 2 8 2 2 8 10 10 2 10 10 10 2 2
left_child=3 20 12 5 33 18 -6 8 40 -10 11 -11 14 39 15 -3 -16 42 -1 26 -2 22 23 -22 -24 -23 -18 -17 -21 -25 -20 32 -26 -4 35 36 37 38 43 -14 -5 -42 -13 -35 48 -46 47 -47 53 -50 -51 52 -52 -32
right_child=1 2 4 7 6 -7 -8 -9 9 10 -12 17 13 -15 16 27 19 -19 30 28 21 25 24 29 31 -27 -28 -29 -30 -31 44 -33 -34 34 -36 -37 -38 -39 -40 -41 41 -43 -44 -45 45 46 -48 -49 49 50 51 -53 -54 -55
leaf_value=-0.027344361332972904 -0.0107278510917164 0.016742891682101149 -0.047959140927250753 0.034159385067141876 -0.045209160166856437 -0.027077616124922217 0.01310504940885098 0.043900789470680289 0.040230454406767743 -0.058897716462240193 0.029486000870120304 0.043948782924576185 -0.027415812595881661 0.038328418215502397 0.042476223648465587 -0.038867281007395858 -0.026655595958944081 -0.039088512271350719 0.044936058852886103 0.0035505553900839911 0.043350654214209354 0.014441097374617098 0.00058007299016302248 -0.033857022979054102 0.039783656806066575 0.059169660228842014 0.034551047242121762 0.01784392001653131 -0.054159203356284609 0.012083594649916617 0.0038867662813336663 0.062147611938403846 -0.019477487371185122 -0.044537815136765101 0.014775069999713094 -0.047999847802359524 -0.036109161901230084 0.04735120547754245 0.030847424129789434 0.00088909426134250926 -0.018590180229970135 0.042686764674287399 -0.013282354729469471 0.0046871443176589259 0.042689296850202667 -0.007442499748995259 0.01668757856328772 -0.047716808040760533 -0.011875851743029964 0.034551026988762473 0.0077299459586808849 0.021216145410564317 -0.034306208783974931 0.031468995717432273
leaf_weight=5.8387985955923787 32.211046704091132 7.3018110515549806 9.3204375300556404 40.927038383670151 53.386830638628453 6.7922238623723379 3.0538303591310969 20.996041445061564 7.4632573537528506 4.9626077804714441 8.038840130902825 4.1464367974549532 63.111637309193611 3.1265241354703894 6.946131398901346 15.858522579073908 2.704846003092829 4.3688127715140608 6.4528544805943957 4.5228457450866664 3.0975937452167299 26.88440922647715 37.601837218739092 17.528684490360323 7.6412359764799485 4.6342668421566477 7.183684766292572 2.6383629497140637 4.1427764315158129 4.216172168031334 98.007053596898913 4.9979583108797661 4.5402685739099988 8.2946123313158804 7.3822840470820656 9.7966011837124807 12.686370848678051 3.8524418715387574 3.3851171769201747 9.7134553045034391 5.8154642554000002 3.4171004481613636 3.4842372685670879 3.6295817894861093 4.4089541770517826 17.472557324916124 12.029355634003876 5.4777614660561111 12.710883898660539 40.449513379484415 29.912361299619079 84.81533286254853 8.0749287679791433 13.698960440233348
leaf_count=62 426 147 115 269 567 58 12 153 45 26 43 52 1270 35 117 338 59 36 49 71 40 276 551 251 65 17 98 52 55 60 1076 38 57 86 45 98 142 17 24 170 67 24 29 29 23 131 91 27 76 209 185 740 60 118
internal_value=0.00157118 -0.0130407 -0.0227188 0.0140923 -0.0323473 0.0108627 -0.0420336 0.0248585 0.0199705 0.00645681 -0.00373896 -0.019575 -0.0140136 -0.0210422 -0.00358342 -0.0172657 0.0102662 -0.00294724 0.0116303 -0.00194678 0.00330313 0.00737696 0.00188793 -0.0162683 0.010139 0.0211888 0.017694 -0.0307172 -0.0243236 -0.0249277 0.0123211 0.0309277 0.0177043 -0.022919 -0.0180676 -0.0239148 -0.0163743 -0.00318077 -0.0161315 -0.0236423 0.0286835 0.00428651 0.0179621 -0.0296267 0.0116636 -4.77496e-05 -0.0055452 -0.0172271 0.0132672 0.0170507 0.0193098 0.0142643 -0.00126804 0.00729579
internal_weight=835.154 385.392 242.039 449.761 114.788 346.142 56.4407 103.62 82.6238 32.4642 25.0009 16.9621 127.251 75.9516 51.299 25.7987 25.5003 11.9995 339.349 18.5542 143.353 111.142 79.6238 24.8425 54.7813 31.5187 9.88853 18.4969 8.66562 21.7449 333.511 17.1795 12.1815 58.3474 49.027 41.6447 31.8481 19.1618 15.3093 72.8251 50.1596 9.23256 7.63067 11.9242 327.058 39.3886 34.9797 22.9503 287.669 175.963 163.252 122.803 37.9873 111.706
internal_count=8977 5328 3547 3649 1135 2905 579 744 591 231 186 143 2412 1475 937 537 400 117 2847 283 1781 1355 1062 351 711 293 157 390 126 311 2785 160 122 556 441 396 298 156 139 1440 360 91 81 115 2736 272 249 158 2464 1270 1194 985 245 1194
is_linear=0
shrinkage=0.0356217


Tree=10
num_leaves=55
num_cat=0
split_feature=34 14 24 32 11 15 16 30 9 16 21 12 5 36 19 34 11 20 19 9 34 30 13 16 9 17 34 23 5 16 23 20 33 20 6 34 23 33 17 26 34 21 16 33 34 6 35 21 30 18 15 9 5 35
split_gain=102.263 27.7233 24.2831 14.2895 11.3914 9.711 9.1327 9.32618 21.9724 11.5323 9.0912 8.90755 8.73513 8.11991 7.84606 9.47677 10.7023 7.24725 7.22373 6.96747 6.96661 7.67181 6.68287 6.65725 6.61285 8.4815 6.50913 5.92039 5.88441 6.72011 7.05787 5.83986 10.3133 11.0813 10.0951 7.82023 8.80315 6.17487 6.10026 5.9482 8.35069 9.64482 7.296 7.19695 5.81821 5.56298 5.50217 6.22122 5.2555 5.214 5.21125 10.4422 4.85446 6.40558
threshold=94.255664392408633 5.7500000000000009 3887.500000000015 -667.46140861089259 0.0026952814102639204 0.038143710617127256 -0.15810654129040849 0.013496938150990958 -0.66875209847522921 -0.010171660862601349 0.0089975478349953401 0.0051990004119700011 21.500000000000004 -1.1006833617651195 -0.0074216767681496423 61.791896807323646 0.011826878749850099 -0.19407119741097437 -0.011818006256254896 0.41372975908376969 46.573912010915187 -0.0036243037667764151 0.0043157034705829109 -0.15810654129040849 0.43012467049526509 205905.50000000003 149.74263511987903 -4.4349999999999996 1.5000000000000002 -0.017811335884359316 -0.63999999999999957 -0.17793739941931161 -326.55015048614968 -0.39801968550942018 0.29999999999999993 61.446122294254572 -1.2849999999999999 -536.75783200730211 235355.00000000003 5.5302175355793528 24.245669479180382 0.0060913355558886014 0.016309896839327962 -514.90741979779386 47.474156006464106 0.57499999999999918 0.87690476190476196 0.0047019465486634084 0.029161185843386787 453.8660889023061 -0.011221562436954912 1.0340638908897815 13.500000000000002 0.54738095238095252
decision_type=8 2 10 10 10 10 10 2 10 10 2 8 2 2 8 10 10 2 8 10 10 2 10 10 10 2 8 2 2 8 2 2 10 2 10 10 2 10 2 10 10 2 8 10 10 10 2 2 2 10 8 8 2 2
left_child=1 12 3 11 5 6 -3 10 -9 48 31 26 14 -6 15 19 23 -4 24 44 21 -15 -16 -17 25 -11 -2 -13 29 -29 -31 32 33 37 35 36 38 -8 -33 40 -38 49 43 -41 -1 -19 -22 -48 -10 -42 -21 -52 -25 -54
right_child=2 4 17 -5 13 -7 7 8 9 18 -12 27 -14 20 22 16 -18 45 -20 50 46 -23 -24 52 -26 -27 -28 28 -30 30 -32 34 -34 -35 -36 -37 39 -39 -40 42 41 -43 -44 -45 -46 -47 47 -49 -50 -51 51 -53 53 -55
leaf_value=-0.030511834940104499 -0.010997944856412681 -0.028386934700613136 -0.010643879789578262 0.021530423846212801 0.033189570379390861 0.027280580510874442 0.006927898462123265 -0.057910353608632149 -0.031509424877741728 0.045338007652148536 0.045265197074190938 0.026229192794939387 0.031541574803155691 -0.056550813957605493 -0.024292251344992778 0.054726549641279411 0.037395731910570336 0.033505740687707168 0.036032574800914374 0.064759186511744823 0.014121844906672192 -0.0017325238244256054 -0.0031381590021506687 -0.015838570976014165 -0.017259112721334256 -0.0079242066497209936 0.051856221213262145 0.030528947081450694 -0.032392112718925871 0.018167668788247347 -0.04351788178886664 -0.042233267500452025 0.040949532477230217 0.042847823956272513 0.056138356405502715 -0.017712841884585509 -0.012702633013599848 -0.039286921146358726 0.015543299275108616 -0.027148405269163796 0.043395973789646228 -0.0058655882999562835 -0.040918990985315457 0.026567844043689653 0.021589197810941454 -0.018031098750476458 -0.044336370664861256 0.015542412940642512 0.011493722929792729 0.010553406784239916 0.035698572154555214 -0.011758098941074989 -0.020500328664148582 0.020981936171060509
leaf_weight=6.0168973580002767 14.802796051837506 6.2782444413751355 12.754286460578443 8.1306713041849417 7.229670248925685 92.589495486114174 13.600500863045456 6.5675866473466149 9.8821663726121169 8.2155954744666833 15.398579182103274 2.3268616273999205 9.911812096834181 6.3595930859446526 30.410996665246785 1.9787375880405296 7.1099396729841819 14.789962336421015 19.136741107329726 3.7402829602360725 17.899915533140305 6.5239564236253482 50.158501584082842 50.323450378607959 9.0323455780744535 6.9214880522340527 2.3318478232249609 3.9706203918904066 138.41465324512683 3.4337622560560703 7.0590175203978998 5.7620557751506549 28.189511609263718 8.8113811630755645 5.9286498222500077 12.385537062771617 7.0964030134491614 4.9113096464425352 3.7623978070914745 4.3143839631229648 29.147671511396766 8.3332663774490339 4.2089490592479732 11.123841429129239 4.8009728938341141 3.16387865692377 5.2835225593298656 3.651841651648283 5.572983354330062 7.8764769416302434 17.785616923589263 8.7010394912213105 7.5967831071466234 12.131282672286032
leaf_count=54 273 31 155 151 95 640 118 52 59 44 125 18 165 32 471 18 98 189 180 39 168 78 713 845 84 67 21 25 1893 36 126 42 220 73 44 111 47 42 31 38 205 49 27 65 52 46 41 29 38 51 167 128 164 204
internal_value=0.00185784 0.00944223 -0.0194211 -0.0244022 0.0151624 0.0174645 0.0137056 0.0148367 0.00337988 0.0103195 0.019212 -0.0265814 -0.000931571 -0.00126512 -0.00255054 0.00321412 -0.00398908 0.00983224 0.0197378 0.0170827 -0.00760811 -0.0290311 -0.0111449 -0.0081224 0.00673437 0.021081 -0.00218398 -0.0292707 -0.0301331 -0.00842927 -0.0233354 0.0166029 0.0258658 0.0102056 0.0114354 0.008558 0.0125629 -0.00546978 -0.0194692 0.0168176 0.0230691 0.0286849 8.71174e-05 0.011468 -0.00738895 0.0243655 0.00274067 -0.0199454 -0.0160185 0.0364605 0.0258415 0.0201172 -0.00997534 0.00497739
internal_weight=803.841 592.662 211.178 180.47 381.996 335.048 242.458 236.18 65.3289 58.7613 170.851 172.34 210.666 46.9485 200.755 120.185 79.1402 30.7081 43.3062 41.0448 39.7188 12.8835 80.5695 72.0303 24.1694 15.1371 17.1346 155.205 152.878 14.4634 10.4928 155.452 55.5127 27.3232 99.9396 94.011 81.6254 18.5118 9.52445 72.101 52.4538 45.3574 19.6472 15.4382 10.8179 17.9538 26.8353 8.93536 15.4551 37.0241 30.2269 26.4867 70.0515 19.7281
internal_count=8977 6044 2933 2543 2926 2483 1843 1812 524 472 1288 2392 3118 443 2953 1769 1329 390 375 440 348 110 1184 1231 195 111 294 2098 2080 187 162 1163 453 233 710 666 555 160 73 482 352 305 130 103 106 235 238 70 97 256 334 295 1213 368
is_linear=0
shrinkage=0.0356217


Tree=11
num_leaves=55
num_cat=0
split_feature=9 18 34 4 21 23 32 31 6 23 21 15 3 18 18 28 28 3 4 32 33 16 20 28 27 20 5 10 30 21 1 16 5 31 20 36 6 34 6 24 6 9 27 24 31 27 36 3 6 18 27 29 20 36
split_gain=96.8425 38.0052 9.51585 8.79936 11.2206 8.1175 7.1509 7.07536 8.96981 8.22196 6.55315 6.51241 6.36871 7.34131 8.72261 9.71667 7.13244 7.06778 7.05531 7.33879 6.98617 6.62895 6.35313 9.07781 6.23849 5.90521 5.59574 5.52157 5.38516 6.79478 6.01671 5.35969 5.16415 9.17841 5.56809 6.05593 5.14285 8.56345 5.07143 5.0669 8.68684 5.48936 5.76683 5.19212 6.68129 5.08514 7.89838 5.0373 5.15349 10.2116 5.16567 5.00165 8.76014 8.57234
threshold=1.2455685997693184 236.37416173703406 64.986200827395933 0.20625570123882725 0.0034910054893605683 -0.9250000000000006 -209.86520500711239 0.25866354931007912 0.37499999999999939 -0.17500000000000068 0.0017575543161863986 0.031839034855840047 -0.1176101438275685 448.1537859481636 530.00667251322909 0.006148263246663511 0.00059556110360892156 -0.13674638735408065 0.12435249688464051 -572.7139094991054 -639.63506887873643 -0.014117013014835198 0.066289895736999116 -0.0018660316589401147 0.023553623474561917 -0.84631790723970479 13.500000000000002 0.015369501954612673 -0.0054549980266083145 0.0032347059782478417 0.12118100927135834 0.0077013176987404961 1.5000000000000002 -0.078440473217057383 0.37369970703307243 0.25066373666747593 0.14999999999999999 25.000029737858068 0.34999999999999998 4342.0000000000191 0.60000000000000042 2.0314269475653655 0.056258098552893439 57.000000000016378 0.30592833413198889 -0.0060090818546771887 1.4440286145135055 -0.045059979839831225 0.12500000000000069 234.27793825888119 0.025336574089128264 0.14572029895153821 -0.51806211235630506 0.52174602209473753
decision_type=8 8 10 2 2 2 10 2 10 2 2 10 2 10 10 2 2 2 2 10 10 10 2 2 2 2 2 8 2 2 2 10 2 2 2 2 10 10 10 10 8 10 2 10 2 2 2 2 10 10 2 2 2 2
left_child=2 3 6 4 7 -4 11 8 -2 -10 24 12 17 18 15 16 -15 -1 20 51 -14 -21 23 -23 -7 -3 31 -16 29 -13 -31 -5 33 34 35 -27 37 -22 -12 41 45 42 -6 44 -43 46 -41 48 50 -50 -30 53 -53 -20
right_child=1 25 5 26 39 10 -8 -9 9 -11 38 28 13 14 27 -17 -18 -19 19 21 36 22 -24 -25 -26 32 -28 -29 47 30 -32 -33 -34 -35 -36 -37 -38 -39 -40 40 -42 43 -44 -45 -46 -47 -48 -49 49 -51 -52 52 -54 -55
leaf_value=0.0086067905798629871 -0.012944408449611745 0.013732875011808251 0.032155368143726819 0.0044301331287155011 -0.012633314713264412 0.035658403296087188 -0.026462825854946286 0.04265887693410747 0.04374350637095524 -0.012136550125705466 -0.016637994498490898 -0.040068286568931015 -0.018182005140540511 0.0040023592411037416 0.049619873775380532 0.028794461170924334 -0.045748220684802041 -0.037872796085138133 0.039504384833903887 -0.029981164244295162 -0.0077343803930976533 -0.0087314510238230419 -0.016581266656226119 0.051969221524706337 -0.015587369322833229 -0.045471475516895003 0.020966882479116093 -0.00071395358355237355 0.037282439258116085 0.035770105484933097 -0.019823736942380075 -0.039397936811479295 -0.029950751661539932 -0.04434319949892937 0.051936209129514598 0.031050211171683991 0.015267886248379159 0.037404147525771647 0.037236980848293903 -0.029001531325073677 -0.045323447315197794 -0.021580804268968558 0.04365706698995668 -0.039176942265201402 0.049294944739978502 0.035477666868040762 0.024572227279244924 0.033597133417044664 0.029409387470040429 -0.026426413612783951 -0.0017066722538669847 -0.0047309971635958094 0.030914386336846057 -0.0093774330488453003
leaf_weight=12.235719949007036 20.315821861848235 4.4626817358657709 8.4213077099993807 31.788184606470168 44.373919866979122 7.9237354164943081 4.9580415813252321 6.4434312139637759 9.2012798041105253 5.15204910095781 34.152220531366765 3.4093063846230498 4.6436346480622879 5.6112914085388246 5.4034264404326651 4.8708560895174733 10.286978351883588 6.1600169502198687 6.0240185819566276 8.7893590740859526 5.9037210978567591 5.9376025032252091 8.668268980458377 6.4364461116492748 4.7495842929929495 2.5111039169132692 27.302198155783117 5.5410548420622954 17.340485421940688 7.1511856485158187 3.6638148780912161 3.882719859480857 121.15996735356748 4.9615266383625558 3.2590185850858688 2.5404283180832863 34.264405732043087 51.753548765555024 2.275823049247264 6.838672142475847 4.1853738166391841 9.8365467963740212 2.3382213078439227 21.302632260601968 1.9348723934963334 6.7576230345293888 6.9294546209275723 54.864607967436314 8.2287776703014988 8.1960749793797714 5.7067001098766914 11.196187645196913 39.407419519498944 17.638961255550385
leaf_count=112 358 44 106 429 729 77 93 108 95 97 553 18 40 58 25 29 77 59 48 38 37 39 51 38 59 51 322 56 83 56 44 70 1841 94 16 17 354 460 32 112 70 160 23 363 33 105 62 425 59 71 42 100 321 118
internal_value=0.00205136 -0.0118717 0.0135212 -0.00225425 -0.00706527 5.37963e-05 0.0156467 0.00868255 0.00225891 0.0237295 -0.0055028 0.0162353 0.0130692 0.0146665 -0.00125198 -0.0148007 -0.0282635 -0.00706937 0.0171824 0.0107303 0.0241179 -0.00417896 0.00668186 0.0229931 0.0164689 -0.0263013 0.00886113 0.0243462 0.0235288 0.00306038 0.016913 -0.00043277 -0.0276407 -0.00647442 0.0163732 -0.007102 0.0262739 0.0327741 -0.0131752 -0.0132648 0.000822429 -0.0176255 -0.00972512 -0.0287159 -0.00960084 0.0104136 -0.00204387 0.0266069 0.0168266 0.0015462 0.0276558 0.0167188 0.0230308 0.0031738
internal_weight=769.292 347.478 421.815 208.583 145.61 57.5227 364.292 41.1126 34.6692 14.3533 49.1014 359.334 250.773 232.377 31.7136 20.7691 15.8983 18.3957 200.664 104.098 96.5653 29.8317 21.0423 12.374 12.6733 138.895 62.9731 10.9445 108.561 14.2243 10.815 35.6709 134.432 13.2721 8.31055 5.05153 91.9217 57.6573 36.428 104.497 24.7111 79.7862 46.7121 33.0741 11.7714 20.5257 13.7681 94.3366 39.472 16.4249 23.0472 74.2666 50.6036 23.663
internal_count=8977 5199 3778 3136 2315 827 2951 658 550 192 721 2858 2060 1889 245 164 135 171 1644 753 891 166 128 77 136 2063 821 81 798 118 100 499 2019 178 84 68 851 497 585 1657 349 1308 752 556 193 279 174 680 255 130 125 587 421 166
is_linear=0
shrinkage=0.0356217


Tree=12
num_leaves=55
num_cat=0
split_feature=34 34 7 20 28 32 36 18 32 15 36 3 37 11 13 3 10 16 33 4 0 28 10 23 18 18 19 34 36 0 34 9 32 6 16 10 12 34 25 25 22 4 15 15 2 25 2 22 4 31 15 15 30 36
split_gain=83.0182 18.3679 8.20057 11.2916 8.15128 8.14047 11.2705 7.45558 7.89398 7.84721 7.32304 8.48295 7.19826 9.992 7.43992 10.4048 11.6646 7.00546 7.49263 6.95217 6.8129 6.69308 6.31535 8.24571 6.30306 8.55657 6.14988 7.25737 6.06924 8.83444 7.50436 5.9069 7.08133 5.85981 5.81433 5.69548 8.78337 5.68061 5.6513 6.98391 7.30133 15.6109 5.6382 6.98579 9.68595 8.85856 6.32899 5.58497 5.59844 5.51914 5.42708 5.36086 5.33079 5.77164
threshold=95.605924565013822 49.994183961740823 0.093143752259308432 -0.62679284106445243 0.0052502630824934346 -1116.5724979284087 0.23650103464790836 62.641243667503353 -266.58872825831639 0.024740789127074093 0.9152815398445947 -0.061439796757695668 0.81666666666666676 0.0030685868262738101 0.022355212309518733 -0.036951698242020763 0.0029458420760741471 0.030682883009185761 -58.950844272499559 0.14885509529615062 -0.27506097003934765 -0.0055266320372045477 0.0052911190040943632 -0.059999999999999602 433.91641165486402 394.91198779148891 -0.084916685339416195 30.415584435984318 2.9456896931038785 0.65442904310828853 137.76812726668467 -0.23901790047149984 -557.66469242102801 0.099999999999999936 -0.0088859455448615215 0.0066709765708669608 0.0075291569824896638 25.000029737858068 -3.9433906534427687 -5.3767827334872722 1.377535060205241 0.15769965628490248 -0.0008277125675522581 -0.0082526732831960641 -0.67499999999999971 -3.2103554464427657 0.080000000000000973 0.41100326449570224 0.084390550282006926 0.059533553088451444 0.0080817023397291594 0.0084912385689711427 -0.025765297353516733 2.7861819477674201
decision_type=8 10 10 2 2 10 2 10 10 10 2 2 10 10 10 2 10 10 10 2 2 2 10 2 10 10 10 10 2 2 10 8 10 10 10 10 10 8 8 10 2 2 10 10 2 8 2 2 2 2 10 10 2 2
left_child=1 4 24 -4 7 6 50 -1 12 -10 26 -12 -9 14 15 31 19 18 22 -17 -18 -5 38 -24 25 42 27 -6 29 30 52 -14 -33 -22 -7 -35 -37 -11 39 -16 41 -41 43 44 45 -3 49 -36 -49 -44 -2 -26 -8 -54
right_child=5 2 3 21 10 34 28 8 9 37 11 -13 13 -15 17 16 20 -19 -20 -21 33 -23 23 -25 51 -27 -28 -29 -30 -31 -32 32 -34 35 47 36 -38 -39 -40 40 -42 -43 46 -45 -46 -47 -48 48 -50 -51 -52 -53 53 -55
leaf_value=-0.040938784105576012 -0.035934889355028594 0.025593042630487537 -0.035250811285776631 -0.0093875446388338515 -0.025391949158897288 0.050744835829541882 -0.040442778784955079 -0.020134636301209669 0.01846467821064747 -0.060150815852012811 -0.037232702658137065 0.018152524277723663 -0.029402371661881661 -0.027696628127931864 0.030521215819173962 -0.035710980825764876 -0.023122819174612855 0.046854724315289378 -0.017069610565094286 0.011419727559751198 0.047377638140324044 0.023491658041546709 0.032382645692016598 -0.032188436119997242 -0.043888346326166179 0.031671189444647134 0.031381340027473725 0.03080938713269845 -0.050241747812509646 0.029966764427186002 0.036474408836218511 -0.014021976072632301 0.035679479400260568 0.035600328437121811 0.013462279713012905 -0.023214422579426547 0.039896605651890842 -0.0045861557591098008 0.040248320732609956 0.028850557764358273 0.035125510061411916 -0.055799638244197217 -0.044971571280886462 0.018294531941293178 -0.051300344599777871 -0.015003006907362455 -0.0049281154655890164 -0.040082489561259024 -0.0054475321320328713 0.01878298793764803 -0.0057723343465500426 -0.00011181723502966233 -0.015536865659670376 0.038929226720990522
leaf_weight=3.6050997711718074 74.91210202453658 11.935485831461845 5.6597422361373892 9.598031899891792 5.6942776180803758 2.0876447635237119 10.540997610427437 8.3605628320947272 5.5584848802536717 4.9973971182480428 5.1080889906734219 10.656741940416394 11.762300632894037 7.0889239506795994 22.06438546907156 7.1354935206472936 3.2485500555485407 12.64230888430029 6.8616120852529994 8.7181263137608749 15.073208610527223 41.906329944729805 4.3098501684144139 5.7241907157003862 8.4347726115956885 9.3352793464437109 60.828630975447595 5.7683587856590748 5.0794262941926709 6.19778112694621 3.3359987325966349 9.9773057037964445 5.5926265455782369 12.444572160951795 9.9686889722943288 7.1983952410519105 4.4381306432187557 4.3526044785976419 22.404870628379285 5.0632222779095226 4.9311727304011574 5.8647288996726274 9.0143948160111886 29.277192436158657 4.8966294378042212 15.641344016417863 114.0863083251752 9.1280056862160581 16.674047483131289 2.0613715173676601 8.4801048440858704 6.0904037300497285 38.723798120394349 2.5406295470893374
leaf_count=22 1092 145 85 145 38 29 159 79 59 51 37 75 70 58 119 28 25 69 36 41 105 542 37 61 76 140 447 41 78 39 41 86 54 90 201 87 70 44 126 40 32 28 129 377 43 221 1965 182 264 53 157 68 549 13
internal_value=8.84286e-05 0.00690282 0.000136593 0.0120915 0.0129946 -0.0204339 -0.0241621 0.00916222 0.01006 -0.0148281 0.0220863 7.53122e-05 0.0120112 0.0134945 0.0151745 0.00764209 0.0161417 0.0223302 0.0182579 -0.00987403 0.0258725 0.0173551 0.0217245 -0.00439228 -0.00310916 -0.00142633 0.0268775 0.0028985 -0.0131808 -0.0100326 -0.0145773 -0.0104612 0.00393406 0.0299901 -0.00565208 0.0189493 0.000977157 -0.034623 0.0260711 0.0176074 -0.000427992 -0.0166585 -0.00309626 0.00570431 -0.00566314 0.00259056 -0.0074405 -0.00908007 -0.0178138 -0.0330299 -0.0328801 -0.0256698 -0.0179317 -0.0120937
internal_weight=753.081 565.412 267.937 57.1641 297.474 187.669 149.811 209.418 205.813 14.9085 88.0561 15.7648 190.905 182.544 175.455 85.5887 58.2565 89.8663 77.224 15.8536 42.4029 51.5044 70.3624 10.034 210.773 196.248 72.2913 11.4626 66.4186 61.3392 55.1414 27.3322 15.5699 39.1543 37.8584 24.0811 11.6365 9.35 60.3284 37.9235 15.8591 10.928 186.913 61.7507 32.4735 27.5768 125.162 35.7707 25.8021 11.0758 83.3922 14.5252 51.8054 41.2644
internal_count=8948 6144 3989 772 2155 2804 2128 1517 1495 154 638 112 1341 1262 1204 656 446 548 479 69 377 687 443 98 3217 3073 526 79 879 801 762 210 140 352 676 247 157 95 345 219 100 68 2933 786 409 366 2147 647 446 182 1249 144 721 562
is_linear=0
shrinkage=0.0356217


Tree=13
num_leaves=55
num_cat=0
split_feature=34 14 28 13 1 25 11 25 19 34 32 19 0 20 30 19 26 33 28 16 5 17 35 29 34 36 24 28 17 32 26 20 35 11 36 19 32 30 22 7 36 5 34 14 19 22 22 25 14 32 16 20 15 28
split_gain=72.3352 18.54 11.871 9.3667 10.1386 8.72361 8.68618 7.85991 8.32112 7.51943 7.8921 7.40829 7.28668 6.70987 6.78239 9.16684 7.99709 6.95791 8.48796 6.92103 6.24422 7.03911 6.01897 5.77523 5.7665 5.38381 6.26729 6.87648 6.80694 6.27776 6.2273 6.40161 5.30332 5.23097 5.22843 6.79394 5.87181 5.49495 5.20136 5.14482 10.045 5.76645 5.46223 5.03683 6.25362 4.98648 5.49344 4.93917 4.93048 4.89732 5.40078 4.87635 4.868 4.65328
threshold=95.605924565013822 6.7500000000000009 0.011188215314322571 0.0031078679835647165 -0.19638590113421137 -4.2208870798067695 0.0023437726701993401 -3.6614508989778511 -0.11707647256156216 16.995115923905416 -287.55266938006343 -0.047474154728983912 0.19122437304441223 0.86421469996450806 0.0068111605500396086 -0.049999089658009303 0.18516439709967417 -46.054391150585523 0.00034531296458917288 0.014016096241737346 1.5000000000000002 175697.50000000003 0.35404761904761911 0.15320352088539754 27.383829654490722 3.1234371680095081 4613.7500000000082 0.0015707897584774646 212675.00000000003 -869.80262885860895 1.3252063911684053 0.27851952002702074 0.48214285714285721 0.012205861505462557 -0.36145509577606538 0.025229345059775147 -407.51204976163143 0.029553679178693563 0.81008111612074429 0.093143752259308432 2.016194178724978 21.500000000000004 51.654181426059353 3.2500000000000004 -0.010316973095293889 0.41738684586279567 0.56945308365912128 -3.4590007441496837 6.2500000000000009 -1791.6475979635782 -0.0038243087374064534 0.50733238188830676 0.00010519418855987711 -0.0036619538522784652
decision_type=8 2 2 10 2 10 10 10 8 10 8 8 2 2 2 10 10 10 2 8 2 2 2 2 10 2 10 2 2 10 10 2 2 8 2 10 8 2 2 10 2 2 10 2 10 2 2 10 2 10 10 2 8 2
left_child=1 3 6 4 -1 -6 9 8 12 10 -3 24 -2 14 -11 17 -17 18 19 -16 32 -22 -5 47 -4 26 28 52 51 30 31 -30 -10 39 35 36 37 -18 -36 41 48 42 53 -7 -45 -31 -47 -8 -41 50 -44 -9 -28 -24
right_child=7 2 11 22 5 43 23 25 20 13 -12 -13 -14 -15 15 16 34 -19 -20 -21 21 -23 33 -25 -26 -27 27 -29 29 45 -32 -33 -34 -35 38 -37 -38 -39 -40 40 -42 -43 49 44 -46 46 -48 -49 -50 -51 -52 -53 -54 -55
leaf_value=0.043123436826333815 -0.025023487890136784 0.0063137807735596059 -0.020619470595431 0.056160039463090713 0.016994860352583952 -0.029692909555991125 0.027449279306051549 -0.040048993045108151 0.028385811592535042 0.021317577699962804 -0.055926417787041667 0.042437490903678536 0.043900457982238045 -0.022035654428414132 -0.053941138339477654 0.034795624720160033 0.049875952616637312 -0.042084669029740715 0.024010932901717148 0.010560329797637951 0.012332948767369685 -0.035570937957983308 -0.012051182598985442 -0.026287427365932203 0.031812649215191703 -0.055474299700936883 0.049147020244390667 -0.022704013841601787 0.047147213971039853 0.046461782020098291 -0.020885669461873192 -0.021334171631385072 -0.02641535014954894 0.034755550670567487 -0.032838413792137554 -0.024250405679869438 -0.002010550966081008 0.005255744329113991 0.016204368871213171 0.017290102318551978 -0.033061598093515512 0.039787035273940098 -0.0019046867079397175 0.025731481193775555 -0.02174753461910087 -0.034018638910864971 0.04090886472211603 -0.014668269477177988 -0.033983690650029201 -0.0085498189856585312 0.038930520213941604 0.0021415338726791227 0.0050524873876299564 0.033492763000427077
leaf_weight=3.8512755660340181 3.8333356662187725 7.3887469470500946 4.9829714186489564 2.6548752808012059 8.5791338160634023 32.718393582385033 7.1607699804008007 17.044183290563527 4.0437318272888643 112.87716307397932 3.8592145508155209 26.077958288602531 3.7575780712068081 6.100474761798977 4.5862624291330629 18.507534279953688 10.424488374032078 6.396400334313511 9.4419900001957995 3.7842116970568895 4.0660018473863593 70.890719102462754 4.1288194647058836 12.435292078182099 5.4916911898180842 3.3120934516191474 5.1425193743780264 6.230623858049511 3.7731445506215087 4.2982470644637925 29.729439491406083 3.0490066688507795 4.7792021718341857 6.3368879612535229 6.9638820458203536 4.6863581407815209 8.2775072632357531 5.299587693065404 4.4036642806604505 55.01220445940271 5.9817423280328503 4.008749241475015 12.707148361019792 5.3785133622586718 9.7505161510780436 3.1324615366756916 1.9166583493351934 6.7876751543954033 2.394685990177094 100.77428309153765 5.9636725559830657 4.3390812659636131 8.153754623606801 8.7439298350363952
leaf_count=44 54 49 28 42 129 617 79 353 39 783 35 180 17 27 31 115 82 40 65 30 44 955 48 100 47 50 73 107 59 69 562 59 64 125 59 45 46 33 38 704 80 89 207 85 146 68 37 71 27 1608 102 93 101 108
internal_value=0.000442449 0.00693016 0.0134157 0.000273946 -0.0120826 -0.015923 0.0105187 -0.0190287 -0.0263911 0.012907 -0.0153315 0.0323034 0.00920108 0.0144889 0.0156392 0.00787732 0.0154928 -0.0105265 0.000968621 -0.0249814 -0.029625 -0.0329573 0.00384755 -0.00873168 0.00689572 -0.0115416 -0.00980175 0.00792908 -0.0149541 -0.00718591 -0.0138489 0.016652 -0.00124455 0.00314588 0.00650564 0.0145972 0.0222579 0.0349754 -0.0138503 0.00212525 0.0105016 -0.00177326 -0.00306264 -0.0218516 -0.00479986 0.0187229 -0.00530344 0.00698398 0.0150932 -0.0054439 0.0112679 -0.0315102 0.0223578 0.0188925
internal_weight=726.41 544.919 275.934 268.985 60.2778 56.4266 239.381 181.492 91.3706 212.997 11.248 36.5526 7.59091 201.75 195.649 82.7719 58.563 24.2089 17.8125 8.37047 83.7797 74.9567 208.707 26.3837 10.4747 90.1212 86.8091 19.5269 67.2822 45.899 36.5516 6.82215 8.82293 206.052 40.0555 28.6879 24.0016 15.7241 11.3675 199.715 63.3886 136.327 132.318 47.8474 15.129 9.34737 5.04912 13.9484 57.4069 119.445 18.6708 21.3833 13.2963 12.8727
internal_count=8948 6144 1983 4161 1021 977 1728 2804 1173 1478 84 255 71 1394 1367 584 418 166 126 61 1102 999 3140 250 75 1631 1581 281 1300 854 680 118 103 3098 303 206 161 115 97 2973 811 2162 2073 848 231 174 105 150 731 1917 309 446 174 156
is_linear=0
shrinkage=0.0356217


Tree=14
num_leaves=55
num_cat=0
split_feature=9 13 19 12 31 19 10 32 19 35 25 16 6 6 28 20 12 28 12 28 25 16 32 2 23 9 20 12 16 36 30 25 6 30 15 7 19 27 1 10 13 2 27 29 13 16 28 9 23 19 28 36 27 22
split_gain=57.641 17.9196 11.1569 8.48112 10.0061 8.31724 8.11586 7.90599 7.76699 9.30085 7.99814 7.69703 7.45922 7.43985 9.46178 7.92314 6.87387 8.43047 6.7823 6.71232 6.50885 6.46555 6.97175 9.55299 6.42553 7.84449 6.4064 6.35841 6.20665 6.07032 8.24307 5.77318 7.30895 6.05577 9.43097 5.70418 6.55151 5.70294 5.70253 5.61773 5.71876 5.12453 5.32949 4.84028 4.82766 5.61917 4.68372 4.69235 4.67121 4.64087 4.53575 4.51252 4.96503 4.46817
threshold=1.2455685997693184 0.0031078679835647165 -0.11707647256156216 0.0032743498561403467 -0.93642349005668923 -0.058744714175026295 0.031434172586183591 -1371.4695124840428 -0.015752543120074732 0.71309523809523823 -1.0000000180025095e-35 0.007453419798483075 0.60000000000000042 0.37499999999999939 0.0009089501335964868 -0.2955545726494701 0.0026442250986984457 0.0009089501335964868 0.0052321471189039617 0.010873915217991305 -4.1843293700109312 -0.023620161936540176 -347.08223084780235 2.3100000000000009 -0.9250000000000006 -0.14802516106114869 0.74786541374350624 0.0058627792429774934 0.019003609814876119 1.8211988170364075 -0.025765297353516733 -3.4955572442589848 0.29999999999999993 0.010683482797189227 0.034992158955683368 0.1176470588235294 -0.057666006337219348 -0.0027274135325981437 -0.18979966830129688 0.0040598673661405337 0.026619170347515018 -2.1499999999999981 -0.040178357836081084 0.15054741164447097 0.025694262896183599 0.021078453994099442 -0.021046662912971578 -0.10536051565782632 -1.1749999999999996 -0.082926149566877369 0.017392294341810891 0.023744421249426034 0.00078147291469710123 0.89768390079537097
decision_type=8 10 8 10 2 10 10 10 10 2 10 10 10 10 2 2 8 2 8 2 10 10 10 2 2 10 2 10 10 2 2 10 10 2 8 8 10 2 2 10 8 2 2 2 10 8 2 8 2 10 2 2 2 2
left_child=3 2 11 8 20 -4 13 -6 9 21 16 -2 -3 18 -15 -16 17 -11 -7 41 43 -1 26 35 25 -9 -23 -14 50 -20 -31 39 33 46 -35 -24 -37 -17 -22 40 -26 -10 -43 -5 45 49 -33 -48 -30 -41 -27 52 -49 -32
right_child=1 12 5 4 7 6 -8 24 19 10 -12 -13 27 14 15 37 -18 -19 29 -21 38 22 23 -25 31 28 -28 -29 48 30 53 32 -34 34 -36 36 -38 -39 -40 44 -42 42 -44 -45 -46 -47 47 51 -50 -51 -52 -53 -54 -55
leaf_value=-0.02518737139748756 0.046820308349970342 -0.0058525151765301819 -0.042963312364430691 -0.025286398712543262 0.057008212882273028 0.019432687785558383 0.043987367493734678 -0.02505342509538672 0.049314038233833339 -0.010165842416146282 -0.04008459360604498 -0.012123795096413554 -0.022855359056052328 -0.024720689755709613 -0.025250442769638556 -0.013028626520804642 -0.028178698881703049 0.033728499671477383 -0.028890443908002807 0.04561281397375716 0.01070783402986239 0.035827695173447874 -0.055950968223200739 0.051227355598515129 -0.042209422258827088 0.040310113027629289 -0.010156539331721368 0.021199390445620241 -0.026405092769162943 -0.03971406094313526 -0.0062093145509168638 -0.056103560698929494 0.025037107864248193 -0.035899485833072259 0.025188764508089944 -0.035356744143569457 0.030280035459245271 0.047172501109963703 -0.044248589505835011 0.038409390081221968 0.016859789985456425 -0.027512148184257439 0.017946379509483638 0.039082547115418434 0.036639333345601113 -0.0054249015102311587 0.036716227181568098 -0.055621250900652508 0.02968678401572316 0.010142377999237576 -0.001355723050553134 0.021136923930879882 -0.0036551309378294416 0.048566276856278595
leaf_weight=4.0785855464637271 5.1768124424852413 117.12775397673249 19.672852106858045 2.4713169084861901 3.8829533373937002 4.3438010076060882 2.5223267804831258 4.3409378230571738 6.2374625690281382 10.952634677290922 6.9747746419161549 5.9410125813446939 4.884568743407729 13.37080222554505 4.0827786829322568 2.5870857285335651 7.0704938052222124 11.078736824914811 87.931610413827002 13.627130911685525 3.0110987806692728 29.37936738692224 3.149706115946171 3.4003946445882312 5.1614121943712217 21.381627223920081 4.3707205932587376 25.230329888872802 4.38717634184286 4.4151390343904495 3.738905535079537 1.6572224833071256 8.1533349081873876 17.973249109927565 3.8203595858067301 3.4376347735524169 4.1453857710585016 8.0851139479782415 10.937237851787355 8.888400227762757 3.3625874873250723 3.3458535838872185 69.043764193542302 3.414631275460124 8.4408612316474301 25.072542461566627 4.4700093911960721 2.8474168051034274 3.1472997814416876 41.927203117869794 3.9041320383548728 6.5297830747440448 11.310755558311937 3.6707747392356396
leaf_count=38 40 2080 382 25 46 56 36 37 29 73 39 100 83 218 81 33 56 74 1480 94 39 206 27 18 39 229 24 354 63 60 43 8 82 234 42 32 46 119 128 111 32 21 504 48 65 286 33 30 27 560 38 87 193 20
internal_value=0.000565219 -0.0108293 -0.018867 0.00968611 0.00482478 -0.0213494 -0.0181631 0.00733277 0.0153551 0.00777072 -0.00611212 0.0154809 -0.00178504 -0.0193822 -0.00310631 0.0165043 0.00213385 0.0119524 -0.0237709 0.0225749 -0.0191915 0.0174057 0.0210819 5.66295e-05 0.00626928 0.0195066 0.0298556 0.0139966 0.0254633 -0.0256713 -0.0016788 0.00296953 -0.00597193 -0.0112171 -0.0251176 -0.0164639 0.000431316 0.0325788 -0.0323818 0.00843779 -0.0189638 0.0185273 0.0158081 0.0120588 0.0112286 0.00835568 0.00012571 0.00404318 -0.00287186 0.0151555 0.0338906 -0.00315134 -0.0144338 0.0211907
internal_weight=703.568 312.782 165.539 390.786 210.494 154.421 134.748 190.659 180.293 88.0384 36.0766 11.1178 147.243 132.226 28.1258 14.755 29.1019 22.0314 104.1 92.2542 19.8343 51.9618 47.8832 14.1331 186.776 37.1612 33.7501 30.1149 32.8202 99.7564 11.8248 149.615 56.7621 48.6088 21.7936 10.7327 7.58302 10.6722 13.9483 92.853 8.524 78.6271 72.3896 5.88595 84.329 75.8881 26.8152 25.158 7.53448 50.8156 25.2858 20.688 14.1582 7.40968
internal_count=8948 5185 2668 3763 2482 2528 2146 2242 1281 633 242 140 2517 2110 451 233 203 147 1659 648 240 391 353 123 2196 394 230 437 357 1603 123 1802 709 627 276 105 78 152 167 1093 71 554 525 73 1022 957 351 343 90 671 267 310 223 63
is_linear=0
shrinkage=0.0356217


Tree=15
num_leaves=55
num_cat=0
split_feature=13 13 19 25 16 37 16 11 1 22 12 1 22 25 5 35 22 35 31 3 27 3 25 3 13 19 3 28 7 13 23 21 6 25 19 19 1 7 26 16 35 2 15 27 36 25 19 20 19 19 25 36 21 28
split_gain=47.799 13.4345 12.2002 11.9124 8.51417 7.79633 8.60671 6.35221 6.32971 6.14374 7.31871 7.16235 6.13602 5.96612 5.92495 5.60996 6.05489 5.32369 5.30476 5.23844 7.56487 4.96528 4.92826 4.86736 4.76408 9.6185 5.6006 8.92076 5.9719 5.12556 4.84283 4.48379 6.7357 5.21145 4.98261 4.43266 4.84342 7.84022 6.28524 8.45652 11.2045 5.09017 4.46333 4.41974 4.40369 4.35828 7.37592 4.89742 4.68546 5.00657 5.02909 4.3297 6.88089 4.27326
threshold=0.0029798725549775936 0.023685632958335517 -0.11707647256156216 -1.7703902062240802 0.007453419798483075 0.88333333333333341 0.02211261562929057 0.002780504811957366 -0.16088165292135817 1.4900018847833845 0.0050898975045240158 -0.19638590113421137 0.92597085777809041 -4.3371734898817369 5.5000000000000009 0.94071428571428584 0.31173547411056141 0.97404761904761916 -1.1328728445379974 0.021667198657800871 0.0046756950223147973 0.053110544224782681 -2.5474361657894891 -0.080526314650024453 0.017719830187354488 0.0086161033838282348 -0.0031920663045522653 0.0072421560151576534 0.032786885245901634 0.012154948228439532 0.23499999999999946 0.0034164280205562212 0.49999999999999989 -2.582742037497225 0.023709303296421517 0.12822064429074156 -0.096150508637492291 0.08559218559218558 2.1442006064708372 0.013469390286177109 0.74214285714285733 -0.67499999999999971 -0.033323535790444753 -0.014700491291353366 -0.55399956929062133 -5.4772255750516514 -0.12983695802293591 0.13538204555727112 -0.051451587932246683 -0.031747259028620793 -3.0532253302775385 1.8211988170364075 0.0052748951173543128 -0.011911935854488296
decision_type=10 10 8 8 10 10 8 10 2 2 10 2 2 10 2 2 2 2 2 2 2 2 10 2 10 10 2 2 10 8 2 2 10 8 10 8 2 10 10 8 2 2 10 2 2 10 10 2 10 10 10 2 2 2
left_child=2 5 4 9 -1 -2 15 35 -9 10 19 -12 -10 -13 -14 16 -7 -17 -18 20 -4 -11 -16 -19 26 -26 27 29 -28 30 -20 32 33 34 -15 36 -3 42 39 41 -41 -39 -38 53 -31 47 -47 -8 -48 -50 -51 -5 -53 -40
right_child=1 7 3 51 -6 6 45 8 12 21 11 13 14 31 22 17 18 23 24 -21 -22 -23 -24 -25 25 -27 28 -29 -30 44 -32 -33 -34 -35 -36 -37 37 38 43 40 -42 -43 -44 -45 -46 46 48 -49 49 50 -52 52 -54 -55
leaf_value=0.047465751949077657 -0.0036256398573192754 0.028387167497960955 -0.043857832209972254 -0.029768952118033643 -0.0087977695615340419 -0.022474762244415761 -0.043465774000928242 -0.03701425388480524 0.021763848059503554 0.038315124921520227 0.024788712327640908 0.022326064028935784 -0.047810453937490303 0.0036649403509270728 -0.024453336892896232 -0.051279868834914852 -0.011581258932044506 -0.030940797032098948 0.02392676024641464 0.045367015484086823 0.020226246772353688 -0.01704700137252687 0.035360301680955504 0.028645445367808775 0.018711516373214044 -0.031951006298820708 -0.014975279162378665 0.041391256789818857 0.035923077686382102 0.00029101830239680398 -0.017619300064330875 -0.03254056502409252 0.032225745455341466 -0.042831957081185222 -0.03811381108290704 0.046541303624092596 0.0071237920803509667 0.0078132162083736356 0.017628635677025224 0.033536403962373104 -0.026439870270974143 -0.044956010511598671 0.036823124298593607 0.024214977998267689 -0.05293111139844283 -0.038641724484557008 0.029507760142145335 0.0059298892568916519 -0.030996353008457322 -0.0031087128100589305 0.037326104381776908 0.021549813166358602 -0.036057574541626031 -0.01722954462160222
leaf_weight=6.3797902958467585 151.66597933648154 32.437023034319282 3.4714901847764832 73.918246501125395 7.1477766600437462 5.1935087372548869 6.6952599044889194 4.8463346567004946 14.848161895759405 5.9722437923774105 4.9248137464746753 3.9658690318465153 3.9128419770859164 12.745959460269662 3.268646395765245 3.0588496662676317 7.7952309381216756 2.8399931378662586 12.562815650831913 4.09846032783389 6.6643793256953359 3.0318236965686083 3.5360336732119322 4.1613471354357898 17.198903800919656 6.4584258729591957 3.1100413501262656 9.7590979645028693 38.023846843279898 4.7002239720895886 4.8651757938787332 28.209566249744967 3.6309189740568391 7.9356226460077073 4.949318869970738 6.4493387164548031 9.3599082576110977 3.1589353717863586 9.2155545251444 9.682132147252565 6.5367351379245511 8.3154127839952654 20.852075795643032 24.88726497348398 3.2909537190571418 5.1948995906859627 8.3799796304665453 4.0310020856559277 5.4551894636824718 15.400165109429507 5.1198472436517575 5.5880986396223289 4.7964453930035233 8.4654933381825668
leaf_count=41 2579 232 31 1152 113 46 50 55 194 50 53 90 36 282 41 16 82 26 168 41 73 40 30 59 169 59 48 101 426 70 56 561 72 228 72 55 86 30 90 54 43 70 167 183 35 39 106 45 66 195 52 44 67 79
internal_value=0.000711238 0.00651531 -0.0146033 -0.0171398 0.0178787 0.0022703 0.0074304 0.0146336 -0.000111734 -0.00808023 -0.0112033 -0.0161728 0.00699435 -0.0194937 -0.0134649 0.0125028 0.0147744 -0.0128815 0.0165901 0.011905 -0.00192066 0.0196739 0.00666768 0.00435766 0.0187978 0.00479786 0.0231238 0.0126279 0.032044 0.00145985 0.0122855 -0.022416 -0.0125727 -0.0190256 -0.00815994 0.0178504 0.0164231 0.0125347 0.0059895 -0.00720022 0.00934044 -0.0304727 0.0276811 0.0145707 -0.0219905 -0.00497812 0.000498519 -0.0250045 0.00651644 -0.000979476 0.00710428 -0.0267458 -0.00513304 0.000927003
internal_weight=682.163 494.733 187.431 173.903 13.5276 324.961 173.295 169.772 30.412 89.6005 80.5964 66.3621 25.5657 61.4373 10.7175 123.018 112.958 10.0602 107.765 14.2343 10.1359 9.00407 6.80468 7.00134 99.9695 23.6573 76.3122 35.1783 41.1339 25.4192 17.428 57.4714 29.2618 25.6309 17.6953 139.36 132.911 100.474 70.2615 27.6932 16.2189 11.4743 30.212 42.5683 7.99118 50.2763 39.5501 10.7263 34.3552 25.9752 20.52 84.3028 10.3845 17.681
internal_count=8948 5938 3010 2856 154 4493 1914 1445 356 1593 1503 1358 301 1305 107 1361 1260 101 1214 145 104 90 71 85 1132 228 904 430 474 329 224 1215 654 582 354 1089 1034 802 549 197 97 100 253 352 105 553 458 95 419 313 247 1263 111 169
is_linear=0
shrinkage=0.0356217


Tree=16
num_leaves=55
num_cat=0
split_feature=34 18 19 14 28 7 34 12 17 19 32 15 31 19 22 28 22 20 6 33 20 36 21 7 3 32 15 3 30 32 22 34 15 10 1 25 32 34 18 22 25 6 6 25 6 23 17 16 22 32 32 6 36 10
split_gain=45.6344 10.8195 11.5369 10.0484 11.3187 9.79793 6.84612 6.7154 6.71313 6.02935 6.01372 8.40381 6.3318 7.61853 5.47239 5.44617 5.80455 5.39051 5.31378 7.18405 6.52226 5.26633 7.64878 5.16965 5.12086 7.69782 6.6288 10.8381 5.26284 5.95193 5.04345 4.69831 5.16586 5.77148 4.69652 4.64295 4.33805 4.33207 4.3147 6.16216 4.66634 5.87648 6.13728 5.53281 5.29993 4.18883 4.16677 4.08663 6.01388 4.01868 3.98244 3.97646 3.91963 4.11951
threshold=74.942459761985319 236.37416173703406 -0.10798205825655975 6.7500000000000009 0.011188215314322571 0.077922077922077906 28.269298332416799 0.0087545740590042487 193682.00000000003 -0.13590886195803628 -869.80262885860895 0.001095699225490409 0.010408453280810465 -0.14321467950076819 0.66631186802562703 -0.017301776199539095 1.5111847553730922 0.86421469996450806 0.60000000000000042 -975.10540410101123 -0.33509950347750889 1.5804352428320467 0.0052748951173543128 0.051282051282051273 -0.077281483154721928 -266.58872825831639 0.032575911569908314 -0.098032104730042743 -0.00063795678694655844 -474.49739987620353 1.5327649733046809 17.773613448534377 0.025129095990881641 0.0053394482600554452 0.18228713070275351 -2.3003091032681113 -1755.656094187867 78.484700001949889 161.88460751498349 0.97235633482641814 -2.6866220806245793 0.39999999999999908 0.34999999999999981 -2.8081398356315384 0.29999999999999943 0.4650000000000008 198267.00000000003 -0.010171660862601349 1.1905288549643276 -1019.9435606313092 -314.47736614457347 0.20000000000000065 0.44149728799599114 0.02950361061699051
decision_type=8 8 8 2 2 10 10 10 2 10 10 8 2 10 2 2 2 2 10 10 2 2 2 8 2 8 10 2 2 10 2 8 10 10 2 10 8 10 10 2 10 10 8 8 10 2 2 8 2 8 10 8 2 8
left_child=3 8 9 6 17 21 -1 49 37 45 12 -12 13 -10 -14 -15 -17 24 19 30 -20 -4 -23 36 26 50 28 -28 -5 -30 -8 -27 -33 -34 38 -13 -16 -2 -21 40 41 42 43 44 51 -3 -32 48 -22 -7 -26 52 53 -40
right_child=1 2 5 4 -6 7 18 -9 10 -11 11 35 14 15 23 16 -18 -19 20 34 47 22 -24 -25 25 31 27 -29 29 -31 46 32 33 -35 -36 -37 -38 -39 39 -41 -42 -43 -44 -45 -46 -47 -48 -49 -50 -51 -52 -53 -54 -55
leaf_value=-0.050653747532646155 0.026708848804274116 0.0047453272579621696 -0.027584725471454335 -0.056008930688743006 0.033241858829991991 -0.014086188267014804 -0.028239375280273812 -0.043197174897882211 0.067458514882222584 0.031799618850139037 0.048841558548054387 -0.010865287233497474 0.043812874562165628 -0.043182260006646725 0.026574367806452587 -0.011684050008418372 0.034910875827077505 -0.024145010987233949 -0.010215862722838951 -0.020473875726807547 -0.033800296199726819 0.020948069241420973 -0.039947079221801393 -0.031458778500880247 0.014293999913217238 -0.0512335687206638 0.034560817159040233 -0.029252030748971935 0.010259563670334565 -0.034096339806659957 0.044088559900860608 0.026413296200821845 0.01437283240101456 -0.054853436824666833 0.030630340221536628 0.04097039518776828 -0.0080255912027752674 -0.02915931712657556 0.0098533185357604185 0.031421911447318984 -0.013969403286517022 -0.038399757354736552 0.054782388161851568 0.047118315734184187 -0.028883781776282712 -0.045536259254869239 -0.018060930348967746 0.055127654300298361 0.033821930671593878 0.047696190060174171 0.03611057537135285 0.033970862890857031 -0.025414420341546617 -0.030127826273846581
leaf_weight=3.0102432044222942 1.8939241562038684 7.4287068853154796 94.768392981262878 3.23336301930249 30.904560837894678 1.7649031849578021 16.480290071107451 1.8863342949189243 1.4616993591189373 7.9029887458309522 7.056041712872684 9.8991738497279602 4.9612709544599083 6.3548041442409149 10.19607321359217 48.682828387245536 3.5485400911420575 5.5582598419859996 6.4663217635825303 9.9363547312095744 2.1582484180107695 6.9828771697357279 4.0513252820819616 4.3887762650847426 145.41632226156071 2.9102417919784758 11.273847320117055 4.713424556888639 9.9351706020534056 6.1201182398945084 2.4993416098877779 4.7823163950815797 2.7900553215295076 3.1848239204846323 7.5684740436263374 2.7085079010576001 8.2327512949705177 16.148750430904329 39.163173897191882 9.335241721943019 20.008540544193238 3.5713704265654078 3.2658048532903186 3.6931521436199537 5.9474010718986383 2.8213824676349759 2.802654089871794 5.9358742302283636 6.364541357383132 4.9069899106398207 11.426851407159118 5.7682093754410735 5.400117157958447 3.4689701786264768
leaf_count=22 29 82 1847 32 247 58 269 38 15 95 90 185 75 112 164 822 72 35 90 132 31 63 63 93 1128 37 70 43 93 53 38 52 36 36 122 36 158 325 590 138 360 77 15 54 88 44 65 68 100 59 93 67 85 57
internal_value=0.00107724 -0.0106282 -0.017724 0.00853483 0.0131333 -0.0219096 0.0016893 0.014602 -0.00312839 0.00861176 0.000252823 0.0180091 -0.00373683 -0.0102387 0.0102986 -0.0122915 -0.00845483 0.0101778 0.00270712 0.000179758 0.0193967 -0.0248755 -0.00155386 0.00284544 0.0111169 0.0136715 -0.00123051 0.0156726 -0.0152573 -0.00674498 -0.0185557 -0.011894 -0.00086305 -0.0227965 0.00367822 0.000492679 0.011149 -0.0231714 0.00178868 0.00402903 0.00116338 0.00548772 0.00789365 0.0053951 0.00273911 -0.00938557 0.0114804 0.0326304 0.0164863 0.031363 0.0159064 0.00628486 0.00289315 0.00653354
internal_weight=663.141 258.047 132.514 405.094 242.249 114.361 162.844 8.55823 125.533 18.1531 107.49 19.6637 87.8267 60.0479 27.7789 58.5862 52.2314 211.345 159.834 138.909 20.925 105.803 11.0342 22.8176 205.787 170.511 35.2759 15.9873 19.2887 16.0553 21.7823 13.6674 10.7572 5.97488 117.127 12.6077 18.4288 18.0427 109.558 99.622 90.2867 70.2782 66.7068 63.441 59.7479 10.2501 5.302 14.4587 8.52279 6.67189 156.843 53.8005 48.0323 42.6321
internal_count=8948 4525 2349 4423 1955 2128 2468 155 2176 221 1822 311 1511 1021 490 1006 894 1708 2446 2157 289 1973 126 415 1673 1382 291 113 178 146 372 161 124 72 1785 221 322 354 1663 1531 1393 1033 956 941 887 126 103 199 131 117 1221 799 732 647
is_linear=0
shrinkage=0.0356217


Tree=17
num_leaves=55
num_cat=0
split_feature=9 18 19 13 22 32 19 33 9 13 23 26 34 26 22 12 10 35 32 4 31 21 35 31 1 2 15 23 8 28 26 15 35 12 5 10 1 15 37 30 12 23 0 26 9 19 23 30 15 5 22 21 17 0
split_gain=41.2559 14.6811 12.4405 7.29077 6.43097 5.64373 5.5294 5.1326 8.31395 5.60493 5.91284 5.1118 7.1097 4.90244 7.02358 10.3557 8.72631 5.58099 4.70435 4.68997 4.62862 6.07566 4.99132 9.87612 5.8654 5.46758 6.45462 5.36911 5.26818 5.30133 4.63211 4.49376 5.81042 4.64599 6.27996 9.1321 5.61818 4.40523 4.36751 4.30114 5.29103 4.28552 6.44269 4.67505 4.22965 4.20727 4.18908 4.16757 4.06055 4.47772 4.18304 3.88194 5.38151 5.19892
threshold=1.1513550425910986 236.37416173703406 -0.11707647256156216 0.026024786236353684 0.56817357777294142 -209.86520500711239 -0.14321467950076819 -78.510808927606419 1.9912873306895456 0.0031078679835647165 1.4900000000000004 6.874831274942501e-16 40.858400621870729 5.246033805541641e-16 0.52665346355299636 0.0024591655239283171 0.0041173393378842868 0.41595238095238102 -660.29437572665222 0.083394378064437197 -1.0167156640795167 0.0046776566353232312 0.49357142857142861 -0.14222408479651402 -0.054499352681634188 -0.67499999999999971 0.0052279666669744857 -0.95999999999999897 4.2500000000000009 -0.00077248995886952654 1.6312299034590843 0.022667263129046059 0.88000000000000012 0.004811150891395017 14.500000000000002 0.002375189002141283 -0.051730509468104029 0.015087150585026864 0.71666666666666667 0.01320933411978731 0.0044529126188461244 0.26000000000000073 -0.14885118281552537 4.1871944296592687e-16 0.58079354391474924 -0.11707647256156216 -1.360000000000001 0.010520283696419332 0.0066964842403789164 1.5000000000000002 0.36045201038841579 0.0051815763837962233 175494.00000000003 0.15242650957589046
decision_type=8 8 8 10 2 10 8 10 10 10 2 10 10 10 2 8 8 2 10 2 2 2 2 2 2 2 10 2 2 2 10 10 2 10 2 8 2 10 10 2 10 2 2 8 10 8 2 2 10 2 2 2 2 2
left_child=3 6 4 5 -3 11 -2 9 -9 10 38 12 41 14 16 -16 -5 -15 19 -4 21 30 -22 25 27 -24 -27 -25 37 44 -13 33 -33 34 36 -36 -19 -26 -8 -29 -41 42 -1 -44 -30 -11 -34 -14 -28 -50 -51 52 -21 -54
right_child=1 2 18 13 -6 -7 7 8 -10 45 -12 20 47 17 15 -17 -18 31 -20 51 22 -23 23 24 28 26 48 39 29 -31 -32 32 46 -35 35 -37 -38 -39 -40 40 -42 -43 43 -45 -46 -47 -48 -49 49 50 -52 -53 53 -55
leaf_value=0.042572013950557541 0.04108977597466984 -0.016238590450864652 -0.037745066463119668 -0.054835804159710087 0.034595596828392243 -0.041771054011853756 0.0026042509887976005 -0.017289725745950116 0.047366534733978359 -0.040703139708620738 -0.045226469815473042 0.0067555099832262051 0.011028856951649865 -0.014173061190365259 0.039375184864017879 -0.02542751284135996 0.01319716457653684 -0.0030468269408377999 0.010094405170038061 0.040057127221807501 0.012813934300131115 0.019603583890782039 0.044480866330998868 0.033928405465877179 -0.02501450038500436 -0.018652983554467342 0.052288070008031824 0.018126130190964811 0.010364486809856795 -0.047246940945958021 -0.052415109941848601 0.043320433434259488 0.043630791693598736 -0.013443161136334279 -0.035259147833716253 0.031495650427881668 0.039155859951979621 0.040143976308779347 -0.019697664569829198 0.004362130552435923 -0.04656555496994659 0.051130497132565532 0.019217660145699846 -0.024497061503386486 -0.040454221131481338 0.00069291559476842516 0.0085496263683272743 -0.036925671377843035 -0.037511217693223353 0.04147415820644805 0.0076583096167403639 -0.034340587443869981 -0.023219948056612694 0.0025635364197401501
leaf_weight=8.8119692187756318 3.5692391619086266 5.1492195865139347 24.172378868795931 4.7274525072425613 7.8663503909483552 3.0040442743338636 20.272951729595661 4.1699816863983852 6.1251308275386691 3.0984163042157888 6.7441428489983073 2.3467337698675674 5.5540973795577866 5.3814978580921879 9.5212249131873214 4.5519584799185404 4.6750544449314484 5.118689101189374 5.3288435344584277 2.0657062474638215 70.84220274258405 3.7289866656064987 5.3808499919250599 5.038090753369036 2.4411795353516963 9.8798902928829175 3.0503084687516084 5.1738728187046936 5.1208877982571774 11.452703053597356 5.5820976030081511 22.833931994624436 5.7631071852520135 6.3960438994690767 5.3911276459693882 4.8398567456752071 17.925866344943646 2.6374832550063729 24.553777560126036 5.0779268611222488 5.1366942627355456 7.0440272297710171 8.4395965794101357 4.7774330768734226 3.3598074996843934 119.95571672730148 16.741493404842913 3.7818542458117008 2.2559167649596921 5.4906964786350718 27.926913857460022 17.467356002889574 42.735821627313271 12.877313842065631
leaf_count=67 44 94 509 31 64 58 362 91 65 48 127 25 50 56 62 49 34 50 120 21 964 30 47 45 43 115 19 63 50 112 81 193 39 48 35 36 123 30 464 46 69 52 66 28 46 2023 148 29 29 67 368 317 923 173
internal_value=0.00108641 -0.00837882 -0.0182463 0.00968044 0.014502 0.00593487 -0.00221186 -0.00307024 0.0212482 -0.00451618 -0.014362 0.00660465 0.0183977 0.0170139 0.00248964 0.0183722 -0.0212091 0.0207773 -0.0223309 -0.0240806 0.00410521 -0.0175135 0.00559573 0.000443247 -0.0117785 0.0107359 0.00691322 0.00237821 -0.0233095 -0.0315312 -0.0350163 0.0230057 0.0306704 0.0141872 0.0195272 -0.00366572 0.0298022 0.00891515 -0.00962471 -0.00809313 -0.0214359 0.0270612 0.0191616 0.00333943 -0.0099866 -0.000380297 0.0176935 -0.00856534 0.0134714 0.0100112 0.0133262 -0.0196388 -0.0151321 -0.017253
internal_weight=643.356 306.152 117.663 337.204 13.0156 223.336 188.489 184.92 10.2951 174.625 51.5709 220.332 38.409 113.867 23.4757 14.0732 9.40251 90.3916 104.647 99.3186 181.923 11.6578 170.265 99.4232 45.4386 53.9846 48.6037 20.4266 25.0121 19.9334 7.92883 85.0101 45.3385 39.6716 33.2755 10.231 23.0446 5.07866 44.8267 15.3885 10.2146 29.073 22.029 13.217 8.4807 123.054 22.5046 9.33595 38.7238 35.6735 33.4176 75.1462 57.6788 55.6131
internal_count=8948 5445 2221 3503 158 2599 3224 3180 156 3024 953 2541 292 904 176 111 65 728 2063 1943 2249 136 2113 1149 504 645 598 223 281 208 106 672 380 292 244 71 173 73 826 178 115 213 161 94 96 2071 187 79 483 464 435 1434 1117 1096
is_linear=0
shrinkage=0.0356217


Tree=18
num_leaves=55
num_cat=0
split_feature=34 6 32 13 20 0 19 27 26 7 9 17 19 4 13 28 27 30 9 16 20 26 14 26 1 2 28 25 9 31 13 12 29 32 31 27 13 12 0 31 29 27 27 2 4 1 18 10 34 18 32 17 1 18
split_gain=35.4173 12.5678 13.6577 10.8474 6.68541 6.76583 7.97854 5.93349 6.08661 7.64118 5.89844 7.80235 5.54212 6.24417 5.63333 5.47493 6.9258 13.5902 8.31729 5.77662 5.14318 7.26436 7.76468 5.85633 5.84789 5.46927 5.36869 7.08077 6.86243 5.06205 4.92911 4.61422 4.39539 6.52543 4.87535 8.50379 7.62396 4.28343 4.9009 4.22575 4.23294 4.19693 4.12459 4.08591 5.04354 3.86955 3.86195 8.36901 5.74297 5.14411 4.68892 5.58825 5.07115 5.53488
threshold=103.23751948613672 0.19999999999999987 -209.86520500711239 0.024038720825307492 -0.20105394716995154 0.22945563539282102 -0.057666006337219348 0.04179623730557936 1.8420660653917085 0.072859986728599918 2.7294841512157988 198267.00000000003 -0.17134402742875629 0.11385513801063278 -0.00052564651191880352 -0.012197163068674853 -0.0072471278585756185 -0.011229679006097225 0.64838992695607123 -0.0071415863409621657 -0.56043407063958839 5.967163180766307 7.5000000000000009 2.0115622553020978 0.15380251409580795 1.0050000000000001 -0.0089673232556212717 -4.3966936080648393 0.2130421976554501 0.13433070240219916 0.00031438101048740513 0.0030557397059359109 0.13496005506301956 -1352.4598093541083 -0.054275589719321338 -0.047479535146943967 0.00088249750035435126 0.0044529126188461244 -0.38498978999419425 -0.22182934802674401 0.26870368970385877 -0.012731685575352423 -0.011631953998461729 2.0100000000000002 0.054211685002396204 -0.022214855909500172 197.62527877657263 0.0025828138068248034 69.533684983791673 163.25743269467287 -287.55266938006343 232116.50000000003 -0.083063434816321488 291.09371899707634
decision_type=8 10 8 10 2 2 10 2 10 10 10 2 8 2 8 2 2 2 8 8 2 10 2 10 2 2 2 10 10 2 10 10 2 10 2 2 10 8 2 2 2 2 2 2 2 2 10 10 10 10 8 2 2 10
left_child=1 2 3 15 29 7 -7 8 9 -6 20 -12 -2 14 -14 19 18 -18 -17 -1 23 22 26 -3 -23 -25 27 -22 -28 -5 -30 -24 34 -34 35 -15 -36 -16 -39 -13 -41 -37 -43 -32 -45 -35 49 -48 50 -19 52 -52 53 -49
right_child=12 10 -4 4 5 6 -8 -9 -10 -11 11 39 13 32 37 16 17 46 -20 -21 21 24 31 25 -26 -27 28 -29 30 -31 43 -33 33 45 36 41 -38 38 -40 40 -42 42 -44 44 -46 -47 47 48 -50 -51 51 -53 -54 -55
leaf_value=-0.048520683471998734 0.030012414247646984 -0.037866650689044844 -0.048719210218699016 0.039204092571652839 0.041686155766131487 0.025843867437692142 -0.041520246790976656 -0.018083890276605605 0.035414370641467817 -0.0056804499752517081 -0.033109224130196256 0.055627178190789245 0.039073383013204274 0.039923619654554966 0.0050618194397926792 0.041056553403337401 -0.045144682021903859 -0.019281329872460555 0.0038467408490004719 0.0058161693113827724 0.032947764034013852 -0.0047391053002985815 0.0088978993235927072 -0.019016418477528486 -0.050560694678512923 0.019987069069025191 -0.039382303777568468 -0.023868323931975684 -0.017712367683830464 0.003333267664768469 0.0094113302790517963 0.056871355272689918 -0.025392143367654624 -0.01788128348450068 -0.020009161276182862 -0.034923910453355335 0.057432722668282296 0.019349397018333301 -0.033424538956939483 -0.019543146969639564 0.03625408394510355 0.044686339758746849 -0.014376315571635686 0.053525362436921978 -0.011094543167941869 0.028461682700555112 -0.050873682622529101 -0.028465352836664584 -0.0097903218240800952 0.042325765501130298 0.007505919392732205 -0.053525524466415723 0.016551272101650985 0.0083940386792368572
leaf_weight=4.7686714753508568 3.0236198597121984 11.244383449666204 5.0461828261613837 27.233783533796668 6.0363743165507939 3.5691145025193691 5.6188033549115044 5.0998970037326208 21.72934724856168 14.53549670614302 2.8555961679667226 5.1566940024495116 1.5303815053775904 3.7231280095875325 4.4565651686862102 14.632757588289676 6.9423321774229398 2.1930067948997003 15.86297933291644 5.0178228337317687 3.0970201976597336 7.6255721179768425 5.821634089574216 13.372982444241645 6.5380925545468926 6.7998986877501002 4.9338904852047554 21.83911803457886 12.829911213601006 6.1433984357863656 82.241250602994114 4.4949621129781008 32.893312060507014 3.9242967022582889 2.6047842735424629 9.2503529451787525 3.9616001788526773 2.2687486950308076 51.195282808737829 2.885698393918573 4.0093628419563174 1.9054101947695015 5.8573043057694987 1.538964918814602 23.69023606274277 5.2052066545002145 3.3364101946353903 7.1493867035023895 24.960034527583048 7.0726043106988072 4.6583485063165417 3.0911566559225321 67.7774692568928 17.915940176695585
leaf_count=54 28 211 91 196 33 33 43 39 181 120 44 44 24 33 90 112 74 38 250 80 56 98 42 214 71 119 48 381 281 59 1346 29 515 60 41 136 64 35 1009 39 44 11 121 24 457 80 23 77 514 91 58 29 723 212
internal_value=-0.000536986 0.00378297 0.00878856 0.00986036 0.0200035 0.0125054 -0.0153386 0.0179268 0.0223044 0.00834491 -0.00256893 0.0189926 -0.0169617 -0.0180882 -0.0265562 0.00492881 0.00637848 0.00312719 0.021782 -0.0208674 -0.00413795 -0.00174583 0.000418147 -0.0173832 -0.0261079 -0.00582758 -0.00164275 -0.0167023 0.0013655 0.0326361 0.0030693 0.0301602 -0.0107964 -0.0180125 0.000329732 -0.00814899 0.0268495 -0.0283573 -0.0311502 0.0315215 0.0129338 -0.01885 0.000484484 0.00556584 -0.00695098 0.00854622 0.00558489 0.00397526 0.00547335 0.0276775 0.00926826 -0.0171898 0.0114945 -0.00218436
internal_weight=633.167 501.367 280.391 275.345 89.9662 56.589 9.18792 47.4011 42.3012 20.5719 220.975 14.9074 131.8 128.776 59.451 185.379 175.592 145.097 30.4957 9.78649 206.068 174.651 160.487 31.4173 14.1637 20.1729 150.17 24.9361 125.234 33.3772 120.3 10.3166 69.3254 42.0228 27.3026 20.7362 6.56638 57.9206 53.464 12.0518 6.89506 17.0131 7.76271 107.47 25.2292 9.1295 138.154 128.889 125.552 9.26561 100.592 7.74951 92.8428 25.0653
internal_count=8925 6678 3130 3039 704 449 76 373 334 153 3548 171 2247 2219 1158 2335 2201 1839 362 134 3377 2833 2664 544 169 333 2593 437 2156 255 2108 71 1061 655 406 301 105 1134 1044 127 83 268 132 1827 481 140 1765 1636 1613 129 1099 87 1012 289
is_linear=0
shrinkage=0.0356217


Tree=19
num_leaves=55
num_cat=0
split_feature=34 14 32 20 7 25 28 32 26 22 3 20 4 9 26 1 9 3 3 0 1 36 7 19 25 3 3 34 28 20 23 23 14 16 1 20 25 24 0 16 4 27 36 35 16 27 2 19 1 20 31 3 23 3
split_gain=32.5995 13.1343 13.9458 6.51665 6.20885 8.28763 6.23452 6.48287 6.61785 6.14828 6.03669 5.79746 7.39397 7.4135 6.17045 5.69952 5.64599 5.58992 6.07097 5.11796 5.11413 5.10997 7.19188 6.24222 4.89559 4.87528 5.01413 4.85545 4.91796 5.10695 4.78427 6.91458 5.20637 5.9418 7.85581 5.6282 6.39683 5.62654 5.1568 5.87635 5.48884 4.77889 7.27762 8.45025 6.50588 4.70324 4.42112 4.31604 4.34256 4.29232 4.26824 4.24104 7.09504 4.16132
threshold=103.23751948613672 6.2500000000000009 -209.86520500711239 -0.43005414299104489 0.13783604065735727 -5.4295422594713925 -0.0040857148814166791 -454.67239831431328 5.5302175355793528 0.34310885625181459 0.1119302079971838 0.37926112940640283 0.083394378064437197 -0.17744541107261549 3.9914950357608565 0.17205443871668816 3.1559354580212013 -0.075493484484968718 -0.098032104730042743 -0.13657750311561359 -0.22124380693846316 -0.21397304138062087 0.021978021978021966 -0.17134402742875629 -1.3859040491016559 -0.038480948454634449 0.021047440002779253 52.121682881290447 0.016214183808603736 0.2970371766850215 1.2749999999999997 1.0850000000000011 3.7500000000000004 -0.021377661404708256 -0.15712272270455188 -0.53767750860105112 -2.3210967473543316 1101.7499999999839 0.10508391345057812 0.011054147415577519 0.11977921415746591 -0.013105506750561489 -0.63359739472514709 0.70571428571428585 0.016309896839327962 -0.021650839466469226 0.505 0.030944879848680221 -1.0000000180025095e-35 0.08548929217243828 -0.41059470695301242 -0.018903610569797221 -0.95999999999999897 0.018826214288250823
decision_type=8 2 8 2 10 10 2 8 10 2 2 2 2 10 10 2 8 2 2 2 2 2 10 8 10 2 2 10 2 2 2 2 2 8 2 2 8 10 2 8 2 2 2 2 10 2 2 10 2 2 2 2 2 2
left_child=1 9 3 10 6 25 7 8 -5 -1 -3 12 -7 -14 -15 -10 17 18 19 -11 -8 22 -2 -23 30 -6 -27 28 29 51 31 32 35 -34 -35 -19 41 38 39 40 -36 -37 44 -44 -43 -21 -26 -24 -49 -29 -39 52 -22 -33
right_child=21 2 -4 4 5 11 20 -9 15 16 -12 -13 13 14 -16 -17 -18 24 -20 45 27 23 47 -25 46 26 -28 49 -30 -31 -32 53 33 34 37 36 -38 50 -40 -41 -42 42 43 -45 -46 -47 -48 48 -50 -51 -52 -53 -54 -55
leaf_value=0.022663912402622086 -0.033429482725598043 0.028212232815596393 -0.047834595174548918 0.020248845123939766 -0.055100165243648358 0.023690605261584539 -0.032534984181203236 -0.039546713816987947 0.0032483314842564432 0.018642016131417173 -0.0094208500110377451 0.023637963791350729 -0.041129769671554149 0.032455760541359902 -0.025656065375064412 -0.049559538819390243 0.042830988549968849 -0.039101029545422224 0.021703742186531309 0.01052312941949419 -0.051503487251231106 0.046330843095438681 -0.016486793382789591 -0.011713975958077924 0.033104995243484828 0.021967884549171968 -0.031801480071488364 0.029146996559206648 -0.010775656268084501 0.035740834379183899 -0.020961820430135135 -0.016647407810996582 0.020519008759369215 0.044949061881329112 0.029105788646410429 -0.031447463691419465 -0.028399033636919015 -0.012381512853199427 -0.0339728137668555 -0.016887608124096856 -0.015780681760695404 -0.034625862190806052 0.043457773547598035 -0.033497600387413201 0.014272771711757495 -0.023848668984236984 -0.019328872093574489 -0.0067251604607544155 0.058764297605782244 -0.013924732704939361 0.020094352017473848 0.027965824317140345 0.013539669138773658 0.044950130804978373
leaf_weight=12.735352057032285 36.947420768206939 41.627226362936199 5.0054596485570064 17.243682108819488 4.5638386122882357 8.2668937863782066 2.3354947511106721 4.4189093187451354 7.66612760722637 9.7160406806506199 6.1580599024891844 15.515651633031665 8.3130333665758354 4.8342528585344571 4.2749930769205093 3.8070152997970581 3.3218168206512919 10.150619477033613 21.214603819418699 7.5724610686302194 2.6002293713390818 2.3360043540596962 15.509789661038669 68.899979163426906 7.0791236534714681 3.6182787269353849 5.3061509542167187 4.2667425675317636 4.7563503719866267 34.289376419968903 27.773585966788232 1.8130373656749714 13.273071046918629 3.6927189296111456 8.4488848512992352 5.0146994930692008 15.324935066048054 8.1743098264560121 12.161786792799829 29.19605002598836 5.7157020177692166 7.018911246675998 8.7648286938201654 2.1936413501389334 6.617360114119947 14.767870789859444 2.7703725732862949 3.0025313971564174 2.1179383280687025 8.8599522830918414 13.459978319704531 14.569487974978982 9.9437698582187313 5.2830294794403017
leaf_count=202 651 366 93 166 50 64 29 27 73 161 45 133 66 40 40 32 32 214 339 134 31 14 369 1115 88 39 49 50 37 250 565 36 181 43 162 83 363 136 162 507 100 168 129 65 151 292 63 65 33 87 231 119 97 88
internal_value=-0.00022586 0.00400126 0.0103761 0.0117394 0.00845259 -0.00142068 0.0131567 0.000118168 0.00634317 -0.00138168 0.0233496 0.00651769 -0.00386794 -0.017014 0.00518411 -0.0145373 -0.00261324 -0.0032416 0.00696844 -0.00281545 0.0184414 -0.0161498 -0.0240391 -0.00974611 -0.00604923 -0.0255526 -0.00998212 0.019984 0.0239052 0.0266073 -0.0073619 -0.00493247 -0.00657418 -0.0014773 -0.00511126 -0.0152618 -0.00979825 -0.00756422 -0.0135632 -0.00777012 0.0109984 -0.000102624 0.00638334 0.0278753 -0.0109538 -0.012196 0.018295 -0.00713398 0.0209386 0.000177899 0.00781588 0.0149619 -0.000230948 0.0291775
internal_weight=614.309 485.496 222.241 217.236 169.45 54.6931 114.757 33.1357 28.7168 263.255 47.7853 41.2048 25.6892 17.4223 9.10925 11.4731 250.519 247.198 53.271 32.0564 81.6214 128.814 57.5777 71.236 193.927 13.4883 8.92443 79.2859 66.1592 61.4029 184.077 156.304 149.207 94.1225 80.8494 55.085 44.9344 77.1567 55.5224 43.3606 14.1646 29.6094 24.5947 10.9585 13.6363 22.3403 9.8495 20.6303 5.12047 13.1267 21.6343 27.1135 12.544 7.09607
internal_count=8925 6678 1983 1890 1479 481 998 298 271 4695 411 343 210 146 80 105 4493 4461 926 587 700 2247 1118 1129 3535 138 88 671 534 497 3384 2819 2695 1522 1341 1173 959 1298 931 769 262 596 513 194 319 426 151 467 98 137 367 247 128 124
is_linear=0
shrinkage=0.0356217


Tree=20
num_leaves=55
num_cat=0
split_feature=34 14 32 22 18 28 7 35 25 12 28 12 29 16 5 13 0 23 28 24 1 18 27 7 34 24 35 23 15 1 36 13 11 16 29 5 16 36 13 0 5 26 25 4 0 8 25 27 32 16 1 32 0 27
split_gain=28.9557 13.3347 9.21398 5.45252 5.49299 6.26045 5.16203 10.418 5.05639 5.01306 23.7405 6.36789 7.07003 7.41553 7.02467 6.5597 5.56736 4.83891 5.55788 8.49831 6.25063 5.39246 5.0619 4.88035 4.33201 4.30178 5.15465 5.20419 5.29969 5.98748 5.42062 4.62321 4.70581 4.43706 4.40366 4.17324 4.16138 5.18191 4.2729 4.14611 4.14465 4.04226 3.96813 3.95427 5.38453 3.94978 3.89247 4.19572 4.46846 4.12206 4.49133 3.8565 3.91713 3.74556
threshold=103.23751948613672 6.2500000000000009 -209.86520500711239 0.34310885625181459 62.641243667503353 -0.010314134250953009 0.18056426332288414 0.72809523809523824 -4.0486949199168789 0.0013820702181026997 0.00099452122699161837 0.0023652274507270626 0.12601419215699114 -0.0080251263600241134 12.500000000000002 0.023004169141305934 -0.24671536388140161 0.23499999999999946 -0.0014414021700026589 5018.2499999999955 0.094397063815342755 144.40479618634006 -0.044812688453933207 0.019801980198019795 20.932585057319926 1056.5000000000284 0.37690476190476191 0.40000000000000041 -0.0044800445644598078 -0.031761713678113639 0.23650103464790836 0.023344052359308549 0.0098697265006997079 0.033492361838768796 0.1498816896752577 4.5000000000000009 0.024574955472350963 0.28179690968096244 0.0098520853065681441 -0.13657750311561359 15.500000000000002 6.7110126217241879 -3.1802198646006978 0.11507997445251843 0.27924325459527582 5.7500000000000009 -2.6991527398351165 0.00078147291469710123 -1129.9169720328805 0.026930452540399542 -0.039326296218244565 -802.46571542245408 -0.08536781767112421 0.017679382226941546
decision_type=8 2 10 2 10 2 10 2 10 10 2 10 2 10 2 8 2 2 2 10 2 8 2 10 10 10 2 2 10 2 2 8 8 10 2 2 10 2 10 2 2 10 8 2 2 2 10 2 8 8 2 8 2 2
left_child=1 3 6 -1 -5 8 9 -8 -6 10 -3 14 13 -13 -11 40 53 46 19 22 21 -20 -19 -21 -9 26 -7 28 30 31 -28 32 33 -30 -34 -29 37 38 39 -31 -16 -18 -24 -43 -45 -15 47 48 -2 -48 -51 52 -37 -14
right_child=17 2 -4 4 5 25 7 24 -10 11 -12 12 16 45 15 -17 41 18 20 23 -22 -23 42 -25 -26 -27 27 35 29 36 -32 -33 34 -35 -36 51 -38 -39 -40 -41 -42 43 -44 44 -46 -47 49 -49 -50 50 -52 -53 -54 -55
leaf_value=0.021356663277616317 -0.047068758802821763 -0.041528769007069644 -0.041869592306048441 0.02614342319552623 0.012096568012350064 -0.03931140218663786 0.012845472083572521 0.0021921456297401467 -0.027696375176680051 0.035977986518288124 0.031083585374948916 -0.044336296759230232 0.021251639327468312 -0.025070349090704248 -0.048629436738230475 0.026220756085420894 0.024026748647161013 0.014867486260967993 0.05441489102513529 0.040998906555790714 0.049306399970022945 -0.017375505659208479 0.021028938232083433 -0.019093473044884325 -0.03849170750438103 0.0056378009452078184 -0.013848665392859267 -0.037362534562083882 -0.0060261256907836848 -0.041118863681312762 0.042155687136140062 0.039000169603896483 0.0031786549536103738 0.032092656418904318 0.060626169440939764 0.0114374182564187 -0.034878401294736544 -0.034173638890148919 0.026600923766793579 0.0058158368309031054 0.0078198252334818422 0.035066382027249113 -0.032707651731489547 -0.029949412024035307 0.027066056111426717 0.018040325173543443 -0.016339926029966565 -0.033415839278335316 -0.0044714481994790568 -0.0082685892642649014 0.057975671551409744 0.0084591245783344864 -0.032167873622404232 -0.029532405952655851
leaf_weight=12.536455383989958 3.7869647163897753 10.106768911704423 4.0646271198056629 8.0277254283428174 4.9459179779514697 5.3083518058992913 29.739705878309906 5.1348504591733208 21.033565603196621 35.148556126281619 12.878361755050717 5.1227855235338238 2.7495443914085618 3.6667000725865355 3.1572601776570064 9.4082977604120952 52.826996917370707 3.9007795238867393 1.5415355488657922 4.8483699476346365 4.1473086550831786 6.8461789749562749 1.8215133203193543 2.5468850955367088 9.2124777226708812 69.590181511361152 3.1362971016205829 8.6364643457345682 43.568382792873308 3.5320022404193896 6.8659286736510694 4.3721966431476096 3.8172027114778748 4.152057900093495 2.9689086060971022 3.4765464509837356 9.2914667641744 6.2168503971770397 6.3045484144240609 6.9029538030736255 3.289502658881247 3.1618593074381343 22.150526031851776 6.0530772339552623 3.0978119149804115 9.4042313662357611 19.016214560251683 34.404265714576468 16.132386484183375 3.0886141285300255 2.1108905579894808 9.8390583819709736 9.8847383558750099 5.1481333430856466
leaf_count=202 65 66 93 105 104 102 271 28 456 265 84 41 25 38 24 75 540 52 18 44 31 143 45 53 80 1260 54 125 860 86 95 45 66 84 56 75 188 117 106 154 37 43 430 65 32 109 449 623 203 57 34 182 173 67
internal_value=-3.37211e-05 0.00405345 0.0106186 -0.00145411 -0.0026454 -0.00364512 0.0116581 0.000822186 -0.0200973 0.0145464 -0.000879424 0.0170391 0.0113801 -0.00844703 0.0271165 0.00735965 0.016326 -0.0151588 -0.00620048 -0.0134365 0.0140912 -0.00367774 -0.0224346 0.0203037 -0.0240057 -0.00157945 -0.00521432 -0.00382339 0.000133753 -0.00257575 0.024616 0.00418008 0.00131788 -0.00264607 0.0288497 -0.0163592 -0.0148904 -0.00667742 0.00366712 -0.0102948 -0.0201219 0.0197498 -0.0285476 0.00134133 -0.0105473 0.00583636 -0.0205945 -0.0258865 -0.0127722 -0.00865898 0.0191813 -0.00840714 -0.0208096 -0.0117878
internal_weight=594.122 467.779 213.372 254.408 241.871 233.844 209.307 44.087 25.9795 165.22 22.9851 142.235 91.2311 18.1937 51.0036 15.8551 73.0374 126.342 47.8031 35.2681 12.535 8.38771 27.8728 7.39526 14.3473 207.864 138.274 132.966 101.129 91.1266 10.0022 58.8787 54.5066 47.7204 6.78611 31.8368 32.2478 22.9564 16.7395 10.435 6.44676 65.1397 23.972 12.3127 9.15089 13.0709 78.5393 54.3236 19.9194 24.2157 5.1995 23.2003 13.3613 7.89768
internal_count=8925 6678 1983 4695 4493 4388 1890 379 560 1511 150 1361 960 188 401 136 772 2247 816 624 192 161 527 97 108 3828 2568 2466 1911 1762 149 1111 1066 944 122 555 651 463 346 240 61 680 475 140 97 147 1431 891 268 540 91 430 248 92
is_linear=0
shrinkage=0.0356217


Tree=21
num_leaves=55
num_cat=0
split_feature=34 14 32 31 31 28 12 8 34 15 17 17 3 13 34 32 33 4 19 15 4 31 36 11 17 25 29 33 13 0 17 0 12 25 21 2 30 28 24 12 30 30 36 15 4 19 4 21 31 36 32 19 37 31
split_gain=26.178 12.3857 8.07679 5.34975 5.24361 7.83602 10.0673 6.91639 5.81949 5.30405 6.38464 5.25387 4.94041 5.99385 4.8426 9.36763 8.17539 4.67648 4.95076 5.26222 4.78766 4.44784 5.49769 5.89021 4.94539 4.35006 4.19807 4.16486 5.48198 4.96665 6.41836 4.1191 4.74404 4.06713 4.5505 5.42004 5.36938 4.36492 5.01752 5.89855 4.47152 6.65561 4.22574 4.67632 4.58352 4.13189 4.0407 7.65941 4.71814 4.03084 4.28889 4.01614 3.91236 3.81787
threshold=103.23751948613672 6.7500000000000009 -209.86520500711239 0.64798331594985437 -0.34259911598095777 0.0009089501335964868 0.0013820702181026997 7.7500000000000009 23.302024336710481 0.0058304684384698482 213650.00000000003 196235.50000000003 -0.05970903638709351 0.00074844414030327 31.479571387153136 -752.59737178811849 -100.62744483833983 0.11385513801063278 -0.17134402742875629 -0.00039594477613105321 0.23246956524792442 -0.90540340429239585 2.016194178724978 0.0075989247616336754 208558.50000000003 -1.6597557592310255 0.11751945980398647 -128.97759524502951 0.077506612014708112 0.26828337776820271 216783.50000000003 -0.095091392558161611 0.0023652274507270626 -1.3859040491016559 0.0034538833212193337 -6.7699999999999951 -0.0027485879390046204 -0.009703194815005976 2762.4999999999714 0.0055493949781514132 -0.025765297353516733 -0.003294035447026666 0.61077594087284448 0.0034962569791332576 0.1275134443733556 0.023709303296421517 0.083848453829166655 0.0044593086798316948 -0.91790899787562041 -1.3105943198389463 -380.83387449132289 -1.0000000180025095e-35 0.65000000000000002 -1.2545857695747809
decision_type=8 2 10 2 2 2 10 2 10 8 2 2 2 10 10 10 10 2 10 8 2 2 2 10 2 10 2 8 8 2 2 2 10 10 2 2 2 2 10 10 2 2 2 10 2 8 2 2 2 2 8 10 10 2
left_child=1 12 3 4 14 6 -6 9 -8 10 -7 -10 25 -14 15 -3 46 18 -2 -20 21 -19 23 26 -24 -1 -23 28 29 30 -13 -29 -33 34 36 -36 42 -37 39 -39 -41 -42 -15 44 -44 -35 -17 -48 -49 -9 -51 -31 -27 -38
right_child=17 2 -4 -5 5 7 8 49 11 -11 -12 27 13 33 -16 16 -18 20 19 -21 -22 22 24 -25 -26 52 -28 31 -30 51 -32 32 -34 45 35 37 53 38 -40 40 41 -43 43 -45 -46 -47 47 48 -50 50 -52 -53 -54 -55
leaf_value=0.010118854458728352 0.022580730848803517 -0.043852773370063255 -0.040823807358426834 0.03523423684589088 -0.045867016364948887 -0.0097795489550523695 -0.028623830216274848 0.054101046073231886 0.034793929550286068 -0.010918646685980972 0.050788110295205295 -0.047379277013936023 -0.023890511266751933 0.034394619134812184 0.025758753715835522 0.052085202244492541 -0.021788449458012928 -0.030459050871488553 0.025739507115370871 -0.026623422933142227 -0.034121633053668401 0.037223731032581989 0.053805420624562963 0.030180890980177996 0.0012505968070588686 0.020505012585678543 -0.013916436992477388 0.047581940832140596 0.044529199273394098 -0.013376536471372545 -0.0048018307451161762 0.034849334703261743 -0.023491824844278881 0.029848462412573926 0.027536261581744277 -0.026056814810476833 -0.04507510479728459 0.011344640771377368 0.0086377985105928357 0.022788737000051913 -0.043512394999847111 -0.010921826933468456 -0.02298229667392996 -0.050440348313874755 0.054099908447183841 -0.02416540852454625 -0.0091898736690749078 0.0044998782114708345 0.050523973031833189 0.028572229491207513 -0.0075472414640163771 0.045466605670236367 -0.03760983485482558 6.3474038318148749e-06
leaf_weight=60.436923305969685 2.9488591263070694 3.8715759702026835 3.7046201373450449 11.369703232310711 6.3120862445794037 3.9846469410695118 6.9876903467811635 5.5235780645161894 6.7651672796346238 16.013797194696966 4.7690143790096045 6.818168239668025 17.615633785026148 10.595276747364553 40.589290065690875 4.8379925223998752 6.3686384288594118 7.1628184402361503 2.4747019149363041 52.207007238408551 7.6867600837722412 2.065570753067731 3.935796073637901 4.9044349086470893 5.2243915414437652 2.0428107632324091 35.139319291803986 4.0398409506306052 2.353788316249843 2.7218410260975361 12.916551810689269 3.1014247257262451 3.8516749134287238 8.678939934819935 4.8345408318564287 18.665584897622466 2.4080733247101298 9.9943236466497165 19.387031441088766 2.8603540156036606 12.556724798399946 21.699296179227538 1.7479968089610332 1.7501915376633403 2.0025854613631964 2.1756980526261023 8.8098555402830261 4.4227113202214241 7.8752905745059234 17.955479888245463 5.3696639575064209 3.0087555795907965 4.681362749543041 47.971483862726018
leaf_count=1070 27 33 90 106 44 51 62 33 79 196 49 60 441 177 404 30 64 131 55 1103 142 30 14 59 53 35 633 40 8 31 135 25 38 99 69 382 43 179 326 58 234 478 32 25 48 44 87 30 54 130 49 30 82 898
internal_value=0.000161567 0.00410207 0.0106175 0.011588 0.0101488 0.00524101 -0.00372721 0.0150807 0.00140742 0.00124992 0.0234007 0.00606767 -0.00118049 -0.00418582 0.0173216 0.00780862 0.0141191 -0.0143632 -0.0217764 -0.0242082 -0.00787621 -0.00436859 -0.000668293 -0.00612299 0.0241854 0.00708698 -0.0109809 0.000979979 -0.00635482 -0.0112199 -0.0196845 0.019446 0.00263383 -0.00209743 -0.00356519 -0.0087825 0.00349847 -0.0108759 -0.00657968 -0.0128504 -0.0193826 -0.0229645 0.021342 -0.00393593 0.0184697 0.0188859 0.0229887 0.0160984 0.0341548 0.0269042 0.0202537 0.0177407 -0.0198896 -0.00223029
internal_weight=580.197 456.448 204.343 200.638 189.269 112.493 58.877 53.6162 52.5649 24.7675 8.75366 45.5772 252.105 184.944 76.7754 36.1861 32.3145 123.75 57.6306 54.6817 66.1191 58.4323 51.2695 42.1093 9.16019 67.1611 37.2049 38.812 27.8191 25.4653 19.7347 10.9929 6.9531 167.328 156.473 89.9979 66.4756 85.1633 66.4977 47.1107 37.1164 34.256 16.0961 5.50077 3.75058 10.8546 25.9458 21.1079 12.298 28.8487 23.3251 5.7306 6.72417 50.3796
internal_count=8925 6678 1958 1868 1762 1060 552 508 508 296 100 446 4720 3533 702 298 265 2247 1185 1158 1062 920 789 722 67 1187 663 367 264 256 195 103 63 3092 2949 1726 1223 1657 1275 949 770 712 282 105 80 143 201 171 84 212 179 61 117 941
is_linear=0
shrinkage=0.0356217


Tree=22
num_leaves=55
num_cat=0
split_feature=9 21 36 32 12 5 11 29 27 16 9 21 27 19 11 35 20 25 19 31 25 22 25 22 22 22 21 7 20 14 21 22 24 9 21 3 33 5 0 29 10 10 6 16 19 27 10 32 21 6 6 1 17 1
split_gain=21.8278 8.61824 7.2075 7.09837 6.68347 6.21118 5.51271 7.98335 6.63673 5.8406 5.30222 5.21888 5.11131 4.75792 4.70078 4.19678 7.68964 7.77373 5.036 4.18435 6.41751 5.09908 4.97433 5.45723 5.37728 5.82164 7.42536 5.32718 4.19418 4.09926 4.29459 4.11677 5.93406 3.70993 5.17152 4.47049 4.92434 3.66042 3.57917 3.51075 7.97041 6.87258 4.20287 3.77608 3.48929 3.98023 4.1328 5.11039 3.48871 3.34738 3.75183 4.1297 4.59611 4.02555
threshold=1.4048519274143552 0.0021763957980308985 2.3936160472561943 -209.86520500711239 0.0044529126188461244 7.5000000000000009 0.0074837827874721244 0.15132593702244015 -0.047479535146943967 -0.0016050329126898325 3.1079436399602867 0.0032724427873518868 -0.036175677290151524 0.010322800922222155 0.0076473548280106092 0.87690476190476196 0.34506571776527889 -4.9504822441257721 0.095250581159175743 -0.0067098513197185444 -1.0789968225952264 1.4900018847833845 -1.9468035600526425 0.60932324953395445 0.62902098855707589 0.94121779028614805 0.0055684856551650634 0.040816326530612242 0.19402129402125803 3.7500000000000004 0.0059127186973959691 1.4034654885454001 6603.9999999999991 2.0444565861124473 0.007680976424564754 -0.084928380967497483 -415.09699285088976 14.500000000000002 -0.097760095593303328 0.21563005317854408 0.0056050265951644741 0.011533005188540597 0.24999999999999986 0.032571388828254812 -0.049999089658009303 -0.0079767431797689286 0.0040598673661405337 -484.54837386772675 0.0050953161641812406 0.34999999999999981 0.29999999999999943 -0.15926136005546102 250687.50000000003 -0.19954855654772993
decision_type=8 2 2 8 10 2 10 2 2 10 10 2 2 8 10 2 2 10 8 2 10 2 8 2 2 2 2 10 2 2 2 2 8 10 2 2 10 2 2 2 10 8 10 10 8 2 10 8 2 10 10 2 2 2
left_child=2 -2 3 4 14 -4 8 9 10 -8 29 -9 -6 -13 15 18 44 -18 -1 20 21 33 24 28 -21 26 -26 37 -24 30 -3 -31 -33 34 35 36 48 -27 -15 40 -14 42 -41 49 -17 -46 47 -47 -10 50 51 53 -53 -42
right_child=1 6 5 -5 12 -7 7 11 19 -11 -12 13 39 38 -16 16 17 -19 -20 22 -22 -23 23 -25 25 27 -28 -29 -30 31 -32 32 -34 -35 -36 -37 -38 -39 -40 41 43 -43 -44 -45 45 46 -48 -49 -50 -51 -52 52 -54 -55
leaf_value=0.015057647846490337 -0.030107627195902924 0.021637821639538184 0.015882347374054473 -0.042418720865671826 0.030009214174835156 -0.038833894531035321 0.024753940297734218 0.051950521347643677 -0.027721840621204887 -0.03157754726951633 0.041793701215095153 -0.020411382783972466 -0.0344420726261363 -0.0035932570818688631 -0.0237494509611481 -0.031673013128981943 -0.021805656205473964 0.042666824512964011 0.050384427574974931 -0.025189780328178597 0.044791719747100528 0.005037566502705179 -0.025388368751408021 -0.026434378126075575 0.046102470629213785 0.029710354071651124 -0.023964046592772233 -0.025757217173222224 0.028912245947027113 0.034663537676723692 -0.038113864888737109 0.017933401998170121 -0.041567982201464612 -0.029250928737717893 0.013324725987562968 -0.022025673235522718 0.049984343795868948 -0.028254497237375834 0.056773696689631961 0.032215780774306042 -0.0011706156733851496 -0.030905693311470552 -0.0034392640866188601 0.037037083002277628 0.032681637731431221 -0.039245110114213271 0.020821264645288769 0.0095301236847004089 0.018285013267295983 0.016445960351298528 -0.026066533175320608 -0.01044019126225413 0.010406827353116313 0.044164150945839364
leaf_weight=125.04877275414765 20.20318784378469 2.074117122218019 3.8440712941810471 3.5026164855808011 7.7076098611578336 7.9297913135960698 3.3286949899047613 5.9801998417824498 5.0194794856943172 7.2711662179790455 4.854421127587556 3.8657005969434968 8.9250549115240556 2.1131798457354307 4.3184672323986879 6.0377103667706251 3.1291062990203491 9.0582961672916991 5.2672768030315629 5.4346511419862535 2.1746371472254387 13.156291799154131 2.6952088698744801 16.212470178026706 9.3663595505058783 6.3864001501351577 2.3367862021550527 6.3940456826239815 5.0128052681684494 5.8597379131242624 5.1400179304182529 5.8322156942449483 3.2156424690037975 28.865486029069871 7.7300882707349947 49.08587014907971 2.1738169547170392 1.668805720284581 2.8831012742593876 13.552559702191507 5.1767312977463007 3.7312158159911624 6.0189111093059173 3.3711084811948231 3.554384939372544 6.766007374972105 4.2804821785539398 4.458813099190591 3.4431670336052775 12.304411121178417 8.2317815865389985 44.502205614000573 19.096402008086443 4.6601064684800644
leaf_count=1297 505 30 48 92 92 87 51 83 106 133 45 78 86 31 57 65 33 96 46 168 36 240 62 328 184 125 57 135 61 85 104 92 76 618 105 994 56 32 42 210 71 90 91 70 29 52 52 34 46 174 172 791 324 58
internal_value=0.00025019 -0.00789789 0.00627247 0.0073052 0.0078825 -0.0209729 -0.00584088 0.00972039 -0.00788503 -0.0138069 0.00848312 0.0265135 0.00201793 0.00894282 0.0125606 0.0135107 0.0029576 0.026058 0.0165242 -0.010531 -0.0145025 -0.0157215 -0.00252817 -0.0147521 0.00674119 0.0134533 0.0320144 -0.00168598 0.00982319 0.00101128 -0.0208523 0.0116705 -0.00341935 -0.018561 -0.0139475 -0.0174964 0.0034012 0.0174833 0.0316405 0.000329795 -0.00241745 0.0128217 0.0212808 0.000549466 -0.00831263 -0.000777748 -0.0086181 -0.0199431 -0.00898981 -0.000795741 -0.00341232 -0.000838771 -0.00417159 0.0205185
internal_weight=564.252 239.778 324.474 312.7 309.197 11.7739 219.575 25.442 194.133 10.5999 26.9762 14.8422 137.278 8.86198 171.919 167.601 37.2848 12.1874 130.316 167.156 111.649 109.474 55.5075 23.9205 31.587 26.1524 11.7031 14.4493 7.70801 22.1217 7.21414 14.9076 9.04786 96.3179 67.4524 59.7223 10.6365 8.05521 4.99628 129.57 106.268 23.3027 19.5715 97.3427 25.0974 19.0597 15.5053 11.2248 8.46265 93.9716 81.6672 73.4354 63.5986 9.83684
internal_count=8925 4708 4217 4082 3990 135 4203 418 3785 184 432 234 2229 151 1761 1704 361 129 1343 3353 2201 2165 1152 451 701 533 241 292 123 387 134 253 168 1925 1307 1202 208 157 73 2137 1746 391 301 1660 232 167 138 86 152 1590 1416 1244 1115 129
is_linear=0
shrinkage=0.0356217


Tree=23
num_leaves=55
num_cat=0
split_feature=34 12 23 33 32 4 35 6 28 23 5 20 3 26 10 4 15 9 34 5 25 36 18 4 32 9 15 6 29 26 2 2 32 3 34 34 33 17 23 29 36 17 20 35 32 23 4 12 32 17 30 4 25 4
split_gain=18.9743 7.88575 6.22158 8.38531 6.18631 5.86362 5.97929 5.81545 5.05404 7.15842 6.03278 4.75062 6.7038 5.37294 4.71965 5.15866 4.37791 4.33023 4.42281 4.40986 4.20193 4.11898 6.28638 4.54219 4.05999 4.21244 3.89354 3.83557 3.82479 3.78995 3.77416 4.88833 3.64849 3.63349 3.61833 5.84147 5.94842 6.56799 6.90834 5.31431 5.0579 4.62025 4.68945 4.51047 4.30358 4.12516 4.07416 3.86652 4.07537 8.86332 3.8654 3.52254 6.39487 4.5706
threshold=103.23751948613672 0.009235201615338454 0.64999999999999958 -128.97759524502951 -254.37982441752794 0.1468807057964944 0.70571428571428585 0.14999999999999999 -0.0093786574754670653 5.7250000000000005 1.0000000180025095e-35 0.6993692930669938 0.012403898746714772 1.4663332893736121 0.031434172586183591 0.1007707442096364 0.0080817023397291594 2.3772259443519235 95.217084861344532 1.5000000000000002 -1.7073635085782388 -0.46986831884522162 134.12717865983646 0.071837829160600983 -386.08022128277344 -0.10536051565782632 -0.086793165766239175 0.19999999999999987 0.26870368970385877 1.7554062976484806e-16 1.3250000000000004 -0.025000000000000352 -853.17906695577074 -0.033642764065501256 51.217694681658692 30.415584435984318 -100.62744483833983 199314.50000000003 -0.84499999999999964 0.15341061508466849 -1.3105943198389463 291455.50000000006 -0.1115256859643166 0.47071428571428581 -386.08022128277344 -1.6950000000000018 0.071837829160600983 0.0057408180108585007 -340.38995085949466 220513.00000000003 -0.017722722270106735 0.11760695738869958 -2.3930419542542283 0.20507519082699271
decision_type=8 10 2 10 10 2 2 10 2 2 2 2 2 10 8 2 10 10 10 2 8 2 8 2 10 8 10 10 2 10 2 2 10 2 10 10 10 2 2 2 2 2 2 2 8 2 2 10 10 2 2 2 10 2
left_child=1 2 4 5 17 6 24 -7 9 -3 -10 13 -13 -12 15 27 26 18 19 20 28 22 -2 -23 25 -4 -9 33 -1 -6 31 -27 -24 -15 35 36 37 39 45 -21 -38 43 -43 -36 -45 -39 -42 48 -37 -50 -49 52 -25 -53
right_child=21 8 3 -5 29 7 -8 16 10 -11 11 12 -14 14 -16 -17 -18 -19 -20 34 -22 23 32 51 -26 30 -28 -29 -30 -31 -32 -33 -34 -35 41 47 40 38 -40 -41 46 42 -44 44 -46 -47 -48 50 49 -51 -52 53 -54 -55
leaf_value=0.0061224529088241579 0.01769474565543681 -0.036255412565536473 -0.060019477415192993 0.02612285960269212 0.012553117391471786 0.0203816279959886 -0.041989120507196512 0.0086489333110386646 0.04575659249056746 0.034770226117809444 -0.028484827744591278 0.046398840311636463 -0.015754041671894179 0.045482647251078812 0.032141585559424965 0.0021003892096492266 0.023947257024978595 0.039019383492852534 -0.014810819436297072 -0.038250525873868749 -0.053641720074988901 0.0265155563974519 -0.030532477771890425 -0.032408656734691309 0.028778476409082161 0.0056861383237007523 -0.024628792936914952 -0.034816696062440075 -0.037600374340404898 -0.034283494735894884 0.037905452270424085 -0.034676317100077444 0.0026675080875585237 -0.019139204026780068 0.014142809671959871 0.030524987690058417 0.016114676335608605 0.030813752355403238 0.037933149337222728 0.011314493794055434 0.013521542259288505 0.0011485597091487501 0.032881136521479983 -0.0035353769789234196 -0.059965662410472138 -0.013943184408809841 -0.041186448570043076 0.049304582642716532 0.038516338775108128 -0.031505907377388585 0.0010095260939672215 0.0019057538362517788 0.010931048853464612 -0.023762335197655346
leaf_weight=17.991777482442561 4.5676733665168276 11.676346361637114 2.1647650022059679 11.208911832422016 3.2032353039830905 14.241362064145504 9.3909965902566892 6.2964334366843113 3.1043986761942497 2.0413285288959733 12.418519339989869 5.0995667339302582 3.7463982393965125 1.6192565057426689 4.458010076545178 33.058384662959725 4.4131713574752203 6.2306693675927809 9.3156825872138125 4.6066651917062682 1.934979978948834 4.5859012426808468 32.456506456714123 16.733696258626882 3.1392301050946143 7.6733895055949777 14.815490610897545 10.460636838339267 2.8532653944566837 6.5386256752535701 1.896603688597678 7.3998199962079525 4.7948084964882574 2.9865577802993348 21.341123851947486 48.022839078679681 4.8451450914144507 3.9061770909465849 16.07448706403375 6.4994224831461906 2.2030952516943199 10.379699456039818 13.67674369830638 39.252777561545372 1.6950105410069216 7.4138179575093073 7.2034084042534232 2.3282439000904587 4.5918923513963801 4.3883829172700644 15.789651671890168 36.646787870675325 5.7487263814546159 11.47694668592885
leaf_count=226 67 256 13 158 33 150 129 77 58 30 319 95 57 38 70 603 86 93 236 44 20 59 747 332 31 105 248 249 31 133 47 141 109 62 448 497 38 56 116 57 26 166 244 733 17 58 74 38 30 38 204 587 140 206
internal_value=0.000259268 0.00368101 0.0061383 -0.00238105 0.00882302 -0.00688629 -0.0182985 0.00222005 -0.00566181 -0.0254997 -0.00209492 -0.00416774 0.0201765 -0.00750902 -0.00250754 -0.00578044 -0.00794674 0.00989995 0.00914719 0.0100954 -0.00478275 -0.0124698 -0.0214238 -0.00746591 -0.00816026 -0.0143466 -0.0147026 -0.0229827 -5.57016e-06 -0.0188959 -0.00819395 -0.0142162 -0.0262592 0.00402945 0.0116798 0.015484 0.00637723 0.0136491 0.0229946 -0.00938807 -0.0132149 0.00603278 0.0192573 0.000900178 -0.00601538 0.00162166 -0.0283492 0.0218599 0.0264128 0.00431107 0.00746069 -0.0097096 -0.0213204 -0.00424905
internal_weight=552.607 435.596 344.927 82.6402 262.287 71.4313 31.6648 39.7665 90.6694 13.7177 76.9517 73.8473 8.84596 65.0014 52.5828 48.1248 25.5251 252.545 246.314 236.999 22.78 117.011 41.819 75.1921 22.2738 19.1346 21.1119 15.0665 20.845 9.74186 16.9698 15.0732 37.2513 4.60581 214.219 127.873 52.7522 38.5006 27.3945 11.1061 14.2516 86.3454 24.0564 62.2889 40.9478 11.32 9.4065 75.121 57.0031 8.98028 18.1179 70.6062 22.4824 48.1237
internal_count=8925 6678 4841 1185 3656 1027 466 561 1837 286 1551 1493 152 1341 1022 952 411 3490 3397 3161 277 2247 923 1324 337 306 325 349 257 166 293 246 856 100 2884 1276 469 331 230 101 138 1608 410 1198 750 114 100 807 565 68 242 1265 472 793
is_linear=0
shrinkage=0.0356217


Tree=24
num_leaves=55
num_cat=0
split_feature=13 36 13 11 10 31 18 3 18 22 31 19 31 23 13 34 28 33 19 9 9 12 13 19 1 3 36 22 12 3 12 20 7 26 15 11 26 9 15 22 1 9 32 3 31 31 12 31 19 4 12 3 1 37
split_gain=21.5073 8.48242 8.56832 7.61747 6.43815 6.29278 5.73785 7.45604 5.74873 5.94971 7.69558 5.56212 5.55124 5.34058 5.33458 5.00689 4.89893 4.74824 4.71616 4.71418 4.77264 4.60276 4.5098 4.2353 4.18554 8.77438 4.97406 8.21365 4.17481 4.63039 4.14207 4.04996 5.07734 4.92428 5.06906 4.28714 6.40269 4.03276 4.00985 3.84814 3.84808 3.75228 3.62476 3.71619 3.59488 4.96312 3.84067 3.67789 3.81648 3.48957 3.8771 4.54692 4.18385 3.48531
threshold=0.0093810962303435153 -1.1903775838834145 0.027743112056292461 0.0068866458569430454 0.011173087149662574 0.32763112391044608 297.12231343868677 -0.089873117994747273 470.03405979537632 0.47127697237288041 0.231459782227457 -0.031284312348263503 -0.58365554471280612 4.5000000000000009 0.0050481271597030289 40.858400621870729 -0.0034049398357926526 -58.950844272499559 -0.061440583295698452 -0.064627417928631178 0.28141245943818566 0.0026442250986984457 0.022034219924533572 -0.0097797828411385051 -0.20642711198711985 -0.17732055407453909 1.5804352428320467 1.0813160802166528 0.0092965973104768302 0.043758776091626046 0.0021584596444174575 0.83009797559530052 0.13408239700374536 5.967163180766307 0.069103156125389961 0.002780504811957366 4.1248264103117238 1.042913679439482 0.034128095302520166 0.92597085777809041 -0.021317168963110752 -1.0000000180025095e-35 -321.63680769589041 -0.020072281468483773 -0.48895866154670398 0.39941557616195239 0.0062185546731682072 -0.60609637508786018 0.018626566309839613 0.1438780766501275 0.013340694390214018 0.0091478101993401912 -0.13257072608203815 0.91666666666666685
decision_type=10 2 10 10 8 2 10 2 10 2 2 10 2 2 10 10 2 10 10 10 10 10 10 10 2 2 2 2 10 2 10 2 10 10 8 10 10 8 10 2 2 10 8 2 2 2 10 2 10 2 8 2 2 10
left_child=3 19 6 4 12 13 30 15 9 -9 22 18 -1 31 23 -8 -7 21 -5 42 38 -16 -11 28 25 -6 37 39 -14 -30 -3 32 35 34 40 -4 -37 -26 -21 -28 -34 -42 -2 -44 47 46 -46 48 -13 -25 51 52 -51 -32
right_child=1 2 5 11 24 16 7 8 -10 10 -12 44 14 -15 17 -17 -18 -19 -20 20 -22 -23 -24 49 26 -27 27 -29 29 -31 53 -33 33 -35 -36 36 -38 -39 -40 -41 41 -43 43 -45 45 -47 -48 -49 -50 50 -52 -53 -54 -55
leaf_value=-0.022884883031735179 0.045966198835499801 -0.032268776603390566 0.036226712532612462 -0.0093152328931380372 -0.047762518153774372 -0.040226202854377453 -0.050885057097907638 0.039344562836021092 -0.010843423281136796 0.028476787784348506 -0.02547912659483216 -0.029269909699220248 0.036232391258888129 -0.016501373444644727 -0.052088664273000788 0.0092672427194323125 0.010945050495963319 0.027174015384898744 0.041167930182793841 0.01305725407026714 0.023320242761794847 -0.0091936260764079267 -0.01477017844673304 0.023294482931284749 -0.0066661651291884281 0.03492272845707297 0.00028159107470440275 -0.028758919150641566 0.022895164326704388 -0.035414864270877637 -0.0088700874739264194 -0.011280857381608285 0.048602910362091752 -0.016232901772864336 -0.011058184191711068 -0.010605173651528656 0.043865016211826736 -0.021896306049167948 -0.041545235450165842 0.044803932179913054 -0.0088223061857586448 0.03274993474144533 -0.020272619317860643 0.037181025340656593 0.0069595325963832423 0.034214133343745283 -0.033242858603729969 0.057420912542022542 0.034078919521523664 -0.036839531942172654 0.040448940967989747 -0.030381351518261573 0.022041941043025665 0.0046898628271710785
leaf_weight=13.386503075249491 12.570305380970238 6.7411719765514126 29.401972979307175 3.1529498966410747 2.1963271321728826 4.6377728227525949 4.0262420494109383 12.970709550660102 9.6753362654708308 16.200757820159204 5.9448425564914933 2.3971191602759063 11.209636742249133 5.8399240653961888 3.7010424090549412 3.003586976788938 4.684039556886999 3.6207021716982117 8.6962385857477766 3.352797735482457 11.807550872676073 19.787512038834393 3.695167761296033 6.0940292063169208 29.14935413049534 5.5152899594977489 4.8095227321609872 6.2599164806306353 4.6217410778626791 2.6255286852829158 61.964267523959279 5.2832213994115582 6.5430484572425565 7.0155448829755178 5.8048435081727865 7.0463473461568338 4.3459142986685038 92.518659497611225 3.2949907733127475 4.9680659137666225 4.9564983528107467 5.9951785644516216 2.5266487812623382 3.0449747461825636 4.450556875672194 2.4493347196839741 9.0220466097816807 2.0908063086681059 2.2352422480471432 1.9705829108133945 1.8163741249591101 8.8476111679337901 5.7900731712579754 39.173753674142063
leaf_count=262 90 61 350 55 45 38 33 154 102 191 70 44 222 74 20 52 55 64 85 32 207 417 37 117 491 89 86 80 95 49 1211 39 57 52 57 98 53 2268 29 17 56 59 38 37 81 40 159 46 48 28 24 141 130 457
internal_value=-0.000116653 0.00654741 0.00423999 -0.00749362 -0.00984551 0.0129576 -0.000648661 0.00864614 0.0136265 0.0197428 0.0097841 0.00809121 -0.00195443 0.0161035 0.00206801 -0.0253923 -0.0146534 -0.0102804 0.0277561 0.0225622 0.00979378 -0.0161512 0.0204032 0.00986688 -0.0143696 0.0110435 -0.0158008 0.00282237 0.0227061 0.00155491 -0.00543697 0.0186164 0.0208526 0.00975686 0.0176251 0.0290502 0.010361 -0.0182572 -0.0141976 0.0231441 0.02716 0.0140112 0.0354177 0.0112006 -0.00226833 -0.0114865 -0.0199972 0.0193877 0.0013384 0.000142532 -0.00759087 -0.0130647 0.00679251 -0.00361691
internal_weight=554.93 291.547 254.95 263.383 228.888 91.5543 163.396 55.5166 48.4868 38.8115 25.8408 34.4943 83.4713 82.2325 70.0848 7.02983 9.32181 27.1093 11.8492 36.5973 18.4553 23.4886 19.8959 42.9756 145.417 7.71162 137.706 16.0375 18.4569 7.24727 107.879 76.3926 71.1093 30.3151 23.2996 40.7942 11.3923 121.668 6.64779 9.77759 17.4947 10.9517 18.1419 5.57162 22.6451 15.9219 13.4726 6.72317 4.63236 24.5187 18.4246 16.6083 7.76066 101.138
internal_count=8992 3789 3356 5203 4645 988 2368 639 554 452 298 558 1569 895 1307 85 93 501 140 433 268 437 228 806 3076 134 2942 183 366 144 1729 821 782 281 229 501 151 2759 61 103 172 115 165 75 418 280 240 138 92 440 323 299 158 1668
is_linear=0
shrinkage=0.0356217


Tree=25
num_leaves=55
num_cat=0
split_feature=13 13 2 36 33 6 17 29 20 11 9 1 5 36 20 10 22 28 36 28 5 33 6 0 32 31 7 23 5 18 12 10 13 23 24 17 17 20 13 18 1 24 23 22 33 18 6 29 0 15 1 7 37 1
split_gain=21.0432 10.9193 6.09927 7.58668 5.52948 5.37811 4.91534 6.22895 7.55938 4.85729 6.68055 7.18696 6.01539 4.93732 4.41938 5.77269 5.79296 4.36107 4.29364 4.27259 4.95348 5.84207 6.34654 5.41327 4.14758 4.2429 4.45159 4.84101 4.14137 3.9523 6.23757 5.20351 4.68529 3.89005 4.33487 5.57048 5.92444 5.17947 4.70513 3.92129 4.42965 3.88882 5.64226 6.91387 3.84699 3.72331 3.71973 3.53452 3.52592 4.09332 4.86649 3.4967 3.43054 3.37228
threshold=0.026619170347515018 0.0005838912983439985 0.91500000000000015 2.7861819477674201 -2.071876391936196 0.12500000000000069 225956.00000000003 0.12543407655195662 0.36032674542329196 0.011012217065730278 0.27188836195283833 0.18003036545537623 21.500000000000004 -1.3830897504615582 -0.12890134529145988 0.025171741679345078 0.54471867355517156 0.0030791552717693853 -1.3484837261976266 -0.0054034251413594961 1.5000000000000002 -305.63395688660131 0.10000000000000007 -0.30485862651560319 -287.55266938006343 -1.0167156640795167 0.16666666666666669 -0.20999999999999816 15.500000000000002 141.30245086102371 0.0067327604306484058 0.0034075548849720884 0.0015551767759979798 3.510000000000002 1157.7500000000039 726889.00000000012 189828.50000000003 0.53144110310575277 0.0022885951139647314 392.63834653992808 -0.22124380693846316 57.000000000016378 -0.90500000000000014 0.76418282482833833 -6.9201685459155868 231.56491992707541 0.14999999999999999 0.34113033865417003 -0.097760095593303328 0.021117602634464338 0.096887858138656316 0.055045871559633031 0.9833333333333335 -0.022214855909500172
decision_type=10 10 2 2 10 10 2 2 2 10 10 2 2 2 2 8 2 2 2 2 2 10 10 2 10 2 10 2 2 10 10 10 8 2 10 2 2 2 10 10 2 10 2 2 10 10 8 2 2 8 2 10 10 2
left_child=1 2 6 4 -4 41 7 8 -1 10 11 13 14 -3 15 16 18 -7 -12 -15 -21 22 -22 -23 25 -25 27 -27 48 30 -16 -31 -32 34 35 36 46 47 -39 40 -38 42 43 -2 -41 -30 -33 -36 49 50 -18 -11 -26 -53
right_child=5 9 3 -5 -6 17 -8 -9 -10 51 12 -13 -14 19 29 -17 28 -19 -20 20 21 23 -24 24 52 26 -28 -29 45 31 32 33 -34 -35 37 -37 39 38 -40 44 -42 -43 -44 -45 -46 -47 -48 -49 -50 -51 -52 53 -54 -55
leaf_value=-0.0076181034567191341 -0.025578075632103049 0.032430631322873459 -0.028540740450145156 0.054624869166196639 0.032963279841556961 0.001564939994582349 -0.021372461907644483 -0.0078590085853038564 0.051920060003221191 0.028126655956133371 -0.030825610863922857 -0.030483903588349487 0.024588518060371562 0.026789297621448466 0.027792760666862627 -0.050079533074831289 0.019264091340951275 0.021221823903709299 0.018794949695430944 -0.034436671864421148 -0.05638334175960355 -0.039391970587420298 0.0069860558008484324 0.05702913562237024 -0.038088617232189988 0.0037130574630559886 -0.015351285101373194 0.033585439544124372 0.015729656105734461 -0.056219946204119554 0.037911094154017527 0.0370349651908254 -0.0099729957755832401 -0.052631430185268821 -0.0064848978669837087 0.029051051540269882 0.019052666832946378 -0.018355097747251459 0.041722530400156832 0.017673908251167589 -0.021394380068284011 -0.0012157807208850963 0.039166595110201534 0.036598350100446417 -0.04250817602003195 -0.027070724545367165 -0.0063964799971207853 0.049577387178458256 -0.024670649912745399 -0.031866556891827005 -0.042152477268918562 0.014952717663888546 0.01431495812281201 -0.032816121744639916
leaf_weight=4.9472298221662623 4.4084518291056138 10.74021145608276 42.479674664093181 1.4439879804849614 1.8563826605677594 41.702202688902617 16.283983638510108 23.784519170876592 5.8031622860580683 12.570008612237872 2.5881161512807003 5.8594771632924667 8.6304515562951547 10.951815239153801 13.309291396290062 4.6697395769879213 8.7154309749603254 21.742823607753962 12.506440941244362 4.1474926248192778 3.6405954333022157 2.5022312914952556 4.2733676107600331 3.1595061803236524 3.2294065086171235 12.680983735248438 5.3139158589765421 15.064215162768969 9.2240016921423358 2.3669125102460375 2.9186370102688688 4.8860444067977342 18.288302525412291 1.9356673080474127 17.978357466403402 4.8330971589311948 3.6334399301558653 2.0182033060118538 7.9149285508319736 7.4960354254581034 45.85716618876905 5.943567380309104 23.55440975818783 4.4710761737078428 1.5396997816860656 3.4656491731293491 4.962669402360917 1.4492869470268477 36.981866570189595 4.6312452838756135 1.9120469391345967 5.2173171667382121 2.9433623268269002 2.7968247900716943
leaf_count=86 49 113 1051 3 27 518 315 392 34 168 44 50 206 96 216 80 193 279 324 53 31 31 38 12 61 134 66 169 185 13 26 82 341 25 409 107 59 50 176 143 880 59 214 32 27 95 113 22 746 82 38 104 44 81
internal_value=0.000145225 -0.00325741 -0.0138188 -0.0232371 -0.0258937 0.0147191 -0.0053024 0.00231022 0.0246887 -0.000251376 -0.00133538 0.00724664 -0.00442771 0.0100948 -0.00554644 -0.0119766 -0.00969149 0.00832668 0.0101299 0.00651738 0.00257647 0.00554599 -0.022485 0.0105298 0.013566 0.0181637 0.0142839 0.0200002 -0.0143103 -0.00168779 0.0087742 -0.00507321 -0.00322861 -0.0038607 -0.00288845 -0.007525 -0.0101513 0.00865329 0.0294391 -0.014454 -0.0183893 0.0252337 0.0300743 0.00577067 0.00704884 0.00390802 0.0152899 -0.00206238 -0.0187378 -0.00428127 0.00790994 0.0164769 -0.0132458 -0.00189726
internal_weight=538.225 436.402 96.5989 45.78 44.3361 101.823 50.8189 34.5349 10.7504 339.803 319.219 84.5066 234.713 78.6471 226.082 84.6945 80.0248 63.445 15.0946 67.9069 56.9551 52.8076 7.91396 44.8936 42.3914 36.2186 33.0591 27.7452 64.9302 141.388 34.5162 106.872 21.2069 104.505 102.569 73.2082 68.3751 29.3608 9.93313 58.5263 49.4906 38.3775 32.4339 8.87953 9.03574 12.6897 9.84871 19.4276 52.2406 15.2587 10.6275 20.5842 6.17277 8.01414
internal_count=8992 7841 1908 1081 1078 1151 827 512 120 5933 5580 898 4682 848 4476 1787 1707 797 368 735 639 586 69 517 486 381 369 303 1339 2689 583 2106 367 2093 2068 1411 1304 657 226 1109 939 354 295 81 170 280 195 431 1059 313 231 353 105 185
is_linear=0
shrinkage=0.0356217


Tree=26
num_leaves=55
num_cat=0
split_feature=32 4 15 30 2 12 2 7 0 16 16 30 23 24 33 32 31 7 24 3 28 24 31 7 23 23 23 25 35 6 36 32 7 23 31 33 27 0 9 2 18 36 0 33 15 35 32 6 36 34 14 17 29 33
split_gain=16.1504 8.24101 6.30868 6.73808 7.59734 5.88044 5.81539 5.7103 5.51534 5.43827 4.93495 4.82578 4.33875 7.31163 6.64224 9.35209 5.25445 5.12008 5.93876 4.43148 5.45773 4.10357 6.43302 6.52733 4.58807 4.04253 4.0149 3.99678 4.14356 5.68879 4.61482 4.25556 5.45084 4.01383 3.9639 3.85715 3.81545 3.96263 3.77655 3.74229 4.40661 6.49028 5.5962 4.22602 4.32105 4.49054 4.34801 4.31895 4.31771 4.21979 3.71467 5.34706 4.27761 4.53571
threshold=-923.20240869483234 0.10449214130299204 0.010645889762648936 -0.0099209221508766415 0.67500000000000082 0.0097062930198237325 0.62000000000000022 0.05836597967410434 -0.028315276273022823 0.011850193662963264 0.0061484469195154249 0.021454325308351011 0.48499999999999949 629.25000000002012 -223.27111132089689 -628.88259511997205 -0.10068789471095636 0.057142857142857176 57.000000000016378 -0.070183203068766006 0.0088153227238484417 5892.9999999999936 -0.73653779652556517 0.046511627906976764 -1.0650000000000011 -0.26500000000000051 -6.4200000000000008 -5.4295422594713925 0.8911904761904762 0.70000000000000007 -1.0865769247047961 -1079.7443074428327 0.092511462047885892 3.4049999999999998 -1.0000000180025095e-35 -1.0000000180025095e-35 -0.018622095391037204 -0.38498978999419425 1.367346066024316 1.2249999999999999 490.07500728005851 -1.1253852704480434 -0.31750862611450104 -8.1218123774590119 0.049443339791088413 0.97904761904761928 -352.97018991268811 0.099999999999999936 -1.1348023915293131 68.287148228511754 3.2500000000000004 172325.50000000003 0.11723539683783388 -813.09085094448517
decision_type=10 2 10 2 2 10 2 10 2 10 8 2 2 10 8 10 2 10 8 2 2 10 2 10 2 2 2 8 2 10 2 10 10 2 2 10 2 2 8 2 10 2 2 8 8 2 10 10 2 10 2 2 2 8
left_child=1 35 6 4 -4 9 12 11 -9 -5 -10 -8 13 17 15 16 -14 -2 19 20 -19 26 -23 24 -24 -13 -3 -28 33 30 -30 32 -32 50 -6 36 -1 -38 -39 -11 42 -42 -41 44 45 46 47 -44 -48 -46 -29 -52 -53 -54
right_child=2 21 3 5 34 -7 7 8 10 39 -12 25 14 -15 -16 -17 -18 18 -20 -21 -22 22 23 -25 -26 -27 27 28 29 -31 31 -33 -34 -35 -36 -37 37 38 -40 40 41 -43 43 -45 49 -47 48 -49 -50 -51 51 52 53 -55
leaf_value=0.031536446391958468 0.031605857958162134 0.051839162342691682 0.039685175797475061 0.026850640694447394 -0.0087733684249533834 -0.023106118793483271 -0.0070868595450206398 -0.031706880503223109 -0.036545380047517652 0.035510986445127291 0.020368496305298651 0.054641108201148356 -0.0087371134846902631 0.033674319083561964 0.030486046568936873 -0.033618871610894788 0.033994347015801209 -0.041321567592846907 -0.038464670126065914 0.012159218482698039 0.016661711226978258 -0.023596958207794835 -0.0078775829419465357 -0.01024342399535383 0.043181760041957409 -0.0048004704544293807 0.022560116900350972 -0.017649690270496905 0.025489591980992928 0.033174832481435414 -0.0080760145188283911 -0.039050180364986448 0.046664950403419371 -0.033682503473295072 -0.051885800906059529 0.034014945200856288 0.030417622264715918 -0.0022794642865005305 -0.031836920634691797 -0.032323392062785908 0.025028608538112455 -0.041983488315093687 -0.018273155071892373 0.037847032998107953 0.025506981795180034 -0.038621232840789561 0.013540416938209109 0.020603507543245171 -0.04264021908468224 -0.014094512294259905 0.030075744807413672 0.020360566181334326 0.0022880609295916946 -0.016311501799791753
leaf_weight=1.5175781892612565 7.3157781334593883 1.4563369117677201 2.8863906729966393 37.70270981034264 7.8641702341847113 5.1150125078856936 12.551146050449463 17.663690577726815 2.7045375015586597 6.9928260166198006 6.1224605366587639 3.6236101500689983 9.5891517838463169 14.423550874460487 5.7009746860712758 12.87978345528245 5.7642105957493195 4.944117913022632 4.5526010133326045 24.512842501979325 3.4035509051755071 5.5573080470785525 2.7485291734337851 6.4053181163035324 11.095137559808787 2.347355203703045 6.0576334339566529 36.340327928774059 6.0372862359508863 6.5721558709628871 22.547891104361046 4.7280318145640221 2.4701393889263263 8.3135256851091963 4.0780813652090719 1.5091984067112196 1.5194915812462557 6.6545717613771593 31.874809869099405 3.4784676406998178 2.8408552231267095 4.8098612902685991 4.4089994030073276 7.8584402317646882 25.26129592210054 3.1138557670637956 2.9475122513249516 18.644561430439353 3.9835993708111479 3.8747381949797264 5.3660821588709942 6.8065200066193929 27.281644236296415 42.396150796208531
leaf_count=21 123 18 29 434 70 115 336 387 44 99 133 47 112 220 76 125 63 63 51 229 42 107 52 124 189 32 104 908 74 108 442 82 36 129 40 27 30 204 931 54 41 52 55 109 306 35 38 298 60 78 56 71 499 784
internal_value=0.000485939 -0.00620829 0.00626842 0.0114322 -0.0112629 0.0140083 0.000808983 -0.00968868 -0.0202695 0.0155344 0.00269892 0.00546324 0.00589186 0.0117104 -0.00425064 -0.0113532 0.00741166 0.00456493 -0.000788537 0.0045272 -0.0177442 -0.00318877 0.0100509 0.0193638 0.0330493 0.0315525 -0.00513143 -0.00563598 -0.00666115 0.00297427 -0.00264504 -0.00842676 -0.00250081 -0.00988828 -0.023817 -0.0203369 -0.0223909 -0.0245117 -0.0267551 0.0106711 0.00848961 -0.0170784 0.0111701 0.0133737 0.0102252 0.00140118 0.00567713 0.0131148 -0.0188735 0.0202049 -0.00818623 -0.00396628 -0.00639282 -0.00903392
internal_weight=529.216 245.256 283.961 145.861 14.8286 131.033 138.099 45.0128 26.4907 125.918 8.827 18.5221 93.0866 59.1524 33.9341 28.2331 15.3534 44.7289 37.4131 32.8605 8.34767 202.18 25.8063 20.249 13.8437 5.97097 176.374 174.917 168.86 42.3555 35.7833 29.7461 25.018 126.504 11.9423 43.0756 41.5665 40.0489 38.5294 88.215 81.2222 7.65072 73.5715 70.093 62.2346 33.0985 29.9847 23.0536 6.93111 29.136 118.191 81.8504 76.4843 69.6778
internal_count=8992 4996 3996 1913 139 1774 2083 979 564 1659 177 415 1104 728 376 300 175 508 385 334 105 3783 472 365 241 79 3311 3293 3189 742 634 560 478 2447 110 1213 1186 1165 1135 1225 1126 93 1033 979 870 486 451 353 98 384 2318 1410 1354 1283
is_linear=0
shrinkage=0.0356217


Tree=27
num_leaves=55
num_cat=0
split_feature=37 10 11 36 19 32 33 27 30 18 31 29 15 5 20 20 15 25 20 10 30 26 10 30 35 27 17 30 10 34 32 27 36 36 6 11 7 37 36 32 25 0 15 10 20 29 10 18 20 18 12 17 24 31
split_gain=16.4029 6.14547 7.26548 5.70026 5.52882 6.67449 6.63987 6.3265 8.0301 8.55423 7.33156 6.5479 5.12584 5.25384 5.35224 4.44361 4.19139 11.0606 4.44428 4.22309 4.17883 4.5736 5.29678 4.0936 4.02663 5.52685 3.99733 4.09288 3.96039 3.92901 9.4806 5.89233 3.84119 3.72602 4.06523 3.61112 3.60919 3.55726 3.55187 3.5342 3.47427 3.35635 3.35149 3.30842 3.20428 3.15104 4.16608 3.02673 3.58672 5.79961 5.40358 5.16379 5.54812 5.43412
threshold=0.91666666666666685 0.013140398158322466 0.011140085939304616 1.9088664417791856 -0.012665369442100225 -516.20067490824738 -2.8889031425994771 -0.0055408714063696065 0.024230546177536619 317.9117083322455 -0.75334439283483079 0.12543407655195662 -0.030810508127235067 1.5000000000000002 -0.11823944079140107 0.19402129402125803 0.010645889762648936 -4.2208870798067695 -0.39039063637686294 0.0022342732930230916 -0.0099209221508766415 7.4550732149143464 0.006295529714855151 0.015153028082097954 0.49357142857142861 0.02710703650679858 202899.00000000003 0.021022636029531142 0.016646878283262761 44.530321300090655 -386.08022128277344 0.0087024167478487752 0.3437893644865721 -0.10429304450750024 0.12500000000000069 0.0016765350138683896 0.092307692307692216 0.55000000000000016 2.2474538924142911 -530.41157112700739 -4.1843293700109312 0.29695001647625147 0.032575911569908314 0.0013244578075080448 -0.47855656269565544 0.1264465061415759 0.0051888053923760556 319.32160185847556 -0.34370532778609059 142.44859549035593 0.0067327604306484058 712781.00000000012 1914.0000000000221 -1.0465996877828385
decision_type=10 8 10 2 8 10 10 2 2 8 2 2 10 2 2 2 10 10 2 10 2 10 10 2 2 2 2 2 10 10 8 2 2 2 10 10 8 10 2 10 10 2 10 10 2 2 10 10 2 10 10 2 10 2
left_child=1 2 37 12 5 6 7 10 41 -10 -3 -12 -2 14 -14 -5 17 19 -19 -15 32 22 35 29 -21 -26 27 36 38 -24 31 -31 39 34 -16 45 -6 -1 -13 -18 -37 -9 -33 -39 -25 -22 -47 48 -45 50 -50 52 -51 -54
right_child=3 4 -4 15 26 -7 -8 8 9 -11 11 28 13 16 33 -17 20 18 -20 24 21 -23 23 44 25 -27 -28 -29 -30 30 -32 42 -34 -35 -36 40 -38 43 -40 -41 -42 -43 -44 47 -46 46 -48 -49 49 51 -52 -53 53 -55
leaf_value=0.038911063585312454 0.037590553047690684 -0.041401632815427296 0.030558519487260016 -0.031194978315218842 -0.038466920159213484 0.023511953621156424 0.04202091512384893 -0.026925340258891341 0.052686699918841298 -0.020529297111163591 0.048436821318682967 -0.020495130614600596 0.014275211784868133 0.05164398194517273 -0.036202183901386971 0.016094754691455146 0.00090104424996049928 0.013228468190339401 -0.032531293886209976 0.022946372304374872 0.049908091400717676 -0.012040517740881492 0.032209552873279958 -0.047017174263247585 0.011881172331411886 -0.031983154486571345 -0.02601762339483871 0.025083858863743393 0.048597522152141054 -0.038720593584707891 -0.055555938513116715 0.047822919506314891 0.026830885729518601 -0.051288459636650206 0.030600825598247915 0.027360116939048187 -0.0011796015099315696 0.036383435403606695 0.032264111483073774 -0.051050042084573082 -0.010938552439332028 0.031550210377221111 -0.0026641251643429596 -0.012393919095413569 0.00067574118515682975 0.031093464643433166 -0.0093870497373911201 0.01169091891916969 0.020876153551082202 -0.017802456449688881 -0.0020575053202381453 0.022480288788024029 -0.053823636073383828 0.0096274961685908541
leaf_weight=2.6064001340419045 8.4804949713870865 3.2739314495120224 9.2140316094737482 7.4410206945613009 5.043690311256797 9.6970133327413333 3.1141928709112099 35.335951026529074 3.769503425108268 4.1611178861930966 5.28647905122489 7.2420566487126035 6.3178727789781979 3.3106671050190917 2.3781821071170262 3.7069238470867276 3.7922419803217053 3.4086348749697217 11.872738860547539 15.257422581315042 9.6263021235354227 6.0246563609689465 11.271054031327369 2.1712022842839351 11.084977142047139 5.3067456036806098 34.693055243231356 4.1930178212933233 1.7144401841796924 1.7066942052915672 2.6309576309286049 5.4609852840658277 2.8770227935165167 4.3903503501787773 2.0673225289210677 6.3724874379113317 9.2040182042401284 2.6774724917486301 1.9803795628249643 2.8448153696954233 5.5259585110470635 1.207944806665181 2.3608282627537847 48.404536671470851 8.3531657587736827 27.207405498251322 3.6060339780524364 16.635062132962048 23.076779186259955 43.999094809405506 29.73536917148158 6.512809661217033 1.7736037475988293 19.868619034998119
leaf_count=32 80 49 105 63 189 189 59 919 74 100 36 151 80 21 35 51 54 53 188 246 91 64 144 22 136 58 793 63 38 32 39 75 37 39 30 109 173 24 14 19 73 15 45 1037 135 257 57 315 358 837 530 115 27 417
internal_value=0.000693988 -0.00402879 -0.000178194 0.00914498 -0.0100841 -0.00395928 -0.00796154 -0.0104589 -0.0178648 0.0144738 0.00643119 0.016288 0.0107144 0.00932888 -0.0106151 -0.0154528 0.0113229 0.00289193 -0.0222943 0.0139378 0.0154741 0.0177898 0.0198858 0.00888519 0.00983849 -0.00241784 -0.0189079 -0.00545559 0.000436387 0.0171545 0.00303773 0.0196412 -0.00693068 -0.0283906 -0.00511181 0.026989 -0.0145663 -0.00164408 -0.0089246 -0.0217699 0.00961704 -0.0249074 0.0327232 -0.00221337 -0.00949813 0.0320602 0.026336 -0.00277692 -0.00417196 -0.000978643 0.00798109 -0.00754074 -0.0105514 0.00419693
internal_weight=521.276 334.421 204.504 186.855 129.917 76.783 67.086 63.9718 44.4745 7.93062 19.4973 16.2234 175.707 167.227 15.1537 11.1479 152.073 50.2412 15.2814 34.9598 101.832 92.3177 86.2931 33.9549 31.6491 16.3917 53.1338 18.4407 10.9369 23.4305 12.1595 9.52851 9.51408 8.83585 4.4455 52.3382 14.2477 195.29 9.22244 6.63706 11.8984 36.5439 7.82181 192.683 10.5244 40.4397 30.8134 190.006 173.371 124.966 52.8121 72.1541 65.6413 21.6422
internal_count=8992 6659 3797 2333 2862 1644 1455 1396 1108 174 288 239 2219 2139 184 114 1955 702 241 461 1253 1143 1079 492 440 194 1218 425 203 335 191 152 110 104 65 587 362 3692 165 73 182 934 120 3660 157 405 314 3636 3321 2284 888 1396 1281 444
is_linear=0
shrinkage=0.0356217


Tree=28
num_leaves=55
num_cat=0
split_feature=15 25 18 21 5 12 25 9 31 24 26 19 16 0 25 29 10 0 0 26 30 16 26 25 14 36 24 2 25 19 7 3 15 4 4 4 19 30 20 15 20 7 9 25 11 7 30 3 12 10 3 17 0 10
split_gain=13.634 8.40261 6.12452 9.06558 5.42388 7.69244 7.04267 5.90869 5.39151 6.3923 5.07478 4.71908 4.4639 4.59471 4.45054 4.40962 4.26225 4.23191 4.25648 7.5712 6.36707 5.0568 4.04087 3.90994 3.86833 4.02512 7.43555 5.25042 3.92283 3.92466 4.17784 3.84382 3.77039 3.61852 5.35433 4.10222 4.19989 4.67757 3.55303 3.54173 3.49959 3.55235 3.41018 3.37811 5.15231 4.1584 4.03968 4.57123 3.5322 3.37567 3.35953 3.33687 4.94057 4.96297
threshold=0.010837063858680192 -5.3767827334872722 141.30245086102371 0.0032724427873518868 1.5000000000000002 0.0086206438625210328 -2.9986607729476451 1.3800049700164607 -1.334951439356441 5949.7499999999827 4.2675739069514149 -0.10736616125828861 0.057821859061675189 0.65442904310828853 -3.2839271491701507 0.31887517517370179 0.012280035489918182 0.46671608227104094 0.10744930759827044 6.2641857056554437 0.021537703092714636 0.016103428981230187 1.9618897004363156 -4.6859706179930036 1.2500000000000002 0.3437893644865721 528.50000000001467 1.0449999999999984 -0.90031882556013698 0.068654790012842373 0.092307692307692216 -0.083442700796608246 -0.004852127375176366 0.21659143695459337 0.14963840531164055 0.12250996142598063 -0.010316973095293889 -1.0000000180025095e-35 -0.33215849258892211 -0.009639828599739917 0.0086297329317877799 0.075536536341827179 2.0700173440696088 -4.1662646770492957 0.0085053226055314124 0.23999999999999996 -0.010726384943006593 -0.084928380967497483 0.0011053356368794934 0.0076647479733613624 0.16736526102153562 216649.00000000003 0.42392007796309922 0.0077815829205517429
decision_type=10 8 8 2 2 10 10 10 2 10 10 10 8 2 10 2 8 2 2 8 2 10 8 10 2 2 8 2 10 8 10 2 10 2 2 2 10 2 2 10 2 10 10 10 10 10 2 2 10 10 2 2 2 10
left_child=1 11 3 -3 6 7 40 43 32 12 15 -1 13 17 31 16 51 18 19 20 42 23 -23 -22 -20 26 -26 -28 29 30 -27 -7 -4 34 35 36 37 -13 -9 -12 41 -2 -10 44 45 46 -6 49 -45 -48 -21 -5 53 -53
right_child=4 2 8 10 5 14 -8 38 9 -11 39 33 -14 -15 -16 -17 -18 -19 24 50 21 22 -24 -25 25 28 27 -29 -30 -31 -32 -33 -34 -35 -36 -37 -38 -39 -40 -41 -42 -43 -44 48 -46 -47 47 -49 -50 -51 -52 52 -54 -55
leaf_value=-0.043532739754238992 -0.037726079164620265 0.041718641278464787 -0.051786488437261767 -0.0071478214717300816 -0.011377288958254621 0.051878521499464425 0.02311299667647659 -0.025351144661235885 -0.0094213418990417713 0.025481753618439955 0.030924609477532717 0.032270352968304654 0.035228911203210082 0.018025748907761846 -0.03281177212797793 -0.028733837125459332 -0.042160698738831465 -0.04838168012752881 -0.040063515963423897 -0.028617949209603408 0.044359286786514913 0.048046363224327968 0.001841083922759119 -0.013991453614606152 -0.019730541507757458 -0.018725095720803418 0.052238286118289456 -0.0069606554948308929 0.043460886252585082 0.029398399117827392 0.009659248761063291 -0.0086418301802688082 -0.0065970997444460633 -0.018581880685959062 0.042940265152616112 -0.011332053661151979 0.037743715837982673 -0.031938790635196099 0.0061585149840643338 -0.015751197924678693 -0.043064053925601885 0.027172250593991882 -0.031396373185021524 -0.011420822145656566 -0.037063540746810682 -0.0143430227677648 0.0097202705510267013 0.024176664695437926 0.023414446968255918 -0.03894976348397014 0.022897471505008114 -0.015822149826041975 0.038792993363523764 0.025534771459763156
leaf_weight=1.6896489234641183 1.8143123416230063 6.9345102724619201 5.9498415263369679 24.79883592016995 6.2584331100806585 1.6732760122977195 5.0844842744991174 7.0169831295497742 64.226636548992246 7.1841784100979558 9.1112553714774531 2.5784717248752713 2.824215415865182 7.5203212536871424 7.5714520621113461 8.432053583674131 2.8936687260866156 3.520326603204011 2.9571716589853159 36.189698328264058 1.5891333688050497 5.5254476643167409 4.2182178301736721 10.541268700268121 4.4836189877241823 24.336437437683344 6.674560556653887 2.6064743539318442 1.9293195754289616 3.2432297356426707 8.9251501720864308 5.2573596199508756 3.8911097538657469 3.3828991712070993 8.8624750073067826 7.3703622799366704 8.0777446459978854 3.0126773323863754 12.453970295377074 2.5852300049737087 6.6903126500546932 2.3271767091937363 10.36596619337797 3.8616453856229773 2.7471384536474934 6.6638163775205603 6.0608917241916043 38.276940062176436 62.414550167974085 2.4601955157704651 1.6059925071895111 8.9405447291210312 6.1125466329976907 6.1115686357952645
leaf_count=17 35 77 80 425 74 29 66 171 1627 156 147 38 37 60 223 160 48 40 82 738 17 103 57 228 110 447 65 60 26 44 119 156 98 53 77 70 93 51 302 57 88 34 321 32 39 87 89 505 865 31 11 144 100 83
internal_value=0.000703562 -0.003574 -0.00552483 0.0031957 0.00863303 0.0105755 -0.0111572 0.0129996 -0.00853081 -0.0073151 -0.000729101 0.0129135 -0.00848689 -0.00912082 -0.0141089 -0.00510424 -0.000972569 -0.0101885 -0.00945275 -0.0128733 -0.00756171 0.00930302 0.028281 -0.00603446 -0.00111535 0.00116044 0.0176202 0.035699 -0.00476071 -0.00742525 -0.0110978 0.00647677 -0.0341804 0.0159054 0.0198612 0.00997501 0.0214743 -0.00225302 -0.00526037 0.0205486 -0.0273224 -0.00144024 -0.0125152 0.0157644 0.00979179 0.0120081 0.0153414 0.0189346 0.0213682 -0.00460186 -0.0263702 0.00170284 0.0120655 0.00101711
internal_weight=509.836 331.203 296.229 75.9202 178.633 162.717 15.9163 148.215 220.308 210.467 68.9857 34.9743 203.283 200.459 14.5021 57.2892 48.8572 192.939 189.418 134.262 96.4667 21.8741 9.74367 12.1304 55.156 52.1988 13.7647 9.28103 38.4341 36.5048 33.2616 6.93064 9.84095 33.2846 29.9017 21.0393 13.6689 5.59115 19.471 11.6965 10.8318 4.14149 74.5926 128.744 62.4674 59.7203 53.0565 46.798 66.2762 8.52109 37.7957 45.9635 21.1647 15.0521
internal_count=8992 6166 5767 1241 2826 2603 223 2195 4526 4348 1164 399 4192 4155 408 960 800 4095 4055 3102 2353 405 160 245 953 871 235 125 636 610 566 185 178 382 329 252 182 89 473 204 157 69 1948 1722 825 786 699 625 897 120 749 752 327 227
is_linear=0
shrinkage=0.0356217


Tree=29
num_leaves=55
num_cat=0
split_feature=13 13 31 2 0 3 26 7 33 4 6 9 25 3 1 2 0 18 23 7 7 25 22 17 33 18 15 37 21 25 31 9 19 19 2 4 21 25 12 3 13 13 3 12 32 9 18 12 15 7 23 35 23 10
split_gain=12.5429 7.17114 5.81339 5.25605 5.15069 5.23986 5.00456 4.89027 4.81266 4.60268 4.35465 6.05847 5.88228 4.31628 6.32744 4.48111 4.47313 4.30083 4.26172 5.65208 4.43973 4.12454 5.21202 4.67972 4.52354 4.10237 5.01485 3.97725 3.76616 3.72913 3.60639 4.4093 5.06417 5.13301 3.60095 3.58452 3.59484 4.04089 5.48238 4.41788 4.1617 4.40583 5.67041 4.78364 4.54915 4.46016 5.57849 3.94156 3.65586 4.89306 3.57007 3.54763 3.38863 3.33579
threshold=0.0012297505421339924 0.027743112056292461 0.32763112391044608 0.91500000000000015 -0.38498978999419425 0.17427136988938743 0.86889092274270963 0.011236309692895238 -2.071876391936196 0.15861173833779924 0.12500000000000069 -1.0000000180025095e-35 -5.0444536708576289 0.033753830740216879 0.15791321993368826 0.76500000000000068 1.0312633969990725 355.60972097685061 0.48499999999999949 0.019200049152125819 0.034440396509362058 -4.0486949199168789 1.0970801686512079 1286604.5000000002 -229.79645501860895 243.12877428777381 0.034128095302520166 0.61666666666666681 0.0035929540169509205 -1.4757022913671276 -0.53564505848180144 1.5205917682289545 0.013869749135296818 -0.048086286282556227 -2.8100000000000001 0.051203048391033755 0.0058133556582084149 -2.6083404021113035 0.0090614418336685629 -0.058701533540711552 0.022034219924533572 0.0080594129804434245 0.010295021374671533 0.0047389347015437226 -334.64413981589365 -0.45039327266909496 295.88348028528895 0.0044529126188461244 0.034992158955683368 0.05321533923303836 -1.4349999999999985 0.47500000000000003 4.5000000000000009 0.0039330294762959907
decision_type=10 10 2 2 2 2 10 10 10 2 10 10 10 2 2 2 2 10 2 10 10 10 2 2 8 10 8 10 2 10 2 8 10 8 2 2 2 10 10 2 10 10 2 10 8 8 8 8 10 10 2 2 2 10
left_child=3 6 10 13 -5 8 17 -8 -6 -4 -3 12 -12 14 30 16 34 25 19 -9 29 22 24 27 -22 28 -27 -23 -2 -20 51 -32 33 -33 -15 -21 37 40 -39 -40 41 -37 43 45 -44 -43 -47 -42 49 50 -38 -1 -13 -19
right_child=1 2 9 4 5 -7 7 18 -10 -11 11 52 -14 15 -16 -17 -18 53 20 35 21 23 -24 -25 -26 26 -28 -29 -30 -31 31 32 -34 -35 -36 36 48 38 39 -41 47 42 44 -45 -46 46 -48 -49 -50 -51 -52 -53 -54 -55
leaf_value=-0.011017641692555327 0.047545828962270421 0.026533299277766986 0.0082494077056418976 0.040928964725133785 -0.02637298189615293 0.032901706378437916 0.033657645223065351 -0.030251472056454447 0.029938539391728716 -0.042822807296323616 0.01603521398605437 0.020085655740520705 -0.033380170129595391 0.0098179118329048843 0.051299443834177498 0.026582865257922642 0.029103637259358713 0.048458189807185845 0.0010796670320751688 -0.031361316862000187 -0.027589630719544646 0.022988474635912109 0.036852209182790835 0.038974714266855531 0.010555905108728766 -0.027410327690638718 0.022356517639766062 -0.027407604505106355 0.0042554119876863031 0.055150746577749855 0.023282669080810076 -0.040010388427349976 -0.043966082101099022 0.011839050059973382 -0.036793164960437823 -0.00507620736761404 0.032972750942985671 0.025638939440502027 0.025182272623913069 -0.021693530797812201 -0.029088270368299581 -0.041419425838487609 0.03342010216312033 0.016668331045759731 -0.01404502346959732 -0.018345712614926735 0.023537342555258876 0.017264278920756451 0.032315117341310436 -0.027626912116225217 -0.0081346659274860282 0.036989786321727537 -0.011502366901230798 0.015380691098378042
leaf_weight=2.9831155086867529 3.2179713984951404 29.552590533159673 4.9587132600136083 1.6693152356892813 41.686631120974198 2.0831941924989215 5.0085640186443916 6.7885247636586419 1.9359707408584643 3.9376079784706235 5.2433952945284545 34.575491731986403 7.0681401868350786 2.4746929928660419 3.2971773901954284 2.6349614039063445 1.804494060575961 4.7162551041692522 15.716560748405756 3.7430749544873825 8.3461592437233758 2.0466200262308112 3.6632650829851618 1.4689249945804466 7.3175351941026774 9.081252563511951 3.4785789721645406 30.793450302444398 11.16712498757988 1.7058384865522374 4.5415456197224549 3.2603066386654973 5.4285709485411635 8.5838838960044139 12.491252738051118 35.095397467724979 3.5908840931952026 24.209316272288561 3.8981557944789529 6.9524625018239004 9.0137657402083242 4.1346180215477943 16.854937281226739 16.981469917343929 2.955718754790726 9.3039867607876712 6.9681743211112908 3.0468983072787532 2.4959910465404382 12.826142317615448 9.6965957423672098 5.3368887724354863 4.8484048834070554 20.895448300987482
leaf_count=48 55 281 58 35 1171 11 46 171 31 42 45 482 86 42 25 28 15 39 356 47 124 29 51 27 109 167 38 672 173 16 87 77 112 188 267 834 73 517 99 202 131 51 280 307 29 149 96 53 47 249 195 51 70 308
internal_value=0.000977548 0.00381834 0.0126443 -0.0102779 -0.0188809 -0.0211533 0.00122335 -0.000843072 -0.0238076 -0.0145627 0.0156381 0.00937224 -0.0123621 -0.00254008 0.00521216 -0.015862 -0.0226581 0.0112202 -0.00154916 0.00138708 -0.00892116 -0.0139906 -0.00080966 -0.0213871 -0.00980538 0.00126451 -0.0135467 -0.0242019 0.0142116 0.00666706 1.14052e-05 -0.00759678 -0.0158122 -0.0026354 -0.0290613 0.00265526 0.00343217 0.00579327 0.0162388 -0.00476257 0.00227024 0.00484783 0.0109379 0.00274784 0.0262955 -0.00885314 -0.000366441 -0.0173196 -0.00804814 -0.0120206 0.00312579 0.0198316 0.0161777 0.0216425
internal_weight=497.576 397.364 90.1843 100.212 47.3751 45.7058 307.18 254.623 43.6226 8.89632 81.288 51.7354 12.3115 52.8369 33.4315 19.4054 16.7704 52.5566 249.614 178.556 71.0584 53.636 19.327 34.309 15.6637 26.9449 12.5598 32.8401 14.3851 17.4224 30.1343 21.8143 17.2728 11.8442 14.9659 171.768 168.025 139.415 35.0599 10.8506 104.355 92.2943 57.1989 37.3882 19.8107 20.4068 16.2722 12.0607 28.6096 26.1136 13.2875 8.32 39.4239 25.6117
internal_count=8992 6804 1064 2188 1248 1213 5740 4960 1202 100 964 683 131 940 588 352 324 780 4914 3530 1384 1012 284 728 233 433 205 701 228 372 563 464 377 265 309 3359 3312 2748 818 301 1930 1746 912 603 309 296 245 184 564 517 268 99 552 347
is_linear=0
shrinkage=0.0356217


Tree=30
num_leaves=55
num_cat=0
split_feature=34 15 26 19 13 19 4 3 31 28 16 3 28 31 29 10 13 30 11 34 31 31 35 9 6 13 6 10 3 37 24 23 3 31 12 3 24 24 32 6 35 17 16 11 6 19 34 22 13 21 10 12 21 29
split_gain=7.7555 6.10584 5.48933 4.86405 3.62199 3.43116 4.50353 3.96595 4.97196 4.30338 4.50721 3.65006 4.76909 3.30152 3.35617 3.29101 3.63207 4.62038 5.1844 3.44491 3.21076 3.00527 2.88352 6.12391 7.72148 5.98015 4.53106 4.46322 4.41797 4.1045 3.78149 3.30152 3.51965 3.13511 4.65021 3.10145 2.91315 4.11334 3.66203 3.4075 4.36544 4.7634 6.32711 4.19257 5.08255 4.58236 3.69377 3.46606 3.37196 3.20411 3.83272 3.20244 3.19381 2.98871
threshold=16.995115923905416 0.13321542872462425 3.107210266644008 -0.11707647256156216 -0.002061473931096985 -0.034462788847027241 0.084710795880708525 0.18001813747440967 -0.087434227697855013 0.0030791552717693853 -0.0027660694091714007 0.14424022240051718 -0.0059637739491266153 -0.58365554471280612 0.18708776370561622 0.033988749722609811 0.0012297505421339924 0.037830870795963596 0.014309708982872345 67.574738649108994 0.21342690397208516 -0.66450434294857719 0.53119047619047632 2.958808078322317 0.87499999999999944 0.031545545544417949 0.60000000000000042 0.0021624788695368074 -0.061439796757695668 0.88333333333333341 9087.9999999999909 -5.3700000000000001 0.20191045765160545 0.23559739932877224 0.0095288538100315231 -0.17732055407453909 7758.9999999999973 2987.499999999995 -1952.3328793901885 0.20000000000000001 1.1526190476190477 284126.00000000006 -0.010171660862601349 0.0018899492098817499 0.099999999999999936 0.095250581159175743 45.800300110147624 1.1040893010687356 0.023004169141305934 0.0095819000921484616 0.0013244578075080448 0.003644573518789987 0.0017254953846197018 0.16478669705299831
decision_type=10 10 8 10 10 10 2 2 2 2 10 2 2 2 2 8 10 2 8 10 2 2 2 8 8 10 10 10 2 10 10 2 2 2 10 2 8 10 10 10 2 2 10 10 10 8 8 2 10 2 10 8 2 2
left_child=2 4 -1 -4 -2 20 -7 8 11 -10 -11 12 -8 21 -15 16 17 18 -6 -17 -5 -14 23 24 25 27 31 -18 -28 -27 -29 -24 35 34 -30 -33 37 39 -39 43 41 42 51 45 -45 49 -46 52 -48 50 -37 -41 -43 -44
right_child=1 -3 3 5 15 6 7 -9 9 10 -12 -13 13 14 -16 19 22 -19 -20 -21 -22 -23 26 -25 -26 29 28 30 33 -31 -32 32 -34 -35 -36 36 -38 38 -40 40 -42 47 53 44 46 -47 48 -49 -50 -51 -52 -53 -54 -55
leaf_value=-0.04579822881646306 -0.028657440265353631 0.029283394872989508 0.019362680439145692 -0.035992683568066605 -0.017815508616751914 -0.037650905247596331 -0.040491238013800092 -0.046137445447201303 -0.035327756045652442 0.045682994243133219 -0.022152114650635171 0.052019282759511995 0.011469454266584264 -0.023790300438971707 0.026704136854884805 0.046579491435237222 -0.0469549078924704 0.050039374721315415 0.038240772901064229 -0.0042221164047105131 0.0054307013486208644 0.061571259768833451 -0.049897147896002546 0.063586397640054457 -0.0406761694594234 -0.0048430260712410819 0.037443985109913952 0.003203752373617791 0.022417610721752881 0.034853939349953456 0.038365191880310172 0.020317921411998403 0.023375753522589283 -0.037763592779284233 -0.025567266181330643 -0.054775249779725338 -0.033164275859128886 -0.016065329623331698 0.020340221595137715 -0.035458402441182084 -0.039321480249453616 0.046823087880619237 -0.038023798375946466 0.023494527487952971 -0.049066467719118607 0.049548008559104448 -0.027566322940720336 0.029555904156898721 0.022838358960143395 0.040665499633425681 0.00065307437348889521 0.017972364209714608 -0.0076185154369543409 -0.0076210795847504835
leaf_weight=5.4217832041904321 5.0889751445502034 9.7563409148715419 6.8653836031444362 11.114665855653582 28.124023869633682 4.9736964460462323 2.1833233283832678 2.2302944706752887 6.3618165478110367 2.1906801909208298 2.6227191244252026 2.6108930483460417 3.4945435049012303 3.7913519470021129 2.8262106324546039 3.9891678802669039 2.0949650849215677 1.41789245372638 2.1666924203746012 2.8560397922992706 2.9735718974843612 2.6824623979628086 1.751957844942807 2.1688056569546452 4.5354071066249153 4.3199356738477972 7.0730488644912866 130.24225103110075 9.5860906713642162 13.575980290770529 3.9030611570924512 6.8675922453403464 6.5458502238616338 1.9347611870616663 3.3898574323393396 1.5173640772700299 4.1186087378300718 4.4540349291637567 15.290282724890856 1.6873890068382031 6.4311026576906434 1.3758710063993991 14.178163500502707 2.9970069555565706 5.5493235881440315 2.4235128154978147 4.8441533006262043 4.889868540223687 2.4610905759036541 2.3745614355429998 74.45616232813336 6.9156467295251796 18.520712442696095 5.8597695343196383
leaf_count=71 114 105 62 259 876 120 57 45 131 25 56 15 61 92 53 44 21 42 62 65 61 17 25 15 89 55 107 2487 145 134 35 123 109 30 70 9 102 95 289 19 102 27 309 30 49 27 95 95 42 28 1035 138 450 102
internal_value=-0.000128936 0.00156752 -0.0118633 -0.00855366 0.000919563 -0.0124166 -0.00653811 -0.0014354 0.00217291 -0.0163146 0.00899005 0.0139539 0.00700729 0.0153758 -0.00212534 0.00128777 0.0008753 -0.0106853 -0.0136881 0.0256048 -0.0272617 0.0338858 0.00184719 0.00546205 0.00462707 0.00598661 -0.000826623 0.00343331 0.0144678 0.0252889 0.00425577 -0.0025537 -0.00209931 0.0033817 0.00977033 -0.00300288 -0.00390258 -0.0031994 0.0120802 -0.00513481 -0.0118059 -0.0084237 -0.0182935 -0.000992462 -0.017683 0.00229893 -0.0274027 0.00300228 -0.010485 0.000774142 -0.000522355 0.00718765 -0.00363081 -0.0292228
internal_weight=494.077 431.733 62.3434 56.9216 421.977 50.0562 35.968 30.9943 28.764 11.1752 4.8134 17.5888 14.9779 12.7946 6.61756 416.888 410.043 31.7086 30.2907 6.84521 14.0882 6.17701 378.334 160.84 158.672 154.136 217.494 136.24 21.9838 17.8959 134.145 195.51 193.758 14.9107 12.9759 187.212 180.345 176.226 19.7443 156.482 59.8585 53.4274 28.641 96.6232 15.8516 80.7716 12.8546 24.7865 7.30524 78.3481 75.9735 8.60304 19.8966 20.0379
internal_count=8921 7796 1125 1054 7691 992 672 552 507 212 81 295 280 223 145 7577 7468 980 938 109 320 78 6488 2836 2821 2732 3652 2543 352 189 2522 3300 3275 245 215 3166 3043 2941 384 2557 1242 1140 568 1315 216 1099 186 572 137 1072 1044 157 477 411
is_linear=0
shrinkage=0.0356217


Tree=31
num_leaves=55
num_cat=0
split_feature=15 13 5 4 36 31 27 36 7 19 33 8 11 10 7 7 29 13 24 16 3 5 2 7 31 27 13 15 36 13 15 13 16 16 35 24 9 16 26 13 22 36 5 32 3 36 6 19 22 27 29 16 4 6
split_gain=6.38759 5.49589 6.56517 4.86577 5.69698 4.3131 4.12761 8.81705 2.84806 2.83225 3.63972 3.08704 3.64715 2.78181 4.18505 3.64574 2.9854 3.64661 3.6185 2.74555 2.69464 2.63281 2.63903 2.61011 3.90889 2.72127 2.78323 2.62658 5.26702 5.4112 3.99009 3.53874 3.28031 5.97807 3.10141 3.83477 3.81678 5.28135 5.93368 3.3615 3.79972 3.58129 4.37747 4.83679 5.13586 4.39533 3.33305 3.31049 3.15792 3.4692 3.1134 3.0782 3.02599 2.99595
threshold=0.13321542872462425 -0.00010922294805568165 6.5000000000000009 0.20507519082699271 -0.17277113411325931 -0.16951053214778464 -0.02726204368928575 2.1850830022009697 0.03181834616914344 0.052728718713269014 -1864.0458216297072 6.2500000000000009 0.0095730028710748153 0.033988749722609811 0.14634146341463414 0.070755110554860348 0.095943400777709617 0.10124810913970765 68.750000000020023 0.027214165953749581 0.017304770972987996 20.500000000000004 1.3250000000000004 0.2517605633802818 -1.0213249170999792 0.010768060422850391 0.02270843828018531 0.066467595623225253 1.0000000180025095e-35 0.032558117015578189 0.046669493147987816 0.025694262896183599 0.021494697133732147 0.025717465147568844 0.53119047619047632 9659.5000000000164 0.82744458766900897 -0.0022193515711354523 0.43162937567655196 0.028658263936803308 1.1608710084773544 -1.1348023915293131 8.5000000000000018 -444.0846493375256 0.0057373186834744913 0.5910066666755075 0.15000000000000011 -0.041664706496526253 0.52244895896351362 0.019080066414226108 0.12617959105250584 -0.0041867011541592411 0.11292684328333298 0.59999999999999987
decision_type=10 10 2 2 2 2 2 2 8 10 10 2 8 8 10 10 2 8 10 10 2 2 2 10 2 2 10 10 2 10 10 10 10 10 2 8 10 10 10 10 2 2 2 8 2 2 8 10 2 2 2 8 2 10
left_child=1 2 3 4 19 20 -4 8 -8 13 -11 12 -12 16 15 -15 18 23 -3 -1 -6 -10 -23 27 -25 -26 -27 30 29 31 34 -29 -32 -34 35 36 39 -38 -39 40 41 -18 46 45 50 48 47 -43 49 -44 -45 -41 -40 -36
right_child=-2 9 6 -5 5 -7 7 -9 21 10 11 -13 -14 14 -16 -17 17 -19 -20 -21 -22 22 -24 24 25 26 -28 28 -30 -31 32 -33 33 -35 53 -37 37 38 52 51 -42 42 43 44 -46 -47 -48 -49 -50 -51 -52 -53 -54 -55
leaf_value=-0.022112401559285618 0.028313964219687789 0.011198377228800528 -0.048205460664945077 -0.037257396162985019 0.057054012488605747 -0.0082078387315065483 0.012778036484562331 0.044373278513548831 -0.026193897833138167 -0.026322631383326286 -0.00015704171226470798 0.025762723551266142 0.038916414948938022 0.043539457760743902 0.052888962052410768 -0.031888410164885909 0.023273543671718654 0.038003121487937219 -0.052321934307598371 0.022545690155172007 0.017327926145615027 0.033352395578131667 -0.024795860181582103 -0.056956771237607486 -0.020700835729167772 0.02792179960875163 -0.018514654345207888 -0.027744952423198126 0.023014816891403903 -0.044674795001966514 0.033026766591033652 0.017538614954229433 -0.05082972279902008 0.018930366150916759 -0.0046848308356747274 0.041226097688329084 0.0080422473768465928 0.046767091149938954 -0.024453206707305972 0.0020458760312757058 -0.035469291142357272 -0.015888652315018705 -0.036029411853192084 -0.035010260897272293 -0.060568924556626699 -0.030052718540315777 0.040727233799192554 0.019004529572234377 0.031875337309919483 0.02858133315657119 0.025785271764214458 0.041015287296629524 -0.0033941447621263455 0.01406200837220103
leaf_weight=6.6923915850929969 9.780364176258443 1.7766637313179661 5.1089331917464724 2.9565261290408662 4.8405306274071318 3.2761092064902178 3.1354851308278731 2.9048916213214389 28.036289267241958 3.2263508467003694 22.470872302073989 14.206039561424403 3.4024382396601132 1.1787739596329623 3.0034727305173874 2.1341362511739135 13.581494235200806 3.0536278262734404 2.9068790986202657 2.2590158358216286 4.1023738253861666 1.9506570771336549 1.8169061345979569 2.2261558305472162 8.3282003893982601 4.0435591195709994 2.6162528311833739 3.8632540591061133 4.141656710766255 7.045671882107853 8.6370580184739101 4.7934845457784832 1.9760311031714062 6.1560217852238566 148.24808051413856 3.3183658868074408 30.331074804533273 1.9684010753408063 19.969488566741347 4.0652837469242513 2.6430924674496046 5.3877578387036928 2.3408317328430694 1.9320416292175675 3.7376056620851159 3.4772700294852248 4.5748457768931976 9.2031145219225436 6.0868656993843615 1.7598120002076028 2.1551825781352818 6.9960326505824906 15.325653305742888 11.568091274704782
leaf_count=171 105 31 128 56 43 51 67 19 663 51 546 189 65 31 13 56 221 15 49 52 47 28 37 21 130 68 38 87 58 76 106 56 30 110 2752 35 578 24 646 51 29 74 42 28 44 47 59 128 91 32 34 54 410 249
internal_value=-3.53314e-05 -0.000622818 -0.010067 0.00478541 0.0108117 0.0265428 -0.0184051 -0.0142616 -0.0192537 0.00092458 0.00952873 0.0124769 0.0051051 -9.38343e-05 0.0231547 -0.0045151 -0.00050822 -0.000131655 -0.0284624 -0.0107004 0.0392407 -0.0224467 0.00535343 -0.000473132 -0.0139601 -0.0072286 0.00965223 0.000222801 -0.0123137 -0.0217285 0.00101561 -0.00273808 0.0178707 0.00154885 6.30823e-05 0.00395639 0.00301305 -0.00297657 -0.0119472 0.00897006 0.00544849 0.00750697 0.0021919 -0.00882409 -0.0309694 0.00397819 0.0145335 0.00608886 0.0157882 -0.00824349 -0.00306486 0.0268538 -0.0153489 -0.00331894
internal_weight=486.717 476.937 67.0801 24.1269 21.1704 12.219 42.9532 37.8442 34.9393 409.857 43.3057 40.0794 25.8733 366.551 6.31638 3.31291 360.235 355.551 4.68354 8.95141 8.9429 31.8039 3.76756 352.498 17.2142 14.988 6.65981 335.284 19.8441 15.7024 315.439 8.65674 16.7691 8.13205 298.67 138.854 135.536 67.5946 37.2635 67.9412 56.8799 54.2368 40.6553 21.4896 7.82483 13.6648 19.1657 14.5909 10.1875 4.10064 4.08722 11.0613 35.2951 159.816
internal_count=8921 8816 1362 420 364 141 942 814 795 7454 851 800 611 6603 100 87 6503 6423 80 223 90 728 65 6408 257 236 106 6151 277 219 5874 143 246 140 5628 2627 2592 1658 1080 934 829 800 579 318 106 212 261 202 165 74 62 105 1056 3001
is_linear=0
shrinkage=0.0356217


Tree=32
num_leaves=55
num_cat=0
split_feature=15 15 0 16 0 9 5 29 15 20 14 20 37 31 0 35 3 3 22 11 0 19 29 23 23 14 26 5 30 26 29 22 9 35 20 16 32 35 20 9 26 27 17 14 8 21 20 30 15 15 3 20 17 16
split_gain=6.17678 3.89997 6.80774 7.01242 5.98006 4.6582 4.31787 5.33421 3.99529 4.67838 5.12839 4.31548 4.2194 5.21507 4.12279 4.01303 3.83448 3.82244 4.93112 4.8713 4.51509 3.5758 3.44673 3.44231 3.42752 3.40481 4.4894 3.3807 5.37131 3.98645 4.35058 3.34895 4.65797 4.09477 3.29936 3.26263 3.39959 3.18439 4.16439 5.76398 4.07745 3.67158 3.30998 5.70919 4.7399 3.67998 4.80393 3.70747 3.35899 6.14197 3.15054 3.14402 3.60808 3.6161
threshold=0.13321542872462425 0.06370972008683963 -0.10247727863004046 -0.019759289036307772 0.10508391345057812 1.0000000180025095e-35 5.5000000000000009 0.12565993040799189 0.046669493147987816 0.18383956555022238 6.7500000000000009 -0.30615467648246047 0.71666666666666667 -0.047490534621561949 -0.2352697923503114 0.36928571428571438 -0.14851871750167919 -0.054337334074932624 0.47127697237288041 0.0068866458569430454 0.50033339773323737 -0.10736616125828861 0.12498107248108396 0.12999999999999992 -0.63999999999999957 2.2500000000000004 1.2199204085662594 13.500000000000002 0.020699098771652772 2.7611480101819454 0.1557200401557669 1.2677692243778356 0.66137767015770166 0.58761904761904782 -0.50972309952258921 0.021494697133732147 -540.07722081269947 0.53119047619047632 0.36032674542329196 1.1976960712901261 0.7918232638914996 -0.045764786088564539 265625.50000000006 3.7500000000000004 1.7500000000000002 0.0085109735238894733 0.48894519030242922 0.003639222018981703 -0.0015739636894877525 0.019896787390384942 -0.077281483154721928 0.2970371766850215 225837.00000000003 1.0000000180025095e-35
decision_type=10 8 2 10 2 10 2 2 10 2 2 2 10 2 2 2 2 2 2 10 2 10 2 2 2 2 8 2 2 10 2 2 10 2 2 10 10 2 2 8 10 2 2 2 2 2 2 2 8 10 2 2 2 10
left_child=1 8 5 -4 16 21 24 -8 9 10 11 14 13 51 34 -14 -5 18 23 20 25 -3 -21 -13 -6 26 -19 31 29 30 -29 32 -12 -34 -1 -10 -37 40 39 -39 -17 -42 44 50 -40 46 -46 -48 -49 -50 -44 -11 53 -53
right_child=-2 2 3 4 6 -7 7 -9 35 12 27 17 15 -15 -16 37 -18 19 -20 22 -22 -23 -24 -25 -26 -27 -28 28 -30 -31 -32 -33 33 -35 -36 36 -38 38 42 -41 41 -43 43 -45 45 -47 47 48 49 -51 -52 52 -54 -55
leaf_value=-0.00020804667747094139 0.028174217533370453 0.010428809463177847 -0.03285391556739406 0.047534511218858273 0.057568910597017062 0.0072604152241844385 0.032474022445832564 -0.014278009229426458 0.031033190494462667 -0.042451290458102808 0.016617567419847531 -0.0353169664188401 -0.039911070701857711 0.033160500254688467 -0.0097178581273147466 0.016096039119754321 -0.011032921581310218 0.031896828220346084 0.029290659618455846 -0.017982703346963103 0.026581652377584652 -0.037270264549461474 0.0338531494988389 0.03278023148167461 0.015285306262698403 -0.0029035102329362161 -0.039382392091511689 -0.039112365848447288 -0.038310404611987731 0.023730269979076773 0.013673953756747573 0.035286613969702715 0.013358974421120639 -0.047893713702623929 0.043187707926854967 -0.023251665503167936 0.021579185869424707 -0.044651111685736572 0.028814178800601685 -0.0049149406140371402 0.030113160063996121 -0.0072903032732475857 0.021216936546915373 0.016356892470453341 0.00089771365842022726 0.030526860224915835 -0.046801665238914672 -0.057049054448821732 0.031615175708450689 -0.043180841157998355 -0.035983548682560519 0.034228312825329531 -0.029220662798840946 -0.012723241044905397
leaf_weight=6.2107185344211757 9.5877090925350767 2.2143695771228584 7.4727041227743021 1.40621530171484 4.4835596596822143 4.8675967622548333 4.9112453171983352 8.0063064428977651 9.7877807971090096 2.0695398403331664 35.1460867729038 2.9048188603483167 4.3526150076650074 7.8791078180074683 62.344721594592556 15.318975568749009 24.580368534196168 1.2351777032017714 14.814326720545067 1.9888284429907779 4.7561954995617262 16.670337054412812 7.6341420081444085 1.2791453870013354 5.4276043791323918 22.26202598772943 7.511623391881586 3.5718056149780812 3.8094142177142194 9.2078120135702175 4.2168047884479165 9.5861070961691421 2.5845114691182962 2.7934533059597015 3.3556158035062236 3.8918034671805799 4.5424635484814626 9.4274416789412481 2.93626550305635 9.088461203034969 3.4743940075859419 48.760209759930149 1.5176154936198143 15.745628944365306 8.0286064185202175 1.7455622903071333 9.6799148954451102 1.5673670014366505 3.2596992235630742 2.2800012696534395 5.1275198278017369 5.2218237984925491 2.9289098852314046 3.3433663691394031
leaf_count=136 105 36 149 19 23 90 35 155 126 50 394 72 72 161 1581 209 476 42 299 50 87 369 113 28 56 555 218 55 45 123 61 106 35 27 61 101 53 128 49 191 44 986 41 234 120 45 128 15 103 42 164 92 85 81
internal_value=1.91898e-05 -0.000561637 -0.00771776 -0.000954658 0.00398241 -0.0236672 0.0172493 0.00359775 0.000911285 0.000108832 0.00366465 -0.000378098 -0.00438923 0.0103059 -0.00637271 -0.00661022 -0.0076877 0.00631415 0.0196843 0.000683311 -0.00537747 -0.0316434 0.023049 -0.0141821 0.0348127 -0.0103541 -0.0290523 0.0114264 -0.000637027 0.007972 -0.0107022 0.0164297 0.0118893 -0.0187216 0.0152867 0.0171494 0.000844457 -0.0055303 -0.0108259 -0.0252863 -1.08091e-06 -0.00474666 -0.00562411 0.00468644 -0.0134453 -0.0182134 -0.0217568 -0.0325423 -0.0127193 0.000583423 -0.0227759 -0.0031041 0.00427156 0.0159475
internal_weight=478.816 469.229 80.0403 56.288 48.8153 23.7523 22.8287 12.9176 389.188 370.966 207.213 136.297 163.753 21.4427 71.9111 142.31 25.9866 64.3863 18.9983 45.388 35.765 18.8847 9.62297 4.18396 9.91116 31.0088 8.7468 70.916 20.8058 16.9964 7.78861 50.1102 40.5241 5.37796 9.56633 18.222 8.43427 137.958 70.4041 18.5159 67.5536 52.2346 51.8882 22.3908 29.4974 26.5612 24.8156 16.787 7.10707 5.5397 6.64514 13.5636 11.4941 8.56519
internal_count=8921 8816 1408 913 764 495 269 190 7408 7128 4088 3242 3040 469 1778 2571 495 1464 399 1065 902 405 163 100 79 815 260 846 284 239 116 562 456 62 197 280 154 2499 1260 319 1239 1030 941 439 502 453 408 288 160 145 205 308 258 173
is_linear=0
shrinkage=0.0356217


Tree=33
num_leaves=55
num_cat=0
split_feature=34 13 8 18 12 7 18 20 3 10 23 13 21 8 3 34 10 4 7 21 32 22 36 19 24 27 16 16 32 18 28 7 36 10 28 9 20 3 15 20 18 3 5 5 13 31 37 22 18 5 20 9 8 18
split_gain=5.99577 6.78544 4.4508 4.23475 4.01479 3.98137 3.55947 3.52851 4.27832 6.69172 4.02328 3.24785 4.631 5.56017 5.56017 3.09703 5.87596 4.32092 5.00418 4.65454 5.48824 4.69041 4.32064 3.96944 3.71316 5.05396 4.13463 5.77575 4.46131 3.93596 3.60602 6.29633 4.93028 3.49032 4.37463 3.2705 3.45414 3.26765 3.13896 4.44456 3.75597 3.0978 3.54837 3.08676 3.07648 4.05985 4.00449 3.6734 3.99415 3.62388 3.42896 5.99908 5.93488 5.29221
threshold=16.995115923905416 0.026992405184539912 3.7500000000000004 295.88348028528895 0.0014731693942765893 0.095238095238095219 548.15321704246787 -0.015642873801985781 -0.026567871334503442 0.0027292388804748525 4.1350000000000007 0.053954769690968372 0.0095819000921484616 7.7500000000000009 0.027396869817088335 67.574738649108994 0.033988749722609811 0.11385513801063278 0.057142857142857245 0.0050953161641812406 -1952.3328793901885 0.45908069175708105 -1.0067161105060214 0.035797890476562906 4257.9999999999754 -0.0051518195178679718 -0.0034186005090839629 -0.018540010537327633 -819.89866033555847 106.12527000504365 -0.0015183635272824068 0.10194234813806761 -0.51217979832474103 0.012577197353569922 0.0074524719092065048 2.7584251526522823 -0.051181410093860367 0.019573655443246966 0.0022794903624350983 0.13181809955791388 226.45866108211638 -0.034320007811617974 9.5000000000000018 12.500000000000002 0.00021723863652305111 -0.084956420789823586 0.71666666666666667 1.566478040637967 175.54621457828662 14.500000000000002 -0.024572219311570075 -0.43078291609245428 5.7500000000000009 357.36198723741273
decision_type=8 10 2 10 8 10 10 2 2 10 2 8 2 2 2 8 8 2 10 2 10 2 2 10 10 2 8 10 8 10 2 10 2 8 2 10 2 2 10 2 8 2 2 2 10 2 10 2 10 2 2 10 2 10
left_child=-1 4 5 7 -2 -3 15 8 9 -4 -10 12 13 14 -9 16 44 30 19 21 35 -19 -20 43 26 -26 27 29 37 -23 -17 32 -32 -34 38 -21 -37 -29 39 40 -35 -25 -43 -22 45 -6 49 50 -49 -46 52 -52 -48 -53
right_child=1 2 3 -5 6 -7 -8 11 10 -11 -12 -13 -14 -15 -16 17 -18 18 22 20 23 24 -24 41 25 -27 -28 28 -30 -31 31 -33 33 34 -36 36 -38 -39 -40 -41 -42 42 -44 -45 46 -47 47 48 -50 -51 51 53 -54 -55
leaf_value=-0.032732583807951243 -0.030373901722341393 0.011065459519456405 0.026221542876221773 0.033848748787016353 -0.05002254295031873 -0.047467762339382567 0.021130683063497035 0.024680700934670636 0.033607426529778113 -0.026441822704299997 -0.01291932066781786 0.02104255707554677 0.037220664032966817 -0.027118861454251283 -0.026882231645708556 -0.023178120565522448 0.056535797165159031 -0.036779363167720167 0.022340188937398284 -0.019087054588530571 -0.015080450500300911 -0.038392239774845884 -0.026054845039684159 0.054513156647001557 0.0083036970114457563 0.059076705091779695 -0.0014360972734679864 -0.043850061751065546 0.048692356194149806 0.031413057535160258 -0.017265558571774517 0.033429722429551972 -0.015783908573118802 0.041749232347398219 -0.023673672536530785 -0.020494803630938804 0.032217534756641658 0.031564620278519979 -0.018199201117289142 0.048471348365873301 -0.021422719029391277 0.044581719482738612 -0.019399776976292745 0.019961172594542827 0.04110406314492189 0.0045091054984397957 -0.0079224368674826965 -0.003378052826226116 -0.066119513153089934 -0.0056579177677558304 -0.033252125250885708 -0.0059399091662890834 0.015867551414912657 0.016627488952101858
leaf_weight=6.888207357376813 5.9072193182073525 2.7120838402770451 6.1730973403900808 9.8046673324424756 3.2534055840224028 3.0440155044198036 8.8860848681069893 7.7395135923288798 17.349542421288795 5.8803459480404854 2.6677212957292786 7.7310634367167941 2.8300971700809887 12.045050963293761 3.914189737290144 21.128558159340173 2.3868950731120995 2.4313553040847173 2.7239378406666246 26.352521935943514 8.4780444377101976 2.6847246335819355 13.986525767482815 3.4416610207408667 5.3393464460968971 4.6357192797586304 23.490134165156633 1.2621889458969238 8.2868863441981357 1.5283536138013003 38.317131985677406 4.6070031449198714 8.1720563787966984 1.853102039545776 3.2923369677737346 2.6905778544023633 3.539892657659947 1.4688495686277745 2.0406863628886631 6.337618712335825 2.9741839589551091 1.8774230163544405 2.3853356558829546 4.9778187605552366 6.0138462195172888 3.5427184174768618 19.44544175430201 3.3450318716932079 2.0109559968113899 3.1636336701922119 7.428282485343515 47.420415889006108 41.657649867003784 18.149250985821709
leaf_count=95 52 49 54 107 71 32 113 96 240 85 28 65 57 118 64 640 27 58 67 600 205 43 363 41 97 54 532 41 57 51 1167 102 233 18 115 58 43 40 67 71 79 30 52 109 101 63 466 90 16 63 117 763 563 293
internal_value=1.75536e-05 0.000510164 0.00981065 0.0121008 -0.00148049 -0.0201436 -0.00101943 0.00883767 0.0173101 0.000510241 0.0273655 0.000874776 -0.0050535 -0.0102435 0.00726727 -0.00156013 0.00221014 -0.00438988 -2.5367e-05 0.00286301 -0.00445121 0.0105482 -0.0180708 0.00964239 0.0129849 0.032267 0.00794329 0.0223341 0.0358129 -0.0128917 -0.0103623 -0.00632567 -0.0092843 0.00312537 0.01254 -0.0136103 0.00946499 -0.00355103 0.0216904 0.029092 0.0031505 0.0298554 0.00911863 -0.00205404 0.00133908 -0.0219196 0.00241762 0.000908224 -0.0277432 0.02508 0.00207354 -0.00313493 0.00829347 0.000319984
internal_weight=471.694 464.806 81.8914 76.1353 382.915 5.7561 377.008 66.3306 32.0707 12.0534 20.0173 34.2599 26.5289 23.6988 11.6537 368.122 157.818 210.304 121.581 104.871 53.7433 51.1276 16.7105 21.1603 48.6962 9.97507 38.7211 15.231 11.0179 4.21308 88.7227 67.5941 62.9871 24.67 16.4979 32.583 6.23047 2.73104 13.2056 11.1649 4.82729 7.70442 4.26276 13.4559 155.431 6.79612 148.635 139.457 5.35599 9.17748 134.101 72.9979 61.1031 65.5697
internal_count=8921 8826 995 914 7831 81 7779 807 407 139 268 400 335 278 160 7666 2633 5033 2541 2111 1138 973 430 437 915 151 764 232 138 94 2492 1852 1750 583 350 701 101 81 235 168 97 123 82 314 2606 134 2472 2308 106 164 2202 1173 1029 1056
is_linear=0
shrinkage=0.0356217


Tree=34
num_leaves=55
num_cat=0
split_feature=13 34 26 5 9 9 22 8 12 29 18 0 28 6 28 23 20 28 28 23 28 28 12 26 3 28 20 0 23 20 27 26 13 35 35 28 26 34 9 6 6 18 4 28 30 10 0 6 10 28 35 9 4 12
split_gain=4.4244 5.31114 3.71033 6.27822 6.11092 4.42104 6.52018 3.70932 3.94034 3.71431 3.64047 3.62488 3.31262 4.67828 3.14152 3.00462 2.92485 3.61912 5.34313 4.19133 3.94007 5.92122 3.58774 4.0327 2.90376 3.75774 2.87365 3.15662 2.77507 3.79144 2.77324 2.76399 4.96044 3.52273 3.3084 3.27381 3.20829 6.57 3.66302 5.68089 3.65539 3.51309 3.90583 3.49577 3.24828 3.6228 4.55675 3.06856 2.73769 2.72925 2.68391 2.96752 4.79243 3.28739
threshold=0.026992405184539912 16.995115923905416 4.4173857535883867 6.5000000000000009 0.6218971492563039 1.4758901930124042 1.4790912201445654 4.7500000000000009 0.0028731227340432594 0.16005866464372756 295.88348028528895 0.10508391345057812 0.0098696210053499395 0.17499999999999985 0.0071311260947765085 -0.63999999999999957 -0.015642873801985781 0.0047081876273789023 0.010589030854407324 0.12999999999999992 -0.0064537955971067365 -0.0087086363766978297 0.0029683474915751721 4.2675739069514149 -0.023883023089714902 -0.023760058677157244 -0.50972309952258921 0.094028412143145404 0.30999999999999966 0.37926112940640283 -0.0096494924685704957 3.3784572538001134 0.013319892000540458 0.70071428571428573 0.4640476190476191 -0.0030341156203711468 5.4991891289466077e-16 30.415584435984318 0.92126589730073916 0.10000000000000001 0.9750000000000002 205.81164672819702 0.07630977087298528 -0.0012620963707700159 0.0040708066643976313 0.0038708898410531414 -0.071315843507001972 0.80000000000000016 0.0025252568236922173 0.017788628411907318 0.35404761904761911 0.58079354391474924 0.042956656610819467 0.0019440872426518875
decision_type=10 10 8 2 10 10 2 2 8 2 10 2 2 8 2 2 2 2 2 2 2 2 10 10 2 2 2 2 2 2 2 10 10 2 2 2 10 10 8 10 10 8 2 2 2 10 2 8 10 2 2 10 2 10
left_child=2 -2 31 4 11 6 12 8 -3 -10 16 14 26 -14 -4 -13 22 19 -19 -18 21 48 -9 24 -24 -26 27 -5 -17 -30 -6 36 33 34 -33 -34 38 43 39 44 47 -41 -43 -38 -1 -46 -47 50 -21 -42 -39 53 -53 -52
right_child=1 7 3 5 30 -7 -8 10 9 -11 -12 15 13 -15 -16 28 17 18 -20 20 -22 -23 23 -25 25 -27 -28 -29 29 -31 -32 32 35 -35 -36 -37 37 40 -40 41 49 42 -44 -45 45 46 -48 -49 -50 -51 51 52 -54 -55
leaf_value=0.037821726274375363 -0.030771973123524768 -0.051090812585598687 0.0059760384032822109 -0.01869616740947783 0 0.020426696896704764 -0.053717176516757552 0.026988689124704198 -0.020828593981708624 0.034202709514514325 0.032729095303594725 0.045863791591947679 0.04155411917650649 -0.010658174151981017 -0.045017019338064512 -0.015132705523945454 0.027132392667257775 -0.046333350933623861 0.0078895788527869656 0.024024642183205731 0.020713993009918923 -0.060148036482931669 -0.049250665366530458 0.025265269685231181 -0.039491163173766088 0.02550074506194237 -0.020548645569178885 0.026364956212239131 0.0012332909251993266 0.057221225810657209 -0.03855995537472693 -0.021171182313721261 0.0033876145930132303 -0.04203230565890978 0.019081940707634505 0.039757938705300248 0.00015363830975158329 -0.042525465409711916 0.05465816822193155 0.025366030947797727 -0.028410625076796512 0.0071737027630346889 -0.043755935114104527 -0.044057158627113825 0.033222808310936984 0.025079915171431981 -0.04507522215585643 0.031129811286113699 -0.023974067960377664 0.022559558190033413 -0.017596401933803324 0.055254315171884685 -0.0024761168321437103 0.013219815666615196
leaf_weight=7.310092063155027 4.2515320694074026 2.3158580744639012 11.971943702548744 3.9595526717603198 4.5053447047248483 4.3844416178762904 5.2923804614692918 18.215235373005275 3.5713262422941634 2.6014057612046599 9.4876408528070879 5.404910296201705 3.105249424464998 6.698521849233658 1.6560522499494243 3.0394942909479123 9.5571984974667448 4.1862750491127354 4.9298451235517859 3.2247127387672636 5.2450418164953581 2.7609767420217404 2.1634177509695292 5.1493559079244733 1.7518208902329204 2.7917693671770376 38.721060740761459 3.7374964831396937 3.4878099020570517 2.6557071385905147 4.8976264526136202 3.9245243449695426 4.9502703044563523 2.3946797610260537 7.1773057675454766 8.6342366258613747 3.3594863801263273 1.772250551264732 2.1468692449852851 2.2258013878017637 8.9302105244714731 3.0405997107736775 4.9104679389856756 6.8446112852543575 3.2330227680504322 1.9618094759061957 2.6511104810051593 3.9805217382963738 2.6590894255787134 1.483645053580404 4.9617884093895546 1.7459441684186447 158.13568985881284 33.466991359600797
leaf_count=69 57 25 245 110 64 125 101 194 60 55 104 41 62 151 39 45 90 53 67 38 62 23 36 68 18 61 731 47 47 22 81 106 90 63 163 146 44 41 18 24 221 50 61 94 26 34 38 79 41 31 42 10 3983 525
internal_value=0.000225114 0.00757909 -0.00140649 -0.00716339 0.00443706 -0.0137847 -0.0162549 0.00963932 -0.0125165 0.0025137 0.0122629 0.012725 -0.0126366 0.00611595 -0.000491547 0.025002 0.00911305 0.00169848 -0.0172257 0.0091047 -0.00339353 -0.0181079 0.0171045 0.00180736 -0.0162859 9.80316e-05 -0.0166052 0.0032216 0.0123449 0.0259893 -0.0202887 0.000728875 0.0115216 -0.00376507 0.00477636 0.0266374 -0.000433696 -0.001841 0.011032 0.00712851 -0.000505175 -0.0133694 -0.0244128 -0.029626 0.0209001 0.00483701 -0.0153065 0.000549131 0.00226791 -0.0209886 -7.36949e-05 0.00032611 -0.00181059 0.00920153
internal_weight=467.622 84.8625 382.76 103.518 37.6189 65.8987 61.5143 80.611 8.48859 6.17273 72.1224 28.2159 56.2219 9.80377 13.628 14.5879 62.6347 32.5631 9.11612 23.447 13.8898 8.64478 30.0716 11.8564 6.70701 4.54359 46.4181 7.69705 9.18301 6.14352 9.40297 279.242 27.081 13.4965 11.1018 13.5845 252.161 224.681 27.4798 25.3329 214.477 10.1769 7.95107 10.2041 15.156 7.84594 4.61292 204.063 5.8838 10.4139 200.083 198.31 159.882 38.4288
internal_count=8921 1052 7869 1911 584 1327 1202 995 140 115 855 439 1101 213 284 155 751 374 120 254 164 102 377 183 115 79 888 157 114 69 145 5958 568 332 269 236 5390 5070 320 302 4932 135 111 138 167 98 72 4680 79 252 4601 4560 3993 567
is_linear=0
shrinkage=0.0356217


Tree=35
num_leaves=55
num_cat=0
split_feature=13 3 19 3 0 0 34 26 25 34 14 0 29 19 7 35 10 6 10 9 19 31 31 10 34 25 16 25 0 3 26 12 23 26 34 28 3 12 19 7 30 13 25 18 18 26 9 32 31 30 6 19 32 26
split_gain=4.37406 3.8483 3.46573 3.92996 3.67856 3.67741 4.19432 3.45205 3.39246 5.58904 3.31501 3.29629 3.48251 3.33407 4.72726 3.33651 3.11963 3.00332 5.23595 3.35338 3.01962 2.86596 3.42216 2.76961 3.15203 2.8618 4.46763 2.65832 2.61362 2.41436 5.38132 4.44614 4.15897 4.03547 3.23274 5.44144 3.89774 2.69902 4.45798 5.05846 2.35988 2.41529 2.26086 2.97009 4.12495 3.28382 3.52159 2.41807 2.1972 2.17657 2.14463 2.11361 5.74725 3.21806
threshold=0.02097530801214029 -0.18356694166632023 -0.10086453611541966 -0.077281483154721928 -0.065433069072352787 -0.11942866735681711 48.082381890412869 0.9843377797638867 -5.4533163846318145 35.0555804729484 6.2500000000000009 0.38355680648850127 0.17139923550487587 0.046484639040476068 0.26132483496471665 0.71738095238095256 0.0038708898410531414 0.25 0.0030561626899151544 1.3925056211191695 -0.0063476850032065371 0.51563921105988753 0.62484693878232334 0.033988749722609811 67.574738649108994 -1.3859040491016559 0.0024363231227976239 -4.6472955996408496 0.25156813671915873 -0.084928380967497483 4.5030522141818148 0.0058627792429774934 0.12999999999999992 3.0199227562407147 96.720623263144674 -0.00049922842271832291 -0.15155907314483116 0.01009814495689214 -0.022638355060995981 0.057142857142857176 -0.0085278492232398456 0.0051339653916462067 -4.0779153878676127 226.45866108211638 355.60972097685061 0.18516439709967417 1.4290964297659652 -807.59999560074618 0.15291947643366205 0.0020023253333433248 0.19999999999999987 -0.025309002521428033 -648.87235391316801 3.8358472572200806
decision_type=10 2 8 2 2 2 10 8 10 8 2 2 2 8 10 2 10 8 10 10 10 2 2 10 10 10 10 10 2 2 10 10 2 10 10 2 2 10 10 10 2 8 10 10 10 10 8 10 2 2 8 8 10 10
left_child=7 -2 5 4 16 -3 -7 8 9 -1 -11 13 -13 14 15 51 -4 18 20 -19 -17 42 -23 25 -25 29 40 -15 -6 30 32 -32 33 34 36 -36 -9 38 39 -38 -27 -42 47 -44 45 -45 -47 -10 -46 -39 -20 -5 -53 -54
right_child=1 2 3 11 28 6 -8 23 21 10 -12 12 -14 27 -16 17 -18 19 50 -21 -22 22 -24 24 -26 26 -28 -29 -30 -31 31 -33 -34 -35 35 -37 37 49 -40 -41 41 -43 43 44 48 46 -48 -49 -50 -51 -52 52 53 -55
leaf_value=-0.059047697708996247 0.043311067087505158 0.024585168664459277 -0.058613259405737285 0.030913583381441574 0.018118933028386529 -0.032224064635066822 0.011436438887729149 -0.020606994356337404 -0.0020499120977743816 -0.02103975293706447 0.030391097845621225 -0.01465342818576903 0.02313948924917739 0.044506539577438109 -0.029774862322114994 -0.036662984112858774 -0.0051748794383797946 0.056795763951663317 0.025034874880199315 -0.0045395224507460098 0.0051959295802805235 -0.043684103483571692 0.0098701718771301 0.05025013942084712 -0.012912451718389494 0.039598809812359047 -0.033059246120534604 0.014791708110124844 -0.020044990982613083 -0.0058127639716482396 -0.047242088278934176 0.0041769628243484959 -0.018155957956177034 0.036244361876872119 0.050219919197998772 -0.031434493053219596 -0.034823286071652693 0.028657571083730366 0.040602260406634054 0.029459971169330568 -0.035118886841873621 0.02869608824481645 0.029228074997048176 -0.044694045759085275 0.0041679311723652676 0.042880963681174805 -0.032498818022833262 0.039379543028774687 0.037666987997353872 -0.030889992033292814 -0.014177443720504364 0.042937775634128435 -0.015534708980827415 0.027587153756262264
leaf_weight=2.3342495723627481 3.3537605875171712 3.0034635169431576 2.7102967272512606 13.131647565402089 6.117158333770929 8.8299262020736879 3.993917173705996 3.595082606188952 2.315263107419014 3.0938492086716005 3.068465523654595 11.285951167345045 4.1490386500954619 6.9602551409043363 3.5258775493130079 6.2773138666525483 2.7915048315189779 2.3273484273813656 6.8542192664463046 2.0840503550134599 3.2845000252127701 2.3645850224420419 3.8454379509203136 2.4635384627617887 1.5853064977563915 5.479849647730588 1.9092609384097148 8.7118328041396946 3.4937541880644858 226.09671641280875 4.4305695770308358 3.9956396431662142 6.4797305213287464 7.2382411742582908 1.1925868950784204 5.1833555549383155 2.634223374072465 1.1096289404667907 9.5450276904739493 3.4962894932832569 1.2789203943684699 1.5570114944130171 6.8800174752250376 3.3660263894125846 8.3173099618870747 1.5112216896377502 1.437697700224817 7.5039822780527121 3.4693922302685669 2.1026537194848061 2.2951647299341866 4.8894780012778929 7.6707430272363215 2.9612028207629919
leaf_count=30 48 34 35 157 110 88 47 95 44 62 42 171 49 69 61 55 35 29 114 65 46 34 55 31 48 60 75 138 48 5097 71 85 175 146 23 126 77 35 146 46 41 25 132 47 140 43 67 98 44 50 48 57 94 33
internal_value=0.000409656 0.00623444 0.00513753 0.00755627 -0.00915185 -0.0103172 -0.0186307 -0.0016536 0.0070328 -0.0133353 0.0046208 0.0104875 -0.00440078 0.0137292 0.00958284 0.0123183 -0.0321037 0.00222639 -0.00403618 0.0283256 -0.022363 0.0112786 -0.0108654 -0.00313196 0.0257656 -0.00354853 0.0148666 0.0281969 0.00416585 -0.00423373 0.00276071 -0.0230778 0.00792006 0.0126425 0.00661269 -0.015598 0.0129596 0.0194317 0.0255041 0.00169725 0.0261507 -0.000244499 0.0152544 0.00948523 0.00185352 -0.0211681 0.00621827 0.0296728 0.0142753 -0.0100287 0.0151343 0.0204208 0.0113924 -0.00336472
internal_weight=461.584 120.702 117.349 101.521 15.1127 15.8273 12.8238 340.881 49.5075 8.49656 6.16231 86.4086 15.435 70.9736 55.3015 51.7757 5.5018 23.1226 18.7112 4.4114 9.56181 41.0109 6.21002 291.374 4.04884 287.325 10.225 15.6721 9.61091 277.1 51.003 8.42621 42.5768 36.0971 28.8588 6.37594 22.4829 18.8878 15.6755 6.13051 8.31578 2.83593 34.8009 24.9817 18.1016 6.31495 2.94892 9.81925 11.7867 3.21228 9.14938 28.6531 15.5214 10.6319
internal_count=8921 1631 1583 1414 228 169 135 7290 838 134 104 1186 220 966 759 698 70 357 263 94 101 704 89 6452 79 6373 201 207 158 6172 1075 156 919 744 598 149 449 354 269 123 126 66 615 473 341 157 110 142 184 85 162 341 184 127
is_linear=0
shrinkage=0.0356217


Tree=36
num_leaves=55
num_cat=0
split_feature=13 4 4 17 10 14 33 5 7 0 33 1 13 31 4 22 1 13 6 20 31 32 1 10 24 18 15 25 15 20 19 7 24 31 22 20 10 10 14 35 19 27 10 17 4 31 13 35 13 17 32 32 10 1
split_gain=7.39234 4.42133 4.04308 5.73219 3.95746 4.79439 5.2335 7.24455 4.44071 4.56814 4.14432 4.14055 5.8194 4.33035 3.9665 3.80628 3.62873 3.78319 3.58462 5.71474 6.46773 6.14553 5.62778 5.85536 4.85919 4.4432 4.03332 5.95311 5.73736 3.70174 4.50924 3.50123 3.35779 8.20372 7.38297 4.33134 3.65904 3.84616 3.46072 3.32656 5.23857 3.28904 3.71432 3.47165 3.09115 3.02945 2.95166 2.69128 2.68383 2.67179 3.10514 2.76996 2.64872 2.64306
threshold=0.020047288462891989 0.055192359757253062 0.075915658644057638 175494.00000000003 0.0065155253384782275 7.5000000000000009 -124.03467271298054 3.5000000000000004 0.18907646474677267 -0.29095248544546753 -433.73422048341484 -0.083063434816321488 0.057728945942905487 -0.22182934802674401 0.12699293175201401 1.0072284265033913 -0.024951560070897712 0.039950090609686663 0.32500000000000023 -0.31863119072707635 0.2197663036954732 -1402.2314630749668 0.28662889451115942 0.0076125021474744937 12525.500000000009 397.62237802620956 0.010645889762648936 -4.1355349321074453 0.0056511286463986525 0.67472385043023364 -0.0063476850032065371 0.095238095238095219 777.24999999998556 0.065577994101219048 0.92597085777809041 -0.18696769735324362 0.0034075548849720884 0.017598845072154024 1.2500000000000002 0.38595238095238099 -0.017479486811935615 -0.012731685575352423 0.0069845117736871331 198691.00000000003 0.094586805987036227 -1.0213249170999792 0.028168395770964198 0.97666666666666679 0.0029798725549775936 223868.00000000003 -347.08223084780235 -610.12397791705541 0.0020748487907826861 -0.038493750805308584
decision_type=10 2 2 2 10 2 10 2 8 2 10 2 10 2 2 2 2 10 10 2 2 10 2 8 10 10 10 10 10 2 10 10 10 2 2 2 10 8 2 2 10 2 10 2 2 2 10 2 10 2 8 8 8 2
left_child=1 -1 53 -4 5 8 11 -8 9 -5 15 -7 16 -14 46 -11 -13 -18 22 45 21 24 25 -24 47 32 27 28 31 -23 -31 -27 38 35 -35 -34 -37 41 -3 40 -40 42 -38 -44 -9 -20 -12 -21 -43 -28 51 -51 -41 -2
right_child=2 18 3 4 -6 6 7 44 -10 10 14 12 13 -15 -16 -17 17 -19 19 20 -22 29 23 -25 -26 26 49 -29 -30 30 -32 -33 33 34 -36 36 37 -39 39 52 -42 48 43 -45 -46 -47 -48 -49 -50 50 -52 -53 -54 -55
leaf_value=-0.023664679359215401 0.034244772620687008 -0.036932762549877804 -0.03241661820176292 -0.046072752387895669 0.025804987257534023 0.0325587482134784 0.035757293054788482 -0.055481733461768656 -0.035086530849113035 0.030238669271238888 -0.013525099429899014 -0.03185110418571211 0.002599263946365758 0.051129498044566769 -0.035396430663334283 0.0012002735487373838 0.018662626809140867 -0.01787488240626945 0.029505989312552702 -0.031812158682184344 0.040670497749764681 0.022096402343729379 -0.02461950341828309 0.033873095040166272 0.036916266040035201 0.053271364084732244 0.033745321894458169 -0.02735141960100642 -0.031192612405345682 0.018884397236656157 -0.057293726379853069 0.0038658706391233514 -0.024431670968290124 0.035469576325320253 -0.026563061693111258 -0.051714228348169002 0.022331019434476043 -0.047628291833447335 -0.014947819281187198 0.022430890683536337 0.04467301951729679 -0.0084535924777205292 0.005509967813680009 -0.046836477425945898 -0.003074553405842056 -0.015080094882853379 0.032517634952076845 0.0086235601779161789 0.028716011390130674 -0.015496847625831126 -0.037014008927622695 0.03342135477395123 -0.010989905568897574 0.0058694501367983192
leaf_weight=12.730387165211139 10.274292826186867 5.7845879895612589 5.035841309465467 2.5212121596559873 11.462185479234902 13.56474532233551 2.5038597565144283 3.6288213636726141 5.2304542893543831 8.4524062918499059 4.6245582941919618 4.0964668570086369 3.971067781560123 5.6201663147658092 5.8209781586192548 17.406437339959666 9.8591746301390248 5.5304573401808748 2.0604857429862049 8.8377692035864985 8.0864359457045776 21.015511093428366 2.7824536156840596 8.8657745588570833 1.9678180124610651 3.7338571613654477 8.0622287581209076 8.1875307653099316 2.5835835710167885 2.0970294415019457 1.6999379722401489 3.5113623794168234 13.629786601755766 11.745869918726383 2.9827645667828611 1.5065879337489629 3.2845370322465932 1.6164332656189788 3.7486496740020812 2.9836406400427213 3.5542149462271473 3.2375113633461305 2.8425499708391726 3.5303601282648742 2.3453076286241412 18.689453585539013 2.722426766064018 2.6703554072882971 9.6683211340568942 2.1940025801304728 1.6793489097617555 4.0517333950847387 136.72245176765136 7.0661045112647107
leaf_count=256 95 144 67 38 224 114 26 51 57 140 66 47 42 30 86 329 109 60 70 263 140 392 51 99 28 43 113 190 39 52 31 41 369 280 93 9 58 56 67 19 69 91 59 81 40 445 55 80 224 58 32 74 3058 92
internal_value=-0.00032809 -0.00315891 0.00680927 0.0043676 0.00609092 0.00375719 0.011289 -0.0141399 -0.00447677 -0.000544623 0.00250267 0.0163696 0.00872623 0.0312867 -0.0136948 0.0107779 -0.00247311 0.00549162 -0.00233452 0.00497578 0.0119225 0.00575686 -0.0042798 0.0197968 -0.0135379 -0.00545264 0.00646372 -0.00507996 0.0135451 0.0162547 -0.0157752 0.029727 -0.00741459 0.000214163 0.0228021 -0.00828009 0.000345667 0.00379535 -0.0101124 -0.00903159 0.0142589 0.00768001 -0.00798598 -0.023739 -0.0353228 -0.0105249 0.00372218 -0.0224223 0.0193863 0.019433 0.00461459 0.016239 -0.0102595 0.0227909
internal_weight=464.082 332.345 131.737 114.397 109.361 97.8985 51.1201 8.47799 46.7785 41.548 39.0268 42.6421 29.0773 9.59123 13.168 25.8588 19.4861 15.3896 319.615 67.1248 46.3749 38.2884 252.49 11.6482 13.4759 240.842 34.0036 18.0163 9.8288 24.8125 3.79697 7.24522 206.838 54.0447 14.7286 39.3161 25.6863 24.1797 152.794 147.009 7.30286 22.5633 9.65745 6.37291 5.97413 20.7499 7.34699 11.5081 12.9058 15.9873 7.92508 6.24574 139.706 17.3404
internal_count=8942 7174 1768 1581 1514 1290 519 117 771 714 676 402 288 72 207 469 216 169 6918 1501 986 846 5417 150 371 5267 590 313 123 475 83 84 4677 1320 373 947 578 569 3357 3213 136 513 198 140 91 515 121 343 315 277 164 132 3077 187
is_linear=0
shrinkage=0.0356217


Tree=37
num_leaves=55
num_cat=0
split_feature=13 21 17 4 13 31 31 26 4 1 22 23 4 19 12 7 35 24 30 19 34 2 35 1 36 19 13 4 15 3 13 1 27 16 35 24 7 32 15 1 14 37 3 36 32 9 8 19 16 30 16 2 12 30
split_gain=6.63733 5.00744 4.5798 4.26289 3.25903 3.75817 6.16054 4.42306 5.59517 3.41191 7.02748 3.40767 3.24396 3.86001 3.60507 3.16341 3.86699 5.06876 3.68261 3.26655 5.06121 4.51417 4.22214 3.89246 4.28597 3.72075 3.66475 3.48784 4.74343 3.34817 5.55933 4.53582 4.47414 4.82282 3.34766 3.24478 3.81236 3.50001 4.23551 4.22013 3.58144 4.2797 3.32077 3.25473 5.17567 4.91921 4.02298 3.8752 3.8085 3.54189 3.48354 3.38029 3.14646 2.96588
threshold=0.019297577384975461 0.0020760739775762672 3844184.5000000005 0.055192359757253062 0.035772881523606498 0.64798331594985437 0.4213687352655362 7.2499107696588707 0.16028733980618878 -0.1290792502273084 0.46320678290350015 -1.9000000000000001 0.22132667336266876 0.0070419451512190321 0.0023652274507270626 0.01020434726018488 0.4852380952380953 10270.000000000009 -0.022025746984081714 -0.010316973095293889 78.484700001949889 -0.67499999999999971 0.57619047619047625 -0.029443084698426655 0.38113948489820043 -0.0021257560935665771 0.0056354307399102835 0.12369495050258066 -0.00029801364709561117 0.03301406272991337 0.015276634860415786 -0.016941157622502475 -0.024029314675033716 0.017357702759625438 0.52785714285714291 2166.5000000000005 0.046029980401504349 -719.96716381951012 0.021945129991441607 0.018422541081209779 1.2500000000000002 0.71666666666666667 -0.0059399891682030406 2.1850830022009697 -429.00484510805211 0.27188836195283833 4.2500000000000009 -0.053093619011375263 0.012153415512344988 -0.0027485879390046204 0.024574955472350963 -0.20499999999999916 0.0071343336332133763 0.0051142947627942368
decision_type=10 2 2 2 10 2 2 10 2 2 2 2 2 8 10 8 2 10 2 8 10 2 2 2 2 10 10 2 10 2 8 2 2 10 2 10 8 8 10 2 2 10 2 2 8 10 2 8 10 2 10 2 8 2
left_child=2 53 3 -1 5 6 7 11 -9 -6 -11 -3 -12 -14 -15 -5 17 18 -17 29 25 -22 27 26 -25 34 -24 28 -23 31 -31 -18 -32 -34 -21 37 -37 39 43 40 -20 -42 -40 44 45 -39 48 -46 49 -47 51 -49 -53 -2
right_child=1 4 -4 15 9 -7 -8 8 -10 10 12 -13 13 14 -16 16 19 -19 35 20 21 22 23 24 -26 -27 -28 -29 -30 30 32 -33 33 -35 -36 36 -38 38 42 -41 41 -43 -44 -45 47 46 -48 50 -50 -51 -52 52 -54 -55
leaf_value=-0.023887982844194227 0.057947751961026153 0.032821480384814437 0.040111211253777715 0.027345090227095119 0.033767201941654119 0.036938824004681646 -0.036274458829303635 0.00087556037533864683 -0.04915677024571375 -0.053600279054764013 0.017241318417338912 0.0023660111189331497 -0.032682638122860423 0.039916735788378753 -0.009788285420316907 -0.023039866472258235 -0.00051013940857754577 0.052734363223076182 -0.039229304110461459 0.00013017685760838328 -0.033689034280472124 0.042307396123820395 -0.040644620604338856 0.031271581602078047 -0.013028961265594434 -0.013928347306480082 0.0027974133337705562 0.043310897968534531 -0.018756598314394812 -0.0032730281389298736 0.051869153211739981 -0.020049464561951839 -0.020616538321794088 0.038921302970154378 -0.05048216116668023 0.038670179469678025 -0.0052224697522661239 0.039903250810707426 0.0063737558669583229 -0.031739985490682465 0.040699391766230657 -0.0034191928997947115 -0.044957073783702131 0.043065652059151076 -0.03334234413551037 0.042693717088615316 -0.017518033391579698 0.036782148618855613 0.041153441890549806 -0.017841522164463861 0.051223803822299921 0.017334398940674681 -0.021249760021986974 0.017213457493552197
leaf_weight=12.492825924418865 3.0896296426653853 5.025862614158533 2.974597821943461 4.2732017156667998 7.2015721304342142 3.1736550831701598 6.0292682587169102 7.1980517553165537 4.5704387221485376 2.1735799163579932 28.469531895592809 51.966863543028019 4.0503827393986267 2.968012623488903 4.5876071127131581 7.3534988346509627 50.969362832605839 2.3688408257439724 2.663976514246321 2.1429829113185388 4.6504859789274624 2.4605757335666567 5.6666400255635363 5.2957659433595854 5.6071187392808497 41.187314532930031 4.27014071168378 4.8576203379780054 4.2682250095531327 22.163797305198386 5.061551955062896 21.320676764473319 3.5541419291403127 3.1760909156873822 7.1313631320372224 6.3480337173677954 4.0678238896653065 8.4213110203854757 2.9138614144176245 7.6779265003278843 3.2591854915954199 16.373944340273738 3.3743452159687868 3.2997416742146006 4.9132471513003111 1.6125549918506292 5.6946088843978933 2.2000403050333306 5.1432931777089834 4.2209318117238599 1.5682667302899052 3.6890393435023716 9.1332468520849943 8.4389181353617442
leaf_count=251 29 102 54 48 81 58 71 85 50 17 323 848 56 16 56 184 1122 25 60 39 123 27 174 129 111 756 102 117 132 575 49 540 81 52 132 123 122 97 65 268 63 491 50 24 104 29 156 35 128 87 28 95 203 99
internal_value=-0.000331747 0.00616578 -0.00315607 -0.00357528 0.00411863 -0.000418893 -0.0020534 0.000993226 -0.018792 0.0112621 0.00735167 0.0051072 0.0107865 -0.00504564 0.00998239 -0.00273342 -0.00317123 0.00228615 0.00108524 -0.00616525 -0.0112568 -0.00125206 0.00348432 -0.00609476 0.00856297 -0.0185876 -0.0221185 0.0206319 0.0038423 -0.00196209 0.00724889 -0.00629482 0.0269005 0.0076154 -0.0388938 0.00294573 0.0216265 0.000663143 0.00590618 -0.009146 -0.00125193 0.00406564 -0.0214187 0.00938889 0.00691365 0.0178748 0.00656657 -0.005893 0.0191209 -0.000644029 0.00237747 -0.00301613 -0.0100885 0.0285478
internal_weight=458.766 138.943 319.822 316.848 127.415 77.9641 74.7905 68.7612 11.7685 49.4507 42.2491 56.9927 40.0755 11.606 7.55562 304.355 300.082 106.298 103.929 193.784 87.5382 37.0766 32.4261 20.8397 10.9029 50.4617 9.93678 11.5864 6.7288 106.246 33.9556 72.29 11.7918 6.73023 9.27435 96.5754 10.4159 86.1595 56.1845 29.975 22.2971 19.6331 6.28821 49.8963 46.5965 25.0927 16.6714 21.5038 10.9768 5.83349 16.5906 15.0223 12.8223 11.5285
internal_count=8942 1891 7051 6997 1763 1214 1156 1085 135 549 468 950 451 128 72 6746 6698 2437 2412 4261 1842 915 792 516 240 927 276 276 159 2419 757 1662 182 133 171 2228 245 1983 1101 882 614 554 115 986 962 497 400 465 244 116 361 333 298 128
is_linear=0
shrinkage=0.0356217


Tree=38
num_leaves=55
num_cat=0
split_feature=26 4 14 29 0 23 11 3 23 2 5 21 18 1 23 15 35 10 10 36 22 21 33 21 18 15 17 15 15 3 15 33 22 14 31 2 2 26 36 36 2 23 16 2 7 37 24 7 0 16 16 15 17 36
split_gain=6.30084 5.68925 5.63603 4.47434 3.80768 3.2936 3.87257 3.23169 3.16527 4.61063 6.18908 3.46597 2.95167 2.91258 3.45632 2.81776 2.64713 3.40196 5.33117 4.03285 6.93088 4.61119 4.57664 4.25705 3.7671 3.70751 3.59942 4.16922 4.5139 3.73302 3.70883 4.98115 3.98588 3.52494 4.48974 3.43312 3.69707 5.24155 3.48898 3.37875 3.33522 3.32851 3.32691 3.27066 3.26405 3.26253 3.26214 5.19023 5.13922 4.97789 4.54532 3.11382 3.70866 3.03476
threshold=0.094652728161464181 0.055192359757253062 7.5000000000000009 0.16523312652413394 -0.044679645892588431 -5.3700000000000001 0.004316031378373917 0.014145428137725903 0.97499999999999976 1.4500000000000004 13.500000000000002 0.0055269963235202715 568.49378569691874 -0.053726331966357448 0.040000000000000042 0.0024812812496362072 0.41595238095238102 0.010611281091998376 0.0089702741334563522 1.6175798556195369 1.0478031926418572 0.0030869261191167397 -226.45277703589244 0.0029271230346477142 236.37416173703406 -0.00023318455159401081 225837.00000000003 0.038954087171440284 -0.010494781605970402 -0.11210329325771616 0.0092934395520922284 -521.62201949601388 0.66163581142663241 5.7500000000000009 -0.084956420789823586 -0.50999999999999968 -0.10000000000000052 7.6300580518878656 0.53682925579211471 -0.0086950612376902291 3.4549999999999996 -0.81500000000000117 0.010557951090984371 2.0100000000000002 0.19354838709677424 0.8500000000000002 2023.5000000000221 0.076923076923076969 0.37823587580628398 0.0050443587193651088 -0.018540010537327633 0.0007716071160733456 212675.00000000003 -0.069678454362931033
decision_type=8 2 2 2 2 2 8 2 2 2 2 2 8 2 2 8 2 8 10 2 2 2 8 2 10 8 2 10 8 2 10 10 2 2 2 2 2 10 2 2 2 2 10 2 8 10 8 10 2 10 8 10 2 2
left_child=2 7 3 4 -1 6 -3 12 9 11 -11 13 -2 -4 -15 -6 46 18 26 21 -21 22 40 25 39 -24 27 28 -18 -28 35 41 42 34 -20 38 37 -37 -30 53 43 -32 -33 -19 -31 -27 47 -7 -49 50 -48 -38 -53 -23
right_child=1 5 8 -5 15 16 -8 -9 -10 10 -12 -13 -14 14 -16 -17 17 19 33 20 -22 24 23 -25 -26 45 29 -29 30 44 31 32 -34 -35 -36 36 51 -39 -40 -41 -42 -43 -44 -45 -46 -47 49 48 -50 -51 -52 52 -54 -55
leaf_value=0.030254833845808318 0.0064540822303042799 -0.00025655781894535096 -0.049290269589732164 -0.040630863832690552 0.014334233758425099 -0.018532279123859755 0.058453246821554963 -0.048481074053141664 0.043148473777307517 0.040826788444498323 -0.013525625755590114 0.03128474145356288 -0.046122964920792778 0.023721397599297953 -0.031445834998467093 -0.028859554409353508 0.0030987874197715439 0.0091551117062923081 -0.0081679962593565504 0.02932125417205252 -0.028524835445523221 -0.0038100179540358939 0.028001173796847391 0.027403158089075143 -0.032877219452262581 -0.025500956444706638 0.024602611692863943 0.023103731084783381 -0.063114951986434936 0.0025401627940472835 -0.012073876612007721 0.035392004576589406 -0.035265460578134469 0.035967678219306305 0.023054589667006228 0.029261095296920173 -0.041505793881383528 -0.041799867861968536 -0.018789536118902338 -0.02067919174004243 -0.03061141658749959 0.03638420267224729 -0.01285953190239476 0.047221211876469958 -0.024926295413731824 -0.0019175494449937395 -0.0080013228429408716 0.018241406733566431 -0.038233233784438492 -0.013213920437318089 0.045202954694838558 -0.0012097711970466124 -0.037521504279839885 0.056670102790449303
leaf_weight=4.5733464488293967 4.3942181624006462 3.1972769964486352 2.1522792261093855 3.4253214821219435 3.2602179837413132 11.69904991425574 2.4639680944383144 4.7802592285443097 6.3697408260777584 11.066195354331283 3.4293473847210398 2.6674241544678807 1.8442082782275973 3.0783965303562635 2.5362601038068533 4.3824073323048642 28.291977242100984 12.108978435862811 11.690740858204668 8.6990226879715902 3.6543502211570731 18.536861849715933 2.4990491508506238 3.5764122400432816 13.4732419392094 19.06991610839032 9.0468176803551597 5.4679730136413118 4.2467860635369963 80.349673826945946 2.649803745560348 2.4817729126661998 6.576814684085547 7.0791422263719133 11.499691678676752 4.5653617917560032 6.7699118964374163 1.7375308806076644 4.9637339552864432 22.22349087102339 1.8978750526439387 5.221852527465674 5.9904450830072165 3.6880481366533777 5.7920491376426062 12.221248333808033 2.6363041754812002 16.88402306591161 2.2284433655440798 4.0664361277595154 8.4181222501210851 11.241054171230646 5.1408475362695745 1.0158551177009929
leaf_count=73 109 49 34 40 44 342 17 88 57 103 48 23 36 34 33 82 408 303 293 114 66 563 41 81 447 590 166 103 61 1383 54 45 90 143 226 112 118 21 105 482 71 108 96 83 86 314 46 316 28 140 91 246 71 19
internal_value=-0.000175056 -0.0016047 0.0121665 -0.00526511 0.00488764 -0.000896807 0.025839 -0.0267352 0.0208716 0.0150239 0.0279527 -0.00301684 -0.00954584 -0.0150649 -0.00128526 -0.0104662 -0.00129244 -0.00236725 0.000274994 -0.00712109 0.0121051 -0.00928461 -0.00197879 -0.00904277 -0.016546 -0.0129743 -0.00193263 -0.00682176 -0.00866774 0.00296493 -0.014072 -0.00269227 -0.0146813 0.0141369 0.00734038 -0.0207895 -0.014756 0.00930038 -0.039702 -0.0112094 0.0128965 0.0201053 0.00150413 0.018293 0.000664791 -0.0163305 0.00672894 5.86624e-05 0.0114839 0.0202209 0.0325424 -0.0213237 -0.0127728 -0.000387665
internal_weight=453.022 406.081 46.9409 15.6413 12.216 395.062 5.66125 11.0187 31.2996 24.9299 14.4955 10.4344 6.23843 7.76694 5.61466 7.64263 389.401 343.468 220.804 122.664 12.3534 110.311 55.0615 37.3666 55.2494 33.7902 190.534 95.3459 89.8779 95.1885 61.5859 22.9207 15.049 30.2696 23.1904 38.6652 29.4547 6.30289 9.21052 41.7762 17.6949 7.87166 8.47222 15.797 86.1417 31.2912 45.9324 30.8115 19.1125 15.1209 11.0544 23.1518 16.3819 19.5527
internal_count=8942 8371 571 239 199 8138 66 233 332 275 151 124 145 101 67 126 8072 7109 3935 3174 180 2994 1483 1026 1511 945 3273 1638 1535 1635 1127 393 231 662 519 734 568 133 166 1064 457 162 141 386 1469 904 963 686 344 277 137 435 317 582
is_linear=0
shrinkage=0.0356217


Tree=39
num_leaves=55
num_cat=0
split_feature=13 21 17 35 24 13 29 19 13 14 30 24 7 33 25 3 17 34 24 36 21 33 1 16 30 21 32 17 29 16 12 32 7 2 33 12 30 32 23 17 11 30 33 2 13 19 6 21 13 29 29 32 13 33
split_gain=6.76523 4.57205 4.28647 3.83119 5.36447 3.6448 4.81455 4.8602 3.88949 3.779 3.6183 3.76444 4.42658 3.53816 3.4709 3.52078 7.52435 4.79336 4.25298 3.46447 3.60552 3.87612 3.30342 3.63767 3.2165 3.69329 3.82247 3.15237 3.01882 3.84293 8.14229 3.01369 3.00822 3.46591 2.99913 2.99745 2.99283 2.96462 2.88062 2.86243 3.36698 2.99844 3.3577 2.73499 3.07808 2.71155 2.7094 2.6784 3.13007 2.64779 2.62622 5.03091 3.62053 2.6463
threshold=0.019297577384975461 0.0020760739775762672 3844184.5000000005 0.4969047619047619 10270.000000000009 0.035772881523606498 0.15114359698341392 -0.11060697652852085 0.029973885798961344 5.7500000000000009 -0.022025746984081714 4166.0000000000155 0.044444444444444377 -121.33456206739878 -2.356283677785115 0.095501787357264015 208558.50000000003 129.81223581053823 4257.9999999999754 2.016194178724978 0.0024974780212309385 -28.018473666824168 -0.16088165292135817 -0.010766319081484897 0.0051142947627942368 0.001530671631375024 -352.97018991268811 869382.00000000012 0.14046252162991754 -0.014117013014835198 0.0075291569824896638 -287.55266938006343 0.026058908411849616 -0.44500000000000023 -2.8889031425994771 0.0056601406338787396 0.01178274170362781 -1002.4282293203609 -0.19500000000000026 204970.00000000003 0.0007299315430987543 0.00060100444224797666 -301.39370264065434 2.0350000000000006 0.02097530801214029 -0.0058824148042005411 0.20000000000000015 0.0018198470490630098 0.017719830187354488 0.22749297396527451 0.20838586281328442 -1142.9200822865378 0.0043157034705829109 -81.255928288436834
decision_type=10 2 2 2 10 10 2 8 8 2 2 10 10 10 8 2 2 8 10 2 2 10 2 10 2 2 8 2 2 10 10 8 8 2 10 8 2 10 2 2 10 2 10 2 8 10 10 2 10 2 2 10 8 10
left_child=2 24 3 4 10 6 28 -8 -9 -7 35 -12 -13 31 27 17 -17 19 -18 20 21 -16 -22 -24 -2 -26 -27 34 29 30 45 39 -25 -34 47 -1 -35 -29 -15 40 -11 42 -41 44 -31 -3 -38 -5 49 50 53 52 -52 -49
right_child=1 5 -4 14 -6 9 7 8 -10 13 11 12 -14 38 15 16 18 -19 -20 -21 22 -23 23 32 25 26 -28 37 -30 43 -32 -33 33 36 -36 -37 46 -39 -40 41 -42 -43 -44 -45 -46 -47 -48 48 -50 -51 51 -53 -54 -55
leaf_value=0.03059011917201411 0.057423864368526381 -0.056689178187689572 0.038349832729654025 -0.033489396598441849 0.051127968755825405 -0.023204764685509027 0.033797971749044593 -0.0051493656967910532 -0.030739994877101277 0.014328673448153879 0.00044435885234908151 0.047920424391913533 -0.016099640235320897 0.011665764562707787 0.040704430238872998 -0.023197966281483379 0.040266467094826591 -0.014301939006860677 -0.011594653106973815 0.050118664783203683 0.026824141781374117 -0.015250193618005305 -0.036255870669664583 -0.034226503583832522 0.052486691840724096 0.025275173531655811 -0.029247305944144732 0.026476516013202642 0.027915311112971311 0.047082360883840664 0.037876812813695017 0.05138152568415208 0.05050095601359901 0.013993027414112034 0.022479777494693792 -0.032218394089316621 0.025816224730495559 -0.021408386099077185 -0.040487291893343033 0.020053105454211663 -0.028910826923908606 0.036552754623782782 -0.021092958065154998 -0.013823201667972856 0.009830677467911381 -0.0069183225390210224 -0.037998398405168651 -0.012657386037482213 -0.035691485726945138 -0.026673044809533118 -0.044205983958504162 0.046371531942637732 0.024150706882973171 0.0058642315134999831
leaf_weight=1.0448902826756228 3.2054283730685702 3.7824637000449002 3.0432934190612277 7.6108415336348108 2.6118305171839884 3.4629317615181199 2.9964184407144785 25.634871551999826 10.618864505086089 6.4857041602954251 101.52603454212658 4.4017897215671828 1.9066518908366559 2.8565698321908712 5.0548241999931633 4.8692788234911886 9.1666815746575576 32.826543770730495 2.506650883704423 1.9177437527105201 3.4896141136996475 2.1916923797689405 5.0151291149668458 2.8155412315390942 2.4165943050757033 3.6479688212275505 2.7894759098999202 5.1610394481103867 8.1030525993555766 3.6017149062827238 2.3836502255871892 3.1996773621067396 1.7831706828437788 6.3065371019765681 2.9791693496517828 6.5103943296708167 1.0177137348800895 2.293105215067043 2.3775540562346569 12.193817101418967 3.399244349449873 10.394712212029843 3.0736921615898671 4.0866439614910623 12.166756636928767 2.2228671181947011 3.551766412332654 58.642952059628435 6.2878514761105171 10.331016371957956 2.1120442324317992 3.0899850293062618 1.6803411529399457 11.671387607930233
leaf_count=36 29 54 54 174 27 47 49 479 134 69 2437 60 46 37 103 106 97 748 57 29 85 48 135 108 18 43 38 114 126 43 41 14 24 214 81 171 18 53 35 149 40 125 33 70 180 38 115 1210 93 254 32 43 40 239
internal_value=-0.000184382 0.00648222 -0.00304149 -0.00345738 0.00160392 0.00441749 -0.000440006 -0.00908165 -0.0127132 0.0121454 0.00043833 0.00211774 0.0285971 0.0149787 -0.0065301 -0.000983338 0.013659 -0.00467252 0.0291129 0.00487432 0.00193963 0.0237823 -0.00472588 -0.0102109 0.027326 0.0158929 0.00153941 -0.0106157 0.00888681 0.00334294 -0.0167382 0.0186911 -0.00158155 0.00587779 -0.0122156 -0.0232256 -0.00181703 0.0116366 -0.0123093 0.0156084 -0.000665229 0.0218613 0.0116759 0.0118767 0.0185922 -0.0387071 -0.0235035 -0.0132573 -0.0115804 -0.00980781 -0.00751718 0.0133385 -0.0140352 -0.00957681
internal_weight=450.518 135.101 315.418 312.374 118.002 123.041 75.5973 39.2502 36.2537 47.4439 115.39 107.834 6.30844 43.981 194.373 82.5129 16.5426 65.9703 11.6733 33.1437 31.226 7.24652 23.9795 20.4899 12.0595 8.85404 6.43744 111.86 36.3471 28.2441 8.38898 38.7468 15.4747 12.6592 104.406 7.55528 10.876 7.45414 5.23412 35.5472 9.88495 25.6622 15.2675 19.8551 15.7685 6.00533 4.56948 101.426 93.8156 87.5277 77.1967 6.88237 3.79239 70.3143
internal_count=8942 1891 7051 6997 2777 1763 1214 662 613 549 2750 2543 106 502 4220 1887 260 1627 154 879 850 151 699 614 128 99 81 2333 552 426 133 430 479 371 2166 207 347 167 72 416 109 307 182 293 223 92 133 2085 1911 1818 1564 115 72 1449
is_linear=0
shrinkage=0.0356217


Tree=40
num_leaves=55
num_cat=0
split_feature=13 4 4 18 6 3 21 37 10 37 22 15 17 14 22 22 19 18 36 15 26 31 34 17 28 21 2 13 18 37 26 5 28 26 31 3 3 7 2 36 13 1 15 1 21 24 27 35 21 14 17 10 19 31
split_gain=7.05369 4.788 4.75134 4.10271 4.37408 6.14847 5.10728 5.02775 4.84821 4.53387 4.39373 4.07184 3.80689 4.01192 4.15411 3.77664 7.12955 3.77129 3.61134 3.49159 3.33539 3.51489 3.86168 3.28057 4.90854 5.26051 3.2386 3.20633 3.33448 3.16162 3.15085 3.11929 3.03467 3.01768 3.93661 2.81797 4.56849 3.9757 2.74718 3.62103 5.86586 4.74052 3.80782 2.94595 2.83409 2.92459 4.97464 3.84359 3.84044 3.31785 3.85218 2.99974 2.67686 2.6924
threshold=0.026313274272929846 0.070361917979762323 0.055192359757253062 400.91418923717453 0.32500000000000023 0.13768465747757544 0.0036466359228737133 0.81666666666666676 0.0088444342956023516 0.81666666666666676 1.0478031926418572 0.010111573684812148 175494.00000000003 4.7500000000000009 0.46320678290350015 1.4900018847833845 -0.062631530808925903 230.34054947726426 -0.33456337657093466 0.0007716071160733456 14.727470143896371 -0.95375111372052479 41.944792067737076 814092.50000000012 0.0022986391471688798 0.0066542526458335657 0.46999999999999981 0.0063969450230254585 414.05369895680093 0.95000000000000007 0.65803192393545185 6.5000000000000009 0.0022210468727251746 1.1430445821401543 -0.33419107639674289 -0.06100755562428483 -0.023883023089714902 0.19758530942741476 -4.2549999999999963 1.6175798556195369 0.0091569354801375336 0.18228713070275351 -0.018411757800217862 -0.23011226992483089 0.0086324933106119491 777.24999999998556 -0.00058738852769119043 0.41357142857142865 0.0079735857958578241 3.2500000000000004 1583366.5000000002 0.021047018350940978 -0.14321467950076819 0.20676155024120671
decision_type=10 2 2 10 10 2 2 10 8 10 2 10 2 2 2 2 10 8 2 10 10 2 8 2 2 2 2 8 10 10 10 2 2 10 2 2 2 10 2 2 10 2 8 2 2 10 2 2 2 2 2 8 10 2
left_child=2 -2 -1 4 5 20 7 31 -7 15 -10 26 -3 -14 32 52 -17 -11 -13 -18 21 22 -4 30 25 -25 -5 28 -28 -9 -16 -6 -15 -32 35 -35 -37 -38 -23 42 41 -41 -40 -44 45 49 47 -47 -49 50 -45 -48 -8 -54
right_child=1 12 3 11 6 8 9 29 10 17 -12 18 13 14 23 16 19 -19 -20 -21 -22 38 -24 24 -26 -27 27 -29 -30 -31 33 -33 -34 34 -36 36 37 -39 39 40 -42 -43 43 44 -46 46 51 48 -50 -51 -52 -53 53 -55
leaf_value=-0.022424433130747674 0.037905637620389586 -0.030196323765861496 0.013754026225086138 0.026976922862590135 0.0011886525283439629 -0.0042141839303002629 0.031760734462347333 -0.018870663499495743 0.037334059810118003 0.019991733669929929 -0.014654895963577838 0.012957307046167816 -0.031770657182858951 -0.045403772327776704 0.03191940283530699 -0.039664723660795952 0.041603875068184415 -0.033804237348670857 0.050530500343987081 -0.016678868775614555 -0.045597405870059643 -0.046322722271484505 -0.029998914504096658 -0.046503427878080345 0.019611962213332248 0.020925606468924447 0.034415264459333614 -0.047946528087825756 -0.014254053502132295 0.044015230197502073 -0.026853289262738889 0.04017149849806477 0.0073096736062151493 0.025349087969131517 0.022513689403891462 -0.047001572969131052 0.015006590820946401 -0.0400865544124877 0.025359750213278364 0.034499506330227026 -0.023850350798265085 -0.020035735121859778 0.017491810729618869 -0.027599030939011501 -0.030081176857594333 0.032544093464809423 0.015023035418616501 -0.028344406613617767 0.036932988046730217 -0.0071243267808396848 0.0482270259926737 -0.042966333531195597 -0.025245759689376847 0.0093089609847874077
leaf_weight=13.960618964629246 6.6875098221935323 3.2972217812202862 3.0720663187094059 3.3459119410254052 3.3970436630770591 12.324745915364476 1.2667292021214986 5.1177206402644506 10.224573377519844 14.710376066155733 2.5148626742884508 15.944874072913079 2.944611305370926 2.7507623657584181 12.196212311973794 2.6141732083633542 5.4672671358566713 1.7681279182434071 4.0243293698877123 1.6382804303430019 2.6970389969646922 1.924283425323664 13.757625241531057 4.4973402628675085 5.7192016376648098 2.0829645493067801 2.2377293382305634 2.4183930200524619 7.472646770067513 1.1603156453929839 2.3706918198149642 11.275357604492454 2.6417122713755816 4.1879268526099649 25.464466962032027 2.8398023089394 7.8750084550119812 1.9998266613110898 4.6448537795804441 9.9668697621673363 4.3911925666034213 2.4564853981137267 5.9121377356350413 16.803997751558203 6.9135091602802268 1.8086294827517111 21.810286439722407 11.181287236511706 1.1844947393983591 100.29903424694203 0.80475603602826495 1.0972208534367371 18.040681204525757 3.3360066865570834
leaf_count=273 58 42 41 63 80 201 17 166 132 275 52 286 57 35 129 47 114 51 51 49 24 38 327 59 96 43 48 40 141 10 20 209 29 52 328 38 133 25 66 128 69 43 132 647 158 36 589 323 29 2207 5 45 496 90
internal_value=0.000103235 0.00915308 -0.00213036 -0.00129279 -0.00262476 -0.00494344 0.00520244 0.0198707 0.0117016 -0.00111392 0.0270246 0.0101615 0.00672955 0.00833798 0.00996307 -0.00885478 0.00963948 0.014041 0.020751 0.0280991 -0.00692859 -0.00640486 -0.021969 0.0123157 -0.00432842 -0.0251417 -0.00353893 -0.0121217 -0.002786 -0.00671587 0.0159154 0.0312257 -0.019888 0.0114875 0.0136948 0.00034521 -0.00801161 0.0035437 -0.00502329 -0.00457837 0.0111532 0.0236298 -0.00611865 -0.00700543 -0.00791119 -0.00690251 0.0018157 -0.0147044 -0.0218331 -0.00964494 -0.0238722 0.0120641 -0.0168079 -0.0198276
internal_weight=442.542 87.5553 354.987 341.026 305.582 235.79 69.7921 20.9504 25.0642 48.8416 12.7394 35.4439 80.8677 77.5705 74.6259 32.3631 9.71972 16.4785 19.9692 7.10555 210.726 208.029 16.8297 69.2334 12.2995 6.5803 15.4747 12.1288 9.71038 6.27804 56.9339 14.6724 5.39247 44.7377 42.367 16.9026 12.7146 9.87484 191.199 189.275 16.8145 12.4234 172.46 167.815 161.903 154.99 37.0819 14.1744 12.3658 117.908 17.6088 22.9075 22.6434 21.3767
internal_count=8942 1144 7798 7525 6896 5292 1604 465 385 1139 184 629 1086 1044 987 813 210 326 337 163 4907 4883 368 923 198 102 292 229 189 176 725 289 64 596 576 248 196 158 4515 4477 240 171 4237 4171 4039 3881 1022 388 352 2859 652 634 603 586
is_linear=0
shrinkage=0.0356217


Tree=41
num_leaves=55
num_cat=0
split_feature=13 4 4 18 32 6 3 7 20 16 16 14 36 25 25 17 13 8 10 22 4 17 32 31 20 34 18 11 28 28 33 32 13 20 33 12 32 15 15 36 25 13 6 13 36 17 16 36 14 14 16 9 3 34
split_gain=5.98736 5.28383 5.18261 3.51922 4.03987 3.85961 5.82295 5.67605 6.35875 5.07063 5.59472 4.18989 4.06713 3.81752 3.63489 3.54319 3.50184 3.51733 3.3251 3.28819 3.64543 4.40313 3.60561 3.49373 3.59913 3.27705 3.15375 3.54101 3.40387 3.42407 3.24668 3.43601 3.05104 2.94926 2.9445 3.63917 2.72118 3.34838 4.07553 3.04501 3.36904 2.58655 2.51419 3.33716 2.50631 3.4319 2.46428 2.53711 3.09712 2.7386 2.41455 2.71219 2.3649 2.33996
threshold=0.026313274272929846 0.055192359757253062 0.070361917979762323 397.62237802620956 -610.12397791705541 0.32500000000000023 0.085709592813687299 0.01020434726018488 0.038433812115501835 0.01315533349241778 0.024116987230352053 5.7500000000000009 2.2474538924142911 -4.6116349596485753 -4.0779153878676127 858607.50000000012 0.0031078679835647165 1.7500000000000002 0.0081964341686093112 0.46320678290350015 0.15960339066270976 858607.50000000012 -352.97018991268811 -0.45963768270512101 0.26200038825737321 25.000029737858068 144.40479618634006 0.0027404941316885351 -0.0084657033668189535 -0.0003687266594512017 -473.2734360131517 -2699.7403190646824 0.00082198769546561201 -0.31863119072707635 -196.30747045227687 0.0027387553346696885 -493.81809172473481 0.010111573684812148 0.0059618097794952264 -0.33456337657093466 -5.4734878124967858 0.0021630610283227968 0.87499999999999944 0.0059409701885355529 2.2474538924142911 413203.00000000006 -0.073701709051625805 1.6175798556195369 1.2500000000000002 2.7500000000000004 0.022386636070527714 0.12877248901577107 -0.020072281468483773 62.081654158087581
decision_type=10 2 2 10 10 10 2 10 2 8 10 2 2 10 10 2 10 2 10 2 2 2 10 2 2 10 10 8 2 2 8 10 8 2 10 10 10 10 10 2 10 8 8 8 2 2 8 2 2 2 10 8 2 10
left_child=1 50 -2 5 13 6 46 8 -8 11 14 16 32 -5 -11 -12 17 41 -13 22 21 23 -4 24 52 -25 27 30 -28 -30 31 -22 -9 -16 -34 -36 -6 38 -38 40 -39 -7 43 -18 45 -10 -3 48 -48 -49 51 -1 -21 -27
right_child=2 3 19 4 36 9 7 12 44 10 15 18 -14 -15 33 -17 42 -19 -20 20 26 -23 -24 25 -26 53 28 -29 29 -31 -32 -33 34 -35 35 -37 37 39 -40 -41 -42 -43 -44 -45 -46 -47 47 49 -50 -51 -52 -53 -54 -55
leaf_value=0.02238305129346229 0.037833765139344819 -0.043920697556948031 0.0062019530025807434 0.032175265457201153 0.036646399902549434 0.018686360713012086 -0.010364884544011636 -0.039970954405475365 -0.0092277155490151086 -0.0077986883351107116 -0.020388839467405481 0.0054342655357647474 -0.024291541195124864 -0.023992578302663239 0.0010462845211842559 0.031896892981855593 0.025833425460482028 -0.031445404774381326 0.061026664801047049 -0.029555569165108247 -0.012733839917907571 -0.028221740677139642 -0.052301885464305378 -0.0022568934827180832 0.025146336230398632 0.03796504036387064 0.016740470945706038 -0.020163622757071915 -0.057247247414759762 -0.008335961367976619 -0.011290919467203222 0.030601501926601216 0.015018584617963399 0.050680413269618606 0.022653147905263429 -0.042649099540372784 0.0083884272214714579 -0.028818936402552026 -0.051025319429797891 0.049174297983020525 0.019752090768898133 -0.036387919883814984 -0.02105975839879046 -0.0023961125955168855 0.051177273231293778 0.051460063910803246 -0.027618733906154529 0.036535930596112209 -0.0065593538379066126 -0.0017643980800279705 -0.03493961809842562 -0.026520117586121588 0.0088972566873785006 0.00018020438910486652
leaf_weight=2.5000027373898766 7.0621415693312874 2.1842821002937853 2.8506323997862637 1.8843495682813225 6.3388546346686772 4.0381228551268569 4.8791673365049091 1.6627883850596852 2.6859273817390186 2.1524501550011346 5.2384963391814372 3.4719841219484797 7.7654804680496445 6.747525012586264 1.8336993549019105 2.2772852359339595 8.0817272327840346 9.5828097350895387 2.1815122193656862 4.1206410871818662 2.836105294525626 2.6403542677871874 2.3796269895974538 3.9569263728335562 6.0017160777933896 16.647756893187765 2.7009313059970737 4.9012454757466903 3.1124102864414454 4.2937054317444545 4.928468832280493 11.514039326924825 18.121354573871947 9.0684767500497383 1.6949677355587507 2.6657508136704564 4.4032088792882922 2.141719911713154 2.0769657720811665 3.28520872816443 9.4478276066947728 1.365602607373148 4.5971155189909032 15.092443545814605 7.0110133178532124 1.9733008760958908 9.2952797994948906 3.2878574728965742 161.90459116478451 7.8257113574072719 8.4320952764246595 3.1245932725723833 3.8314282568171567 2.3852685070596626
leaf_count=48 58 37 37 32 114 85 85 68 59 31 168 58 115 180 64 46 155 275 24 56 34 60 29 58 67 191 38 103 31 49 51 185 377 140 20 73 73 42 41 36 140 37 135 384 32 11 265 28 3937 158 142 83 52 45
internal_value=0.000392571 -0.00166606 0.0088043 -0.000773046 0.00968597 -0.00203466 -0.00422642 0.00675087 0.0236125 0.00536023 0.0201301 -0.000940904 -0.00203541 -0.0114851 0.0341415 -0.00431491 -0.00477388 -0.0185914 0.0276003 0.00616611 0.00810789 0.0154585 -0.0208675 0.0186522 0.00453054 0.0271599 -0.000393991 0.00658686 -0.0170113 -0.0294002 0.0134647 0.0219971 0.0051867 0.0424318 0.00869563 -0.0172925 0.016308 0.0101211 -0.0111159 0.0193959 0.0105932 0.00433171 0.00271689 0.00751046 0.0377988 0.0169826 -0.00711263 -0.00664696 -0.00771913 0.0097769 -0.0229875 -0.00474492 -0.0111283 0.0332637
internal_weight=438.485 352.322 86.1634 338.265 36.3257 301.939 232.957 48.4598 16.5494 68.9817 20.5704 48.4113 31.9103 8.63187 13.0546 7.51578 42.7578 14.9865 5.6535 79.1013 73.871 39.5841 5.23026 36.9437 13.9538 22.99 34.2869 24.1799 10.107 7.40612 19.2786 14.3501 24.1449 10.9022 22.4821 4.36072 27.6938 21.3549 6.48017 14.8748 11.5895 5.40373 27.7713 23.1742 11.6702 4.65923 184.498 182.313 171.2 11.1136 14.0567 5.6246 7.95207 19.033
internal_count=8942 7798 1144 7525 658 6867 5265 840 187 1602 449 1153 653 212 235 214 1071 397 82 1086 1020 529 66 469 175 294 491 373 118 80 270 219 538 204 470 93 446 332 114 218 182 122 674 539 102 70 4425 4388 4202 186 273 131 108 236
is_linear=0
shrinkage=0.0356217


Tree=42
num_leaves=55
num_cat=0
split_feature=33 20 7 3 16 10 9 21 8 7 16 30 30 35 9 3 15 19 1 12 22 10 12 2 3 19 13 10 17 33 23 21 32 18 3 36 3 16 3 16 37 27 5 7 7 3 33 23 2 28 9 13 3 22
split_gain=4.17176 3.95537 4.2204 4.57583 3.96102 3.80002 6.21764 5.40057 3.5831 4.80407 3.81645 3.03497 5.23275 2.85124 4.10214 5.80134 3.84437 3.80832 3.75148 3.51118 3.0751 3.33862 2.98245 4.57945 3.66615 3.83185 3.55481 2.8865 2.83669 2.82309 5.09043 5.27677 4.29035 4.0012 4.53751 3.61556 4.87485 4.48937 3.18573 3.16094 3.46773 3.13495 4.70894 4.19213 5.56832 3.60105 3.44354 4.65309 3.39549 3.8633 3.04997 2.98005 2.96381 2.89549
threshold=-92.975762648604501 -0.091542177629120272 0.20067114093959734 0.06221462158486258 0.027214165953749581 0.0019843487731200592 0.95068048957156803 0.0041814526355898095 1.7500000000000002 0.044108450645506454 0.017068559970572859 0.021454325308351011 -0.0040841431632541161 0.62000000000000011 0.75961982225797586 -0.084928380967497483 0.0066964842403789164 -0.014897752436425602 -0.20958691111626829 0.0043008069779478303 1.2559669631182959 0.0025252568236922173 0.0046245034412574632 4.6699999999999999 0.16295754127841791 0.052728718713269014 0.017719830187354488 0.003639706006373626 829050.50000000012 -215.28672170485467 -1.0250000000000001 0.0035322606672690752 -444.0846493375256 189.74377638112517 -0.039009936000964023 -0.22438195134306832 -0.0048257614703598453 0.026170376067320009 0.017304770972987996 0.014667899455501109 0.9833333333333335 -0.0045791972881860646 11.500000000000002 0.15115895300718479 0.10765565642907736 -0.016397125924902053 -409.54715541309355 0.33500000000000091 0.40500000000000119 -0.013909267398366841 -0.43078291609245428 0.020263275186401492 0.0032638740399137949 0.94645140868413058
decision_type=10 2 8 2 10 8 10 2 2 10 8 2 2 2 10 2 8 10 2 10 2 8 10 2 2 8 10 10 2 8 2 2 8 10 2 2 2 8 2 10 10 2 2 8 8 2 10 2 2 2 10 10 2 2
left_child=5 -2 3 -3 -5 6 7 -1 9 10 11 12 -7 18 16 17 -15 -16 -10 -17 21 -18 23 24 25 -23 -24 -21 -12 32 31 50 41 34 -32 37 -37 -36 39 40 -35 42 45 44 46 -20 -43 -48 49 -47 -31 -44 -46 -38
right_child=1 2 -4 4 -6 8 -8 -9 13 -11 28 -13 -14 14 15 19 20 -19 29 27 -22 22 26 -25 -26 -27 -28 -29 -30 30 33 -33 -34 38 35 36 53 -39 -40 -41 -42 43 51 -45 52 48 47 -49 -50 -51 -52 -53 -54 -55
leaf_value=-0.016210688061875117 0.015306288168143934 0.0076993848692838143 -0.033934733456086566 -0.0039997049456155058 -0.065665610277423112 0.028554901537356382 -0.023944651981307141 0.030740439863005262 -0.029578189783006293 -0.011172299624625941 -0.023647472986296336 0.044176846693451011 -0.01242380292094113 -0.042061589625394774 0.036432277695075239 0.0072253267320322818 0.029594867710692353 0.0010082298867152744 -0.037121967407980766 0.019135242391351281 -0.043930728936552144 -0.033116047660244133 -0.022138196268995682 0.024387344287456213 0.026095757705758657 0.011245388873055592 0.035551958677875313 -0.017737305163863501 0.034076767089481132 -0.04007785760629997 -0.035578451772277392 0.042867836991413229 -0.028706686167878994 0.021467383889793006 -0.028671945912673153 0.05461120193465225 0.010507775577147556 0.044836807877783484 0.027592048045229772 -0.015571248904392852 -0.03515161449082576 0.013698384932535947 -0.0052223019698240123 0.034644061561067245 -0.046818341876630663 -0.027514705815418681 0.007058429742205689 -0.038973095120849593 -0.040646240665301397 0.010025205173418025 0.024950782140612079 0.019497795755968279 -0.0002508713682907609 -0.032549659122494592
leaf_weight=3.8504637917503777 37.690291234990582 37.601383490487933 4.1690899818204334 3.675132905598729 1.9820498768240211 10.95460838428699 4.8249781969934693 14.871859887149183 5.8480708179995409 12.914098515175281 4.5821969276294139 5.5861619883216909 6.0776277619879684 6.7128622541204095 6.3652225974947205 12.089032707735894 2.4788643531501284 9.5619039162993413 8.8169136215001362 2.8405634197406462 3.548061096109449 18.138307568151511 2.252811914542689 2.8279899617191395 1.6988775227218855 2.8021105034276905 3.1123675778508186 33.944679518230259 1.3081330037675796 1.8384812828153374 6.2031945621129152 7.7776672169566154 8.3093834295868856 9.8712537747342175 7.6336389293428537 2.4742771182209262 7.9434571582823921 1.1279345569200838 8.8560263656545413 7.7610540804453185 1.4978931481018669 25.356871272902932 21.387446884298701 5.0737069635651997 4.1773345055989912 5.0860090265050557 7.7246791082434374 4.2344468128867447 3.5269591500982633 10.464808710850773 1.6389454104937593 8.5902214297093433 2.9303386353421956 2.5297770909965038
leaf_count=30 711 708 96 94 32 187 57 156 124 381 119 70 194 67 168 210 20 178 153 61 97 362 44 33 13 44 37 957 25 37 154 81 104 232 206 37 108 31 191 162 22 595 446 80 73 102 225 97 97 188 27 145 55 52
internal_value=-0.000382031 0.00670881 -0.000138016 0.00318622 -0.0263969 -0.00205103 0.0117545 0.0210412 -0.00301511 0.00678692 0.0149383 0.0215731 0.013936 -0.00438431 -0.0089868 -0.00329133 -0.0174267 0.015314 -0.00173655 -0.00937653 -0.0128343 -0.009396 -0.0126213 -0.0176995 -0.0230477 -0.0271472 0.0113374 -0.0148416 -0.0104471 -0.000829484 0.00497453 0.026719 -0.00420156 0.000553639 -0.00897032 -0.00123188 0.0106919 -0.0187921 0.0100562 0.00182885 0.0137528 -0.00227871 -0.00790268 0.00429634 0.000756769 -0.0184093 0.00628137 -0.009415 -0.00960458 -0.00233966 -0.00954418 0.00189732 -0.0279111 -8.69477e-05
internal_weight=447.143 85.1179 47.4277 43.2586 5.65718 362.025 23.5473 18.7223 338.477 41.4228 28.5087 22.6184 17.0322 297.054 108.374 64.8014 43.5723 15.9271 188.681 48.8743 36.8594 33.3113 30.8325 25.4673 22.6393 20.9404 5.36518 36.7852 5.89033 182.833 67.1536 11.2551 115.679 55.8985 27.9123 21.7091 12.9475 8.76157 27.9862 19.1302 11.3691 107.37 57.8724 49.4974 44.4237 27.8947 37.316 11.9591 19.0778 15.5508 3.47743 29.9777 7.10767 10.4732
internal_count=8975 1641 930 834 126 7334 243 186 7091 976 595 451 381 6115 2291 1574 717 346 3824 1228 650 553 533 452 419 406 81 1018 144 3700 1340 145 2360 1195 588 434 197 237 607 416 254 2256 1131 1125 1045 540 917 322 387 290 64 591 128 160
is_linear=0
shrinkage=0.0356217


Tree=43
num_leaves=55
num_cat=0
split_feature=37 5 2 3 15 34 13 22 4 27 33 9 28 34 9 30 34 34 28 33 4 4 9 3 5 21 28 5 29 9 23 5 32 35 27 37 36 30 0 15 10 26 10 3 28 36 27 33 9 0 33 28 29 7
split_gain=4.19798 4.59406 6.31249 6.7576 7.26959 5.70902 5.10838 4.69626 4.3194 4.0035 2.8837 3.20244 4.6916 6.92615 4.84821 4.40831 3.30468 5.37638 2.80084 2.79998 3.16257 3.00372 3.4765 3.40207 2.70205 2.60957 2.5908 3.55514 3.03701 2.84491 3.50264 2.63999 4.4881 2.61722 3.28112 3.03011 5.50268 5.47955 4.68539 3.93258 5.29843 3.92401 3.7908 3.53181 3.44701 4.67896 3.4242 3.19609 3.17899 3.53018 3.25187 3.04898 2.88138 2.57209
threshold=0.95000000000000007 14.500000000000002 2.5049999999999994 -0.032397510759000374 -0.0010605371209143032 31.479571387153136 0.045981078803732041 0.61453919755642972 0.14744741196039007 0.036020829377633186 -8.1218123774590119 -0.025317807984289838 0.0032424865015775466 29.434903495672163 -0.45039327266909496 -0.0061001141522837856 35.613992742015512 37.316155848208282 -0.0015183635272824068 -275.15018302925517 0.09352130670928499 0.062235162716608484 -0.62109700857306671 0.039684878402802111 6.5000000000000009 0.0050953161641812406 0.010873915217991305 21.500000000000004 0.070703092661598438 3.1559354580212013 2.645 1.5000000000000002 -1343.003744928315 0.38595238095238099 0.019459106023072107 0.81666666666666676 3.1234371680095081 0.022848895250279447 0.10508391345057812 0.0038973374527194616 0.014051093893089639 2.3308943473116424 0.030437137456179927 0.01375587460456862 -0.0071270822542330295 -0.48146923278723958 -0.021395612648293646 -43.920305719791081 0.50077528791248938 -0.29095248544546753 -97.667671433126614 -0.0093786574754670653 0.17615006282088663 0.11320754716981132
decision_type=10 2 2 2 10 8 10 2 2 2 10 8 2 10 10 2 8 8 2 10 2 2 10 2 2 2 2 2 2 10 2 2 8 2 2 8 2 2 2 10 10 10 10 2 2 2 2 10 8 2 8 2 2 10
left_child=10 6 3 5 -5 -3 7 19 18 25 11 12 13 15 -14 -1 -13 -18 -9 -2 21 -21 -23 53 -20 -10 28 31 -19 30 33 32 -28 34 -30 37 42 38 43 -39 -41 -40 48 47 51 -46 -43 -35 52 50 -50 -45 -37 -24
right_child=1 2 -4 4 -6 -7 -8 8 9 -11 -12 16 14 -15 -16 -17 17 26 24 20 -22 22 23 -25 -26 -27 27 -29 29 -31 -32 -33 -34 35 -36 36 -38 39 41 40 -42 46 -44 44 45 -47 -48 -49 49 -51 -52 -53 -54 -55
leaf_value=-0.043297468813217173 -0.014347241474199255 -0.040208736985675814 -0.03673954662005316 -0.014797877387363335 0.036551635462068369 0.021427534645248974 0.035845003589236035 0.0029336089313944198 -0.010163054000242797 -0.020298500527045862 0.014409856550286863 0.015580577195054736 -0.039290063482786852 -0.059713398120074451 0.028039792782587579 0.010500370549472999 -0.047571546064434589 0.027086389689173537 -0.046829079746273115 0.032753553534111357 0.038149246313349483 -0.021201453060382798 0.008607479505964296 -0.019926571349043368 -0.01044967885680757 0.032941738713703102 0.050195131784097166 0.037404465942295094 -0.042519854838251027 0.025026369796050982 -0.017384737862214603 -0.018461608276082998 -0.026692785266317635 -0.0054508255751163784 0.011895322327668907 0.020943306753135039 0.046623192478216245 0.040239367209291249 -0.028209274255108378 -0.03014675658920488 0.033910057816674208 -0.012481575039100171 -0.039538135336100268 0.0057707649530485908 0.028924164042177312 -0.016274094221840396 0.021409762358963344 0.034825043740380132 -0.045327241551322998 -0.0038228865007107859 0.0051359553648594623 0.06176804431025755 -0.014589122413620551 0.042369200237906267
leaf_weight=2.8333678217604756 3.5189289106056085 6.2208702987991318 6.4847424100153139 5.5108349006623056 9.258459412725637 2.6523184585385033 8.8251295485533756 6.9114204742945775 2.2400925969704968 3.525519677437841 12.692861480871214 13.007173541933296 1.8154634316451845 5.307304128073155 4.5674116103909901 5.577287236228587 3.2507906400132915 4.7049066368490449 4.4846075745299459 6.8472503030207035 8.0310170068405551 4.6359185157343736 7.2124811881221849 2.951502702664583 6.1672041804995388 7.8378990050405264 1.9049294739961622 1.6725386506877828 3.9544619657099238 4.922820273321121 17.450241963611916 26.591548647498712 1.7629499109461968 20.724502094322816 2.0911366520449519 11.229266411624858 2.6286226334050289 8.5752391270361823 10.084548925282435 3.0415275893174103 3.3249382781796157 10.115721228066834 3.7037123560439786 1.8707104348577557 6.6096712665166715 5.0360036736819866 5.907275838777422 2.7411946568172452 4.9633136682678014 107.9197504222393 2.3475273852236418 3.6952747665345695 3.8051538332365444 4.7403694994281977
leaf_count=37 51 71 89 52 133 58 94 101 35 49 267 177 37 61 71 75 32 73 65 99 83 66 116 58 82 105 29 43 108 56 398 808 52 624 89 197 26 172 264 78 43 212 77 56 171 189 133 49 77 2537 67 52 66 65
internal_value=-0.000190804 0.00590505 -0.00589065 0.00268303 0.0174104 -0.0217338 0.010469 0.0071789 -0.0030593 0.011953 -0.00217391 -0.00283704 -0.0165666 -0.0282441 0.00855464 -0.0078999 -0.00191027 -0.0027097 -0.0146978 0.01558 0.018677 0.0126231 0.00543027 0.0138104 -0.0260736 0.0233394 -0.00217792 -0.0117197 -0.000961387 -0.00150759 -0.00205852 -0.0145543 0.0134695 -0.000858616 -0.0237849 -0.000212455 -0.00345841 0.00520848 0.000830071 0.0246327 0.00329005 -0.0109202 -0.00447625 0.00838379 0.0205895 0.00939321 5.87491e-05 -0.00061153 -0.00344862 -0.00546151 -0.0292513 0.043409 0.0119028 0.0222503
internal_weight=440.488 108.057 30.1272 23.6425 14.7693 8.87319 77.9293 69.1042 31.1667 13.6035 332.431 319.738 20.1008 13.718 6.38288 8.41066 299.637 286.63 17.5632 37.9375 34.4185 26.3875 19.5403 14.9044 10.6518 10.078 283.379 31.932 251.448 246.743 241.82 30.2594 3.66788 224.37 6.0456 218.324 136.597 81.7266 66.7849 14.9417 6.36647 26.1075 133.969 40.6774 17.2117 11.6457 16.023 23.4657 130.265 115.231 7.31084 5.56599 15.0344 11.9529
internal_count=8975 1472 403 314 185 129 1069 975 437 189 7503 7236 281 173 108 112 6955 6778 248 538 487 404 305 239 147 140 6746 932 5814 5741 5685 889 81 5287 197 5090 3047 2043 1750 293 121 609 3021 1141 468 360 345 673 2944 2681 144 108 263 181
is_linear=0
shrinkage=0.0356217


Tree=44
num_leaves=55
num_cat=0
split_feature=37 25 20 7 8 30 26 31 31 7 27 12 19 29 30 19 30 21 5 29 30 35 24 5 29 25 29 26 27 20 29 29 0 9 29 26 35 37 21 19 15 5 16 1 35 7 16 7 32 20 7 3 7 34
split_gain=4.85511 5.10347 5.5459 4.74237 4.27454 5.46355 4.08139 3.68752 5.0506 4.99092 3.81349 3.54126 6.91235 4.55034 4.51797 3.79766 3.14811 3.24464 4.19551 3.67982 4.04336 3.04701 3.14928 2.74303 2.66586 2.62979 4.63203 2.9655 4.94812 4.62425 3.71007 3.8217 3.05701 4.30002 3.02554 3.8206 4.7539 3.63261 5.39911 4.55621 3.3618 3.28104 4.09863 3.70625 2.98429 2.90918 2.85639 2.8471 2.7243 2.70563 2.57179 3.85664 2.8966 2.5682
threshold=0.95000000000000007 3.3173106601604707 -0.10387103671086745 0.05836597967410434 1.7500000000000002 0.021454325308351011 1.459052243499644 -0.31256175331745017 -0.057923765345637764 0.20067114093959734 0.04179623730557936 0.0031439978000550903 -0.057666006337219348 0.12375604819003698 0.0011169534453326915 -0.0058824148042005411 0.01081232704398394 0.0035786063972859535 8.5000000000000018 0.16165193214689103 -0.0054549980266083145 0.62214285714285722 6309.4999999999982 13.500000000000002 0.070703092661598438 -5.365305436607489 0.16300530345975636 5.1234775223853104 0.048320529504899297 0.73355381011438592 0.18115120033059837 0.13496005506301956 -0.32383452996744611 -0.14802516106114869 0.12354137267737367 1.9267500320669637 0.42309523809523814 0.65000000000000002 0.0037351671407527629 -0.013377555188181066 0.0031863754115377782 20.500000000000004 -0.013817856550044414 0.055104109187259949 0.53857142857142881 0.15115895300718479 -0.0071415863409621657 0.125 -1481.2159444625429 0.33171575036176548 0.21712938711367205 -0.045059979839831225 0.059490204339582846 21.893401241727059
decision_type=10 10 2 10 2 2 10 2 2 8 2 10 10 2 2 10 2 2 2 2 2 2 10 2 2 8 2 10 2 2 2 2 2 8 2 10 2 10 2 10 8 2 10 2 2 8 10 10 10 2 10 2 8 8
left_child=4 2 11 23 5 16 -7 9 -9 -5 -10 12 -2 -14 15 -13 17 18 -1 21 -21 -19 -23 -4 -6 26 -26 32 29 30 31 44 50 -34 37 41 -37 39 49 -35 -41 42 -36 -43 47 -40 -44 -29 -33 -39 51 52 -27 -16
right_child=1 -3 3 7 24 6 -8 8 10 -11 -12 14 13 -15 53 -17 -18 19 -20 20 -22 22 -24 -25 25 27 -28 28 -30 -31 -32 48 33 34 35 36 -38 38 45 40 -42 43 46 -45 -46 -47 -48 -49 -50 -51 -52 -53 -54 -55
leaf_value=-0.0091920765029628315 -0.021203278225142685 -0.029435335515628307 0.035172728283973456 0.015595148974587395 0.02037995766587488 -0.019129656037772582 0.03957096966889407 -0.034668985765016619 0.0046654465666797311 -0.033254650578289927 -0.042559375200442576 0.051435918779905665 -0.015582068574619313 0.037180812649036485 -0.046564566262409533 0.00025524670760669962 -0.018652445243595793 -0.032333708290682092 0.034968898557025875 0.034078935726048525 -0.024744433322086007 -0.020115442917981119 0.044334194992112684 -0.010336644340363518 -0.016718762234662583 0.04874169799108051 0.043176730847712008 0.047547159906806941 -0.060043948700562275 -0.052633045394030367 -0.029337202931278589 -0.018689745105301914 -0.030641844158612812 0.038036325422026236 -0.033412000923019318 -0.024283195287214229 0.0015442677761096466 0.025645358988795171 -0.030846719560443447 0.040397651355862201 -0.028067122432863273 -0.014017513153284025 0.017393972433684641 0.043787576335746897 -0.017590175574039354 0.018677521164495912 -0.011994851994949363 -0.012830633594109214 0.03437230711104626 -0.00960651366678676 0.048316638043585658 -0.01475250866717407 0 -0.00076791141680881362
leaf_weight=4.0243464747909483 3.4639715673401978 4.7382485093548885 6.6893272399902326 16.04978774022311 5.4475405644625416 1.7384788519702841 8.8761032733600569 8.8643171528819931 15.509890854824343 3.077888870611786 2.4200047086924306 3.8698507295921445 2.2354634753428426 21.484530846355483 1.7094709710217983 3.4419041038490858 8.0177124964538944 6.2846198682673293 8.1321921814233047 4.7776714628562331 2.0431590494699767 2.1194696701131766 1.6011285493150351 2.1758404187858105 2.7885857080109417 3.1431323466822496 3.7232854021713138 1.9253216232173245 2.7189581268467 2.9386137896217397 6.8015799531713119 1.5114698205143211 7.7099695629440248 7.6542520448565483 11.00459110108204 9.9302809466607851 91.755488686729223 7.8587762913666683 8.1388702387921477 1.1940217381343226 2.9766546068713069 2.7391660758294156 4.4352778606116763 2.7117562144994736 12.246005177963523 1.7664535045623786 57.485888669732958 1.8689569374546406 5.3382586329244068 4.1576943160034716 2.0527666416019192 5.7992528886534265 2.96343729714863 11.079765581525862
leaf_count=155 30 58 101 192 78 45 131 131 254 50 33 62 34 230 24 63 246 141 168 108 75 60 22 39 35 28 67 64 35 40 115 37 103 77 281 213 2159 193 157 30 75 84 64 38 232 26 1651 33 95 115 17 151 59 171
internal_value=-0.000274782 0.00632339 0.00801204 0.000290373 -0.00240955 0.00745303 0.0298534 -0.00432444 -0.0128355 0.00759444 -0.00190024 0.016936 0.025299 0.0321571 0.00554908 0.0276928 0.000959516 0.00643581 0.020381 -0.00369087 0.0163329 -0.0173838 0.00801261 0.0239947 -0.00407279 -0.00456083 0.0176387 -0.00510149 -0.01471 -0.0107559 -0.00644335 0.000450425 -0.0036528 -0.00467376 -0.00372274 -0.00555759 -0.000997759 0.00605032 -0.0025393 0.0218754 -0.0079429 -0.0114627 -0.0134593 0.0149817 -0.0090541 -0.0219008 -0.00986262 0.0182 0.0225405 0.0134565 0.0124563 0.00590965 0.025479 -0.00721502
internal_weight=437.211 106.81 102.072 54.7871 330.401 47.6149 10.6146 45.9219 26.7942 19.1277 17.9299 47.285 27.184 23.72 20.101 7.31175 37.0003 28.9826 12.1565 16.826 6.82083 10.0052 3.7206 8.86517 282.786 277.339 6.51187 270.827 35.3492 32.6302 29.6916 22.89 235.478 221.519 213.809 180.062 101.686 33.7467 21.9218 11.8249 4.17068 78.3767 72.9258 5.45092 16.0403 9.90532 61.9212 3.79428 6.84973 12.0165 13.9586 11.9058 6.10657 12.7892
internal_count=8975 1472 1414 800 7503 1151 176 660 418 242 287 614 294 264 320 125 975 729 323 406 183 223 82 140 6352 6274 102 6172 651 616 576 461 5521 5266 5163 4490 2372 673 491 182 105 2118 1996 122 329 183 1715 97 132 308 255 238 87 195
is_linear=0
shrinkage=0.0356217


Tree=45
num_leaves=55
num_cat=0
split_feature=37 20 5 34 5 32 5 4 32 13 19 35 37 5 20 24 15 17 20 20 32 25 23 21 34 34 3 19 30 35 32 35 19 4 3 9 19 35 23 29 12 29 12 21 20 12 25 31 19 2 2 31 26 5
split_gain=4.0515 3.81001 4.11917 4.59076 4.59557 3.53052 5.88644 3.53832 3.42671 3.31481 3.13258 3.38116 3.02378 5.67059 5.58163 6.18126 6.04837 4.86242 3.62179 4.55673 5.82907 3.99329 3.5808 3.53908 3.49988 3.92961 3.82879 3.51824 3.6443 3.49773 5.58431 3.78926 3.95465 3.41598 3.24721 3.1212 3.65226 3.07567 5.19763 8.4253 3.49885 3.27217 3.01772 2.93085 2.89711 2.69262 2.66515 2.57683 3.10279 2.3976 2.38313 2.43926 2.78466 3.96896
threshold=0.95000000000000007 -0.10387103671086745 18.500000000000004 45.366330321318195 4.5000000000000009 -412.31868705150816 12.500000000000002 0.11943230839493163 -549.80519001639232 0.047864704662815651 0.019337293344403265 0.87071428571428577 0.78333333333333355 6.5000000000000009 -0.1495869007843271 957.99999999999648 -0.0028442161117308916 179054.00000000003 0.7627291194020388 0.71150898916568672 -730.35623046349576 -4.7884207038648556 -0.79500000000000159 0.0028828355143677054 43.176717088696599 29.434903495672163 0.042202434634599946 0.0045302121870941523 -0.0036243037667764151 0.65047619047619065 -582.19719184153189 0.47880952380952385 -0.0046048209639583107 0.10396997109343852 -0.098032104730042743 1.0340638908897815 0.017398453125935912 0.54547619047619056 -1.5950000000000004 0.18918178867297308 0.010998595137993726 0.23267288186898499 0.0030088173524959239 0.0052362154477906412 -0.34849576674277433 0.0060076705869569237 -2.856171983528307 -0.54418016945095682 -0.0062093572001918887 1.9349999999999998 2.145 0.26600108894055302 1.5402747007747508 11.500000000000002
decision_type=10 2 2 10 2 10 2 2 10 8 10 2 8 2 2 10 10 2 2 2 10 8 2 2 8 10 2 8 2 2 8 2 10 2 2 8 8 2 2 2 8 2 10 2 2 8 10 2 8 2 2 2 10 2
left_child=12 2 3 4 8 9 7 -7 -2 10 11 -3 13 14 33 -16 -17 -15 19 21 -21 34 29 -18 25 26 -24 -27 -29 31 35 -23 -33 45 -14 36 -31 41 -39 40 47 -19 -12 -37 -5 -1 -45 -40 -49 -13 -26 52 53 -52
right_child=1 5 -4 44 -6 6 -8 -9 -10 -11 42 49 18 17 15 16 23 37 -20 20 -22 22 24 -25 50 27 -28 28 -30 30 -32 32 -34 -35 -36 43 -38 38 39 -41 -42 -43 -44 46 -46 -47 -48 48 -50 -51 51 -53 -54 -55
leaf_value=0.074767771321856094 -0.026058406441932108 0.01339928080145482 -0.01640798087211159 -0.02378311534758739 0.03174333132916058 0.0079272124833818704 -0.041729735105881981 -0.039508381412525537 0.01774799496967943 0.035637730567113099 -0.048914480065378768 -0.042166798641113071 -0.026162466513898933 -0.032258097355350214 -0.029227745278749329 -0.027261379275181689 0.057786683535350575 0.022951190115328941 -0.021281558367480854 0.039905298448317035 -0.01758513307793208 -0.0045837230452318439 0.019656175919819233 0.013897129348537641 -0.0092740776675718714 -0.043734923850808051 -0.040166256308197423 -0.039767509266132747 0.023614370805949567 0.042485451099040318 -0.036865439607908106 0.0069900277761947615 0.044896261163761705 -0.034332055472174217 0.01335665313828986 -0.027336951353748203 -0.023897433521927702 -0.035402846214654719 -0.034989201569989942 0.044937674351345824 -0.039433134617185409 -0.030693551419451064 0.0038930294679208593 -0.0058383971501821874 0.018381604067130231 -0.021826661240297578 0.047614799558123352 0.02149807243942526 -0.010726313650793087 0.013114644426297445 0.025052256604803348 0.028144218083460959 -0.011905046312947578 -0.020847699142439509
leaf_weight=0.60512213641777868 3.338652104139328 22.02540773246438 5.021463996730744 4.8412423417903483 23.830892079742625 12.454304540529849 5.794822030235081 2.2724484903737894 6.5435263970866782 4.3473311648704103 2.5654227039776734 2.54574250569567 2.8724612728692618 3.2112855017185202 5.2500655874609974 3.0903617930598584 3.4590603038668579 28.143527164589617 14.207802993711082 6.5824388151522726 3.2895520359743369 10.0587970034685 4.3799485149793354 7.0700586261227727 85.302558949682862 10.098934156820173 1.8478041375055907 2.0279317842796445 2.4093431460205492 3.96273536304943 5.8851306214928654 7.9011280061677098 6.2398416255600733 10.698027574457226 23.642397618154064 4.9665117687545717 1.3423311701044438 3.6166425379924503 1.8172062383964753 6.3678789921104899 2.6142193730920544 1.4338932365644712 2.7938645510002971 3.92437594383955 3.4588760714977962 0.68690217519178998 1.5816439157351849 9.4633895945735258 6.195116789545863 1.5290346210822461 8.0109054814092868 3.9453377840109161 14.492879011668263 3.2987299486994734
leaf_count=17 35 326 70 116 291 192 100 18 72 48 32 51 49 138 159 77 50 632 322 94 48 216 68 165 2098 134 31 25 43 83 140 181 95 229 434 144 14 153 77 156 73 51 36 72 53 51 38 233 153 32 159 104 390 107
internal_value=0.000210719 0.00635274 0.0138255 0.0174731 0.0233031 9.67059e-05 -0.0116477 0.000380014 0.00281969 0.00684573 0.0027618 0.00787279 -0.0017376 0.00365973 -0.0088248 0.00325819 0.0159141 0.00979519 -0.00391677 -0.00277542 0.0207482 -0.00390104 -0.0057868 0.0287383 -0.00869157 -0.0221236 0.00152771 -0.0322087 -0.00555553 0.00281197 -0.007563 0.0120987 0.0239252 -0.0277235 0.00898732 0.00352021 0.0255283 0.0121119 0.00406182 0.00957526 -0.00179259 0.0202506 -0.0217888 -0.00774933 -0.00618354 0.0254192 0.0100631 0.00402126 0.00875165 -0.0215675 -0.00624893 0.00242245 -0.00159782 0.0115853
internal_weight=429.357 103.363 47.0347 42.0132 33.7131 56.3284 20.5216 14.7268 9.88218 35.8068 31.4595 26.1002 325.994 93.7228 30.8596 18.8695 13.6195 62.8632 232.272 218.064 9.87199 208.192 181.677 10.5291 135.814 20.764 6.22775 14.5362 4.43727 45.8625 21.6627 24.1998 14.141 11.9901 26.5149 15.7776 5.30507 59.6519 30.0745 26.4578 20.0899 29.5774 5.35929 10.4725 8.30012 1.29202 5.50602 17.4757 15.6585 4.07478 115.05 29.7479 25.8025 11.3096
internal_count=8975 1472 637 567 398 835 310 210 107 525 477 409 7503 2414 748 451 292 1666 5089 4767 142 4625 4142 215 3159 301 99 202 68 983 491 492 276 297 483 351 97 1528 845 692 536 683 68 254 169 68 110 463 386 83 2858 760 656 266
is_linear=0
shrinkage=0.0356217


Tree=46
num_leaves=55
num_cat=0
split_feature=33 20 7 32 32 36 10 14 24 28 9 20 36 35 13 27 17 6 2 0 2 17 32 36 15 17 34 5 33 33 36 7 31 7 36 5 17 33 16 35 32 26 20 26 5 23 13 7 35 33 20 35 22 23
split_gain=4.27786 3.98762 3.60221 4.26486 5.40808 3.43414 3.1914 4.39358 3.28194 4.7746 6.69392 5.62132 4.02147 4.16334 4.52167 3.7267 3.4402 3.42861 4.12903 5.2636 3.44548 3.33026 4.29937 3.22219 3.21988 3.9471 3.16379 3.83542 3.76312 3.04666 3.01462 3.12553 6.617 4.39579 3.24303 2.85233 3.48074 2.6465 5.34201 4.89346 3.77485 3.12226 3.0991 4.85419 4.25569 3.0022 2.97886 3.29098 2.8322 2.80414 2.78986 2.79828 2.72407 2.66136
threshold=-92.975762648604501 -0.091542177629120272 0.20067114093959734 -692.03769750559411 -1002.4282293203609 -0.35042808055215641 0.0019843487731200592 7.5000000000000009 824.49999999998647 -0.010314134250953009 3.1559354580212013 -0.30615467648246047 3.1234371680095081 0.59309523809523823 0.016553373822798038 -0.0045791972881860646 220513.00000000003 0.19999999999999987 1.5450000000000002 -0.37728226842552881 5.3400000000000007 858607.50000000012 -1324.8457665557976 -0.24795453110822455 0.0066964842403789164 470058.50000000006 70.547413523251663 6.5000000000000009 -433.73422048341484 -632.09775637607288 2.8977275152229307 0.033898305084745825 -0.59775664108843396 0.01756958378350568 1.5578992822394515 13.500000000000002 199746.50000000003 -233.37312265590774 0.01136795332534374 0.39976190476190482 -461.07262027660221 7.0711955094026333 0.69334943926456982 0.094652728161464181 14.500000000000002 0.17000000000000084 0.015635651878545157 0.15115895300718479 0.4678571428571428 -156.52706964944491 0.43009337424994692 0.54928571428571449 0.54471867355517156 -1.0099999999999987
decision_type=10 2 8 10 10 2 8 2 10 2 10 2 2 2 10 2 2 8 2 2 2 2 8 2 8 2 8 2 10 10 2 10 2 10 2 2 2 8 8 2 8 8 2 10 2 2 10 10 2 10 2 2 2 2
left_child=6 -2 3 4 -3 -5 7 -1 12 10 16 15 13 37 17 -11 35 -15 -19 -20 21 22 -21 -9 -16 29 28 -28 -17 -26 31 32 -13 -34 -33 -10 -37 39 42 -8 41 50 43 44 -39 -46 47 -40 -45 -48 -41 -52 -51 -44
right_child=1 2 -4 5 -6 -7 8 23 9 11 -12 30 -14 14 24 26 -18 18 19 20 -22 -23 -24 -25 25 -27 27 -29 -30 -31 -32 34 33 -35 -36 36 -38 38 46 40 -42 -43 53 48 45 -47 49 -49 -50 52 51 -53 -54 -55
leaf_value=-0.022531685532541527 0.016722323296239645 0.022308896413753412 -0.031796641956175049 0.016709060000964799 -0.027597269275579889 -0.018943819107269892 -0.032504332217340323 -0.009770793349875016 -0.021105045158781401 -0.021151655784131151 0.041878725452230176 -0.022767923033326663 0.02388182327471406 -0.035258291922819374 -0.023023391771950667 -0.03869660780399032 -0.03246012529659946 -0.025388657024681384 0.046337779564309518 0.039274387085455019 0.038446445281304469 0.0093332614292998932 -0.032440295773333808 0.027623259288614761 -0.014685059396200711 -0.0079915632543942784 -0.016587293031683031 0.038873381257756183 0.031971793704091568 0.030347622737061913 -0.0256024537064461 0.0037250676828365728 -0.0080914231588122849 0.044010072183472936 0.032566481775195118 -0.010817467973988056 0.046496337968317938 -0.016965132204993492 -0.0099724816931138095 0.0072917376573218536 -0.030434228016792759 -0.027862949137368698 0.055196471221746576 0.038376347256034532 0.035412930650829552 -0.01867220412259811 0.041786298847781081 -0.057845568176060153 0.0026568068890259582 0.021658888649577424 -0.0026924032654619965 -0.041634577536923845 -0.032844320605838841 0.010344081709499745
leaf_weight=3.7204987283330437 35.600769913988188 3.8234393782913676 3.8340526339597991 24.15295743686147 9.2111173002049309 3.903171495068821 7.9326269205193958 3.652806014288223 5.609120296314364 11.82844852213748 2.6131310248747459 2.7862670733593431 6.0244641713798037 11.623220530338584 6.5656039519235492 2.9541598581708968 10.100169868674127 18.313022550661117 2.4021781603805712 1.1000125342980025 1.6719466364011157 5.2441150601953259 9.8893419264350175 13.629122559912497 2.3660622234456232 13.513452764367683 2.2335838261060426 4.9399124279152602 1.301560638472435 8.6523802061565274 2.2823972674086681 27.624885931843892 2.3859946201555422 13.356707542669026 5.9407202824950209 2.916534265037626 2.3435302944853902 11.524854416958993 19.339102971134714 38.262642801273614 5.6457840567454687 4.6152992984279981 3.5356449130922556 7.4516593099106085 4.3148176972754291 1.7692128699272869 2.4754980823490769 1.9242996491957445 4.5332644521258771 2.3056060331873587 10.249803187791256 2.9449554174207142 2.1548797651194036 3.2420648080296806
leaf_count=55 711 108 96 397 269 60 151 32 171 315 30 62 64 268 123 79 252 435 35 37 26 130 293 156 58 262 58 141 33 104 39 693 76 259 122 70 43 234 557 873 78 55 13 163 70 46 35 31 84 35 262 42 30 54
internal_value=0.000450066 0.00783537 0.000767878 0.00387996 -0.0128879 0.0116938 -0.00128101 0.0121398 -0.00215817 0.00315322 -0.0108514 0.0074178 -0.00458536 -0.00539237 -0.0117467 -0.00721267 -0.0175973 -0.0183437 -0.0131712 -0.00207559 -0.00880052 -0.0138817 -0.0249584 0.0196996 -0.00105824 0.00488354 0.00725779 0.0215924 -0.0168097 0.0206182 0.0136801 0.0154499 0.0271667 0.0361023 0.00891584 -0.00360183 0.0150789 -0.00153449 0.00365611 -0.00634711 -0.0029355 -0.000114725 0.0126644 0.00762225 -0.00427911 0.0196121 -0.00796083 -0.0145625 0.0250122 0.0121748 0.00242016 -0.0116434 -0.0047799 0.0342265
internal_weight=424.333 80.5255 44.9247 41.0907 13.0346 28.0561 343.807 21.0024 322.805 101.217 23.5825 77.6346 221.588 215.563 81.3413 23.2577 20.9694 50.2438 38.6206 20.3076 17.9054 16.2335 10.9894 17.2819 31.0975 24.5319 11.4292 7.1735 4.25572 11.0184 54.377 52.0946 18.529 15.7427 33.5656 10.8692 5.26006 134.222 64.5709 69.6511 61.7185 56.0727 36.3715 29.5938 17.6089 6.08403 28.1994 21.2634 11.9849 6.93598 51.4574 13.1948 4.46049 6.77771
internal_count=8975 1641 930 834 377 457 7334 243 7091 2443 566 1877 4648 4584 1771 626 536 1224 956 521 486 460 330 188 547 424 311 199 112 162 1251 1212 397 335 815 284 113 2813 1352 1461 1310 1232 664 597 350 116 688 588 247 100 1177 304 65 67
is_linear=0
shrinkage=0.0356217


Tree=47
num_leaves=55
num_cat=0
split_feature=10 18 31 35 27 32 1 16 21 19 26 24 16 35 37 15 27 1 25 12 6 24 32 6 30 28 12 27 6 34 26 32 12 13 22 32 7 16 8 19 16 16 34 6 10 4 21 21 10 36 31 17 13 32
split_gain=2.68962 5.97232 3.02285 2.94082 3.94542 3.57247 5.41494 3.67023 3.63545 3.3469 3.26848 3.61334 4.09422 4.29611 6.20825 5.06691 4.39868 5.59749 5.63752 3.58282 3.54274 3.24887 3.87444 2.98422 2.8191 2.79549 3.70433 2.72801 2.67683 2.64052 2.62188 2.61025 2.96071 3.44929 2.59893 3.16215 3.02845 7.4264 3.83316 3.50474 2.83631 2.83536 2.70629 2.6796 2.65086 3.73932 2.75265 2.4858 5.04863 2.45859 2.44646 2.7553 3.5107 2.44621
threshold=0.0019025906909505863 104.38554704399219 -0.1579309203244853 0.578809523809524 -0.026205963361150438 -347.08223084780235 0.072864369164959322 0.028765672738895274 0.0020872516817626459 -0.059987058392315211 1.2455107357571489e-16 1101.7499999999839 0.024574955472350963 0.54357142857142871 0.71666666666666667 0.016989587466709713 -0.014937744803345141 0.077543687458399582 -2.6747549937438491 0.0060415446822990422 0.37499999999999939 3475.0000000000141 -429.00484510805211 0.049999999999999968 0.019573535159000514 -0.0016561898395460182 0.004850450805323139 -0.017829427975762643 0.19999999999999954 39.243192613238143 5.1234775223853104 -470.17585438017176 0.0051990004119700011 0.0033453062654539294 1.0248060143659912 -1702.6736950033558 0.15115895300718479 -0.0022193515711354523 1.2500000000000002 -0.025309002521428033 -0.022153804635645171 -1.0000000180025095e-35 19.751897719444546 0.52500000000000058 0.0058446443281522905 0.20507519082699271 0.0057275144520190545 0.0034043889991053652 0.0062346322223126921 -0.0086950612376902291 0.30592833413198889 283651.50000000006 0.018166730307237079 -719.96716381951012
decision_type=8 10 2 2 2 8 2 10 2 8 8 8 8 2 8 10 2 2 10 10 10 10 8 10 2 2 10 2 8 10 10 8 10 10 2 10 10 8 2 10 10 8 10 10 10 2 2 2 10 2 2 2 10 10
left_child=1 2 -1 4 -2 8 29 9 53 -8 -6 23 13 14 20 16 -16 28 25 27 -13 22 30 -12 -3 26 -19 -15 -18 -7 31 32 33 -10 36 -36 38 -38 39 -25 -40 -39 -43 -44 45 46 -37 -14 -49 -21 51 52 -35 -5
right_child=3 24 -4 5 10 6 7 -9 21 -11 11 12 47 19 15 -17 17 18 -20 49 -22 -23 -24 34 -26 -27 -28 -29 -30 -31 -32 -33 -34 50 35 44 37 41 40 -41 -42 42 43 -45 -46 -47 -48 48 -50 -51 -52 -53 -54 -55
leaf_value=0.011730914041713737 -0.0088521713428277981 0.038952730090650714 -0.034073777810594938 -0.0052072959819239734 0.045862484468248504 -0.030077230946132884 0.022189826643868992 0.049215154127585876 0.043157899192513227 -0.025931608879078031 0.025009371912644428 -0.0037054893731319149 0.057535387199193246 0.063075875651865496 -0.037480274544479338 0.048918954331264905 0.016369584181895644 -0.025081359163022315 -0.03574741279162192 0.031209298091295769 0.045331312632435408 0.0084335286559768449 0.019325705900046439 -0.029810969218628323 -0.0012717993363603078 0.039814432633631547 0.035529768607265082 0.018973764868642166 -0.020490222771699734 0.010833579923480401 -0.024027577972586284 -0.040725275192498335 -0.010910670596061772 -0.001037628013594804 -0.021229400453489963 0.018108907708857404 -0.038595964726436616 0.052051602708840593 -0.036028155179296258 0.030995017113362847 -0.0064862382977465506 -0.013840748423806483 0.022753672143661089 -0.021372356434264831 0.045379486124368831 0.03334611554046784 -0.041360376106136638 -0.033952433826475621 0.052538851395642079 -0.03957631365504629 -0.023611722350225801 -0.0043732235362919335 0.041544473934789952 0.024943794221849294
leaf_weight=3.4406709261238575 34.34067835775204 8.800312065985052 3.7021183115430203 5.0748800900764754 2.2630635919049373 17.82900010468439 3.2082680994644761 1.9690410699695347 2.4157675644382826 4.0169928031973523 5.8531908337026826 2.6749115977436286 3.4429883724078527 3.5907573327422142 4.8238837136886934 2.1504992116242638 2.9122487641871109 2.5177328465506426 2.1960561852902165 1.0071410401724281 5.9585894211195409 23.226984712062404 6.8544164891354731 1.4221259113401172 2.92330278456211 6.8744322024285784 2.4036453058943152 3.7017330834642035 15.026084833079947 2.1967732831835738 11.595248184166847 2.5551058286800972 44.039969476172701 5.182586681563409 2.6181444730609646 1.672394336201249 3.66709303855896 2.3029178003780544 4.2760957740247241 5.8171887984499326 74.778786950046197 4.3122493766713985 14.632804640335964 1.8978350597899396 3.8290152344852686 3.9165405365638435 2.158102526795119 1.4656898807734253 1.7998157883994279 1.3281835592351852 4.7046906864270559 17.895533187314868 4.5511599681340158 10.103645655559374
leaf_count=36 726 115 48 176 20 396 24 16 27 95 106 91 83 10 101 38 96 54 60 31 83 576 88 54 26 107 52 65 459 29 215 40 1248 106 73 23 62 19 70 109 1828 67 222 48 86 46 41 31 42 47 64 368 59 173
internal_value=0.000319326 0.0134275 -0.0121304 -0.000300107 0.00228129 -0.00390257 -0.0151972 0.0073673 -0.00150412 -0.00453124 0.004204 0.00370171 0.0106596 0.0075313 0.00310709 -0.00297468 -0.00613965 -0.00129778 0.0155228 0.0291037 0.0302516 -0.00353787 -0.00633142 0.000357349 0.0289833 0.0253012 0.00460812 0.0412695 -0.0144398 -0.0255501 -0.00824408 -0.00596557 -0.00478619 0.00298014 -0.000793609 0.0135178 -0.00260134 0.00783357 -0.00585076 0.0187853 -0.00812962 0.0153307 0.0110369 0.0175802 0.0215045 0.0092565 -0.0155556 0.036792 0.0138157 -0.00895621 -0.000140473 0.00392116 0.019076 0.0148844
internal_weight=419.919 18.8664 7.14279 401.053 233.633 167.42 29.2201 9.1943 138.2 7.22526 199.292 197.029 63.8744 57.1659 47.5381 38.9046 36.7541 31.9302 13.9919 9.62782 8.6335 123.021 99.7945 133.154 11.7236 11.7958 4.92138 7.29249 17.9383 20.0258 92.9401 81.3448 78.7897 34.7497 127.301 14.1942 113.107 26.8129 86.2942 7.23931 79.0549 23.1458 20.8429 16.5306 11.5761 7.74704 3.8305 6.70849 3.26551 2.33532 32.334 27.6293 9.73375 15.1785
internal_count=8975 225 84 8750 5050 3700 560 135 3140 119 4324 4304 1450 1294 1141 967 929 828 273 153 174 2791 2215 2854 141 213 106 75 555 425 2127 1912 1872 624 2748 269 2479 418 2061 163 1898 356 337 270 196 110 64 156 73 78 597 533 165 349
is_linear=0
shrinkage=0.0356217


Tree=48
num_leaves=55
num_cat=0
split_feature=13 2 3 7 1 5 18 6 11 27 36 7 34 25 6 20 29 3 6 13 13 9 23 12 36 21 21 36 24 3 33 35 33 12 12 36 36 20 1 21 25 5 25 4 27 27 29 10 31 23 1 20 4 12
split_gain=4.51277 4.2943 3.75341 3.17904 2.99906 3.78588 2.96302 3.34078 2.94868 2.75914 2.46381 3.44514 2.33917 2.30222 2.2979 3.0895 2.51552 2.30512 2.29973 3.5013 4.07945 2.08962 1.99617 1.8816 4.45124 4.45098 3.54759 2.95639 3.32116 3.64787 4.00656 5.24722 3.60899 3.40746 3.88014 4.82143 4.17255 4.55417 3.93901 3.25315 4.7849 4.01831 3.75372 3.54698 5.09432 3.49156 3.34225 3.01823 4.43116 4.44694 4.00223 2.93122 2.92851 2.89147
threshold=0.035772881523606498 -1.2149999999999996 -0.039009936000964023 0.19758530942741476 0.094397063815342755 8.5000000000000018 50.573883618042075 0.9750000000000002 0.0019453584041075171 0.026044093229845803 3.1234371680095081 0.075536536341827179 39.243192613238143 -3.3447729894715974 0.60000000000000042 0.34506571776527889 0.3480073225393347 -0.093390780596313824 0.05000000000000001 0.021239450160368076 0.0083624634859269398 0.8383145809872119 0.040000000000000042 0.010376345885357739 0.25751069502313478 0.00224309483781922 0.0024785802657431321 0.6682604900893957 495.74999999997823 0.05550701429833705 -219.20214523315576 0.37285714285714294 -1646.0775196309085 0.0021584596444174575 0.0071782583009202382 -0.030135513593926463 -0.61828662460489059 -0.084339516164020897 -0.019657006963843811 0.0026105827586191135 -1.8828517852736926 1.0000000180025095e-35 -4.1312074739212301 0.16383636648807029 0.001290220021008093 0.045957914362768755 0.12899532680509038 0.0082432225877837779 -0.024807557523944753 0.30999999999999966 -0.15393080266375156 -0.60578021978025187 0.10501900207292456 0.0032743498561403467
decision_type=10 2 2 10 2 2 8 10 10 2 2 10 10 10 10 2 2 2 8 8 8 10 2 10 2 2 2 2 10 2 8 2 10 10 10 2 2 2 2 2 8 2 8 2 2 2 2 10 2 2 2 2 2 8
left_child=6 2 -2 21 8 -6 -1 10 9 -3 14 -12 -10 -9 16 -16 18 -17 19 20 22 -4 -8 27 25 -25 -27 28 29 30 31 -20 -30 -34 35 38 37 -36 -35 40 52 -41 45 46 -45 -43 -44 -29 50 -50 -49 -48 -32 -42
right_child=1 4 3 -5 5 -7 7 13 12 -11 11 -13 -14 -15 15 17 -18 -19 23 -21 -22 -23 -24 24 -26 26 -28 47 32 -31 39 -33 33 34 36 -37 -38 -39 -40 41 53 42 43 44 -46 -47 51 48 49 -51 -52 -53 -54 -55
leaf_value=0.029349634129581241 -0.042389591767426918 0.041858347534910634 0.033905796896605167 -0.026373180837503087 -0.034072120189499004 0.016841749790105266 -0.029577379177493385 0.00030970704049889129 -0.017593161422947829 0.0091142912574161423 -0.037186596560763292 0.01058510295681022 0.021704073262393854 -0.035530756593874877 0.021989220275706052 0.023061362613933475 -0.047634840702624227 -0.035546551286313149 -0.069132604722639698 -0.033849012216329369 0.036115311947773336 -0.0029000311160161086 0.021908169585300515 -0.01637966323793609 -0.01443313744345235 0.045858782761911389 0.011434292026250209 0.0063468782905285719 -0.042372772670907097 -0.021687272123392023 0.0034894411405079579 -0.011683660256305968 -0.045322176020282365 -0.015874893228769102 -0.020077540591217625 0.033281820167688984 -0.022867198609519079 0.032481985476337398 0.021235306702746856 -0.036441484244425892 -0.00049136850492295442 0.030607375860409982 0.016921595184481115 0.060632929066794218 -0.019912437519131562 -0.024825170411634546 0.018091773365267454 0.037586844926730555 -0.019730300967718266 0.051921453626558534 -0.031252995564013154 -0.016517574452159553 -0.031134035063432389 -0.035304897676937348
leaf_weight=3.5573514234274617 2.8950289173517385 10.815433932933962 3.7150433394126559 3.2630781908519566 2.8887034915387622 4.7777207707986236 2.3152937740087509 3.461461738217622 3.2669058023020616 4.7739051003009072 5.6045660353265685 2.8219026466831565 4.3821416706778109 6.4728970320429635 10.442285921657456 1.2033228459767999 1.4560070680454362 2.405228675575926 2.0081365909427396 1.6744501083157945 7.0141138778999439 3.975301178637892 1.4870463977567849 5.7431340995244708 11.500480817398055 4.6727798483334508 19.332564309006557 55.341253424761817 2.067211070097982 22.107736226171255 26.743311963509772 51.090601694304496 1.5643558548763383 7.4699914986267668 3.3864068586844951 10.916391753591597 9.0830927365459484 5.1521894424222427 6.8715970613993722 2.747151273302733 4.2698575579561266 11.111486718058584 7.4223856707103577 2.615346848499029 1.50758366798982 1.5752148060128082 3.6566276450175712 1.1177955395542074 1.9716834947466839 2.2671253108419478 9.6007401803508383 18.030757289379846 3.4044648101553312 10.404990897979587
leaf_count=48 39 123 42 38 47 73 52 61 41 56 99 27 64 211 222 31 57 71 11 38 95 72 34 155 340 61 590 978 61 543 594 1053 14 208 110 212 248 160 236 60 70 268 170 44 48 14 84 19 51 43 252 437 54 271
internal_value=-0.00128545 0.00939534 -0.00704554 0.00258042 0.0167666 -0.00251373 -0.00255704 -0.00286945 0.0231175 0.0319631 -0.00230809 -0.0212334 0.00488942 -0.0231482 -0.00185226 0.0122128 -0.00243619 -0.0158656 -0.00222777 0.0127108 0.0201768 0.0150666 -0.00935618 -0.00280302 0.0042993 0.0115704 0.0183041 -0.00383084 -0.00590212 -0.00822488 -0.00618008 -0.013985 0.00251866 0.00470057 0.0066303 0.0155578 -0.00617255 0.0116275 0.00191897 -0.00173524 -0.00865081 0.00463554 0.00717019 0.000852053 0.0313691 0.0235722 -0.00355729 0.00250715 -0.011637 0.0188693 -0.0237786 -0.0106188 -0.000505136 -0.0252579
internal_weight=421.424 44.7533 13.8485 10.9534 30.9048 7.66642 376.67 373.113 23.2384 15.5893 363.179 8.42647 7.64905 9.93436 354.752 14.0508 340.701 3.60855 339.245 12.4909 10.8165 7.69034 3.80234 326.754 41.249 29.7485 24.0053 285.505 215.207 168.696 146.588 53.0987 46.5112 44.444 42.8797 25.258 17.6217 8.5386 14.3416 93.4892 44.8226 48.6666 45.9194 33.2327 4.12293 12.6867 29.1098 70.2986 14.9573 4.23881 10.7185 21.6874 30.1478 14.6748
internal_count=9100 595 191 152 404 120 8505 8457 284 179 8185 126 105 272 8059 324 7735 102 7678 219 181 114 86 7459 1146 806 651 6313 4970 3721 3178 1064 1249 1188 1174 656 518 270 444 2114 989 1125 1065 783 92 282 691 1343 365 94 271 521 648 341
is_linear=0
shrinkage=0.0356217


Tree=49
num_leaves=55
num_cat=0
split_feature=10 7 25 18 35 33 16 6 5 26 13 32 36 27 33 30 9 6 20 35 10 36 7 5 27 27 16 15 21 23 23 34 28 28 1 15 25 7 13 2 7 25 7 28 15 33 3 17 5 23 10 1 6 9
split_gain=3.61963 3.4193 3.14592 2.96445 2.81126 2.77986 2.51658 2.47092 2.46253 2.76915 2.41958 2.39884 2.25947 4.48234 6.26531 3.03231 2.18425 2.48449 2.42684 2.32781 2.23758 2.10488 2.03677 3.16783 2.74039 3.42351 2.96867 2.87215 3.18402 3.12598 5.13057 4.60745 3.48201 2.52855 3.96645 4.52169 4.2587 4.11562 3.10568 3.08848 2.90564 3.54047 2.88259 3.40264 2.51579 2.99913 2.50875 2.45889 2.29277 3.0828 3.35909 3.08336 3.08933 2.96928
threshold=0.0035889140319706283 0.13783604065735727 -3.2693747055508662 50.573883618042075 0.88642857142857157 -118.70505242066713 0.035365971302660205 0.9750000000000002 8.5000000000000018 3.4497653368433258e-16 0.025694262896183599 -352.97018991268811 1.9088664417791856 -0.0075300684973668699 -382.97190944824291 -0.0040841431632541161 2.1311990736091757 0.20000000000000065 0.3905485949035154 1.0173809523809527 0.0042435917631063885 -0.51217979832474103 0.029455144889814346 14.500000000000002 0.059061692483451507 0.027742496707172108 -0.013817856550044414 -9.9615614607504092e-05 0.0079735857958578241 0.11000000000000033 1.4150000000000003 107.77272727608157 -0.0044435864742569655 -0.0020214223953383121 0.0789983098103232 -0.019895735833145915 -1.6828362388506177 0.033898305084745783 0.022034219924533572 0.46999999999999981 0.14685494223363288 -3.1978161554377222 0.055666223992917291 -0.0029941673631194705 -0.00039594477613105321 -1354.8562154864701 -0.1176101438275685 964449.50000000012 6.5000000000000009 0.73999999999999944 0.0066195957979801393 0.049770340687892552 0.29999999999999943 1.7182822627497236
decision_type=8 10 10 8 2 8 8 10 2 10 8 8 2 2 10 2 8 8 2 2 10 2 10 2 2 2 10 8 2 2 2 10 2 2 2 10 8 10 8 2 10 10 10 2 8 10 2 2 2 2 10 2 10 10
left_child=1 2 4 -2 12 -6 7 22 21 -10 -9 -4 13 -1 -15 -16 17 -8 19 20 -18 -3 23 24 25 26 44 -28 29 -29 31 32 -31 40 36 -36 37 -35 39 -38 42 -42 47 -44 45 -5 -25 -24 49 50 -39 52 -52 -50
right_child=3 8 11 6 5 -7 16 10 9 -11 -12 -13 -14 14 15 -17 18 -19 -20 -21 -22 -23 33 46 -26 -27 27 28 -30 30 -32 -33 -34 34 35 -37 38 48 -40 -41 41 -43 43 -45 -46 -47 -48 -49 53 -51 51 -53 -54 -55
leaf_value=0.032532969723383799 0.033207182837847952 -0.014445327591424377 0.031626580741503534 -0.021584590012848692 -0.021236358032511581 0.027543088356236863 0.0083469874783602769 -0.02911295398059438 0.016781871978128592 -0.020998353543776854 0.019344496939760349 -0.015791562190027777 -0.010260948063746242 -0.037783003292925853 -0.021642867718957955 0.026845769001616827 -0.02356143595751569 -0.022186736325053597 -0.0064139370674136161 0.055365572526852543 0.0431198889848265 0.021336124575971695 0.0073288689896926782 -0.037337522902206703 0.025236838242912393 -0.030250454161771311 -0.028594036887258915 -0.014875962135724695 0.029947352882265955 -0.026315407358738805 -0.030963068658897586 0.052792445847889079 0.021931814490054814 0.030355501158919069 0.014995753328565556 -0.028025962975179248 -0.00014820292681766911 -0.023601050315080363 0.011303969698204457 -0.036490618874117829 0.037004645214765271 -0.0087424060859200674 -0.0105993344943745 0.023229311246245485 -0.037793346340875715 0.043970595556152604 0.0069238764890416768 0.050394702946648877 -0.00055811082455479923 -0.0524679286236783 0.0076520516254057237 0.045855402700312756 -0.02033651391918645 0.018342797301167821
leaf_weight=10.923675061203541 2.7774124168790868 3.0393693521618843 11.482301945099605 3.0133381085470319 7.2275084941647947 1.7647284832783023 13.192121958592908 8.2183740490581823 2.9725587959401301 12.543352014850823 1.4751446144655336 1.4671407965943206 5.0528650330379596 3.5895833396352819 1.9892422193661312 7.6612530467100477 1.2435188554227381 4.4350535224657497 2.4396503041498363 3.1649459451436996 1.120653457008302 6.159711582586171 20.734859994612638 1.6599663677625383 2.3482208782806984 12.077536451630293 5.436511951033026 17.270508009707559 3.6722424915060392 2.9573941929265848 3.3045122884213916 3.4168508285656571 4.9066207166761151 5.5470809075050047 3.8246678034774986 15.038553206715731 4.2519588670693329 9.4504510434344393 3.574252504855397 9.7937414848711324 6.5570936952717602 3.11268223216757 26.685484153451398 4.2934222817420986 7.2336647557094675 1.1376362666487692 21.105881176656112 1.739867761498316 60.480716223013587 1.8044974897056807 14.010826252866542 1.7308945041149844 7.6535149668343356 12.6694351171609
leaf_count=135 23 40 211 90 120 23 306 246 32 153 24 21 73 48 22 98 37 107 43 23 28 80 600 56 39 357 163 458 52 87 74 63 98 157 69 407 80 166 50 194 79 58 664 121 202 25 492 32 1373 24 346 38 202 291
internal_value=-0.00122878 0.00580169 0.0110517 -0.00279679 0.00587153 -0.0114486 -0.00310303 -0.00398429 -0.00505986 -0.0136892 -0.0216005 0.0261624 0.0112285 0.0157524 0.00175589 0.0167153 0.00761303 0.000573959 0.0229642 0.0358388 0.00844914 0.0094688 -0.00341231 -0.00791741 -0.0118257 -0.0132159 -0.00923274 -0.00472791 -0.00100154 -0.00465664 0.00745216 0.018892 0.00366531 -0.00151448 -0.00403381 -0.0192616 -0.00182634 0.000710514 -0.0180666 -0.0255788 0.00445988 0.0223238 0.00118973 -0.00584628 -0.0252464 -0.00296995 0.00354064 0.010878 -0.000840156 -0.00837603 -0.00579714 0.00145776 -0.00227637 0.00273388
internal_weight=416.435 75.8733 51.1583 340.562 38.2089 8.99224 337.784 312.188 24.715 15.5159 9.69352 12.9494 29.2166 24.1638 13.2401 9.6505 25.5959 17.6272 7.96877 5.52912 2.36417 9.19908 302.495 89.5409 66.775 64.4268 52.3493 40.9646 35.5281 31.8559 14.5854 11.2809 7.86401 212.954 149.831 18.8632 130.967 113.347 17.62 14.0457 63.1234 9.66978 53.4536 30.9789 11.3846 4.15097 22.7658 22.4747 107.8 34.6502 32.8457 23.3952 21.6643 73.1502
internal_count=9100 1056 751 8044 519 143 8021 7477 305 185 270 232 376 303 168 120 544 413 131 88 65 120 7207 2256 1708 1669 1312 995 832 780 322 248 185 4951 3397 476 2921 2597 324 274 1554 137 1417 785 317 115 548 632 2440 776 752 586 548 1664
is_linear=0
shrinkage=0.0356217


Tree=50
num_leaves=55
num_cat=0
split_feature=13 11 17 34 25 7 9 18 6 25 36 7 16 18 1 9 17 30 12 13 0 28 12 6 1 18 34 20 16 17 3 31 11 10 7 9 10 19 10 0 19 13 16 17 19 31 18 20 29 13 10 8 2 36
split_gain=3.22742 2.87675 3.58116 2.94995 2.75312 3.23164 2.7209 2.27107 2.79615 2.64005 2.42172 3.2849 2.05556 2.39224 3.26385 4.55009 4.89486 4.43252 4.41623 4.127 3.60889 3.60692 5.02458 3.18987 2.86448 3.27092 2.83459 4.85077 4.61088 3.62807 2.73647 2.67254 5.23532 3.22411 3.22963 2.58245 4.07591 5.58421 4.56806 4.24978 4.08835 3.40913 3.52729 3.09232 2.89142 2.51858 2.50291 2.41937 2.37556 2.34713 3.14037 2.30524 2.28601 3.56285
threshold=0.035772881523606498 0.0017662756003819738 190381.50000000003 16.995115923905416 -2.5931406925901883 0.18301435406698571 0.93116721094882915 50.573883618042075 0.9750000000000002 -4.1312074739212301 3.1234371680095081 0.075536536341827179 0.034005931805379232 240.36651524526042 -0.15393080266375156 -0.23901790047149984 185894.00000000003 0.014720704809817577 0.0075291569824896638 0.019003702935617334 0.046049781208620473 0.010501824054278132 0.0037352443628961693 0.05000000000000001 0.031996774944129787 352.99591991688732 35.0555804729484 -0.53296267896873328 0.026930452540399542 245445.50000000003 -0.083442700796608246 -0.56248683247578701 0.015069153829405879 0.0091506526575185505 0.051282051282051273 0.39706154894997386 0.0095403921556350101 -0.0012145457538180746 0.010201856614325962 0.21350157888088919 -0.10450973017447666 0.0041011720289946549 -0.040338367782017291 192041.50000000003 -0.040198365280951991 -0.61355303000147499 470.03405979537632 0.3032234549826619 0.152984989179517 0.0062173132267528 0.0028425016580868288 7.2500000000000009 2.1800000000000028 0.71604968206125108
decision_type=10 10 2 10 10 8 8 8 10 10 2 10 8 8 2 10 2 2 10 10 2 2 10 8 2 10 10 2 8 2 2 2 8 10 10 10 10 10 8 2 8 10 10 2 10 2 8 2 2 10 10 2 2 2
left_child=7 2 -2 -4 5 6 -5 -1 10 -10 12 -12 13 31 15 16 -15 18 21 24 -20 23 -23 -16 25 -19 30 29 46 -28 -25 32 33 45 -35 -33 39 43 -39 -37 -41 -42 -43 -38 48 -9 49 -36 -45 -29 -51 -27 53 -32
right_child=1 -3 3 4 -6 -7 -8 8 9 -11 11 -13 -14 14 17 -17 -18 19 20 -21 -22 22 -24 26 -26 51 27 28 -30 -31 52 35 -34 34 47 36 37 38 -40 40 41 42 -44 44 -46 -47 -48 -49 -50 50 -52 -53 -54 -55
leaf_value=0.02584594749061735 0.046843721143708314 -0.0046169641489821316 -0.025377934663134198 0.021965151990265139 0.042968614398632574 -0.023412106429514506 -0.019442274418241669 0.0027667131018203161 0.013144424912218589 -0.031567713492644277 -0.036430638590220422 0.010783151665732902 0.0076763863463868735 0.043737617565222403 0.022216874771436249 0.02240225751592578 -0.023961143942803308 -0.020143057348417818 -0.0088607871629949406 -0.04646159389727756 -0.040435806633695434 0.031574451084144819 -0.02086089002699704 -0.044442892710041877 -0.052010067893137689 0.014368773181426171 -0.00085000655228387157 0.00057137977986149331 -0.0291218270451074 -0.065358679322284272 -0.021105059651611007 0.019412641952540732 0.053119693128780676 -0.045817589187422597 0.0094311240084044151 -0.0095346086759721116 -0.013428344615585737 0.03699749956628566 -0.016515449601189811 -0.040010957776572098 -0.0088515940749357546 -0.0081398330540962942 0.034470180772856886 -0.01475266700512198 0.040841596071083119 -0.033378387243085249 -0.018703556299923263 -0.030272389961352092 0.025111620748143874 -0.030381167422972144 0.027939316487967613 -0.022808611886257959 0.0096152952310292125 0.003599276121372375
leaf_weight=3.5516902722883961 3.7561955004930523 14.443734475877134 2.6024445528164533 12.607347364071758 3.4261283301748291 3.2170718444976947 2.3084915988147321 18.86922088265419 2.1016476824879646 7.2697899783961457 5.5245916740968806 2.7379360543563962 28.789292081259191 1.5719382935203627 5.8804776081815353 11.934193036286159 7.1119218573439866 15.111129399621865 16.798900286667052 5.4239038296509525 6.2766923387534908 8.8222057719249261 3.0509870974346986 2.8013411397114387 2.0782514479942611 8.4527749381959421 2.2801563504617581 8.376480497187023 3.7587540314998433 2.063185699051246 21.217961837537587 11.937527171336113 1.6333468265365798 5.1951214319560659 4.0333265019580722 44.26619447208941 2.5307949413545456 2.3951468737795922 10.645981894806027 1.7933307494968174 5.4050224027596476 3.178072784096007 10.320743368472897 2.6894783452153224 10.157529609510673 2.7081756161060211 2.8541170405223957 3.5959586780518293 5.9005974088795483 1.1827339567244077 15.595394124742596 2.7136803371831766 7.1376131423749021 11.297632140107451
leaf_count=48 41 222 38 157 48 45 44 395 31 241 99 27 632 20 100 282 147 441 574 81 176 137 72 59 55 221 91 286 68 30 459 151 25 123 118 1112 88 52 311 25 113 65 231 83 219 49 40 77 141 14 346 45 134 171
internal_value=-0.00104253 0.00826008 0.0149206 0.00977881 0.0141274 0.0084638 0.0154594 -0.00210702 -0.00238457 -0.021491 -0.00187827 -0.0208247 -0.00142452 -0.00224325 -0.00507264 0.00820108 -0.0113304 -0.00686456 -0.00363262 -0.0182388 -0.0175935 -0.000271551 0.0180256 -0.00286428 -0.0126907 -0.00938979 -0.0047694 0.00256108 0.00741993 -0.0323091 -0.0109996 0.00109614 -0.00732048 -0.0103402 -0.0244119 0.00382864 0.00193564 0.0118484 -0.00646865 -0.00330889 0.00998065 0.0149169 0.0244406 0.0230597 0.0280388 -0.00189548 0.0124155 -0.00941154 0.0125862 0.0160126 0.0236633 0.00519775 -0.00852726 -0.0125319
internal_weight=413.384 42.3614 27.9177 24.1615 21.559 18.1329 14.9158 371.023 367.471 9.37144 358.1 8.26253 349.837 321.048 173.792 20.6181 8.68386 153.174 119.395 33.7797 23.0756 96.319 11.8732 84.4458 28.3558 26.2776 78.5654 36.1108 31.7675 4.34334 42.4545 147.256 36.0351 34.4018 12.8244 111.22 99.2829 34.3195 13.0411 64.9634 20.6972 18.9038 13.4988 21.2784 18.7476 21.5774 28.0087 7.62929 8.59008 25.1546 16.7781 11.1665 39.6532 32.5156
internal_count=9100 595 373 332 294 246 201 8505 8457 272 8185 126 8059 7427 4049 449 167 3600 2757 843 750 2007 209 1798 762 707 1698 875 754 121 823 3378 787 762 318 2591 2440 894 363 1546 434 409 296 531 443 444 686 195 224 646 360 266 764 630
is_linear=0
shrinkage=0.0356217


Tree=51
num_leaves=55
num_cat=0
split_feature=10 18 6 26 11 4 33 33 36 35 3 3 17 18 26 16 20 36 12 4 9 28 12 12 2 8 1 10 18 4 13 35 1 34 11 6 18 11 10 9 26 34 18 36 3 23 20 29 23 16 17 28 35 26
split_gain=2.76134 2.83341 2.69928 2.431 3.70307 3.12176 3.86656 3.51412 3.39739 3.51268 2.89065 4.59555 2.75233 3.00449 2.45702 2.20723 2.29673 4.07215 3.22539 3.3267 2.54983 2.47649 6.01266 3.17163 5.39231 4.17591 3.63764 4.28629 4.17603 3.50282 3.49365 3.48465 3.62599 3.47314 2.95087 2.89854 2.8945 2.84769 3.97362 2.53337 3.74612 3.89482 2.4316 2.53632 2.42475 3.25717 2.71974 3.17552 2.48714 2.48671 2.42057 2.39835 3.39664 2.36199
threshold=0.0035889140319706283 50.573883618042075 2.0999999999999965 6.874831274942501e-16 0.0019453584041075171 0.083058740380055285 -581.78406309424452 -118.70505242066713 1.9088664417791856 0.90380952380952395 -0.083442700796608246 0.0041524012633272775 202671.00000000003 254.96437270626697 3.2787070793494917 0.035365971302660205 0.7732415130839333 3.2169454430616509 0.0065361044685140956 0.1052702373723656 1.1513550425910986 -0.0015783091879649212 0.015309986226855784 0.012143395635146251 0.97500000000000064 3.2500000000000004 -0.054499352681634188 0.004599873729877523 392.63834653992808 0.072248825447736711 -0.0014629854240978261 0.44595238095238104 -0.07727492068456214 57.646706087019005 0.011244983588521872 0.20000000000000065 193.39726911783535 0.0061675783730067027 0.012953609508473305 1.367346066024316 1.1243060397733984 30.415584435984318 470.03405979537632 -1.2623520509819184 -0.034320007811617974 -1.0400000000000016 0.6863186375028153 0.14012291840438282 -0.4649999999999998 0.027875748098408985 187152.50000000003 0.019531049505532531 0.54547619047619056 2.0115622553020978
decision_type=8 8 10 10 8 2 10 10 2 2 2 2 2 10 10 8 2 2 10 2 10 2 8 8 2 2 2 10 10 2 8 2 2 8 8 10 10 10 10 10 10 10 8 2 2 2 2 2 2 10 2 2 2 10
left_child=3 -2 15 4 -1 -5 8 10 9 -7 -8 -12 -13 -14 -10 16 17 21 19 -18 -20 22 37 24 25 30 27 -26 34 53 -23 33 51 -25 50 42 -36 -3 -39 40 41 -27 43 -31 45 -34 47 -46 -47 -49 -29 52 -33 -28
right_child=1 2 -4 5 -6 6 7 -9 14 -11 11 12 13 -15 -16 -17 18 -19 20 -21 -22 23 -24 31 26 39 29 28 -30 35 -32 32 44 -35 36 -37 -38 38 -40 -41 -42 -43 -44 -45 46 48 -48 49 -50 -51 -52 -53 -54 -55
leaf_value=0.027450043806639412 0.031968323156994924 0.0023362267401994732 -0.033834355387154465 0.039934639974748165 -0.014673175362261866 0.034438577759409318 -0.038067599221919456 0.017078037046041626 0.01466312225726474 -0.0039809518951558799 0.0094793230322357865 -0.045989256708916383 -0.028537643208803858 0.013276386510943887 -0.023551321949852322 0.0079184711830898643 -0.023986510212687065 -0.038649676165370878 0.047101423522794124 0.01590556730095816 0.0070022666509318814 0.029276327382091526 -0.019353580315268334 0.039455605146295612 -0.035007378741825801 -0.05851979716933859 -0.011265636503391999 -0.036182958228062598 0.029164838410839247 -0.022124299311952873 -0.032454953325930694 0.0069222705407355253 -0.0069147210227369698 -0.025478355398211628 0.057761174858115778 -0.018261799642569049 -0.0035313649537352595 0.030073282723175464 -0.03229798769305682 -0.024907407222804441 0.0033506964464790254 -0.0064433684517034174 -0.031523275245713411 0.017644641101526817 0.021555952432505417 0.064645108543416735 0.049309479440920095 -0.024679391457732781 0.016366945741816991 0.024418256426218751 0.00081362147089742614 0.031384760665797193 -0.036619807067077251 -0.045767500422257641
leaf_weight=11.643188968766477 2.9238145020790389 71.509431573562324 3.3909517778083673 2.5275544915348283 3.3443197137676188 9.5641182973049599 4.6187813365831962 6.0759430583566454 3.8407666767016035 4.3541105317417523 10.883446909952911 4.0138962343335143 4.9117080331779999 3.7733674407936633 4.5649339607916772 24.525956436991692 5.2285876870155352 4.1330141946673384 3.6947610247880203 5.1831758411135525 4.3953353255055845 1.1556953974068163 15.225706613855435 1.1130794687196583 3.0856028979178509 2.7531664220150587 5.2765252967365068 2.3702994608320358 8.9756922917440516 2.361640437738969 20.325718641048301 4.2363680936396104 1.9849088764749465 7.7539701308123776 2.0874571043532337 10.333229550160466 1.739755167160183 9.5232882874552143 1.4117774283513416 10.018260196782647 21.903169468743727 5.147589695174247 1.8492751820012916 11.819429500959819 5.7144148352090287 3.4038460273295637 1.6420766725204874 5.6691878950223327 2.3659861139021809 1.6030556280165909 24.39344697794877 1.4834604836069036 4.7272895614150912 4.9020512860734016
leaf_count=135 23 1827 85 24 52 137 59 92 54 105 127 62 74 37 98 544 114 95 58 92 157 16 400 30 61 35 135 56 157 67 539 88 52 242 30 316 46 177 48 309 444 82 28 401 102 30 20 177 49 39 596 19 148 110
internal_value=-0.000973648 -0.00235689 -0.00267068 0.00524025 0.0180053 0.00197709 0.000211913 -0.00729183 0.0117217 0.0224656 -0.0125896 -0.00745342 -0.0219384 -0.0104085 -0.00610452 -0.00233683 -0.00317116 -0.00396461 0.00895545 -0.00415001 0.025686 -0.00343821 0.00113643 -0.0058907 -0.00845 -0.0163733 -0.0023018 0.00475792 0.00794334 -0.0105368 -0.0290064 0.00272853 0.00808645 -0.0169608 0.00163694 -0.00363813 0.0304778 0.00494125 0.021787 -0.00949904 -0.00424851 -0.0251142 0.00583328 0.0109022 0.0161539 0.0321394 0.00750867 0.00187511 0.0454905 -0.0136509 -0.00257943 -0.00917271 -0.0161742 -0.0281806
internal_weight=407.458 333.341 330.418 74.1161 14.9875 59.1286 56.6011 34.2771 22.3239 13.9182 28.2012 23.5824 12.699 8.68508 8.4057 327.027 302.501 283.999 18.5019 10.4118 8.0901 279.866 97.6702 182.196 140.498 61.3036 79.1944 42.6523 39.5667 36.5422 21.4814 41.6976 32.8306 8.86705 30.591 26.3636 3.82721 82.4445 10.9351 39.8222 29.8039 7.90076 16.0303 14.1811 22.3835 7.75474 14.6287 12.9867 5.76983 7.27224 26.7637 10.4471 8.96366 10.1786
internal_count=9100 8044 8021 1056 187 869 845 451 394 242 359 300 173 111 152 7936 7392 6971 421 206 215 6876 2452 4424 3428 1425 2003 946 885 1057 555 996 724 272 728 812 76 2052 225 870 561 117 496 468 469 131 338 318 79 216 652 255 236 245
is_linear=0
shrinkage=0.0356217


Tree=52
num_leaves=55
num_cat=0
split_feature=13 18 6 10 7 9 25 0 0 35 16 25 36 12 9 28 12 25 25 4 31 31 25 6 18 15 12 17 3 15 15 16 25 31 18 4 17 21 18 15 16 17 28 4 10 25 34 12 33 9 12 13 28 16
split_gain=2.54122 2.88459 2.61132 2.41079 2.40346 2.54176 2.64669 2.66665 3.08012 2.4129 2.31816 2.1351 1.9641 2.7869 2.56213 2.23462 4.40774 3.70671 3.2961 4.22809 2.97044 3.38042 3.7382 2.73518 2.71048 2.82809 2.51983 2.64236 2.69351 2.59532 3.80074 3.85413 4.56703 3.72723 3.36559 4.83303 4.54901 3.11629 4.14077 4.23939 3.28725 2.98693 2.96162 4.34953 2.46047 2.44632 3.14203 3.00832 4.62251 2.81517 2.36626 2.36011 2.35333 2.349
threshold=0.035772881523606498 50.573883618042075 0.9750000000000002 0.0051314555754324188 0.15879481459929526 0.95068048957156803 -4.829903512725684 -0.080602168422349615 0.07610024721894583 0.71000000000000008 0.034005931805379232 -3.3447729894715974 3.1234371680095081 0.0068821237927829786 2.0182252919015995 -0.00099186268173384585 0.012594452228801673 -1.8137445483801073 -1.6828362388506177 0.20625570123882725 -0.58971371397840822 -0.16951053214778464 -1.4140891229721597 0.59999999999999887 360.04397211647682 0.05945511769204271 0.012465253927778874 197514.50000000003 0.032376026943113263 -0.025738534151355508 0.0071371379586731495 0.01979605477036939 -2.4126475583078135 -1.0465996877828385 210.7474004971813 0.09858968974682579 203686.50000000003 0.0033271059257392317 214.10939870195998 0.0029712837177670692 0.011458182404698024 198789.00000000003 0.0020913707461718283 0.20507519082699271 0.017800517515242451 -4.7884207038648556 23.302024336710481 0.010376345885357739 -1041.2126162793538 1.8123704264988463 0.0038262898028895592 0.0076841896540194446 -0.0092048304756895388 0.0099450601665724576
decision_type=10 8 10 8 10 8 10 2 2 2 8 10 2 8 8 2 8 10 10 2 2 2 8 8 10 8 10 2 2 8 8 10 10 2 10 2 2 2 10 10 10 2 2 2 8 10 10 8 10 10 10 10 2 10
left_child=1 -1 10 4 5 6 7 -2 -9 -6 12 -4 15 -14 -15 16 17 23 26 24 -18 22 -22 45 -20 -26 29 -28 -29 -17 33 34 50 -31 35 -32 42 38 40 51 -35 -41 -37 -44 -36 46 -3 53 -49 -50 -33 -40 -25 -47
right_child=3 2 11 -5 9 -7 -8 8 -10 -11 -12 -13 13 14 -16 18 20 -19 19 -21 21 -23 -24 52 25 -27 27 28 -30 30 31 32 -34 37 44 36 -38 -39 39 41 -42 -43 43 -45 -46 47 -48 48 49 -51 -52 -53 -54 -55
leaf_value=0.028447620739694795 -0.025124808640875025 -0.033427905376861203 0.0017845242438539212 0.039055221879132247 0.0024199650332465132 -0.0082845528018118779 0.031031760171788197 0.042787156879691979 -0.0020283802394361053 -0.032579292870709778 0.0078852832077615093 -0.034258326993029144 -0.043533484609488873 0.028714505681740086 -0.025709229019898135 0.018591522377642285 -0.041544026194283615 0.021785720776327823 -0.032601503469266116 0.03017155811340836 -0.023885368534694869 -0.023702856769121868 0.024986122038105345 -0.012930748095536031 -0.017444213484370502 0.033702045007108425 -0.02159025463469727 0.026425260381888079 -0.022954709242579967 0.033788349126327083 -0.031453284845494062 -0.0060308539231762204 0.023049941716384581 -0.011144928942933162 0.017303714659520266 0.05803944817172936 -0.007489939618468909 -0.02171226981765368 -0.0072226102652355037 0.0098053935354067302 0.046793845824336378 -0.043085812753360549 -0.010459330382710807 0.042468685216792812 -0.017531213445271764 -0.00093196544558466507 0.013921390169364818 -0.031810797485785879 -0.0093829615386338393 0.047968358001700691 -0.02731145589536875 0.028741823821048697 0.047123717335164711 -0.017068952163389856
leaf_weight=3.8171446893829843 2.6790934158489099 1.8389578757341976 3.2425196953117847 2.7469682511873534 7.9419431984424573 6.5282536086160681 9.2695549149066228 3.0652561821043509 5.0138801448047161 3.5346037982963026 28.686287991702557 5.6571461858693493 3.4653389919549218 1.9294433942995963 2.2905282955616713 6.0067989407107234 3.7842344772070673 13.769282482331617 12.547366343904292 2.0435055070556691 2.9121018149890006 7.7966541140340242 5.7463368983008003 1.0951052168384197 5.6549163474701336 1.7020054808817802 2.3660517525859168 9.4159986709710193 1.5612128076609213 2.0666995742358258 6.0824473928660145 13.850486125797039 4.2543323608115307 2.0073069229256459 24.924506466835741 2.193833230063321 17.781657753046602 30.155228197807446 11.007806380279364 1.6662624424789081 3.01532953674905 6.3750155777670443 4.6217795114498585 3.2914963536895812 2.782658315729349 32.819810938090086 21.843090616166592 1.7286775591783223 1.413692291593178 4.1531462059356272 12.791577962227164 2.8250578350853166 2.8507499927654854 17.505604689009488
leaf_count=48 38 28 61 36 106 146 135 28 52 54 637 211 54 20 47 97 109 296 311 40 86 267 120 46 106 17 85 169 52 51 177 306 89 42 570 25 392 738 402 65 46 143 102 43 83 797 372 48 65 57 341 73 72 499
internal_value=-0.00100196 -0.00195419 -0.00228708 0.00741574 0.00503006 0.0109078 0.0171816 0.00505776 0.0152704 -0.00853376 -0.00179698 -0.0212348 -0.0026678 -0.0203452 -0.000700611 -0.00222584 0.00160586 0.00470538 -0.00459403 -0.0175598 -0.013499 -0.00682808 0.00844613 0.00192247 -0.0225943 -0.00529749 -0.0029201 0.0118851 0.0192444 -0.00418052 -0.00509494 -0.00058428 -0.0108353 -0.0121427 0.00455738 -0.00295316 0.00334706 -0.0138654 -0.00501433 -0.0117256 0.0238419 -0.0321208 0.022315 0.0117911 0.0137491 0.000497365 0.010113 -0.00346257 0.0177577 0.0334675 -0.016318 0.000264413 0.0305098 -0.00657101
internal_weight=402.117 361.337 357.52 40.7796 38.0326 26.556 20.0278 10.7582 8.07914 11.4765 348.62 8.89967 319.934 7.68531 4.21997 312.249 119.257 99.0181 192.991 21.9478 20.2393 16.4551 8.65844 85.2488 19.9043 7.35692 171.044 13.3433 10.9772 157.7 151.693 92.5748 30.8964 59.1187 61.6784 33.9712 27.8888 57.052 26.8968 21.8741 5.02264 8.04128 10.1071 7.91328 27.7072 81.303 23.682 57.6209 7.29552 5.56684 26.6421 13.8329 3.94586 50.3254
internal_count=9100 8505 8457 595 559 399 253 118 80 160 8185 272 7548 121 67 7427 2862 2280 4565 474 582 473 206 1984 434 123 4091 306 221 3785 3688 2128 736 1560 1392 739 562 1509 771 683 88 208 170 145 653 1866 400 1466 170 122 647 475 118 1296
is_linear=0
shrinkage=0.0356217


Tree=53
num_leaves=55
num_cat=0
split_feature=13 10 35 1 19 36 13 26 31 20 16 18 35 33 34 26 3 23 35 28 9 30 24 34 2 18 5 27 19 13 10 23 21 13 19 20 9 21 18 24 5 9 36 36 2 7 23 26 20 34 30 26 34 21
split_gain=2.23181 2.15524 2.48637 3.46221 2.56642 2.30531 2.22244 2.93628 3.19836 3.04479 1.95995 2.69439 1.98263 1.82323 1.8197 1.75829 1.9297 1.8425 4.97467 2.29191 2.81903 2.98367 4.20971 3.27506 2.91583 3.67995 3.20172 3.05227 3.22003 2.90488 2.53786 2.89334 2.65327 3.12475 2.52388 2.43752 3.0383 2.95743 2.45517 2.75359 3.35031 2.70631 2.52278 2.64642 2.48697 2.42756 2.78467 2.81547 2.26571 2.24468 2.23129 2.24715 2.18142 2.41387
threshold=0.035772881523606498 0.0051314555754324188 0.95595238095238111 0.094397063815342755 0.04265764649717408 0.32431697809560006 0.053954769690968372 3.9348112773137847 -0.51515779701729769 -0.045178118618632808 0.035365971302660205 50.573883618042075 0.34976190476190488 -733.71302319061522 25.000029737858068 12.922461455343283 0.041411515660243599 2.2350000000000008 0.40500000000000008 -0.00099186268173384585 2.9351848918649623 -0.016045338391385163 4166.0000000000155 27.383829654490722 1.0449999999999984 106.12527000504365 17.500000000000004 0.00097811250646240321 -0.030540688791821365 0.010295684755057587 0.0073608999846103357 -1.4950000000000008 0.0035517676207647343 0.014824886144570839 0.0045302121870941523 0.71150898916568672 -0.62109700857306671 0.0043065186257361656 143.4196991903863 1690.5000000000139 11.500000000000002 1.3382797670054198 -0.36145509577606538 -1.3105943198389463 0.61000000000000043 0.026058908411849616 -0.25999999999999884 1.246260926926906 -0.21882281791743624 133.03309626766659 0.02030145515567117 2.511827238806696 34.456404773508034 0.0031537989028510099
decision_type=10 8 2 2 10 2 10 8 2 2 8 8 2 10 10 10 2 2 2 2 10 2 10 8 2 10 2 2 10 10 10 2 2 8 10 2 10 2 10 10 2 8 2 2 2 8 2 8 2 10 2 8 10 2
left_child=10 2 4 14 6 -6 7 8 -2 -10 11 -1 -13 -7 -4 17 -17 19 -19 49 21 22 23 -21 25 27 35 28 -23 -24 45 -32 33 -33 -30 36 -27 -37 -38 41 -41 42 43 -40 -45 -26 47 -47 -29 -14 51 -49 -48 -54
right_child=1 -3 3 -5 5 13 -8 -9 9 -11 -12 12 15 -15 -16 16 -18 18 -20 20 -22 24 29 -25 30 26 -28 48 34 -31 31 32 -34 -35 -36 37 38 -39 39 40 -42 -43 -44 44 -46 46 52 50 -50 -51 -52 -53 53 -55
leaf_value=0.028430664507019705 0.030326884558011656 0.037900753372764856 -0.025244132232969868 -0.044688023475466937 0.021173489562274887 0.0011045603314918317 0.032018384914800045 0.029235496440537294 0.014146413988012977 -0.029561699076344913 0.0076973142906186986 -0.041566315764171774 0.00092486091105600159 -0.043248072352607164 0.018273992889804937 0.00048823797454367198 0.044295817632631074 0.024311221125896797 -0.021941133169287117 -0.026047970900091373 -0.051349395852488759 -0.02357109008146837 -0.04314141781763358 0.022574770602017808 -0.051089605589701305 -0.05581434016320274 -0.033280569000934984 0.017276053046957802 0.048937821022807901 0.0088010794594045455 -0.024504170105171013 -0.003154285600569602 0.019622090755818888 0.025213828709632291 0.0030806640008430278 0.028547852525652274 -0.034352025314162551 -0.016163746205935699 -0.02114998784844959 -0.011852000889516238 0.040761709663209286 -0.032175577940708314 -0.020056674997701609 0.026787861134522025 -0.012626116530068957 0.018961912092511479 -0.036362754523834709 -0.027269822620888767 -0.025918373569397971 0.027745401328092695 -0.0281940968553775 0.0072146407134316649 0.014994649169790158 -0.033580649618750021
leaf_weight=3.4501983267255119 2.7342804737854776 2.5947371944785109 1.7101407223381082 2.699336179997772 2.0266816196963182 2.1020391380880028 6.876153238117694 5.418933937791734 3.1445141215808716 5.3190443408675518 26.0285437873099 1.5639503635466088 103.40219152602367 2.5366859780624509 3.6373737216927111 3.2774448136333367 1.9995167553424833 3.5238524228334454 15.976694009732453 1.9045663848519385 1.5194549821317185 1.644360853359103 2.8434431590139857 14.856922239065169 1.5381597252562631 2.0419614389538685 9.8783589166123402 2.1701411325484505 3.8520946353673917 2.4887945246882737 4.2956095810513935 33.648128224653199 12.77955191885121 5.6690403358079413 2.5133054554462433 3.9206028352491549 5.4209326242562446 3.4274644367396832 3.8041945034638003 3.1680845548398784 2.8139517365489155 7.1396585714537606 10.483195240143695 6.075756541220473 2.9483952280133963 6.9444929948076632 5.8300015931017679 2.9547873171977708 4.755622124299407 4.0186907360330215 4.7712703226134172 11.049578965874389 3.1259531071409583 2.0731246159411967
leaf_count=47 30 36 23 46 31 36 89 91 41 69 556 35 2498 31 72 62 21 34 459 22 32 41 84 292 29 28 238 54 40 68 172 974 388 103 46 64 130 64 68 112 83 264 167 116 73 119 135 65 121 90 142 267 47 55
internal_value=-0.000793969 0.00708824 0.00489807 -0.0125805 0.00959306 -0.00979291 0.0151181 0.00796565 -0.00248091 -0.0133285 -0.00169547 -0.0024354 -0.002769 -0.0235168 0.00412014 -0.00257005 0.0176315 -0.00290773 -0.0134937 -0.0022189 -0.00452626 -0.0041301 0.0081591 0.0169189 -0.0057251 -0.0109145 -0.0147837 0.00490231 0.0197713 -0.0191524 -0.00154758 0.00325464 0.00558902 0.000985567 0.0311834 -0.0111571 -0.0143334 0.0077341 -0.0121778 -0.00878928 0.0131345 -0.0131302 -0.00717797 0.00340782 0.0138959 -0.00861479 -0.00669902 -0.00025044 -0.012308 0.00195455 -0.00742757 -0.000191666 -0.0215859 -0.00461279
internal_weight=398.392 40.7999 38.2052 8.04685 30.1583 6.66541 23.4929 16.6168 11.1978 8.46356 357.592 331.563 328.113 4.63873 5.34751 326.549 5.27696 321.272 19.5005 301.772 194.351 192.832 22.0937 16.7615 170.738 76.0581 61.1226 14.9355 8.00976 5.33224 94.6797 56.3923 52.0967 39.3172 6.3654 51.2442 43.8961 7.34807 41.8542 36.4332 5.98204 30.4512 23.3115 12.8283 9.02415 38.2874 36.7492 25.7201 6.92576 107.421 18.7756 14.0044 11.0291 5.19908
internal_count=9100 595 559 141 418 98 320 231 140 110 8505 7949 7902 67 95 7867 83 7784 493 7291 4703 4671 466 314 4205 1709 1407 302 127 152 2496 1637 1465 1077 86 1169 1041 128 1013 883 195 688 424 257 189 859 830 593 175 2588 474 332 237 102
is_linear=0
shrinkage=0.0356217


Tree=54
num_leaves=55
num_cat=0
split_feature=18 34 5 16 6 6 1 15 23 36 12 15 36 1 4 9 18 15 13 25 15 6 17 11 15 26 4 12 26 5 29 25 9 6 32 26 9 19 15 0 12 13 26 23 5 1 23 24 6 33 33 33 12 29
split_gain=2.48687 3.8589 2.36782 5.04831 3.16929 3.96203 5.30834 3.90853 2.93974 2.44083 2.32289 4.44463 3.03058 4.03316 3.29205 4.36706 2.5308 2.35006 3.07832 2.80812 4.21375 2.81859 3.70611 2.24966 3.25618 3.23081 3.06331 3.80632 2.55031 2.81923 2.37121 3.18088 4.72184 2.28336 2.19714 3.36161 3.4674 2.16575 2.16496 1.96891 1.95172 1.99105 1.93913 1.93327 2.40964 1.91267 3.72982 2.66274 2.68375 3.32641 2.83871 2.93951 2.79893 2.71121
threshold=126.23044985062945 21.893401241727059 17.500000000000004 -0.009659042346780845 0.05000000000000001 0.10000000000000032 0.055104109187259949 0.0053440605703077735 -0.72999999999999765 -1.0773059078251894 0.0022673085831043092 -0.013052273518758284 -1.3105943198389463 0.049770340687892552 0.13316906621279562 -0.43078291609245428 397.62237802620956 -0.011221562436954912 0.0078026292963761243 -4.6859706179930036 -0.048241629331601928 0.34999999999999981 200993.00000000003 0.0083075129361128101 -0.00023318455159401081 1.9410504902131076 0.20625570123882725 0.0069173234075996471 3.0378103866575743 5.5000000000000009 0.17679046691892628 -1.9718688263361321 2.4225854271843628 0.24999999999999986 -484.54837386772675 1.5402747007747508 1.8983621905323418 -0.0051146388739976003 -0.0088952880369772992 0.094028412143145404 0.0040544759199648102 0.012477055253034818 1.6234445328882161 1.2150000000000001 10.500000000000002 0.2820851477947624 3.8299999999999996 1180.2499999999829 0.19999999999999954 -115.87518423688006 -521.62201949601388 -1789.4022940421894 0.013340694390214018 0.152984989179517
decision_type=8 10 2 8 8 10 2 10 2 2 8 10 2 2 2 10 10 8 10 8 10 10 2 10 10 10 2 10 10 2 2 10 8 10 10 10 10 10 8 2 8 10 10 2 2 2 2 10 10 10 10 10 10 2
left_child=1 -1 10 39 -5 6 7 -6 -8 -7 11 -2 -13 14 15 16 -14 18 -12 -20 -21 22 -22 25 -25 43 27 28 -27 -30 31 32 -28 -31 35 -11 -37 42 -19 -4 -41 -42 -9 -3 -45 47 -47 -40 50 52 51 -49 -50 -54
right_child=2 23 3 4 5 9 8 37 -10 34 17 12 13 -15 -16 -17 -18 38 19 20 21 -23 -24 24 -26 26 30 -29 29 33 -32 -33 -34 -35 -36 36 -38 -39 45 40 41 -43 -44 44 -46 46 -48 48 49 -51 -52 -53 53 -55
leaf_value=-0.047552041594918333 -0.027770661977238011 -0.018382793106812043 -0.0087705120543225528 -0.049613031406814771 -0.033117141208445007 -0.040405408062582214 0.06210034395525247 0.024483007659452691 0.011365660825565171 0.025680995659213206 -0.036650246939043236 0.036025418529323228 -0.04640462934302339 0.028520969307970202 -0.033802560866152728 0.020689300328184872 -0.00024547759894138777 -0.034926719724617729 0.038451702112995173 -0.024727582310364336 0.043140819341284282 0.044249871333561501 -0.018203945441710865 -0.013243159462392061 0.042448257556157075 0.022226374270694894 0.016564061298235504 -0.033753839125871959 -0.038100345710198831 -0.020192801580235554 0.033984529734677194 0.033331083367370319 -0.03026653818851056 0.04516882077212804 -0.031438339746992762 0 -0.046061392691398653 0.03883359536707439 -0.0037756595222251314 -0.060923267691840977 -0.039967147625616553 0.0069532565885692945 -0.023893253769972377 -0.020133677163806405 0.030297874613846077 -0.037363903158815985 0.017400576374949836 -0.016893894227019018 -0.009370084743442612 0.033710366639782045 0.0029163329980693457 0.04415895826526179 -0.0078364967180308154 0.051109157026377992
leaf_weight=1.5699814129620779 3.8599589588120571 9.7743859828915429 4.2891663420014075 1.6447630235925306 3.4231262155808491 2.8300559022463814 3.2100467283744365 1.767221719259396 2.6895868866704395 4.5289773722179261 1.5236365497112299 5.5198099031113079 2.303141814190897 7.8120110463351002 3.253907144535332 9.2040831197518873 4.0645065454300493 2.5307050333358347 4.5288260362576693 3.8462094683200165 1.8124175434932075 3.4260213812813163 3.5063664633780718 1.7872573272325096 4.6762942415662101 6.4871600857004506 7.6001246348023423 3.6245097173377863 2.4312961506657302 1.1987219294533136 7.8371642048005006 5.138577248901135 4.1344692627899322 1.3362627997994421 3.3420844420325109 9.5793882806319726 2.5456915413960806 2.4795743506401777 175.27183383749798 3.0911652799695704 3.2974886400625119 1.6854491159319875 2.3064691962208599 1.9857035623863328 2.7500902111642063 4.9528165133669964 2.2193097490817308 1.1373277176171539 22.066919311881069 3.1577640408650067 7.419973185984416 6.0125133497640491 1.8335576700046652 1.9854353081900624
leaf_count=15 47 212 100 20 115 80 23 25 59 145 39 71 43 107 41 136 62 48 74 68 44 48 76 47 71 119 156 80 37 29 175 82 99 44 67 264 79 38 4206 26 79 30 46 45 48 122 31 23 624 101 229 133 47 38
internal_value=-0.00064212 0.00588632 -0.00185523 -0.00878026 -0.00264784 -0.000525259 0.01309 -0.00279146 0.0395716 -0.0100176 -0.000563342 0.00787476 0.012231 0.00717832 -0.00177362 0.00508196 -0.0174243 -0.00179595 0.0103298 0.0147085 0.00592049 0.0195453 0.00308058 0.00734545 0.0270576 0.00495069 0.0101942 -0.00244429 0.00765632 -0.0114075 0.0178911 0.0102508 -3.87045e-05 0.0146075 -0.00552948 -0.000164287 -0.00996194 0.0132849 -0.00278969 -0.0285988 -0.0388769 -0.0242408 -0.00278544 -0.00938798 0.00914033 -0.00241395 -0.0203899 -0.00181519 0.00605047 -0.000216238 0.0184698 0.0343265 -0.00447463 0.0232898
internal_weight=398.291 62.332 335.959 52.7103 40.347 38.7022 15.876 9.97639 5.89963 22.8262 283.249 36.0174 32.1575 26.6376 18.8256 15.5717 6.36765 247.232 18.6435 17.1198 12.591 8.74481 5.31878 60.762 6.46355 54.2985 39.7883 15.078 11.4534 4.96628 24.7103 16.8732 11.7346 2.53498 19.9961 16.6541 12.1251 6.55327 228.588 12.3633 8.0741 4.98294 4.07369 14.5102 4.73579 226.057 7.17213 218.885 43.6135 29.0437 14.5698 7.14984 25.8859 3.81899
internal_count=8913 1259 7654 1196 961 941 306 224 82 635 6458 507 460 389 282 241 105 5951 349 310 236 168 120 1244 118 1126 821 309 229 110 512 337 255 73 555 488 343 109 5602 235 135 109 71 305 93 5554 153 5401 1195 810 385 156 709 85
is_linear=0
shrinkage=0.0356217


Tree=55
num_leaves=55
num_cat=0
split_feature=18 25 33 22 21 25 5 16 10 1 23 19 3 7 23 1 3 18 31 16 35 10 18 13 27 33 10 30 24 31 21 37 34 11 23 20 6 6 31 20 20 27 31 31 16 19 18 22 10 25 13 4 23 7
split_gain=2.76287 2.90226 2.72415 3.10412 3.35292 3.04021 2.64844 4.80711 3.37459 7.4604 2.97882 2.55879 2.50142 2.41981 3.65359 2.93097 2.82299 2.64633 3.1349 2.62059 2.37088 2.83512 3.46561 2.29167 5.44712 3.87998 3.2569 3.59699 3.21409 3.92494 3.25246 2.76582 4.57347 4.38075 3.72071 3.32566 3.26871 5.29026 3.58961 3.39229 3.17597 3.12734 3.01667 3.33037 2.69677 3.00921 3.34815 2.99415 2.78477 2.73839 2.94349 2.79932 2.68614 2.50678
threshold=116.66376863220182 -1.0326907438170576 -722.97945064582393 1.2350475618808636 0.0034164280205562212 -1.3859040491016559 17.500000000000004 -0.009659042346780845 0.025937920343774009 0.0051288956809298911 -0.94000000000000028 -0.010316973095293889 -0.10719586445132133 0.16646872525732384 -0.98499999999999932 0.28662889451115942 -0.0031920663045522653 145.59828836751367 -1.2177777595718189 0.021078453994099442 0.64238095238095261 0.0034075548849720884 453.8660889023061 0.024346854992458141 -0.016248735735625294 -237.76815320959591 0.0021624788695368074 -0.0097237605175907165 1180.2499999999829 0.24446896560086903 0.0037647867598193051 0.9833333333333335 44.530321300090655 0.011140085939304616 -0.34499999999999881 0.40401050476276185 0.24999999999999986 0.20000000000000065 -0.047490534621561949 -0.40500151438865889 -0.32400370560450703 0.0096123188501384699 -0.1579309203244853 0.09819215229281128 0.041639577383111019 -0.0097797828411385051 184.06211853402922 1.1323364184560931 0.0028425016580868288 -3.4053008956624837 0.016937726642284424 0.056835597148648324 -0.18999999999999859 0.017142997085690562
decision_type=8 8 10 2 2 8 2 8 8 2 2 10 2 10 2 2 2 10 2 10 2 10 10 10 2 8 8 2 10 2 2 10 8 10 2 2 10 10 2 2 2 2 2 2 10 10 8 2 8 10 10 2 2 8
left_child=1 2 3 4 -1 -5 13 12 20 -10 -11 -4 -8 15 -15 23 19 18 -17 -16 21 -9 -23 26 -25 52 -2 53 31 -30 -31 33 -33 36 -35 -36 37 38 44 -38 -41 -42 -43 -44 45 48 -47 -48 -29 -50 51 -51 -26 -28
right_child=6 -3 11 5 -6 -7 7 8 9 10 -12 -13 -14 14 16 17 -18 -19 -20 -21 -22 22 -24 24 25 -27 27 28 29 30 -32 32 -34 34 35 -37 39 -39 -40 40 41 42 43 -45 -46 46 47 -49 49 50 -52 -53 -54 -55
leaf_value=0.037904113973178964 -0.032528231197700042 -0.028010651678478292 -0.0051553089756700967 0.0078354565383410048 -0.018905312229529014 0.058611614543992427 -0.058375645157956367 -0.044624754612883163 -0.028711225154168969 0.067875970516650105 0.015074402633244046 0.032479343597419816 -0.019603571380603566 -0.016628935155263508 0.011183543839020569 0.029562787407174166 0.023867872439985234 -0.038693516521419613 -0.024309688309780444 -0.025073953079537536 0.0034947639788446478 -0.015575526196386767 0.035517836718861197 0.038721626704393407 0.0024744996250509414 0.013527494413129098 -0.024031095195916764 0.038458419871575 -0.001764470840612161 0.040737318886274985 -0.0058053641479653998 0.025587363296608181 -0.018341431411640539 0.038326625913288552 -0.028098085065534722 0.025036606365779202 -0.042540675798200568 0.048818515672244781 -0.016198930675963449 0.024414974416735857 -0.038782512116850534 -0.024618823733544629 0.033605485855825255 -0.023206048030674206 0.032404133017408146 -0.043936069056453496 0.0055624294655644765 0.050744819124579725 -0.021870200514333346 0.031406394416645507 0.046493466450367456 -0.021923461878594088 -0.031066900268963766 0.010222774075795964
leaf_weight=1.4257661001756776 4.3014644039794794 2.7282980545423916 2.9782870109193036 22.905006924178451 9.7564297486096603 1.5075800367631043 2.6488096516113719 3.5191435776650932 2.8892799839377385 2.6227539982646704 2.8669834595639259 9.4135233131237293 10.184565501753239 5.9805141102988264 9.0152015062049049 2.1756652733311057 15.614499558461828 4.9420781740918756 3.3465329604223353 3.4008212618064126 12.97073421650566 14.14475919282995 1.8135651708580542 5.8646161362994453 6.1822226042859247 14.240621199831368 2.8190895197913042 1.2468337342143012 20.392427232116464 6.1198306544683856 2.7057912838645279 8.1373870722018147 4.6444921365473428 4.5034692033659667 3.2451734817586821 2.6027699201367795 6.6643385961651829 2.045864798128604 37.069289277773358 2.4104067576117876 6.123436181456781 5.8846647578757318 3.3252286512870262 2.0281814697664231 2.6967775630764654 1.4543204181827629 17.636133358580995 1.9879068229347456 17.6093187573133 1.6159515413455725 1.5105398916639385 4.5052845359314233 5.8009571451693764 38.564494268270209
leaf_count=23 37 33 45 491 231 17 33 46 94 12 75 151 222 117 166 26 216 102 88 65 308 424 29 108 126 218 55 10 694 114 72 106 83 101 116 50 179 23 1015 40 171 161 56 61 70 36 476 22 473 35 27 221 104 839
internal_value=-0.000671195 0.00708187 0.0091344 0.00409363 -0.0113764 0.0112036 -0.00181614 -0.00907901 -0.00307147 0.0169484 0.0410911 0.0234526 -0.0280074 -0.000470958 0.00844195 -0.00165667 0.0138367 -0.0200301 -0.00290848 0.00111892 -0.00828214 -0.0161107 -0.00957441 -0.000866453 0.00799448 0.000995876 -0.00219989 -0.00156138 -0.00387751 0.00684267 0.0265451 -0.00613619 0.00959445 -0.00773745 0.0143625 -0.00439933 -0.00972476 -0.00645395 -0.00780488 -0.0207112 -0.0131685 -0.0185053 -0.0071983 0.0120222 -0.00159123 -0.00358579 0.00643653 0.0103812 -0.0115614 -0.0141804 0.00359585 -0.00754122 -0.0138721 0.00783331
internal_weight=394.79 50.7149 47.9866 35.5948 11.1822 24.4126 344.075 53.6606 40.8272 8.37902 5.48974 12.3918 12.8334 290.415 34.011 256.404 28.0305 10.4643 5.5222 12.416 32.4482 19.4775 15.9583 245.939 32.0884 26.2238 213.851 209.549 168.166 29.218 8.82562 138.948 12.7819 126.166 10.3514 5.84794 115.814 89.3782 87.3324 26.4363 19.7719 17.3615 11.2381 5.35341 50.2631 47.5663 21.0784 19.624 26.4879 25.2411 7.63178 6.12124 11.9832 41.3836
internal_count=8913 991 958 762 254 508 7922 1243 988 181 87 196 255 6679 564 6115 447 216 114 231 807 499 453 5899 556 448 5343 5306 4412 880 186 3532 189 3343 267 166 3076 2408 2385 668 489 449 278 117 1370 1300 534 498 766 756 283 256 230 894
is_linear=0
shrinkage=0.0356217


Tree=56
num_leaves=55
num_cat=0
split_feature=5 18 17 29 37 10 29 2 10 28 10 30 19 30 10 28 10 30 11 16 23 10 31 27 27 19 1 2 10 22 18 5 7 3 19 22 16 34 2 10 3 18 36 30 18 37 33 18 27 3 11 1 19 15
split_gain=2.26784 4.41359 5.10466 4.98829 4.27363 4.13048 3.25914 2.83438 2.77713 2.45341 2.1241 2.9946 3.3536 3.45777 2.72013 2.32956 1.97527 3.94085 2.21475 2.91852 2.83582 2.32282 3.13439 3.98528 4.46244 3.87522 3.13384 2.99867 2.9429 2.67425 4.06506 4.423 2.57478 3.04557 3.79353 2.22459 2.74538 2.28987 2.4506 2.10606 2.099 2.04616 4.12127 2.1381 2.23757 2.12989 2.05294 1.94495 4.58092 4.38404 2.55308 2.69873 2.48408 2.37576
threshold=17.500000000000004 443.28545795706401 181452.50000000003 0.097941072827529188 0.55000000000000016 0.0044159011992894641 0.11723539683783388 -0.67499999999999971 0.028557777793674844 -0.019030602251621839 0.020035480398110737 0.003639222018981703 -0.026077897749856357 0.0080581482114054932 0.023345655091830255 0.006148263246663511 0.018674276660141608 0.0078265836117690241 0.011012217065730278 0.022557884328298004 0.12999999999999992 0.0043151019225120156 -0.7472721983739663 -0.011631953998461729 0.0033960279059817027 0.045225691443581136 0.41836468546730127 -1.1500000000000001 0.0045323608853083371 0.65251867485944592 215.52148517456152 9.5000000000000018 0.20067114093959734 0.0041524012633272775 -0.012665369442100225 1.2559669631182959 0.0061484469195154249 39.243192613238143 1.2450000000000003 0.003639706006373626 -0.033642764065501256 463.70258810609681 -0.67690811709351906 0.047133662417282347 66.980901879831265 0.9833333333333335 -654.0379664225494 116.66376863220182 -0.0096494924685704957 0.030078644232435229 0.0070415281175698436 0.20648207797562304 -0.039258944405954226 0.014066012667652828
decision_type=2 8 2 2 10 10 2 2 8 2 10 2 10 2 10 2 10 2 10 10 2 8 2 2 2 8 2 2 8 2 10 2 10 2 10 2 8 10 2 10 2 10 2 2 8 8 10 8 2 2 10 2 10 8
left_child=10 4 -3 -4 -2 -5 7 -6 9 -8 16 -12 14 -14 -13 -16 18 -18 21 20 -20 22 27 26 29 35 39 -1 -23 -25 31 -31 41 34 40 36 -26 38 -38 -24 -34 43 45 44 -30 -43 -45 48 49 -46 51 -49 -50 -54
right_child=1 2 3 5 6 -7 8 -9 -10 -11 11 12 13 -15 15 -17 17 -19 19 -21 -22 28 23 24 25 -27 -28 -29 32 30 -32 -33 33 -35 -36 -37 37 -39 -40 -41 -42 42 -44 46 47 -47 -48 50 52 -51 -52 -53 53 -55
leaf_value=-0.0058275672363809778 0.045162736113344364 0.065067025424730668 0.058785960025166083 -0.028910519753216103 -0.009876132610485094 0.017937140005438855 0.026679036660654534 -0.060209313047928703 0.041423907115904719 -0.013683648428793757 -0.032113418750064078 -0.022621401396252946 0.032832436578417168 -0.035716039213973191 0.029080612185333071 -0.025271719905741157 0.056812291136827266 -0.0075418879459494097 0.041284353507868667 -0.016152199969553586 -7.6645226323541433e-05 -0.026393501939191509 0.023835597625751662 0.01127388876668616 0.026771521261297292 0.030740056983114269 -0.014090147603119415 0.034672911881095177 -0.048283501696050814 -0.042625117987729472 -0.068102199376970235 0.02197036064376006 -0.046530033266048834 0.029096997194892095 0.034259613575263581 -0.030030311783295877 0.0097685433968097406 0.014797559086418386 -0.026056157177453593 -0.010154274911122632 0.0059334964070733081 -0.020247034881454649 -0.057493682254378287 -0.045225210536843148 -0.03898218526890887 0.028372123995548351 0.010586097047051378 0.0012852856941417607 -0.0096696838239701995 0.012233576949211473 -0.017960175190704364 -0.01577827535601771 0.041991689021782456 -0.0049956547890782649
leaf_weight=3.1894850190728894 1.5281798318028439 1.8419337738305319 1.5900330506265152 5.1420406340621394 2.5775943626649678 4.2917623906396329 1.9208019915968169 3.2167654484510413 1.1955362493172277 37.232033034320921 5.5980461887083974 2.2876114428509027 1.0659530949778826 4.8408371419645846 6.4812721344642341 1.0974951060488818 2.2822615168988696 2.3991823168471456 5.6263413704000396 2.6114127566106609 3.3120515742339194 5.634148772340267 18.296916758874438 2.0594506496563545 4.1362465568818205 5.1247305739670983 4.1263340087607494 8.1042181409429741 1.1268816022202361 3.010059724096207 2.7432308620773256 2.2829399956390262 2.2690299167297781 7.6590377707034349 1.9702756083570401 3.2589594977907828 3.5102941072545963 4.785678486339747 7.3862952901981771 2.5822279108688226 1.5932127684354784 2.6818815530277789 2.3696908429265013 2.4900842104107146 3.5082655856385845 1.8411669726483522 1.1810903858859081 144.18939668405801 2.0197283332236102 5.0562623143196106 10.766552554210646 12.704863372724502 7.4126580944284788 1.6373312259092916
leaf_count=57 10 16 5 150 35 78 47 45 31 984 187 73 44 137 164 42 65 79 111 80 70 118 288 34 74 76 62 125 32 46 32 31 51 109 37 58 37 65 127 61 29 84 33 84 93 20 26 3667 39 115 286 315 107 42
internal_value=-0.00030498 -0.00663757 0.0118064 0.00238866 -0.011633 -0.00761671 -0.0136109 -0.0383925 -0.00996208 -0.0116366 0.000856783 -0.0099766 -0.00195742 -0.022979 0.0107161 0.0209628 0.00160969 0.02433 0.00125171 0.0164839 0.0261094 0.000644715 0.00606669 0.00296312 -0.00425468 0.00303169 0.013997 0.0232704 -0.00121088 -0.0244549 -0.0336565 -0.0148441 -0.00053029 0.0144696 -0.00487845 -0.00322056 0.00130861 -0.00552425 -0.0145171 0.019596 -0.0252445 -0.00155485 -0.0204839 -0.000864516 -0.000331962 -0.000236368 -0.0274229 -1.70281e-05 0.0105603 -0.00893514 -0.0012622 -0.000104629 0.0256029 0.0335117
internal_weight=390.848 60.5367 12.8658 11.0238 47.6709 9.4338 46.1427 5.79436 40.3484 39.1528 330.311 21.3712 15.7732 5.90679 9.86638 7.57877 308.94 4.68144 304.258 11.5498 8.93839 292.709 74.5971 63.3034 38.2979 28.2022 25.0055 11.2937 218.112 10.0957 8.03623 5.293 212.477 13.4916 5.83252 23.0775 19.8185 15.6823 10.8966 20.8791 3.86224 198.986 6.89274 192.093 188.422 4.52305 3.67117 187.295 19.6342 8.56453 167.661 156.894 11.0697 9.04999
internal_count=8913 1401 249 233 1152 228 1142 80 1062 1031 7512 647 460 181 279 206 6865 144 6721 261 181 6460 1173 991 580 437 411 182 5287 143 109 77 5169 226 117 361 303 229 164 349 80 4943 137 4806 4696 104 110 4664 396 208 4268 3982 188 149
is_linear=0
shrinkage=0.0356217


Tree=57
num_leaves=55
num_cat=0
split_feature=13 10 4 1 23 19 37 28 13 8 20 1 31 12 34 3 18 31 32 23 12 29 16 10 16 12 4 29 1 19 3 27 27 16 1 25 34 12 3 35 1 3 27 10 13 36 1 8 6 29 36 23 6 20
split_gain=2.17813 3.87658 3.00574 2.8754 3.37101 3.09436 4.25771 4.02865 3.27756 3.84555 3.80012 3.29284 4.2353 4.41202 3.40031 3.26706 3.26657 3.68088 3.73576 3.38729 3.14523 3.36364 3.36223 3.09193 2.87586 2.82626 2.97498 2.91049 2.80104 2.79949 2.79913 2.99907 2.62051 3.96703 2.59883 2.59417 2.56171 3.96937 5.58307 3.96447 3.15697 3.0209 3.00502 2.84269 2.69232 3.46043 2.52265 2.35991 3.14674 2.92143 2.296 2.59738 2.28551 2.27288
threshold=-0.00052564651191880352 0.012097995795899203 0.2101870729073867 0.18554948085751879 1.4450000000000005 0.020026103142047339 0.8500000000000002 0.006148263246663511 0.024675772152700681 1.7500000000000002 0.86421469996450806 -0.07301613487305357 -1.1114041423757046 0.004850450805323139 37.806154431511096 -0.045059979839831225 218.05116182481811 -0.30323330111913915 -768.34792092469593 0.68000000000000071 0.011081877896009272 0.17547300284229536 0.0099450601665724576 0.00578075436463674 0.051552197045397839 0.01162567945977498 0.090410126125267637 0.16550491104220225 -0.033853735562658409 0.02445453496321837 -0.057360786844853011 -0.0036317154209535847 -0.016248735735625294 0.029482470963768413 -0.083063434816321488 -2.4632558631556876 65.544834972675417 0.01116040382893419 -0.034320007811617974 0.47071428571428581 0.11708768204376953 -0.040567479793150112 0.017015315609643759 0.0063501800482057445 0.018540947353742915 1.3730089466438018 -0.065771740943271914 2.7500000000000004 0.37499999999999939 0.34647729628556079 -0.67690811709351906 -1.2099999999999997 0.15000000000000011 0.47136184857423918
decision_type=8 8 2 2 2 10 8 2 10 2 2 2 2 10 10 2 10 2 10 2 10 2 10 8 10 8 2 2 2 10 2 2 2 10 2 10 10 10 2 2 2 2 2 8 10 2 2 2 10 2 2 2 10 2
left_child=1 -1 3 5 52 8 7 47 9 16 11 12 13 -11 15 -14 19 -18 -19 30 21 29 -23 32 36 26 -16 -28 -3 -8 -2 -32 -10 34 -34 -6 37 38 43 44 -41 42 -38 -13 45 -40 -45 49 -49 -7 51 -9 -5 -33
right_child=2 28 -4 4 35 6 20 50 23 10 -12 24 14 -15 25 -17 17 18 -20 -21 -22 22 -24 -25 -26 -27 27 -29 -30 -31 31 53 33 -35 -36 -37 41 -39 39 40 -42 -43 -44 46 -46 -47 -48 48 -50 -51 -52 -53 -54 -55
leaf_value=-0.029406419890352174 0.033151870792560628 -0.019429147712695813 0.008488091788034521 -0.037147804435331513 0.0082053428024716109 -0.02500504006430835 0.047612275938749199 0.044249392606657119 0.025564107813043968 -0.031376760999101951 0.022312537873154854 -0.045316745233144148 -0.046522315738246313 0.040718490622891589 0.0053457756962457187 -0.0092896286964490888 -0.032682596568913459 -0.016884255243620808 0.033339355526018112 0.044477061795403824 -0.027316192485971665 0.032201454111481342 -0.0082567165958357634 0.029762663625628134 -0.052376575268206799 -0.042812291532811554 -0.033238982535434766 -0.0031234930580305476 0.050778102364707631 0.016872672755204869 -0.042417875583261849 0.023259677968655638 0.0082886992074328661 0.02364182747724184 -0.019016944306468556 -0.026398724537241923 0.025037403763111945 0.033363483782116385 -0.023163287407040069 0.017262559421796535 -0.019457728089651405 -0.01470592326155395 -0.019936284915961361 0.040621342976515373 0.018492513600894107 0.020149653642243512 -0.016433889922597422 -0.0067170324089311229 0.037440047534910079 0.037650181363164115 -0.043544000283216651 -0.027888106195629654 -0.010441079211831485 -0.024360742057760964
leaf_weight=7.5166992158628974 3.7396492713596663 1.2326932866126301 49.116782574099489 7.1910472661256817 12.614602503832431 4.6800426996778723 4.3548623328097191 0.90838121809065375 5.2820931500755277 1.5100669222883869 5.7746829851530483 4.1013122964650295 8.2803041378501785 3.1971971383318305 12.291727380827075 4.7608821843750766 4.0687699213158339 3.5446989596821368 3.7891230208333564 4.5858377895783624 2.2900497606024137 3.2513905195519319 11.624682636931537 6.5880447896197429 1.3981722430326033 3.1855798247270277 7.8626016904599991 8.4073312189429981 1.5013880012556917 26.443147368030623 1.8435326507315029 4.0178684792481398 6.6833547919523033 5.8522802712395778 12.6784338185098 3.4071701141074291 5.3381909497547877 4.5572980749420813 11.921446946915248 26.008340528234843 3.2647386570461085 31.829802243271843 2.7925557000562549 1.0157095147296775 3.7997264284640542 2.8206146694719783 8.3374073039740324 3.7891094107180816 4.2779385610483587 1.0816568965092299 4.471496961079537 1.6030301530845461 9.5001513841561955 1.7445425982587037
leaf_count=176 66 45 1062 119 232 173 49 22 82 32 100 67 178 61 348 98 169 155 94 63 45 62 250 116 26 99 219 231 34 581 40 86 102 88 208 76 170 112 284 503 73 981 102 19 52 24 215 149 83 18 119 59 254 42
internal_value=-0.000163208 -0.0162847 0.000278359 -0.000951387 -0.0109558 0.000158369 0.00677213 -0.00665592 -0.00184797 -0.0037416 -0.00582247 -0.00687398 -0.0144652 0.0173864 -0.0178476 -0.0331159 0.00859615 -0.00592235 0.00914256 0.0189695 0.0126036 0.0146638 0.000731297 0.00782303 -0.00335684 -0.0114865 -0.00785005 -0.0178008 0.0194995 0.0213643 0.00834739 -0.00409951 0.00299658 -0.00180708 -0.00958923 0.000718708 -0.00265866 0.00165926 -0.000746846 0.0049616 0.0131096 -0.00976187 0.00951723 -0.0209325 -0.00789504 -0.0147857 -0.00985742 0.00449355 0.0168516 -0.0127745 -0.0285102 -0.00104077 -0.0221091 0.00864643
internal_weight=387.73 10.2508 377.479 328.363 32.713 295.65 68.7758 20.8117 226.874 189.79 162.456 156.681 49.4957 4.70726 44.7884 13.0412 27.334 11.4026 7.33382 15.9314 47.9641 45.6741 14.8761 37.0842 107.185 31.7472 28.5617 16.2699 2.73408 30.798 11.3456 7.60594 30.4962 25.2141 19.3618 16.0218 105.787 65.8266 61.2693 47.8149 29.2731 39.9605 8.13075 13.4544 18.5418 14.7421 9.35312 13.8287 8.06705 5.7617 6.98291 2.51141 16.6912 5.76241
internal_count=8913 255 8658 7596 681 6915 1610 623 5305 4709 3994 3894 1266 93 1173 276 715 418 249 297 987 942 312 596 2628 897 798 450 79 630 234 168 480 398 310 308 2602 1349 1237 936 576 1253 272 301 360 308 234 423 232 191 200 81 373 128
is_linear=0
shrinkage=0.0356217


Tree=58
num_leaves=55
num_cat=0
split_feature=4 13 17 10 14 24 24 15 29 31 1 24 21 13 7 20 18 18 21 0 0 21 1 6 8 26 35 13 24 13 28 3 3 26 12 26 31 35 1 4 29 2 2 32 12 23 37 35 7 32 1 28 2 9
split_gain=2.05956 2.70042 4.27401 5.25361 3.37449 2.46092 3.69389 2.28675 3.84136 3.49956 3.33723 3.21383 5.26701 3.17296 3.46163 3.09315 2.92574 2.9172 2.98029 4.41441 3.81931 2.85804 2.81696 3.68712 2.81656 2.73367 2.71799 2.51356 2.50416 2.46701 4.22594 3.20847 2.60527 2.44138 2.87031 2.67951 3.01898 2.70956 2.3739 2.37243 2.84643 2.83255 3.14541 2.32048 2.30343 2.30272 2.30025 2.29548 2.20425 2.20184 2.18469 2.6006 2.52498 2.16294
threshold=0.2222970785147069 0.00082198769546561201 187152.50000000003 0.0011398519355086312 2.7500000000000004 5892.9999999999936 3738.9999999999823 0.010645889762648936 0.11779930709427983 0.35692979724848656 0.028122673440893146 1200.4999999999675 0.0037647867598193051 0.0045701921918236696 0.11320754716981132 -0.86614879053470306 189.74377638112517 111.99159939951797 0.0025981269302381921 0.19697035387678877 -0.18226283106732663 0.0034164280205562212 0.038046439232970027 0.10000000000000001 4.7500000000000009 1.8951242312264491e-16 1.0085714285714289 0.018166730307237079 1.0000000180025095e-35 0.035772881523606498 -0.00019085532060336694 -0.092038079386356261 -0.086757771953580351 1.0652553346968889 0.001582695288496727 3.0775755348767686 0.2170643936949169 0.38023809523809532 0.10199654699189876 0.085492090821209579 0.15414796051276139 3.0600000000000001 0.61000000000000043 -209.86520500711239 0.0019788504033866044 -0.25999999999999884 0.78333333333333355 0.4688095238095239 0.1176470588235294 -935.40831901701233 0.17641570032233125 -0.0076090068389822454 -1.3399999999999979 -0.1194459541411745
decision_type=2 8 2 10 2 8 10 8 2 2 2 10 2 8 10 2 10 10 2 2 2 2 2 10 2 8 2 10 8 10 2 2 2 10 10 10 2 2 2 2 2 2 2 10 8 2 10 2 8 8 2 2 2 10
left_child=7 4 -3 -4 -2 6 48 9 10 15 47 28 -13 16 25 -1 -10 21 19 24 -20 -17 43 -24 39 -15 45 -25 -11 31 -31 -27 -33 44 -35 37 -37 -36 -12 40 41 42 -19 -16 -22 49 -41 -9 -5 -23 52 -52 -34 -46
right_child=1 2 3 5 -6 -7 -8 8 13 11 38 12 -14 14 22 17 -18 18 20 -21 33 26 23 27 -26 29 -28 -29 -30 30 -32 32 50 34 35 36 -38 -39 -40 46 -42 -43 -44 -45 53 -47 -48 -49 -50 -51 51 -53 -54 -55
leaf_value=0.034665720368187304 -0.050605988899764268 0.040204862482366044 -0.030738587823340151 0.017624359460144907 0.008823458776912976 0.028959122654945695 -0.033021281410717369 -0.020604604437568605 0.051113723318003845 0.0078414317118042209 0.051412576746492925 0.044483171662443977 -0.019043895586844422 -0.047905171708356481 0.015527642082451814 0.051775987727019301 -0.012745920243457574 0.024098507022007529 -0.030930816999975238 0.04191025059765302 0.045657404843681082 -0.039035854693241064 0.031826250066668178 0.013824534822603863 -0.018431221338655053 -0.023032023318960943 -0.036059590745079841 -0.034705488966344157 -0.023241369963298807 -0.013524730270020458 0.038724879944972916 0.028864862077255572 0.033979540868560872 -0.049009283567717735 -0.056669019990134774 9.7492124366118228e-05 -0.043348451690440874 -0.01359788502338035 0.013798786298635915 0.034026629627615851 -0.044032352922688756 0.038854261146360231 -0.021362418874291262 -0.021963381122471811 -0.024892861958805169 0.022918278596402764 -0.0030052222376467088 0.020599692241645703 -0.010223970896610564 0.02089350014568557 0.0021370043532645665 -0.043322384310965439 -0.003175534048430303 0.011126115112128389
leaf_weight=2.2767258542589834 2.0795893575996161 5.2193642668426028 4.2534044282510868 14.383612258126968 2.6686568073928356 7.3105907277204087 2.7092240659985682 3.3094959021545938 2.7767484812065977 12.680770782055339 4.470217396039514 5.8699585790745896 2.2221746558789164 1.6713114008307446 30.582606709096577 1.682048501446842 1.277007048949599 2.7374377849046194 10.684489414328707 2.9893779796548179 1.5619294699281425 1.7735373014584181 2.0032386225648207 1.7699400733690707 9.803892456693573 10.796246165875344 1.7754390253685404 5.0488148836884648 4.3285371481906614 3.4268020754680037 4.3707443797029546 3.1412397986277929 2.3023132095113388 2.3125358782708636 1.8613632642664004 34.612263697432354 2.0555322160944334 39.71158705628477 4.1991597153246403 5.0679188459180278 1.9233670744579274 2.0303995586000374 5.9594762767665088 2.1588790451642152 2.9222194789908817 6.365763077745215 3.5807129205204546 3.3533234898932278 4.7209256781497961 1.2432480603456473 2.8036194192245603 3.5631941230967632 68.294717726763338 6.9509923788718888
leaf_count=54 48 99 107 287 51 136 78 69 28 325 49 94 83 33 531 23 70 65 338 59 20 55 48 41 257 339 31 93 152 54 77 53 31 18 31 731 26 1127 46 119 70 29 231 53 34 121 103 74 87 20 63 79 1794 179
internal_value=0.000106174 0.00740785 0.0105358 0.0057855 -0.0176787 0.0112118 0.00515194 -0.000830803 0.00223545 -0.00362625 0.0191372 0.00866917 0.0269993 0.000447407 -0.000449259 -0.00566371 0.031136 -0.00630123 -0.00782694 0.00129188 -0.0108547 0.00987268 0.00818255 -0.00959305 -0.00272864 -0.00402986 0.00313841 -0.022068 -0.000148821 -0.00323761 0.015862 -0.00489334 -0.00242107 -0.00849011 -0.0106765 -0.00948043 -0.00244488 -0.0156613 0.0335764 0.00454405 -0.0052725 0.00200456 -0.00692403 0.0129915 0.0068569 0.0108742 0.0188174 0.000107671 0.0107171 -0.0144096 -0.0037358 -0.0235562 -0.0019153 0.000307019
internal_weight=381.649 43.3454 38.5971 33.3778 4.74825 29.1244 21.8138 338.303 161.32 176.984 15.3322 25.1014 8.09213 145.987 141.934 151.882 4.05376 149.606 136.765 34.0926 102.673 12.84 41.5635 8.82199 31.1032 100.37 11.158 6.81875 17.0093 98.6989 7.79755 90.9013 80.1051 91.9884 80.5533 78.2407 36.6678 41.573 8.66938 21.2993 12.6507 10.7273 8.69691 32.7415 11.4351 9.38255 8.64863 6.66282 19.1045 3.01679 76.9638 6.36681 70.597 9.87321
internal_count=8913 893 794 695 99 588 452 8020 3625 4395 238 654 177 3387 3289 3741 98 3687 3437 933 2504 250 766 182 874 2523 227 134 477 2490 131 2359 2020 2166 1933 1915 757 1158 95 617 395 325 296 584 233 196 222 143 374 75 1967 142 1825 213
is_linear=0
shrinkage=0.0356217


Tree=59
num_leaves=55
num_cat=0
split_feature=5 18 3 23 37 25 29 10 15 10 30 19 23 36 26 18 4 36 28 7 1 26 23 1 7 10 24 36 26 1 13 1 31 19 24 37 28 10 5 10 27 29 13 19 10 18 1 30 23 34 13 12 27 31
split_gain=2.29623 5.03824 3.92885 4.19335 3.34748 3.11444 2.79851 2.79129 2.60912 2.50666 2.86473 2.99647 2.67688 2.50047 1.98901 1.91743 2.66243 2.67245 2.21475 1.88941 3.40237 2.68953 2.11257 1.85951 1.78847 1.75799 3.51825 2.11799 1.69682 1.61199 1.58399 2.4961 3.00606 2.42045 4.34756 4.17099 3.1723 3.02077 5.20949 3.114 2.86462 2.69026 2.86404 2.49673 2.99411 2.4554 3.02158 2.37755 3.6127 2.65408 2.3764 3.18586 4.17643 3.70047
threshold=17.500000000000004 443.28545795706401 -0.036951698242020763 -0.94000000000000028 0.55000000000000016 -2.7250178670796781 0.11723539683783388 0.020035480398110737 -0.0082526732831960641 0.022431374475040292 0.003639222018981703 0.047165105471260522 0.11000000000000033 -1.3625568760730558 5.4991891289466077e-16 389.48193258807788 0.089825568550417761 -0.8522531083421675 -0.019030602251621839 0.050000000000000037 0.0051288956809298911 2.8364665545609644 0.87499999999999922 -0.036936961816431406 0.060403364751190826 0.018674276660141608 765.50000000000921 -0.36145509577606538 1.3946369128124434 -0.054499352681634188 0.053954769690968372 0.28662889451115942 -1.2910053064197025 0.020026103142047339 5892.9999999999936 0.8500000000000002 0.0063940990593799327 0.0022342732930230916 13.500000000000002 0.0027292388804748525 0.039737236464113097 0.16280530811596203 0.019691890979880115 0.068654790012842373 0.002297205198519961 238.92959209967574 -0.032920719376301637 -0.02880482636471254 1.6950000000000014 31.479571387153136 0.033816117552134796 0.0027882450931039013 0.00025079720916842968 -0.41331304290363419
decision_type=2 8 2 2 10 8 2 10 10 10 2 10 2 2 10 8 2 2 2 10 2 10 2 2 8 10 10 2 10 2 10 2 2 10 10 8 2 10 2 10 2 2 8 8 10 10 2 2 2 10 10 8 2 2
left_child=7 4 14 -4 -2 -5 8 25 -6 12 -11 13 23 -12 -3 16 17 -8 -18 21 24 22 -20 -9 -21 30 27 -27 -15 -30 31 33 -33 34 37 36 -35 38 40 -39 50 43 -43 45 -45 -37 -47 -41 -49 -50 51 -1 53 -53
right_child=1 2 3 5 6 -7 15 9 -10 10 11 -13 -14 28 -16 -17 18 -19 19 20 -22 -23 -24 -25 -26 26 -28 -29 29 -31 -32 32 -34 35 -36 41 -38 39 -40 47 -42 42 -44 44 -46 46 -48 48 49 -51 -52 52 -54 -55
leaf_value=-0.054514006522701788 0.041072310652257554 -0.038705149790497849 0.050611672136623695 0.034770468351528618 -0.0066315436338713367 -0.019979381219025028 -0.026037532756222326 -0.036448118963705291 -0.056082303568110621 -0.032108495466175641 -0.032351368923133381 -0.042589179232980522 -0.05412880505843165 -0.010281724788361415 0.017185135652515109 -0.043211173043959827 0.02459373245864056 0.024726488786227706 -0.032613652239609409 -0.042878019096661307 -0.035900103168314088 0.027449852465704389 0.022723799809251131 0.015588661972450795 -0.0021221456839252842 -0.022837979126846826 0.061414829422201202 0.040352095107432567 0.011101097185706463 0.046603026612622937 0.014941329074487461 0.011982763677899961 -0.021310413535637267 0.0036022449360789072 0.023824998063337165 0.037493492857099971 -0.026460935128859005 0.023953741314275911 -0.03634588071191415 0.023408964194118982 0.030122138147818972 0.017096769778158254 -0.011517904610245712 -0.030032441946067787 0.017523380550218279 0.033794349216777875 -0.0097167966356702801 0.00040983358865306598 0.026081678448961271 -0.032378984840225403 0.027159022493940792 -0.031714068751692637 -0.023992108469545359 0.022263382912498141
leaf_weight=1.8512229537591434 1.3720135912299145 2.2019312987104054 4.2846669317223123 2.1855881109368056 2.2682525599375367 3.0158125117886803 1.6733578101266173 1.4658956949133428 3.4027395984157911 3.2154776656534514 1.2636640958953638 1.3299371954053629 2.9481479413807392 1.8169125185813735 1.168322187149897 2.0123056990560135 1.8048724507680116 5.062499650521203 2.9819470411166646 1.4752106817904866 9.6917935165110958 2.7981375977396965 1.1376950754784045 1.8711176963988716 10.480039494344965 1.885749793378636 1.7851673723198471 0.91815132042393033 3.5444010568316999 3.0552529068663743 11.08151785074733 4.705422866856682 12.141338129993526 15.781775441020729 9.2605893327854556 12.216687942855062 6.0914896088652304 7.05929908202961 7.6842768522910765 5.1691065561026326 2.8400549134239546 8.9416828860994411 8.6180433586705494 2.2525361594744044 5.7781624358613044 3.8999194169882712 4.0242754062637651 136.55941944103688 1.0689339358359564 6.829527088208124 2.1801807763986281 1.9777447013184426 8.7144905060995352 7.1349945594556647
leaf_count=26 10 73 25 38 27 91 66 55 53 122 56 39 66 82 22 50 47 144 115 38 256 53 37 53 256 74 48 22 87 87 154 93 287 439 217 161 197 103 160 199 64 191 200 41 146 83 112 3189 11 179 38 49 265 117
internal_value=6.55696e-05 -0.00638245 0.0132623 0.0249456 -0.011874 0.00321799 -0.0135872 0.00126076 -0.0367878 -0.0114174 -0.00305964 0.00562217 -0.0299655 0.0126293 -0.0193479 -0.0101346 -0.00822533 0.0118961 -0.0127177 -0.0151583 -0.0203168 0.00102074 -0.0171179 -0.00761928 -0.00747794 0.00213611 0.0237799 -0.00141533 0.0197015 0.0280098 0.00178961 0.00126857 -0.0119862 0.00211303 0.000126942 0.00792847 -0.00484511 -0.00104492 -0.0109318 0.0010031 -0.00290404 0.0140388 0.00305847 0.0208423 0.00395988 0.0275132 0.0118318 -9.38998e-05 -0.000951586 -0.0242206 -0.00731979 -0.0112656 -0.00648699 0.0103146
internal_weight=377.98 59.0172 12.8563 9.48607 46.1609 5.2014 44.7889 318.963 5.67099 20.5108 14.2256 11.0102 6.28516 9.68023 3.37025 39.1179 37.1056 6.73586 30.3697 28.5648 21.647 6.91778 4.11964 3.33701 11.9553 298.452 4.58907 2.8039 8.41657 6.59965 293.863 282.781 16.8468 265.934 198.33 67.6046 21.8733 189.069 32.383 156.686 24.6987 45.7313 17.5597 28.1716 8.0307 20.1409 7.92419 149.627 144.458 7.89846 21.8586 19.6785 17.8272 9.11274
internal_count=8913 1401 249 154 1152 129 1142 7512 80 647 473 351 174 312 95 1062 1012 210 802 755 550 205 152 108 294 6865 144 96 256 174 6721 6567 380 6187 4617 1570 636 4400 719 3681 559 934 391 543 187 356 195 3578 3379 190 495 457 431 166
is_linear=0
shrinkage=0.0356217


Tree=60
num_leaves=55
num_cat=0
split_feature=35 7 26 20 31 23 34 16 25 9 0 16 16 36 36 9 16 18 18 0 28 9 22 23 20 26 23 36 36 16 6 0 26 28 1 24 2 25 6 36 30 24 33 34 35 18 22 24 25 33 21 25 12 28
split_gain=3.57752 4.21927 2.84543 3.73054 3.06756 3.07732 3.01576 2.95208 6.13168 3.81414 5.00029 3.9199 4.70598 3.77429 4.71371 3.13866 3.48064 4.02453 3.7434 2.99398 2.96305 3.83358 2.86222 2.72473 2.60831 3.44208 2.78144 2.71429 2.56294 3.48107 2.54244 4.03896 3.27266 2.52775 2.84292 3.08021 2.98592 2.7181 3.17534 2.87928 2.51398 2.45294 2.79868 4.75613 2.95333 2.80901 2.72127 3.41032 2.44555 2.44152 2.32319 2.7855 2.30671 2.28548
threshold=0.36619047619047623 0.14246682279469172 5.1234775223853104 0.13181809955791388 0.1028809234586118 0.88500000000000079 25.345659122605081 -0.0016050329126898325 1.0000000180025095e-35 0.2130421976554501 -0.40239575956310164 0.014667899455501109 0.012293623567806515 1.222688629301435 3.1234371680095081 0.16126814759612226 0.025717465147568844 197.62527877657263 270.22463767265361 0.10508391345057812 0.004514536159049288 1.8601890605866538 1.0813160802166528 0.75499999999999912 -0.12890134529145988 6.874831274942501e-16 -0.19500000000000026 -1.3625568760730558 0.64229608084352074 -0.0083166426159951828 0.4000000000000013 0.41252219386339678 3.4131655069059819 -0.010314134250953009 0.28662889451115942 22.750000000002732 -0.49000000000000016 -5.4295422594713925 0.39999999999999974 1.0000000180025095e-35 -0.00063795678694655844 2869.0000000000223 -263.2761504428417 83.619210424201356 0.42928571428571433 110.55061552369799 0.64819510689640059 761.0000000000083 -2.8081398356315384 -266.55062809632449 0.0039628725263527809 -1.739713212670301 0.01162567945977498 -0.010314134250953009
decision_type=2 8 10 2 2 2 8 8 8 10 2 10 10 2 2 10 10 8 10 2 2 8 2 2 2 8 2 2 2 10 10 2 10 2 2 10 2 10 10 2 2 10 10 10 2 10 2 10 10 8 2 8 10 2
left_child=1 52 7 -4 5 6 -5 8 30 10 -9 12 20 28 -15 16 17 -12 49 23 41 -22 -8 -18 25 -20 -27 -26 29 -10 33 32 -32 -2 35 -35 -37 -38 39 40 -39 42 44 -44 -11 -46 47 -47 -43 -19 -33 -52 -1 -51
right_child=2 -3 3 4 -6 -7 22 9 13 11 15 -13 -14 14 -16 -17 19 18 24 -21 21 -23 -24 -25 27 26 -28 -29 -30 -31 31 50 -34 34 -36 36 37 38 -40 -41 -42 48 43 -45 45 46 -48 -49 -50 53 51 -53 -54 -55
leaf_value=0.012795849513645393 0.018621785137333258 0.041016021479015709 0.00065764870676058586 0.032722109971458746 -0.046528284326736787 -0.039989188924249172 -0.00083353878527028845 0.035534766965736861 -0.0066043862166830477 -0.038975979871258372 0.034621996914539245 -0.0042908670840823317 0.030215587334847478 -0.019479010471489991 0.036712487932791887 -0.047812522742452374 -0.0065314767833783028 -0.060379641404813805 0.033311499741010386 0.042939760254560096 0.025183531982273508 -0.014497448639935 -0.044296778292406851 0.037809719317944364 0.018507214588256774 -0.032045764460013129 0.013868722244832814 -0.021017719655239464 0.048904852393688879 0.042947826302014012 -0.030447059383658333 0.046311018096336774 0.019570374019488617 -0.0066119296660206864 -0.038349128595232422 0.027227857057796276 0.038961521169363064 0.039163403995719645 0.044182696707326878 -0.026767907233471184 -0.012808438229218219 -0.020208554980866149 0.026881469797768103 -0.022790824525481021 0.038484235263310816 -0.0083628947479210836 -0.020188005312387271 0.05402220262621632 0.026901053682774703 0.011217907485811108 -0.0078736534313814163 0.04942700430534018 -0.039248690303993999 -0.025919626675985675
leaf_weight=3.1365060335956487 12.669075631769372 5.5536381627898672 21.463991683209315 2.2069926061667511 4.431879044044762 3.9375619357451788 7.1573491930030286 3.0307507547549895 3.6135660717263827 4.3433297094888976 2.0218413136899462 76.259566338267177 9.7720128484070283 4.8271639375016084 2.9774459060281515 2.6535859047435215 13.758091350551696 2.2796387784183025 3.9384952508844444 2.1603898443281642 13.168075672117991 3.949146386235955 2.5347382132895291 1.9140180191025127 2.5135317281819907 3.146704921964556 3.3656348886433998 14.476711683440952 6.6736886543221772 3.4287206595763573 10.712516487576069 1.5129939075559367 1.8859969126060594 22.874326198361814 2.1442746939137569 9.3462248947471362 1.9951321664266259 1.9873304460197685 1.3784559508785612 6.3689261581748724 2.6329948976635951 1.7274283403530715 6.7805112344212848 3.7007581193465739 1.5094050774350787 3.5422478881664601 11.682413590140639 1.5050001703202722 6.0307888870593152 2.2977363839745548 7.8491397885372862 1.1452064644545297 1.5229576302226631 19.169243297772486
leaf_count=74 302 44 461 30 65 67 178 31 85 123 33 2210 370 102 17 46 282 28 54 30 356 183 37 27 44 51 61 269 58 44 324 16 41 431 57 196 22 32 29 154 96 62 177 157 38 114 267 44 137 51 205 20 36 557
internal_value=-0.000368132 0.0203242 -0.000947481 -0.00969477 -0.020615 -0.0131071 -0.0039394 0.000171963 0.00505494 -0.00217434 -0.00858382 0.00124396 0.00747702 0.0219831 0.00213103 -0.010446 -0.00898287 -0.0135418 -0.015511 0.00461113 0.00359381 0.0159885 -0.0125524 -0.000900939 -0.00650436 0.00744475 -0.00844183 -0.0150872 0.0331707 0.0177625 0.000721052 -0.00932429 -0.022852 0.00451306 0.000810995 0.00269516 0.0116713 0.00141918 -0.00488806 -0.0114002 0.00986838 -0.00162595 -0.00586581 0.00927851 -0.0129117 -0.00651778 -0.0107917 0.010896 0.0162681 -0.0258414 0.00694323 -9.76735e-05 -0.00464862 -0.0219037
internal_weight=378.666 10.2131 368.453 41.7325 20.2685 15.8366 11.8991 326.72 106.023 220.697 76.7264 143.971 67.7111 21.5206 7.80461 73.6956 71.042 53.2095 51.1877 17.8325 57.9391 17.1172 9.69209 15.6721 27.4411 10.4508 6.51234 16.9902 13.716 7.04229 84.5026 23.1059 12.5985 61.3967 48.7277 46.5834 23.7091 14.3628 12.3677 10.9893 4.62033 40.8219 33.0637 10.4813 22.5824 18.2391 16.7297 5.04725 7.75822 23.7466 10.5073 8.99435 4.65946 21.467
internal_count=9025 154 8871 838 377 312 245 8033 2231 5802 1564 4238 2028 306 119 1533 1487 1148 1115 339 1658 539 215 309 479 166 112 313 187 129 1925 606 365 1319 1017 960 529 333 311 282 128 1119 920 334 586 463 425 158 199 636 241 225 110 608
is_linear=0
shrinkage=0.0356217


Tree=61
num_leaves=55
num_cat=0
split_feature=35 9 32 13 3 3 14 1 13 12 22 36 0 19 29 12 10 29 9 36 16 34 0 17 30 5 36 32 3 25 13 1 30 29 25 17 21 10 23 22 12 23 16 16 10 12 32 22 12 2 2 16 6 20
split_gain=3.61449 3.43766 2.58232 3.17898 3.84566 3.57885 3.56306 3.09035 2.6171 2.47047 2.90093 2.87682 2.91688 2.52579 2.15525 3.81219 2.64772 2.43339 3.68179 3.53745 8.15382 3.87845 6.44539 3.36982 4.68345 2.91338 2.68797 2.68569 3.26151 2.62787 2.84134 4.4399 4.11181 3.38509 4.15786 3.2539 3.77833 2.85524 2.75233 2.74555 2.54864 2.76397 2.49307 4.28543 2.3744 2.2946 2.27062 2.66895 2.21342 2.28498 4.52578 3.33816 2.85148 3.18366
threshold=0.36619047619047623 2.2433622153908055 -439.49365720107846 0.013630104780155474 0.029274323830793651 -0.054337334074932624 5.2500000000000009 -0.0935134162524459 -0.00052564651191880352 0.0014731693942765893 0.42959443219807281 -1.2491188872839856 -0.17762964094519781 -0.04058280150514209 0.24058767090191097 0.014571711295535373 0.0019843487731200592 0.12819698263876553 0.5232207081696002 1.2612651380128566 -0.0019817139857750683 24.245669479180382 -0.24935180406453131 216497.00000000003 -0.0075667337768209322 21.500000000000004 -1.0865769247047961 -512.09579854760216 -0.070183203068766006 -1.2300903299316186 0.0018218666091989052 -0.062860079037837011 0.014720704809817577 0.12390338231867928 -2.1066320669167742 204970.00000000003 0.0036204250901761092 0.013239483631063221 2.3299999999999987 0.71842910753946432 0.0081405682545815736 -2.7249999999999992 -0.046144006681057441 -0.01445310036268038 0.0032546173816883697 0.0048959717376905821 -1567.7757301476465 1.7255947277851893 0.0082557996710991583 2.5049999999999994 1.1100000000000005 -0.0060483422067424677 0.34999999999999981 0.044375038654169661
decision_type=2 8 10 10 2 2 2 2 8 10 2 2 2 10 2 10 8 2 10 2 8 10 2 2 2 2 2 10 2 10 8 2 2 2 8 2 2 10 2 2 10 2 8 10 10 8 10 2 10 2 2 8 10 2
left_child=1 -1 8 4 6 7 -4 -5 -2 10 -7 -11 -13 -14 17 16 -16 27 19 20 23 22 -22 -19 -25 40 -24 29 -29 30 31 -10 33 34 35 -32 -37 -33 -36 -38 41 -20 -21 -44 -18 -45 -43 -48 -42 50 51 -50 53 -53
right_child=2 -3 3 5 -6 9 -8 -9 14 11 -12 12 13 -15 15 -17 44 18 25 42 21 -23 26 24 -26 -27 -28 28 -30 -31 32 37 -34 -35 38 36 39 -39 -40 -41 48 46 43 45 -46 -47 47 -49 49 -51 -52 52 -54 -55
leaf_value=0.0042440764710087427 -0.017355799242696937 0.047606409509207685 0.024867617987978697 -0.0063761822881780485 -0.05209708771586314 -0.051935600673382869 -0.02293399684257226 -0.045842775694785037 0.040792126035910856 0.032480171150229727 0.0036189780938169869 -0.027372588864516469 -0.0096397673578510618 0.020051483226421016 0.018759573435614598 0.042539520927192265 -0.024423578948279883 0.049819600993827928 0.042117678223607118 0.02640151609579789 0.038782051756456985 0.016005520992202829 0.012879288648033093 0.045099891123081659 -0.022335032283306168 0.031270430624409443 -0.02953953371300971 -0.027726214486310023 0.029327016825555909 -0.034678090858639439 0.018309980205093467 0.015081593328461988 -0.026774689080858935 -0.016188314193201127 0.010723882277317163 0.0045772315550587934 -0.054926347367801658 -0.034635648084937 0.050150034985047533 -0.011771694196140339 0.046271872918282636 0.007376403696836756 -0.04824764147785196 0.033433507673759126 -0.0055105486465408787 -0.016854618031889944 -0.0076377156360729797 -0.049225902877393965 -0.0037364725971083387 0.026454452943547754 -0.020144527501725101 -0.021412669320250804 0.038033602325383227 0.0234482287476908
leaf_weight=6.0959191604051721 10.208682699827476 3.6765214120969176 2.5608796123415214 7.4257544709835202 3.9307277307379982 1.9228295562788869 7.673177222488448 3.7496078647673112 4.3011324615217745 4.9243568682577488 2.8656808924861252 3.3783402796834734 5.7905646213330355 9.4349066687282122 4.2938717921497291 1.8968214516062278 11.143285057740284 9.7853404544293863 1.4578484171070147 2.0322726056911051 2.8322531110607043 20.386219542473555 2.3425484015606282 2.6908155758865178 2.3688878254033616 3.7619010279886416 8.7726252311840724 1.5277686552144585 5.8670762220863244 3.5238324326928696 5.4445267217233804 3.2767118117772061 10.372530334396286 14.576638967380857 8.1258276225999015 7.3689620974473637 3.3152185324579477 2.492956314701587 3.0575572596862903 4.3211574419401586 1.5926111382432271 12.859342314535743 3.1544661344960332 1.9561499771662036 34.092010250198655 2.5189795605838299 47.938512540888048 1.9487245311029244 14.294935733079909 5.2746272510848931 9.1016038472298515 3.1422729212790745 6.4089018153026691 5.1776672475971282
leaf_count=129 249 25 115 118 82 35 158 61 92 64 38 58 102 140 56 60 274 95 61 39 61 385 69 34 52 170 257 25 113 96 154 78 332 452 196 153 46 127 16 109 30 343 50 38 982 46 1317 19 355 152 369 117 106 125
internal_value=-0.000377366 0.0208902 -0.000953305 -0.00816255 -0.0225791 -0.00294377 -0.0108325 -0.019921 0.000292195 0.00379734 -0.0192621 0.00855875 0.00207873 0.00875975 0.000897234 -0.00573483 -0.00766869 0.0022673 0.00463133 0.0118487 0.0157165 0.00613154 -0.00830069 0.0376849 0.013676 0.000863261 -0.0205505 -0.00296554 0.0173063 -0.00512549 -0.00351117 0.0138286 -0.00661911 -0.00204347 0.00449996 -0.00504922 -0.0136003 -0.00659718 0.0218656 -0.0309944 -0.000210463 -0.00476468 -0.00778181 -0.0171311 -0.0102166 0.00534265 -0.00592167 -0.00936055 0.00628106 0.00470703 0.00163288 0.00851319 0.0203577 0.00643339
internal_weight=374.435 9.77244 364.663 53.6568 14.1648 39.492 10.2341 11.1754 311.006 28.3167 4.78851 23.5282 18.6038 15.2255 300.797 51.426 49.5292 249.371 171.8 58.8406 49.1787 34.3336 13.9474 14.845 5.0597 112.959 11.1152 77.5719 7.39484 70.1771 66.6532 10.0708 56.5824 46.2099 31.6332 20.4499 15.0053 5.76967 11.1834 7.63638 109.197 64.2044 9.66187 7.6296 45.2353 4.47513 62.7466 49.8872 44.9926 43.4 38.1254 29.0238 14.7288 8.31994
internal_count=9025 154 8871 971 355 616 273 179 7900 437 73 364 300 242 7651 1372 1312 6279 4290 1126 953 772 387 181 86 3164 326 1989 138 1851 1755 297 1458 1126 674 462 308 205 212 155 2994 1740 173 134 1256 84 1679 1336 1254 1224 1072 703 348 242
is_linear=0
shrinkage=0.0356217


Tree=62
num_leaves=55
num_cat=0
split_feature=15 29 25 26 15 19 10 5 14 19 2 27 35 10 15 26 27 7 31 29 22 0 5 31 27 12 31 21 3 7 13 19 36 3 19 21 32 10 31 0 15 21 11 25 10 20 36 22 20 35 32 15 25 37
split_gain=4.6394 5.34166 2.94631 2.43005 3.72322 3.27516 4.95389 4.49548 4.73093 3.74381 3.87855 3.2151 3.21249 3.08671 2.79642 3.26118 2.79025 2.61235 2.42349 2.37758 2.99864 4.18914 3.31278 3.09952 3.11688 3.66536 3.80359 2.86744 2.6423 2.69169 2.3665 2.35862 2.23255 2.45726 2.18713 2.53606 3.08971 2.45579 2.18563 2.16499 4.41377 2.10909 2.62306 2.19933 2.00208 1.99528 1.97966 2.34695 1.92526 2.95918 3.55071 2.67514 2.36755 2.97752
threshold=-0.011221562436954912 0.10323515270873516 -1.8137445483801073 5.1234775223853104 -9.9615614607504092e-05 0.01259598733715739 0.0056050265951644741 1.0000000180025095e-35 5.7500000000000009 0.12822064429074156 0.33000000000000013 0.032201663217040773 0.40500000000000008 0.0032546173816883697 -1.0000000180025095e-35 1.9771555764263429 0.00078147291469710123 0.16646872525732384 0.20676155024120671 0.23853581411388022 0.51546949256481633 -0.28133415871415884 1.5000000000000002 -0.0067098513197185444 0.020950122511101624 0.0050083980478037755 -0.41331304290363419 0.0035322606672690752 -0.14851871750167919 0.033898305084745825 0.03445146469320929 0.041465716735458076 1.2612651380128566 0.10976977245600673 0.0027773012714022998 0.0060288422041651054 -366.13268122810763 0.0039862991029811614 -0.53564505848180144 0.048971532202257258 0.021494285169486985 0.0014639777868954487 0.01143574017708209 -1.7555983285617958 0.0076125021474744937 -0.11823944079140107 -0.8939098076412485 0.5527048421844537 0.37369970703307243 0.54214285714285726 -1702.6736950033558 0.0050690865346426058 -2.510056435191014 0.81666666666666676
decision_type=10 2 10 10 10 10 10 2 2 10 2 2 2 10 10 10 2 10 2 2 2 2 2 2 2 10 2 2 2 8 10 10 2 2 8 2 10 8 2 2 8 2 10 10 10 2 2 2 2 2 8 8 10 10
left_child=1 -1 19 5 -5 30 9 -8 14 10 13 -12 -6 -7 -9 17 -10 46 34 20 22 -22 -3 24 25 26 38 -28 -25 -30 41 -17 -29 -34 35 36 37 -14 -23 40 -39 -2 48 -44 -36 -31 47 -16 -43 50 -50 -51 53 -52
right_child=3 2 -4 4 12 6 7 8 16 -11 11 -13 18 -15 15 31 -18 -19 -20 -21 21 23 -24 28 -26 -27 27 32 29 45 -32 -33 33 -35 44 -37 -38 39 -40 -41 -42 42 43 -45 -46 -47 -48 -49 49 51 52 -53 -54 -55
leaf_value=0.03666060457730326 -0.020956793431522933 0.043520114965369734 0.026570487889771111 -0.034794262624826822 0.046356185885648389 0.036282091899316173 0.040521392345025588 -0.030413310184761479 -0.020162562624084484 0.026961330894344594 -0.044861777480061565 0.0021102669066330273 0.035423737737073809 -0.021238196761200916 -0.038588060325013517 -0.035353849866230393 0.02669547782442893 -0.042731009124092854 -0.041995125238979449 -0.012091737556784523 0.060373442307631517 0.011885091264506964 -0.023841657691362275 0.027336641591557582 -0.036075941070645219 -0.0056264184266892371 -0.0027401829217661481 0.04407740295273592 0.037043956346974306 -0.0054849800706288096 0.015993683172376486 -0.0047574555460982784 -0.0065183004735987074 0.039072824843639206 0.020419523718436815 -0.042690121451337319 -0.044608691679382736 0.038060339652021304 -0.019956419994652013 -0.029494055507672548 -0.046452653839552702 0.0026011603678720444 0.026975028995589692 -0.022269408660133296 -0.017054342537915421 -0.037507507661712479 0.023821107896198498 0.015399855476506095 0.035438376116867745 -0.028808761172377476 0.038165350671910847 -0.0057459302154025792 -0.022033049598779591 -0.0020313789698075948
leaf_weight=6.7790515068918458 5.8381352033466092 0.96684349328279307 6.7105193026363841 6.9333485835231832 1.3337230212055171 1.7538907914422512 2.8852521427907041 7.3229153924621597 1.9501425223425011 1.6668412769213308 11.385105035500599 2.1858507022261611 2.2171212760731587 3.1753791570663452 1.6477923637721676 5.5150362667627615 7.6971577000804245 1.0888602237682778 2.3694860413670531 12.450093979598021 1.7442816039547242 10.57522764103487 7.1853507980704308 1.9780895891599346 1.6879539554938663 11.236556847579775 3.17983594071121 10.298447738401594 0.98675829172135543 4.8103356510400754 12.345086681889368 7.5424453283194453 2.9760039388202122 2.8659769995138049 5.9967428604140931 2.8770663384348145 1.9535429594106926 2.3876836881972836 3.5782610913738457 2.9055074458010495 1.0480686658993388 97.07448647392448 7.4291329593397677 1.2768030173610876 2.4807199109345675 5.0904246426653135 7.2351770391687813 2.3653615252114832 3.5272236145101488 9.7420203937217575 2.643983337562541 18.412491865688938 5.7795363676268598 15.72840752918273
leaf_count=62 148 22 110 117 30 24 67 230 35 42 195 45 45 66 75 173 179 19 52 341 30 166 246 25 60 249 59 118 17 114 229 255 56 42 136 45 33 73 79 55 18 2530 197 27 72 141 249 84 81 294 70 528 193 377
internal_value=-0.000366666 0.0064194 0.00405766 -0.00269249 -0.0118302 -0.00147633 -0.00829509 -0.00173199 -0.00470193 -0.0229322 -0.0275567 -0.0373244 -0.005486 -0.000426256 -0.0111672 -0.00551365 0.0170976 0.00758212 -0.00852399 0.00217436 0.00475853 0.00747601 -0.0154033 0.00581747 0.0101057 0.0119293 0.0178263 0.0280648 -0.00959403 -0.0165057 0.00100695 -0.0178626 0.0341229 0.0161022 -0.00471532 -0.0136452 -0.00535377 0.00399965 0.00374045 -0.00734177 0.0116511 -0.00010585 0.000658872 0.0195643 0.0093644 -0.0221752 0.0127997 -0.00712789 -0.000428558 -0.0056942 0.00257055 -0.0138054 -0.00234927 0.00391992
internal_weight=372.818 95.1 88.321 277.718 32.503 245.215 65.4172 45.2501 42.3649 20.1671 18.5002 13.571 25.5697 4.92927 32.7176 25.3947 9.6473 12.3372 24.2359 81.6104 69.1603 61.0082 8.15219 59.2639 46.3983 44.7103 33.4738 19.3203 12.8656 10.8875 179.797 13.0575 16.1404 5.84198 21.8665 13.389 10.5119 8.55838 14.1535 6.34126 3.43575 167.452 161.614 8.70594 8.47746 9.90076 11.2483 4.01315 152.908 55.8337 27.6792 28.1545 24.1519 18.3724
internal_count=9025 1937 1875 7088 676 6412 1738 1366 1299 372 330 240 559 90 1085 855 214 427 529 1765 1424 1156 268 1126 829 769 520 275 297 272 4674 428 216 98 477 269 224 191 245 146 91 4445 4297 224 208 255 408 159 4073 1543 721 822 640 447
is_linear=0
shrinkage=0.0356217


end of trees

feature_importances:
VVIX_5d_pct_change=134
iv_at_strike_minus_atmf=132
theta=123
morning_spx_directionality=121
gamma=118
vix_z_60d=118
morning_atmf_iv_pct_change=115
iv_term_slope_5d_30d=114
morning_vix_change=105
spx_realized_skew_21d=105
rom_roll_skew_30d=104
entry_log_premium=101
gamma_x_morning_spx_rv_annualized=101
leverage=101
entry_bid_ask_spread_pct=100
iv_at_strike_minus_atmf_x_VIX_VIX9D_spread=98
vega=96
VIX_5d_pct_change=95
spx_1d_returns=93
morning_spx_range_pct=91
entry_bid_ask_spread=88
rom_roll_std_30d=86
spx_10d_returns=85
vix_pcr_21d_avg=85
VIX_21d_pct_change=81
spx_5d_returns=79
jobless_claims=76
spx_252d_rv=76
days_until_next_pce=75
theta_x_atmf_iv_5dte_percentile_252d=75
atmf_iv_1dte_1000=74
morning_spx_rv_annualized=73
VIX_VIX9D_spread=69
prior_day_strategy_drawdown_max_5d=61
iv_at_strike_minus_atmf_wd_rank=47
gamma_x_dte=46
win_rate_30d=35
entry_bid_ask_spread_pct_wd_rank=26

parameters:
[boosting: gbdt]
[objective: lambdarank]
[metric: ndcg]
[tree_learner: serial]
[device_type: cpu]
[data_sample_strategy: bagging]
[data: ]
[valid: ]
[num_iterations: 2000]
[learning_rate: 0.0356217]
[num_leaves: 55]
[num_threads: 4]
[seed: 20260830]
[deterministic: 1]
[force_col_wise: 0]
[force_row_wise: 0]
[histogram_pool_size: -1]
[max_depth: -1]
[min_data_in_leaf: 30]
[min_sum_hessian_in_leaf: 0.001]
[bagging_fraction: 0.568163]
[pos_bagging_fraction: 1]
[neg_bagging_fraction: 1]
[bagging_freq: 6]
[bagging_seed: 3520]
[bagging_by_query: 0]
[feature_fraction: 0.750322]
[feature_fraction_bynode: 1]
[feature_fraction_seed: 25582]
[extra_trees: 0]
[extra_seed: 14767]
[early_stopping_round: 0]
[early_stopping_min_delta: 0]
[first_metric_only: 0]
[max_delta_step: 0]
[lambda_l1: 0.00443373]
[lambda_l2: 0.0998976]
[linear_lambda: 0]
[min_gain_to_split: 0]
[drop_rate: 0.1]
[max_drop: 50]
[skip_drop: 0.5]
[xgboost_dart_mode: 0]
[uniform_drop: 0]
[drop_seed: 20645]
[top_rate: 0.2]
[other_rate: 0.1]
[min_data_per_group: 100]
[max_cat_threshold: 32]
[cat_l2: 10]
[cat_smooth: 10]
[max_cat_to_onehot: 4]
[top_k: 20]
[monotone_constraints: ]
[monotone_constraints_method: basic]
[monotone_penalty: 0]
[feature_contri: ]
[forcedsplits_filename: ]
[refit_decay_rate: 0.9]
[cegb_tradeoff: 1]
[cegb_penalty_split: 0]
[cegb_penalty_feature_lazy: ]
[cegb_penalty_feature_coupled: ]
[path_smooth: 0]
[interaction_constraints: ]
[verbosity: -1]
[saved_feature_importance_type: 0]
[use_quantized_grad: 0]
[num_grad_quant_bins: 4]
[quant_train_renew_leaf: 0]
[stochastic_rounding: 1]
[linear_tree: 0]
[max_bin: 255]
[max_bin_by_feature: ]
[min_data_in_bin: 3]
[bin_construct_sample_cnt: 200000]
[data_random_seed: 4792]
[is_enable_sparse: 1]
[enable_bundle: 1]
[use_missing: 1]
[zero_as_missing: 0]
[feature_pre_filter: 1]
[pre_partition: 0]
[two_round: 0]
[header: 0]
[label_column: ]
[weight_column: ]
[group_column: ]
[ignore_column: ]
[categorical_feature: ]
[forcedbins_filename: ]
[precise_float_parser: 0]
[parser_config_file: ]
[objective_seed: 28250]
[num_class: 1]
[is_unbalance: 0]
[scale_pos_weight: 1]
[sigmoid: 1]
[boost_from_average: 1]
[reg_sqrt: 0]
[alpha: 0.9]
[fair_c: 1]
[poisson_max_delta_step: 0.7]
[tweedie_variance_power: 1.5]
[lambdarank_truncation_level: 5]
[lambdarank_norm: 1]
[label_gain: 0,1,3,7,15]
[lambdarank_position_bias_regularization: 0]
[eval_at: 1,3]
[multi_error_top_k: 1]
[auc_mu_weights: ]
[num_machines: 1]
[local_listen_port: 12400]
[time_out: 120]
[machine_list_filename: ]
[machines: ]
[gpu_platform_id: -1]
[gpu_device_id: -1]
[gpu_device_id_list: ]
[gpu_use_dp: 0]
[num_gpu: 1]

end of parameters

pandas_categorical:[]
