tree
version=v4
num_class=1
num_tree_per_iteration=1
label_index=0
max_feature_idx=28
objective=lambdarank
feature_names=VIX_21d_pct_change VIX_5d_pct_change VIX_VIX9D_ratio atmf_iv_10dte_intraday_range atmf_iv_1dte_percentile_252d atmf_iv_30dte_intraday_pct_change atmf_iv_5dte_percentile_252d days_until_next_pce delta distance_from_max_63d entry_bid_ask_spread front_roll_yield gamma_x_dte gamma_x_morning_spx_rv_annualized iv_term_slope_5d_30d leverage morning_spx_range_pct morning_spx_rv_annualized morning_vix_change prior_day_strategy_drawdown_max_5d rom_roll_std_30d spx_1d_returns spx_252d_rv spx_5d_returns theta_x_atmf_iv_5dte_percentile_252d vega vix_front_curvature vix_z_60d win_rate_30d
feature_infos=[-0.52839210998206809:4.8438162544169607] [-0.42827256425582794:1.6965317919075145] [0.62891809908998986:1.5167853509664293] [0.0036813882916645474:0.2613707868372882] [0:0.99206349206349209] [-0.24318986529363051:0.74536575348065082] [0:0.99603174603174605] [0:44] [-0.55212954179776252:-0.032473547468818587] [-46490.999999999971:0] [0.049999999999999822:29.899999999999999] [-6.7375000000000007:4.8832999999999984] [0:0.033556061189271305] [0.00050198565975699322:0.029708705204148592] [-0.50666580450779986:0.067287322754047196] [12.51586456957032:1073.1554712918908] [0.00081068192656181268:0.047613469070574892] [0.17917490989228085:8.150433863579746] [-17.640000000000001:24.859999999999999] [0:24355.000000000087] [7.1417041269969607e-17:19.770253581632318] [-0.11984050283657066:0.093827657101993367] [0.067700138624190859:0.34896258123526319] [-0.1796662632195084:0.17397425583266291] [-7575.2480668325461:0] [10.153572579096968:166.46298008069991] [-5.3499999999999979:11.264999999999986] [-1.9485290699982638:6.9859947436689716] [0.46666666666666667:1]
tree_sizes=13244 21176 21368 21199 19666 21340 20695 20402 20342 19003 20299 21108 21666 20518 20536 19768 19759 20438 19935 19909 20752 19398 19825 21750 20845

Tree=0
num_leaves=121
num_cat=0
split_feature=8 25 25 8 17 0 22 4 0 14 27 14 16 10 4 0 18 18 6 26 11 20 15 17 14 18 3 15 0 13 4 6 13 13 27 25 27 18 3 23 1 8 0 5 0 15 0 23 7 20 16 21 25 25 17 14 2 2 8 10 8 25 23 8 14 6 21 7 26 7 13 6 3 25 18 15 19 0 0 18 25 7 11 0 13 21 21 6 19 3 16 5 0 16 15 3 4 0 18 3 12 8 8 1 0 16 13 8 15 13 13 19 6 8 6 8 9 10 13 9
split_gain=256.776 31.2565 7.70053 8.55506 7.08015 6.25584 6.21015 5.46336 4.41949 4.31129 4.23136 3.81549 3.57722 5.36796 3.44689 3.6061 3.28411 3.00191 2.93841 2.73018 3.51042 2.63096 2.61407 2.50208 2.33634 2.17327 2.21292 2.14419 2.05975 2.00481 1.86833 3.02059 2.04215 1.84584 1.81814 2.15737 1.73952 1.69144 1.67495 1.6714 2.20509 1.66139 1.63372 1.58705 1.5679 1.54074 1.53309 1.52581 1.49919 1.41769 1.38373 1.34879 1.34103 1.28768 1.25376 1.23265 1.20567 1.33036 1.19554 1.15979 1.11263 1.26694 1.08234 1.11264 0.996481 0.994723 0.910591 0.872112 0.873493 0.844249 0.778403 0.775392 0.750667 0.740633 0.734902 0.690626 0.65668 0.541513 0.526669 0.52327 0.510045 0.501064 0.467378 0.465013 0.394215 0.366052 0.360029 0.425421 0.3215 0.303306 0.302894 0.302211 0.299767 0.292343 0.282712 0.27266 0.267985 0.262284 0.241589 0.236192 0.220011 0.212533 0.379513 0.205024 0.182508 0.175397 0.174974 0.162629 0.153474 0.142365 0.123176 0.114346 0.0916621 0.0885311 0.0724461 0.0656047 0.0613752 0.033108 0.016078 0.0113953
threshold=-0.23628884605021536 46.53356032977937 68.135956589218651 -0.043513774251172747 0.41315365213891481 0.42912951886914458 0.1018064156010209 0.93055555555555569 -0.154555998600545 -0.15449739277179855 2.2218891394209472 -0.0074544748285028375 0.0031863203432271532 0.34999999999999998 0.10912698412698414 -0.19527624575279209 0.34499999999999892 0.51000000000000079 0.95436507936507942 -0.95000000000000095 -0.013636363636363667 1.4444913346882757 473.94019422019591 0.61795045776238122 -0.0076677800670693621 -0.96999999999999964 0.028267234366680879 224.12741401531204 -0.14176821013804922 0.0040657092958384785 0.90674603174603186 0.94642857142857151 0.0023642641444013512 0.0020994212426928296 1.8502795283626177 24.78411292633352 0.58036414546087189 -0.25499999999999895 0.034515974824733377 0.0036456159980587937 -0.11694133457142546 -0.047501790536802084 -0.19527624575279209 0.00074848516320480407 -0.38824226353122676 379.83046410146858 0.67572220603798938 0.018790967192402034 3.5000000000000004 1.0283463300339748 0.0042917523861820935 0.007516193162738328 31.874600780099144 53.444266255404663 1.214661403609677 -0.06540507095579999 1.2175748886271702 1.2480610134436405 -0.046796350079888353 6.4750000000000005 -0.053124594713079114 35.494554451136487 0.01576494480035218 -0.12927300431510644 0.0089133900710457754 0.16071428571428573 0.0046969725826069295 1.5000000000000002 0.10000000000000055 8.5000000000000018 0.0082557996710991583 0.27579365079365087 0.010104992227085054 72.071291639789919 -0.62 77.175921299778778 2674.0000000000059 -0.33702051680693124 0.41252219386339678 -0.18999999999999859 57.814958495865248 6.5000000000000009 0.75044999999999995 -0.27068035367862814 0.0090761683027994772 -0.0094294222476001815 0.014385057329655006 0.053571428571428575 7192.5000000000009 0.016536960815000192 0.0019893624807948338 -0.033438832760056818 0.28012009112784014 0.0081499786008811092 238.49427597696928 0.0068215776615733409 0.57341269841269848 0.60348649067978821 0.044999999999999048 0.01057837488799203 1.0000000180025095e-35 -0.09847169520861053 -0.15185663056456009 -0.071807703973309031 0.032311282545805182 0.0043173670669141182 0.0033945582511244179 -0.25067172180018582 422.98786587062921 0.0077538873862066536 0.0087060026964437473 540.50000000000193 0.68055555555555569 -0.24008081611665091 0.94246031746031755 -0.25311998668875058 -1590.7499999999661 0.70000000000000007 0.0085531157852387959 -4569.7500000000136
decision_type=10 10 10 10 2 2 2 2 2 10 2 10 2 10 2 2 2 2 2 2 2 10 10 2 10 2 10 10 2 10 2 2 10 10 2 10 2 2 10 2 2 10 2 8 2 10 2 2 2 10 2 2 10 10 2 10 2 2 10 10 10 10 2 10 10 2 2 2 2 2 10 2 10 10 2 10 10 2 2 2 10 2 2 2 10 2 2 2 10 10 2 10 2 2 10 10 2 2 2 10 8 8 10 2 2 2 10 8 10 10 10 10 2 10 2 10 10 10 10 10
left_child=1 10 3 6 8 7 62 12 27 43 44 -12 13 24 65 38 67 39 49 59 37 -5 30 69 -6 51 45 -3 -24 82 31 32 41 -33 53 -36 74 66 50 72 95 -11 -43 -8 -1 56 -46 -29 -30 81 64 -26 -45 58 -20 -51 107 -58 70 -7 61 -50 63 111 -16 89 -21 116 -69 -15 -34 -71 -10 -47 -32 -52 103 -55 -35 112 115 -17 105 -70 110 -40 87 90 -39 -14 -85 -9 106 -22 -53 -41 -65 -80 -63 -49 -19 102 -37 -31 -25 -18 -79 -27 -64 -89 118 -2 -73 -82 -38 -57 -4 -77 -72 -42
right_child=2 4 16 21 5 19 9 91 17 22 11 -13 14 23 15 18 29 100 54 20 93 -23 28 104 25 26 -28 47 48 76 36 33 34 78 35 101 114 88 85 40 119 42 -44 52 46 73 -48 99 60 55 75 94 -54 77 -56 80 57 -59 -60 -61 -62 98 108 96 -66 -67 -68 68 83 71 84 79 -74 -75 -76 117 -78 92 97 -81 113 -83 -84 86 -86 -87 -88 109 -90 -91 -92 -93 -94 -95 -96 -97 -98 -99 -100 -101 -102 -103 -104 -105 -106 -107 -108 -109 -110 -111 -112 -113 -114 -115 -116 -117 -118 -119 -120 -121
leaf_value=-0.0057177109641487495 -0.00078448537221486854 0.0088114145930304477 0.00089344638028637942 -0.018317989681221614 0.0093588986785141017 0.023949572365637575 0.012310939857174831 -0.0014844905225641246 -0.011508627651454348 0.039152194095802909 -0.024083592551135749 0.012610380651350402 0.0029013087104280931 -0.013972337236945576 -0.0088369130468486171 0.0041036083024269801 -0.00043948283084365184 -0.014024980655281604 -0.011108259900261699 0.012846956147392348 0.017568296242417483 0.010449393595308193 0.022740306654660886 0.023005260049971929 -0.011426637161276523 -0.039461390100061812 0.0057904984718012264 -0.027456142671474514 -0.011264415486098345 -0.00088950986212585662 0.0066082659011868399 -0.011251665302713995 0.030267822088561418 0.016712788584334195 -0.013802187404206896 0.008519535152608575 0.0038089783336430353 -0.027918402488701161 -0.0024551465821256182 -0.0079493310957663866 0.0021052664389948936 -0.0024843249560491986 0.022033911673537108 -0.018636730496300397 -0.048504457869646217 0.0095719274867655715 -0.004936512759096544 -0.0036142846130545981 -0.011106284149805593 0.0014026535061922403 0.0025630853795526962 -0.0017016550711012257 0.0065699023707835686 -0.0032447178308945297 0.012052802015669051 -0.0074755804900476144 0.010828941317528044 -0.014160182224787352 0.0068342788304594582 -0.0040119265484175517 0.017272469170224344 0.012561484561647882 0.012497329945754908 -0.00061328999836058999 0.0128133735971261 0.013168791586732639 -0.0082310775862813445 -0.0042728965824198727 -0.0011780578345483783 -0.0077797396693327671 -0.00013513318236794839 0.0019291306803217482 0.0073646455251973929 -0.0093226041980270548 -0.010216330922614949 -0.024546860914849689 0.0017592084299350315 0.0011405629979987521 -0.0065917542307909671 0.015051105306474102 -0.038761991896629738 -0.011323039601396504 -0.00461355516918323 0.0073640916021906243 0.014165509772865946 0.013809692107106013 0.00033280578293900994 0.023987231480543717 -0.0023920510290152078 -0.011543268858172752 -0.0045983656085430407 0.016911241950718477 -0.00061204354284510409 -0.00094227577958556181 0.014976627413462215 0.0038991388793097916 -0.016162444607678662 0.0048282050755287936 -0.0013537088652128282 0.0080641988527790087 0.00064421464854371336 0.017241464058347394 -0.0043982023302860957 -0.023581967972452409 0.00096955498242532259 0.013094263146842618 0.015807860705105252 -0.0027565442111883894 -1.3035829608813453e-06 0.00087562672985234393 -0.003881211353603772 0.009028746203813557 -0.0057420835369491035 -0.0034357967080522593 0.020210154266499501 0.00066334825468025997 -0.0061464308370608343 -0.0013825110227107871 0.0041918727792318224 0.032131360737220518
leaf_weight=2.0041958428919306 0.94510197080671765 1.0675159182865197 0.67005637846887112 4.5753743909299365 0.66545428568497911 2.2635083841159935 1.828434832394122 0.4757882123813032 0.88451519049703886 52.075160535052419 3.1314923483878374 2.374615777283906 0.53898159321397476 2.0805009296163899 0.85467274347319433 1.2536012474447553 0.93977075722068448 1.0225724512711154 1.6832566438242786 0.91924824565648922 1.4316523298621171 2.6709013804793358 5.1433554263785508 2.3912390810437505 1.5366826048120921 8.3454332398250681 0.78655709512531835 4.0259522725827992 3.0792459715157738 0.76672675367444743 1.5983855370432136 1.8301152512431134 64.625215146224932 3.9980173986405134 1.3621423467993725 0.98862996883690346 2.3711868347600102 3.0924115413799882 0.7452394536230712 0.79527012258767971 0.55114965303800989 2.6863599494099608 11.002371493726967 2.402460634708405 62.802935785613954 0.66273382585495777 1.7261218931525935 0.51799025479704119 2.9870129134505987 0.6045417021959939 0.48765004845336113 0.50554016046226014 1.2586674597114322 0.91127379518002172 1.071609368547797 1.4814771045930686 0.80440505780279581 1.2482694569043813 5.369149208068861 0.89297625608742226 2.8071868345141393 1.487691334448755 1.567822606302798 1.7998964954167584 1.2862650966271756 1.1143727153539655 0.87289680261164904 0.94851954653859039 0.9365877527743568 0.9690620745532218 0.73848672304302387 0.48049979191273529 1.0848313290625808 0.96661572903394699 2.8366314591839892 2.6617285534739499 0.85147179383784521 1.5544914342463005 0.71240607555955626 1.4831902206642547 39.525857110624194 2.1561051378957927 0.81844748370349396 1.0007023736834511 4.9620362292043865 1.1531327902339397 1.2114732572808851 5.8276318414136767 1.3571769651025531 0.9249460157006979 1.0567937605082987 1.3476253366097797 1.1400196533650149 0.64260446839034546 1.0843979516066609 0.88001498766243458 2.9537537768483162 0.75454713683575392 0.88323882501572359 0.52593375742435455 0.97221088921651255 2.3438227884471416 1.811749739572406 3.7177251731045544 0.78979394771158684 1.3576810937374828 10.762458026409147 0.70419093919917131 1.2393129039555786 0.59161235392093647 1.0719773508608339 0.94835867825895548 0.3476925902068615 0.81277346564457431 4.5378464898094535 0.57354414183647051 0.68432957492769009 0.53360839374363411 0.80793126486241817 5.0147534811403611
leaf_count=25 25 37 23 37 32 105 39 19 32 432 61 16 33 57 21 32 33 24 42 31 52 25 91 74 44 276 23 117 41 24 25 11 1176 65 12 29 36 75 23 18 23 25 84 21 917 40 20 27 40 16 15 34 37 27 40 51 31 46 43 19 23 45 28 22 71 39 36 38 43 34 25 38 42 32 41 119 34 36 16 42 1128 75 25 32 216 51 36 219 40 33 34 64 33 26 39 31 40 30 18 21 24 22 41 96 35 46 415 32 23 24 32 37 18 30 77 28 23 25 32 174
internal_value=2.84463e-05 -0.0280483 0.0218579 0.0236237 -0.0168253 -0.0200717 0.0247943 -0.0229214 0.0018952 0.0259578 -0.044481 -0.00948862 -0.0242529 -0.0117766 -0.0287102 -0.0302957 0.00280468 0.0127869 -0.0334002 0.00185824 -0.00782105 -0.00774385 0.0267242 0.00728337 -0.0208337 -0.0234777 -0.0280254 -0.0153758 0.0108772 -0.0104553 0.0279105 0.0288351 0.029742 0.00535805 0.0245844 0.0048343 0.0103926 -0.0179977 -0.00623532 0.0195716 0.0247117 0.0358151 0.0176859 -0.00140589 -0.04675 -0.0309316 -0.0476587 -0.022021 0.0013007 -0.0351937 -0.0132915 0.000583812 -0.0109676 0.0257493 -0.000353658 -0.0368114 -0.0342542 -0.00367147 0.0276672 0.0180625 0.0080276 -0.00172467 -0.000591101 -0.00701215 0.00400946 0.00352621 0.00388728 0.0118705 0.0144012 -0.00590011 0.0288228 0.00377298 -0.00301625 -0.000302483 -0.00388275 -0.0204216 -0.0188385 0.0119695 0.0131776 0.0104295 -0.0374272 -0.00641579 0.00624648 0.016734 0.0107829 0.00993752 0.0183351 0.0200351 -0.024662 -0.00788741 0.00215534 0.0142543 0.0134731 0.0148108 0.0121115 -0.00325775 -0.0130717 -0.00141067 0.00962955 0.00390204 -0.0109896 0.0134026 0.00233318 -0.0218305 0.0209549 0.0106055 0.0146372 -0.0381976 0.0100154 0.0229461 -4.13965e-05 0.00676532 -0.0032811 -0.038389 0.0177932 -0.00617935 -0.00448785 -0.0234677 0.00342316 0.0311533
internal_weight=430.803 187.994 242.81 221.43 115.954 98.6115 214.184 87.139 17.3427 204.73 72.0394 5.50611 85.3156 25.8523 59.4634 56.8851 21.3795 11.2053 49.1628 11.4725 8.31599 7.24628 199.24 8.54198 17.3103 16.6448 13.5182 6.13739 16.3877 8.45182 182.852 171.508 164.213 7.29509 98.4494 6.50634 11.3441 6.24173 7.7223 9.21053 7.24119 65.7639 13.6887 5.48956 66.5333 12.7316 64.5291 5.06988 11.2444 46.4079 5.82392 3.12662 3.66113 91.943 2.75487 42.9982 11.1023 2.05267 77.5748 3.15648 8.16513 5.35794 9.45425 6.64711 2.14094 2.5783 1.79215 12.9277 11.5733 5.36095 72.2056 3.28044 1.96935 1.62935 4.43502 3.68299 5.33592 14.3682 5.46497 2.31138 42.3937 3.40971 3.1159 10.6248 7.58043 1.89837 9.68821 8.47674 4.44959 1.46393 2.0575 1.82341 13.457 2.07426 1.58994 1.67529 4.75365 1.46695 2.37093 1.04392 1.99478 5.1442 2.80038 4.48445 3.18103 2.29745 12.3169 9.04962 2.80714 6.41924 2.6184 1.89346 0.828192 40.3386 6.90903 2.05502 1.35439 3.19534 1.54642 5.5659
internal_count=9178 4875 4303 3573 3836 3266 3511 2882 570 3336 1039 77 2799 927 1872 1767 730 368 1442 384 260 62 3239 298 629 597 480 202 258 258 2981 2802 2680 122 2139 104 179 182 325 320 246 541 109 97 962 457 937 165 167 1360 251 117 58 2035 82 1253 385 77 1524 124 126 103 175 124 92 105 67 472 426 189 1481 132 74 72 66 159 154 511 111 98 1237 107 104 388 305 74 345 309 115 66 66 83 484 78 73 49 62 46 63 48 48 92 70 120 109 79 451 308 51 243 89 62 56 1158 113 79 46 144 57 197
is_linear=0
shrinkage=0.0323284


Tree=1
num_leaves=196
num_cat=0
split_feature=8 8 8 16 27 14 13 17 8 26 0 7 17 23 24 22 0 25 16 26 25 8 18 11 5 10 10 3 6 13 8 18 4 1 5 8 8 3 13 19 11 0 8 25 5 14 13 14 13 9 20 22 21 25 6 16 5 7 13 11 11 1 4 9 18 20 21 0 26 20 6 23 16 0 12 27 13 14 1 22 0 16 7 20 20 9 9 3 18 1 17 7 21 0 20 21 8 5 13 21 10 25 11 24 6 7 13 26 0 19 25 5 7 21 0 8 13 27 6 8 7 13 20 5 7 18 9 21 8 25 5 0 10 8 6 27 0 4 27 24 16 8 7 16 1 22 20 22 21 23 22 5 14 8 19 18 17 4 5 5 13 24 17 0 24 27 25 22 5 2 3 2 5 5 16 20 10 26 24 7 20 5 14 7 0 8 3 1 13 18 11 23 13 6 12
split_gain=811.32 97.3331 41.1818 36.916 29.0308 30.4134 23.8628 50.6863 29.4121 22.4879 20.7086 19.5024 19.1396 16.3749 21.5569 18.2917 14.814 14.3905 26.579 18.5032 14.3001 14.2546 16.475 13.7957 15.856 13.1174 11.3058 10.3257 11.5775 10.1972 18.1057 10.1717 14.4233 11.3635 9.82823 9.82769 10.736 9.24006 9.91754 10.2629 14.0822 12.5228 11.864 8.92787 14.4349 18.2212 14.4507 8.65922 8.51634 8.38202 10.3893 11.4892 10.4797 8.37111 8.34344 9.0226 8.27944 8.21418 7.82757 10.672 7.7555 7.62378 7.44358 7.40511 7.55836 7.40286 7.37294 7.33115 7.26946 9.41316 7.15304 7.68562 7.13687 7.07476 7.50612 9.83269 8.00982 6.91078 6.85823 6.82422 7.53181 6.66415 6.64609 6.6453 6.49884 8.20503 6.22995 7.38421 6.98332 6.1626 7.23799 6.13785 6.08487 5.92441 5.91287 10.3721 5.88267 5.42129 5.53672 5.30527 5.17624 5.16739 5.12667 5.02274 4.99924 4.85177 4.84941 4.8177 6.6708 4.71839 4.79094 4.65202 4.63496 4.50121 4.44223 4.95795 4.36821 4.36 7.73293 4.32549 4.22848 3.98758 8.20216 7.16331 6.29079 3.85173 3.67078 3.59589 9.21977 6.1023 4.49489 3.56522 3.55712 3.55385 3.48415 3.47226 3.41006 3.38074 3.37445 3.12778 2.86109 2.81914 3.37035 2.79215 2.74755 2.70213 2.59092 2.53694 2.41686 2.41123 2.33538 2.32797 2.32372 2.31857 2.31739 2.30332 2.29057 2.28339 4.94387 3.93404 2.23523 2.20975 1.93385 1.91917 1.91847 1.80729 1.71122 1.68408 1.63353 1.54224 1.52215 1.46169 1.33401 1.29947 1.27914 1.25831 1.21012 1.19281 1.13268 4.57114 1.59898 1.11105 0.856156 0.834946 0.804636 0.604188 0.604051 0.603446 0.568412 0.54424 0.317841 0.308455 0.305332 0.130994 0.0265195
threshold=-0.40793841542426396 -0.41937640457503833 -0.27747726852272542 0.0033469255985083116 2.0167164608774266 0.0029456864653807928 0.0024980507587115141 0.42788202309786466 -0.051674872860949288 -0.76345000000000407 -0.11791835528537652 2.5000000000000004 0.56089994281954614 0.019590709377754315 -349.55112044781873 0.1018064156010209 -0.17550614329837425 24.78411292633352 0.0040524802221008271 0.10000000000000055 57.595628257245885 -0.047501790536802084 -0.71999999999999964 0.18735000000000002 0.049187028895783864 0.10000000000000099 0.14999999999999999 0.017113561422784158 0.45833333333333337 0.0016889643584846411 -0.045192257464497058 0.37500000000000006 0.37500000000000006 -0.098763830286493701 0.071890485934470685 -0.051996105859887447 -0.24647809010380548 0.0059759898283329111 0.0049333869686695184 10599.000000000024 0.71608333333333285 -0.30266596067998558 -0.43459299270265533 53.181385413108465 -0.031071081510372963 0.011788460141113137 0.0025869743300224331 -0.013817856550044414 0.009364688178558617 -14401.500000000031 5.5452918767066679 0.13170172543211967 0.0031056149468833287 39.177707989982125 0.56150793650793662 0.004812049088060791 -0.068443649419472216 5.5000000000000009 0.0040657092958384785 0.049724999999999915 0.14395500000000022 0.12667699011338454 0.72023809523809534 -11209.75 3.02 2.1389687074333286 -1.0000000180025095e-35 -0.38824226353122676 1.9809999999999983 1.4814324578679621 0.29166666666666674 0.015454217333139232 0.0026806536559346914 -0.082613393542776956 0.0084044896951664134 0.25164760907423872 0.0040657092958384785 -0.10372716766657895 -0.053563446702275301 0.31124489200612049 -0.086767518021300324 0.0046998086885440288 10.500000000000002 3.1838689525524428e-16 1.4546275977188616 -29214.999999999945 -23171.750000000029 0.042886772861182559 3.9399999999999999 -0.0015332220492043633 0.37282807059557882 18.500000000000004 0.0064619784692462332 -0.27328604020840036 4.9716108389668863 0.0028209306752755574 -0.084035327236557253 -0.01987748551886109 0.0048904206968925596 -0.02590077425697301 0.15000000000000011 44.447715616461949 -0.041254901960784081 -34.04290116764966 0.51785714285714302 6.5000000000000009 0.0032401493807086399 1.0000000180025095e-35 -0.21923875405341173 88.5000000000082 30.797083825331658 0.014958529311988935 5.5000000000000009 0.0052202929358251557 0.17828361049248034 -0.30121011091376237 0.0071221567701076141 -0.20565004940784634 0.35119047619047622 -0.20190033988839581 17.500000000000004 0.0084015598944114298 3.5060376306553498 -0.070510917884330213 5.5000000000000009 0.18999999999999953 -423.24999999993446 0.0062112787462883521 -0.053124594713079114 31.281684354580403 0.10415280419856245 0.55621778092185103 0.29999999999999943 -0.10743214720912085 0.8670634920634922 0.45665948262012468 0.040996531793034648 0.36706349206349215 0.22463403981005384 -95.811817377977434 0.0056768062121723036 -0.42258004960974183 1.0000000180025095e-35 0.0046268025793409122 -0.047181568756429086 0.15126152835242238 1.6949756284266362 0.10123068202100545 0.0077077126451162723 0.0090444863954392014 0.17541605146161868 -0.020563851647558026 0.023595793800503351 -0.050845018725457096 1.0000000180025095e-35 -0.94000000000000028 1.0827800483717844 0.48611111111111116 -0.020563851647558026 0.078837751381103507 0.0084964406511097833 -2618.5169423180519 0.58945609808783728 -0.15205389898167612 -95.811817377977434 0.70798651215817654 81.889061198560768 0.14461082046934962 0.021436747674878468 0.94028566855608642 0.023049301770951835 1.0260695316039603 0.071890485934470685 0.17631371960806755 0.0050667995437864719 1.882394220486767 0.20000000000000001 -0.4362000000000012 -81.254781890202509 10.500000000000002 1.2753503930610801 -0.046899267761921763 0.036814196710314169 5.5000000000000009 -0.15026881720430105 -0.40499661072224019 0.061425595443753277 -0.16709454473964971 0.011709758251427489 1.0449999999999993 1.7474999999999998 0.019819987546653709 0.0092723656564706013 0.19246031746031747 0.0071240475736002486
decision_type=10 8 10 2 2 10 10 2 10 2 2 2 2 2 10 2 2 10 2 2 10 10 2 2 10 10 10 10 2 10 10 2 2 2 10 10 10 8 10 10 2 2 10 10 10 10 10 10 10 10 10 2 2 10 2 2 8 2 10 2 2 2 2 10 2 10 2 2 2 10 2 2 2 2 10 2 8 10 2 2 2 2 2 10 10 8 10 10 2 2 2 2 2 2 10 2 10 10 10 2 10 10 2 10 2 2 10 2 2 10 10 8 2 2 2 10 10 2 2 10 2 10 10 10 2 2 8 2 10 10 10 2 10 10 2 2 2 2 2 10 2 10 2 2 2 2 10 2 2 2 2 10 10 8 10 2 2 2 10 10 10 10 2 2 10 2 10 2 8 2 10 2 10 10 2 8 10 2 10 2 8 10 8 2 2 8 10 2 10 2 2 2 8 2 10
left_child=1 13 3 10 67 81 7 8 89 114 12 16 111 15 79 -1 65 18 25 20 49 47 -23 24 77 27 -20 28 153 152 -31 33 160 57 120 36 116 -17 -39 40 41 -40 112 44 45 -25 -46 62 73 138 51 52 165 -52 60 135 -53 -12 59 -38 -26 93 -9 -57 167 -8 -55 -3 69 101 71 164 -67 97 75 76 149 -21 -24 134 -81 -6 -14 139 105 156 -22 92 -89 90 -4 107 169 -48 121 -96 137 98 -45 -87 144 -60 -64 140 -77 -72 -27 108 -58 127 -111 155 -42 -59 -5 -116 -18 126 145 -76 -28 146 123 -123 -125 -126 132 130 -129 151 190 -41 -69 -47 -15 -56 163 -61 -19 143 -95 142 -43 -79 -99 -119 178 -120 162 -75 -110 -130 -10 -13 191 188 -86 158 181 -160 -33 -144 -35 -50 193 -51 -106 -65 -71 -88 -107 -34 -170 185 -156 -16 -97 -94 179 -85 -181 -101 -102 -112 -157 -159 -93 -187 -2 -148 -49 -78 -140 -11 -100
right_child=2 4 6 9 5 -7 11 21 29 70 31 17 82 14 175 37 35 19 26 23 86 22 78 43 54 106 34 -29 -30 30 -32 32 171 148 -36 -37 58 38 39 131 42 141 -44 48 46 133 61 109 136 50 53 56 -54 66 55 63 91 113 68 96 -62 -63 102 64 -66 72 -68 117 -70 168 84 -73 -74 74 119 104 154 83 -80 80 -82 -83 -84 94 85 99 87 88 -90 -91 -92 186 177 103 95 176 -98 100 194 157 182 -103 -104 -105 166 170 -108 -109 150 110 183 -113 -114 -115 115 -117 -118 118 147 -121 -122 122 -124 124 125 -127 -128 128 129 -131 -132 -133 -134 -135 -136 -137 -138 -139 192 -141 -142 -143 161 -145 -146 -147 189 -149 -150 -151 -152 -153 -154 -155 174 184 -158 173 159 -161 -162 -163 -164 -165 -166 -167 -168 -169 172 -171 -172 -173 -174 -175 -176 -177 -178 -179 -180 180 -182 -183 -184 -185 -186 187 -188 -189 -190 -191 -192 -193 -194 -195 -196
leaf_value=0.027212960709197865 0.0039058970449679922 -0.017054922791638255 0.039784224746357323 -0.0063379215505402165 -0.0050274625038489286 0.032651439297030196 -0.0024421575269345307 -0.010773179173751323 -0.042992579085765002 -0.026972037792692694 0.028975276664716269 0.016909164599450487 -0.0085280675961842394 -0.039377121159326615 0.03884959715639557 0.016254530388736681 -0.0070587002107406187 0.0020896974102289109 -0.0024968757281459012 -0.0042092529464682893 0.015546160627744252 -0.020585128173618628 0.0021818624859327993 0.031940032430777636 0.037208778384598816 -0.0076921637944932716 0.044561662198553779 0.025581234507603492 -0.02618704565994923 0.02510768366572904 -0.031304688304792438 0.0006215030892724329 0.0041065096323069997 0.047316170517631949 0.00039509039424948566 0.025394171630831072 0.025067979300875325 0.016756993595840371 0.0066567853101216672 -0.010700436590108563 0.0041610973416321296 -0.0084175093962310741 0.028837806881390295 -0.015554513009406759 -0.018955741697972411 0.0016991444803974808 0.0006243172157487111 0.04706440757551715 -0.0012415515045061953 -0.0095580771184278195 0.040523652123314366 -0.018027665581919785 0.0096475883735789407 -0.015892751531499237 -0.032321680172030083 -0.012805684001962886 -0.0056947930905121256 -0.027470254355694869 -0.014492228006628157 0.01781181239501763 -0.0010165960743523932 -0.0017150917679514762 0.0035146978210754956 0.0053360867313292232 -0.011481141567453081 -0.0034802554769042091 0.026225964043729771 0.0015827589153631992 0.010391259964437021 -0.039954073595991756 0.018071527121253143 0.024135343108286574 0.042022687072127099 0.020411531740542218 0.032635190677998499 -0.0091170332249477237 -0.032640618931788032 0.026033474679456325 0.035679296337077226 0.019141165885336372 -0.022489400312789485 -0.040560331396965785 0.033871668199395348 -0.0093210422261956125 -0.010752875534046755 0.0059674421082514684 -0.0062920385231440331 0.030345741771907658 -0.018024825635189146 -0.0016498619150638748 0.00025371793189851423 0.0019907908836725762 0.013837918047260598 0.046182288186193077 -0.018015480377740336 0.035432843253347043 -0.034958531340173821 -0.011962557965909853 0.022367695334472054 -0.003752343617025436 0.039999324717800475 0.025940726625905932 0.034375615248662506 0.0074831883380810475 0.03658127898287622 0.0039620853449688024 -0.040459016790036162 -0.006102700975135939 0.038261276336831809 -0.0050073036201905103 0.00787496028635668 0.0056506411539014867 -0.031484602971658948 0.010788703941869784 0.03815908433140968 -0.0028623954166702406 0.026895536690287596 0.0030158496391326076 -0.018198923926907588 -0.0045860817246682652 0.013312217397380945 -0.0088682616509425001 -0.01325555661718027 -0.0039228624753939369 0.040722005616721874 0.0039668237154070196 -0.056477175949692829 -0.0017124681073519253 0.026458379541662375 0.048926130352947857 0.014630644644339436 0.020570034949360487 -0.0333908488534643 -0.028083145784986805 -0.0022079977680316784 0.0039127470314131311 0.0088325986176486827 -0.011960272259971733 0.0410919592772057 -0.012469464982654114 0.010926981897616291 -0.0055417425497321302 -0.0059127823852686955 -0.0055017434447004751 0.016649104937496162 -0.022702374871854475 0.040660947903778 -0.045873667828233253 0.0088997096138110805 -0.0063943778454011758 0.0085848297252164966 0.0044786577749161439 -0.01207725661322539 -0.0029766149118757713 0.006783827714295333 -0.038959335387778876 0.016892770545213438 -0.0098053920688262446 -0.03395146610038291 0.006656215847504047 -0.034315272740710737 -0.039503767785687899 0.011627124930557453 -0.028910033781766927 0.0037661650144304457 -0.033904707063747999 0.0038143025508571363 0.037584242405323466 -0.00020648351324676741 -0.035393929732508114 -0.02142706104895126 0.034444943907879839 -0.021968602827149027 -0.0051608051906784922 -0.013262692718791748 0.0088522083368307077 0.0045659627223136202 -0.0067177413009443139 0.030803507579815974 0.02635445150469766 0.00069705518024415708 0.019049798497094379 0.0070260549102356606 0.032590394287125006 -0.0070945914932200541 -0.010791257462808089 -0.012068293686701379 -0.041189683974886503 -0.010964057224218055 0.012462484227023275 0.021283815712730865 -0.0093921516988835895 0.013187632862988794 -0.006165112197153608 0.0049521403127546614
leaf_weight=5.3604490645229808 2.4248103722929981 12.449469666928051 14.528659638017421 3.8292757570743552 8.9789453893899935 7.5901803672313681 9.2812003530561942 6.7041284739971188 11.471683025360109 2.8911483064293853 3.8574295192956907 10.226622961461542 3.8562467619776717 6.8303591199219245 8.7008269354701007 3.9278754852712146 4.3012530915439111 4.2714366316795376 16.639945946633816 5.4547276571393004 5.0831333324313155 9.8307100534439069 10.753185898065567 7.7417730540037182 11.59616117924452 9.9576289448887128 20.635574616491798 9.6517442390322667 14.974917884916065 9.3586902767419833 7.5162998884916297 2.319782078266142 3.5086144227534533 25.627086749300364 10.364388134330509 5.8772500380873671 8.1308953240513819 3.7600550651550284 6.9179957658052436 4.3262132890522462 5.0759816616773623 6.5314594507217398 5.5324333682656279 6.2289579622447473 4.0411209464073172 5.3626679107546851 4.6968121677637091 85.251101089641452 3.9412825442850581 9.1610908024013096 12.01782611757517 5.5150508731603622 11.849992290139197 6.7038461901247501 6.7996233627200109 7.919393114745616 4.4984760917723206 5.0794006809592247 3.4252166859805575 3.8475654944777471 8.453181177377699 5.8770394846796981 9.9446228817105329 3.5420305579900768 3.8692137598991385 4.0418333560228339 4.0494817867875081 3.6230611354112616 4.7124667912721625 17.969346940517429 4.7171472534537298 5.3796580247580996 11.68718199059367 4.7457098290324229 7.3648864477872849 3.3663922771811476 10.916264016181232 3.9786634966731071 14.251414962112904 7.8014272227883339 4.0919080413877946 17.672625260427594 8.9732510857284051 4.6588234901428249 2.4098313674330711 2.9138047471642414 4.115791644901047 3.5665542781352988 2.4851331263780594 8.8454300761222822 6.6921751555055371 4.0646190531551829 2.5603637620806694 37.001669738441706 6.0051019955426437 4.4838658720254898 4.6258278191089621 3.5697362720966339 3.1777674145996571 2.2061745785176758 13.935177661478518 3.0468897521495819 12.859510738402602 6.4661382511258116 4.7789817005395872 2.1127058006823063 11.214592374861239 4.0598634257912627 18.030318962410096 6.2523066848516491 5.0787999778985959 3.7018238268792656 6.1183799877762794 2.7166885323822498 8.0840703099966031 3.5447400063276282 7.4238355606794357 5.8488553911447507 10.194010073319076 3.529558524489401 10.543060772120951 3.9627408757805815 4.375026846304535 4.0483692251145866 22.011510981246833 4.3122467398643485 148.15651102736592 9.2311137020587903 10.691957101225851 14.217263847589491 9.7259681373834592 4.2970121130347252 8.6587511859834176 10.748316489160057 4.1447515115141869 2.8102537617087364 2.9773043394088736 5.2094608768820763 10.07543625682592 4.0469677671790105 5.3402864485979071 4.6039671227335921 3.5100086294114581 3.1131211072206497 3.5201247744262245 7.1927954778075218 93.513223424553871 100.90417687036097 4.4813170172274104 3.8073966987431049 6.0363521836698046 10.520018860697748 7.5335810706019393 9.3938415888696927 3.4740812480449668 10.079273553565146 3.6512882616370916 3.6150292754173279 6.182410886511212 1.9875697977840898 4.6622403673827648 79.421327988617122 4.634956829249858 7.0661139599978915 2.9506722353398791 10.20449388027191 3.2404226250946522 8.2364208810031396 3.6583981849253169 14.593544997274874 4.9373238887637854 4.2198780309408903 13.681537564843891 2.595216453075408 3.2008436024188995 4.6319372355937967 3.0327377133071423 2.7172495462000361 14.766690645366905 10.654266733676192 3.3527511991560468 1.6794675271958102 2.688064310699704 6.6588882133364677 2.8482451625168279 3.8107168264686981 3.8918908182531595 33.654146285727627 2.3176995292305946 4.6385989412665358 9.1583028137683851 4.5655825249850741 5.2255443669855604 3.2376637794077396 2.7266300357878208
leaf_count=35 30 32 48 29 19 9 41 16 26 25 21 22 34 45 46 21 27 36 40 35 38 38 33 34 92 30 50 24 32 24 26 20 29 160 35 13 41 23 42 31 23 30 22 32 8 32 23 197 29 43 62 29 30 37 32 33 34 38 19 23 33 21 38 18 24 15 31 23 21 87 23 41 71 29 42 24 61 26 54 37 27 76 48 18 25 20 18 38 15 20 28 31 18 195 31 26 10 25 27 33 102 26 39 32 36 29 21 17 81 21 23 40 45 27 49 28 39 24 26 28 26 38 25 33 147 40 553 43 25 25 20 18 60 36 24 43 27 33 35 20 26 43 26 22 36 26 520 404 42 24 43 28 25 23 31 88 42 19 63 27 45 522 29 45 34 39 19 64 30 83 43 26 71 23 21 21 26 27 60 78 20 23 20 26 32 36 13 294 14 19 22 31 34 33 17
internal_value=-2.20422e-05 -0.0346914 0.0132289 -0.000225478 -0.0449554 -0.0148203 0.0156236 0.0235218 -0.00144074 -0.0131141 0.014114 0.0127194 -0.00569542 -0.0148215 0.00422254 -0.0197514 8.94198e-05 0.0146493 0.00444829 0.0167172 0.00688126 0.0305597 0.0101796 0.0200662 0.0250517 -0.009481 0.0197604 0.000973313 -0.00761787 -0.0203223 -0.00107598 0.0249104 0.00101884 0.0318736 0.0281782 -0.00638236 -0.00969216 -0.0222812 -0.0238448 -0.0254774 -0.0279239 -0.0323317 -0.000304691 0.0130779 0.0205229 -0.000927888 0.0282175 0.0339318 0.0062852 0.0121444 0.00776549 0.0017107 -0.0126213 0.025327 0.00862831 -0.00164587 0.0116279 0.00295859 -0.0146051 0.00133624 0.0233418 0.0323143 0.0151484 0.0091578 0.0205964 0.0203689 0.0025126 -0.0482139 -0.0216558 -0.025803 -0.0192407 0.00135178 0.0318225 0.0100335 0.00216296 -0.00439276 -0.0136537 0.0291877 0.0233326 -0.0143788 0.00293524 -0.0305838 0.0220226 0.0301815 -0.023025 -0.026852 -0.0105154 -0.0161027 0.0111355 0.020853 0.0291403 0.0167828 -0.0235296 0.0359311 0.0316333 0.00833391 -0.0150005 0.0204262 0.00186432 -0.0303935 0.028444 0.0069559 0.0232 0.0390532 0.0178918 -0.000626307 -0.028357 0.022535 0.0268357 0.0368711 0.0163023 -0.0231064 -0.0181818 -0.0149104 0.0197919 0.0278838 0.015673 -0.0493507 -0.0411672 0.0223883 0.0364284 0.0332753 0.0205918 0.0257439 0.0307195 0.0358889 -0.0546594 0.0389213 0.0266811 0.0335701 0.0431224 0.0063111 -0.0250083 -0.0196337 -0.0293073 -0.0235027 -0.0147372 0.0021168 0.0299205 0.00436177 0.0429231 -0.0353384 -0.0366009 0.0149397 0.00303347 -0.0129681 0.0363699 -0.0439745 0.0403995 0.0100772 0.0328752 0.0177598 -0.0345573 0.00837573 -0.0229492 -0.0290795 0.00596519 -0.0325405 -0.0138002 -0.0250249 -0.0263734 -0.0383839 0.0436413 -0.0217245 -0.0151056 -0.0256448 0.028571 0.0313663 -0.0318999 -0.0310159 -0.0150131 0.0262955 -0.0181992 -0.0362906 -0.00406868 0.0324743 0.0284359 0.0047773 0.0234307 0.0136187 0.0216018 0.0104476 0.0368421 0.0262023 -0.0349786 -0.0376885 -0.00646091 -0.039298 -0.0049105 0.0398092 0.0454226 -0.0288119 0.0358305 -0.0222716 0.0192095
internal_weight=1838.66 506.854 1331.81 201.699 331.269 34.2418 1130.11 297.076 65.9465 106.39 95.3087 833.033 34.2014 175.584 36.2012 139.383 110.92 722.113 123.602 598.51 154.777 231.129 34.8353 443.733 253.636 65.4193 58.183 44.2471 34.5954 35.8803 16.875 61.1074 14.7105 46.3969 41.543 85.9099 80.0327 134.023 130.095 126.335 117.712 100.985 16.7268 190.097 87.2758 23.8528 63.4231 196.294 102.821 119.656 100.083 77.3121 31.2156 22.7712 53.2263 33.1769 46.0966 11.6535 68.3076 21.8137 20.0493 59.3819 29.5083 23.5671 15.6477 25.0102 10.7533 297.028 46.4939 41.7814 90.932 14.4591 15.729 88.8366 52.9901 42.0957 30.7099 200.409 25.0046 22.8684 11.8933 26.6516 12.8295 194.955 76.4728 64.7057 35.1218 30.0386 6.05169 30.0663 21.2208 40.5815 23.9869 53.5049 183.816 13.5217 13.6829 35.8465 12.1334 58.6445 23.7131 6.47211 22.8041 48.8081 11.3858 11.7672 21.1722 32.625 28.5651 166.786 17.99 21.3719 11.1944 7.79609 15.4581 11.6288 11.7251 284.578 124.14 10.8944 31.1786 170.294 38.7099 34.3349 30.3721 26.3238 160.438 148.796 44.6604 35.4292 104.135 8.62323 12.2818 16.111 10.9751 9.60988 13.9847 9.05703 19.5724 11.1388 42.342 94.0668 89.4628 7.09178 7.08986 13.0417 131.584 111.098 34.7434 8.55311 24.0667 21.212 19.0053 19.6205 22.1568 17.67 6.06112 55.7307 12.0556 8.16998 6.98202 82.9313 30.262 11.0074 9.07948 19.3656 8.0194 11.7785 35.3093 18.7093 7.05003 7.72849 17.3399 43.6751 6.67492 13.3328 7.5166 5.27761 33.4325 18.6658 14.007 3.88564 16.6232 11.7377 12.9275 41.0799 7.95651 37.4649 4.74251 98.1518 94.4094 15.4818 15.301 6.12881 5.9044
internal_count=9178 2333 6845 1662 1252 104 5183 845 197 939 723 4338 286 1081 200 881 567 3771 303 3468 832 648 125 2636 1523 152 151 101 77 101 50 437 120 317 111 440 427 846 825 802 753 663 90 1113 407 102 305 523 706 595 490 360 112 130 339 214 248 86 361 107 125 297 93 139 106 127 68 1148 254 233 833 133 86 605 346 276 197 1184 87 133 64 95 82 1149 700 605 237 199 53 96 76 219 146 276 1081 83 66 259 76 538 183 45 77 253 79 95 51 175 158 430 70 204 68 65 106 77 66 1116 480 70 76 998 283 258 220 187 636 360 121 78 239 49 83 68 69 75 101 56 105 68 221 621 578 48 61 50 715 430 231 53 124 53 51 45 144 164 67 518 146 90 65 548 189 74 92 82 55 82 188 101 72 55 101 372 52 67 52 45 176 116 98 56 122 49 120 349 44 330 44 539 219 92 69 58 44
is_linear=0
shrinkage=0.0323284


Tree=2
num_leaves=198
num_cat=0
split_feature=8 8 8 8 27 17 23 27 16 4 1 15 4 16 0 2 0 11 0 0 9 24 4 25 26 14 0 7 3 11 2 5 8 20 11 0 22 8 4 24 2 27 13 11 13 4 14 12 23 24 6 0 6 18 2 23 7 8 18 18 1 13 0 6 0 14 5 2 22 24 7 26 27 5 17 26 1 24 3 16 4 7 4 18 18 3 0 17 25 27 7 22 21 22 15 27 0 0 6 18 3 4 2 26 20 16 15 24 13 19 9 4 16 9 5 15 15 21 24 21 3 4 15 6 23 21 4 8 20 7 8 18 21 4 21 8 0 4 1 16 8 22 7 25 3 3 11 15 25 2 3 16 2 5 8 2 25 21 5 25 3 18 5 3 17 15 11 11 7 3 8 6 7 2 12 5 23 1 8 14 25 21 18 1 15 25 3 18 0 8 25 21 2 2 2 8 8
split_gain=524.064 77.1313 57.0604 29.2437 25.058 24.6887 21.8797 19.1807 17.4072 15.1732 16.5138 15.2633 14.1469 18.0137 17.151 16.3669 13.7979 13.6282 13.5854 13.1636 13.12 12.5237 12.114 12.2345 11.905 12.3835 12.6148 11.2519 11.1046 10.8201 10.67 10.4423 9.4023 9.31603 9.08082 13.2332 10.3864 8.9288 8.92011 8.87197 11.5999 8.44387 8.32584 8.20142 8.48499 7.98922 14.851 13.9842 20.4266 13.3012 12.1336 9.80721 9.78001 11.7467 11.4107 8.6639 11.3469 10.5084 10.1129 10.5787 11.2669 9.35914 8.58166 8.24688 8.22785 8.19481 7.78262 7.58917 7.53953 7.49146 7.41771 10.1574 7.35019 15.6558 7.16774 8.57556 8.23164 7.66346 7.34606 7.16194 7.09858 6.7152 6.60801 6.53798 8.50827 6.11447 6.08431 6.07894 5.80062 5.69456 10.1903 6.31553 5.64966 8.59467 5.51012 5.73078 5.52937 5.43993 5.41072 5.40377 7.33706 5.38741 5.37348 8.07242 5.33469 5.39376 5.17476 5.63102 5.13449 5.06191 5.04744 5.04387 6.28346 5.79469 4.97613 4.85874 4.77759 4.77451 4.74497 4.58148 4.39466 5.5668 4.24824 4.04427 3.97224 3.96763 3.96627 3.96519 3.95016 3.91735 3.874 3.75874 3.7542 3.68467 3.63807 3.59524 3.56262 3.50297 3.43021 4.13846 3.94045 3.76859 3.37007 3.14794 8.90751 4.517 3.57444 3.05015 2.90253 2.86865 2.83786 2.75842 2.7446 2.71985 2.71906 2.71675 2.61774 2.57422 2.43799 2.27831 2.25227 2.23068 2.08572 1.97518 1.97222 2.65024 1.95217 1.8247 1.75664 1.61582 1.57973 1.29222 1.26087 1.1653 1.13393 0.938184 0.93014 0.879239 2.89595 0.830581 0.781032 1.07464 0.737182 0.643082 0.547975 0.541961 0.444604 0.433472 0.372936 0.332331 0.245823 0.107039 0.0993443 0.227006 0.851997 0.0251646 0.204175
threshold=-0.40793841542426396 -0.41937640457503833 -0.16696104178400642 -0.044519035407925338 2.0167164608774266 0.41572316975509715 0.019590709377754315 2.843741154810683 0.0044715098117701167 0.89087301587301593 -0.04658565503958239 517.9945251781204 0.79166666666666674 0.0034627466315079835 -0.15205389898167612 1.0558166556342692 0.42912951886914458 0.13581047619047612 0.19980336983642569 0.42912951886914458 -9822.2500000000418 -349.55112044781873 0.6527777777777779 98.895036536397257 0.10000000000000055 0.018756372706006139 -0.29123813351357603 13.500000000000002 0.0059759898283329111 -0.011111111111111169 1.0822259703438502 -0.03060802105145571 -0.2635552647286154 8.5187241129358107 0.71608333333333285 -0.30266596067998558 0.070406477727383107 -0.42914201299716886 0.021825396825396828 -485.79114160410182 1.0275068464038875 1.4929440101508515 0.0070824410631583267 0.092079473684210378 0.0032401493807086399 0.50198412698412709 0.010134199296872594 0.0027146441144288631 -0.0028205912381426552 -324.47450785467271 0.24404761904761907 0.12784066168861022 0.52579365079365092 -0.069999999999999382 1.1006841918774362 0.021279129262615774 4.5000000000000009 -0.048759424623373675 -0.43499999999999955 -0.19499999999999937 -0.073662456946039054 0.0011620833316004046 -0.25738057150190735 0.95436507936507942 0.12336814887898485 0.0039091641015108767 -0.031071081510372963 1.0616008122805811 0.31124489200612049 -196.53824343769546 5.5000000000000009 0.79999999999999816 -1.0861105612771869 -0.01728900929458493 0.48967598755469094 1.3160000000000009 0.053363813309875725 -480.0712655648195 0.011204359278565135 0.0018739097270830257 0.44642857142857145 1.0000000180025095e-35 0.53373015873015883 0.33000000000000101 -1.3049999999999995 0.020232040801043055 -0.38824226353122676 1.7463362952849411 25.144999764554395 -0.20565004940784634 6.5000000000000009 0.13308352349657829 -0.0084829417005526913 0.16172464261299732 383.66331821234201 0.88004771155121786 -0.35684922586001977 -0.15026881720430105 0.84722222222222232 -4.4349999999999996 0.035093377660894355 0.90674603174603186 1.1149327790884922 1.0499999999999983 2.7994942797353715 0.0050667995437864719 117.03171525428174 -177.9448949990549 0.0050623370024272226 290.49999999999642 -18573.499999999924 0.70436507936507942 0.0031537989028510099 -8993.4999999999727 -0.05420856395591344 192.52444826489855 336.2470832477232 -1.0000000180025095e-35 -101.30512620471193 -0.00012163291620209681 0.042531491297946762 0.50595238095238104 178.84113658632279 0.35119047619047622 -0.0084345058313978188 0.0046481464542579296 0.35119047619047622 -0.2377549026725144 3.5756801934225781 4.5000000000000009 -0.25483687723136939 3.8299999999999996 0.018924224418365724 0.31944444444444448 -0.017892118480028526 -0.42258004960974183 -0.22461597929481356 0.91269841269841279 -0.17346292659611076 0.0084404702509250223 -0.19102367451151223 0.33528707118215034 8.5000000000000018 48.038496361926512 0.025868988870618451 0.0064852385955417461 0.62998750000000048 235.70736578709813 83.30430568746776 1.1699725328966184 0.034276066174051004 0.009504248101564616 1.0156970303074775 0.08487076175866505 -0.050450472373283366 1.0296395708184314 42.936971825692829 0.011681061346973222 -0.044220192284367847 72.750073237363594 0.024044337987719561 -0.25499999999999895 -0.033438832760056818 0.038017131432648524 0.91286181677899703 99.876216224894634 0.14654761904761907 1.2643500000000005 2.5000000000000004 0.0079709894751776016 -0.21301114157885356 0.18452380952380956 4.5000000000000009 1.1606436575702044 0.0071726097271047973 -0.01987748551886109 0.022335337965758043 -0.20642711198711985 -0.22423656858710531 -0.10372716766657895 78.831469403420002 0.00075209651403818089 -1.6950000000000018 -0.098763830286493701 341.94031682410792 37.885877070837658 0.036987012118003627 -1.8749999999999998 0.086252307383343454 -0.13197910395200549 84.988289282446573 0.00092119390517997346 0.90422593459365863 1.2165679733721622 1.2480610134436405 -0.3315922207503863 -0.38338102198999841
decision_type=10 8 10 10 2 2 2 2 2 2 2 10 2 2 2 2 2 2 2 2 10 10 2 10 2 8 2 2 8 2 2 10 10 10 2 2 2 10 2 10 2 2 10 2 10 2 10 10 2 10 2 2 2 2 2 2 2 10 2 2 2 10 2 2 2 8 10 2 2 10 2 2 2 10 2 2 2 10 10 2 2 2 2 2 2 8 2 2 10 2 2 2 2 2 10 2 2 2 2 2 10 2 2 2 10 2 10 8 10 10 10 2 2 10 10 10 10 2 10 2 10 2 10 2 2 2 2 8 10 2 8 2 2 2 2 10 2 2 2 2 10 2 2 10 10 10 2 8 10 2 10 2 2 10 10 2 10 2 10 10 10 2 10 10 2 10 2 2 2 10 8 2 2 2 10 10 2 2 8 10 10 2 2 2 10 10 10 2 2 10 10 2 2 2 2 8 10
left_child=1 6 5 9 86 17 16 8 -6 11 -11 19 13 15 32 111 28 30 81 45 153 68 23 70 159 26 -26 83 -1 33 67 -12 69 109 35 147 -37 119 -13 40 92 182 80 44 -33 46 49 63 51 65 -50 -49 54 162 154 58 -57 102 64 60 -60 -61 -63 72 167 129 158 -2 152 98 -19 82 73 -47 79 76 78 -77 128 -27 -40 -16 190 84 160 -80 -3 94 173 -88 91 168 93 101 95 96 -74 -70 186 -94 164 130 103 -58 -97 -106 -34 -108 -38 -21 -85 112 177 -113 -52 -28 -5 -10 120 -36 138 -122 148 -92 -114 170 -55 -102 -76 -4 -14 -46 -98 174 -95 151 -32 180 141 140 187 -83 -41 145 146 -90 -145 -30 -43 -125 -53 192 -8 -18 -51 -112 -104 163 -64 -17 -20 -35 -54 176 -101 -166 -118 191 -91 -81 -73 -23 -93 -68 -120 -158 -116 -7 -179 -103 181 -42 -29 -25 -62 -107 -15 -140 -87 -131 -72 -48 -110 -194 -195 196 -117
right_child=2 4 3 116 7 12 21 -9 117 10 31 38 39 14 18 24 20 22 27 29 -22 171 -24 183 25 74 115 41 34 -31 136 43 106 161 37 36 108 -39 42 142 137 122 -44 -45 131 47 55 48 50 52 114 150 53 126 -56 56 57 -59 59 61 184 62 66 -65 -66 -67 88 -69 97 -71 71 125 87 -75 75 77 -78 -79 85 169 -82 118 -84 110 -86 188 89 -89 143 90 123 172 99 134 -96 104 132 -99 -100 100 127 179 156 -105 105 185 107 -109 135 -111 155 113 124 -115 157 195 166 -119 133 -121 121 -123 -124 149 -126 -127 -128 -129 -130 189 -132 -133 -134 -135 -136 -137 -138 -139 139 -141 -142 -143 -144 144 -146 -147 -148 -149 -150 -151 -152 -153 -154 -155 -156 -157 175 -159 -160 -161 -162 -163 -164 -165 165 -167 -168 -169 -170 -171 -172 -173 -174 -175 -176 -177 -178 178 -180 -181 -182 -183 -184 -185 -186 -187 -188 -189 -190 -191 -192 -193 193 194 -196 -197 -198
leaf_value=0.016559475395361456 0.023224899806299663 -0.014029633109182342 0.0023098743760615187 0.0064853053402731198 0.037042498939029382 0.0064770633655712156 -0.00058742364251862858 -0.041993464353619718 0.0026871119741564511 -0.029852042452598881 0.034967980023993595 -0.028572739423283026 -0.010130184824489557 -0.032103701863384605 0.0098913425360207946 -0.036805944412619675 0.0015345677945588787 0.020081516072265205 0.004118700677763514 0.0040076691196467206 -0.027567221335674082 0.010663893151241013 0.036938688184513922 0.0051152977946775672 -0.022780068637928287 0.013369973805954382 -0.0039227630550298992 0.0051085151546559912 0.020366581218200206 -0.024049307984683948 0.0060149688080456364 0.029533013790998177 -0.0079325928052117189 -0.02311696796278977 0.0023239322091052981 0.0131889875235399 0.0049939617752095553 0.024058523630699599 0.035938439050114866 0.0035855979432506228 -0.014611243847481527 0.021590490728401489 -0.018620474774782549 -0.024549187420926714 0.0058310536018104462 0.032706503555972578 0.016055248539723149 -0.028657404810705073 -0.015377059911518384 0.034645894694822738 0.00073996363630274417 -0.0035585179497003164 -0.009925839294040683 0.020346611972728176 -0.017342730243180688 -0.027314986462266912 0.024881640122404902 -0.018286058654264501 0.021378082523926045 -0.0053053484070569416 -0.0059900204922918683 -0.0052489524204644995 0.014939481211887876 0.0050118605603676585 0.0044134303496321282 -0.0043494081669457332 -0.0029276346656778251 -0.020838553891990286 0.023221877620344677 0.02172094200578549 0.028188172840249163 -0.042767845941064232 0.0087206056704318483 -0.019171977704078261 0.023500689836196482 -0.014025236267610323 0.018861326820693216 0.035252503340056883 -0.036934123932631339 -0.0017571478963143582 -0.0031183211561940797 0.01726537140933504 -0.019334182099690345 0.0068434654641912037 0.024935438050367149 -0.0028014614028443814 -0.053117735429854089 0.0073601854739681382 0.005484252014802714 0.0079863309505477219 -0.0094411472797012418 -0.035520124652773204 -0.0091013964905086453 0.030902666759215221 0.0086128901735696116 0.03701087694069486 0.047638617518158663 -0.012082137304951094 0.013258612905470965 -0.011056378370300587 0.044262676116766431 -0.0043236389841931145 0.042648228926429131 -0.020513871648393397 -0.0088064716936535146 0.028043543868951578 0.037984865637217313 -0.0055234655962106112 -0.0092320342727949499 0.036661965731176124 -0.038609878963765595 0.019324720854588376 0.0182583332391132 -0.024631328408995255 0.045989101311895542 -0.0019823213718211884 -0.037122549928726253 -0.033727642273550983 -0.0016678894320823513 -0.032686467620091766 0.021102909967857682 -0.020440956957662366 -0.022678333149781033 -0.051010178860213702 -0.016661594722496526 0.00026642809860872885 -0.01015247271453272 0.0024188576599690897 -0.012661759521949664 0.014958713026952841 0.022463094225820244 -0.025186402935138713 0.011047372865824736 -0.020908781813708067 -0.0047104614119568775 -0.0054881749583671159 0.045517222958157091 0.0067314669165037958 -0.0076388247278037702 -0.0005546731119928398 -0.0058196014640815542 -0.019951675604020721 0.040350052535922547 0.036218000811472591 -0.017348106411948248 0.04623728845331708 -0.00065190443697908359 -0.0099400837745736055 -0.010754338451597735 -0.016318660705622493 0.023014382035130596 -0.0026445139065120675 -0.034980762339509142 0.0359446925509051 0.003100111051922877 -0.0022505204660955474 -0.0024467007516356513 0.0068847445086342987 -0.0090794537446034738 -0.0048012734825718514 -0.026199165550556954 0.0027590538683026841 -0.040038018759533361 0.0083924470474761384 -0.0053241791394428757 0.024354063507579501 -0.0062142590028569375 0.011975083601008654 -0.011073603006438592 -0.034735807277577274 -0.0098923678417508366 0.038092266011478693 -0.011252894727108706 0.015074788033804288 0.021955679116169198 0.016583352367991785 0.011663194764506883 0.042028647901933655 0.0050521996144172517 -0.028416309363216669 -0.03033609778064604 0.0062067665937241123 0.039381036459349657 0.031007025861956805 -0.0289314271493246 0.0071495621887107908 -0.003549065636242299 -0.040757962009150862 0.010532364935442941 0.042617598879604764 0.004003664907622476 0.046359216450727277 -0.04605082002049514 0.0022438409605166341 -0.02017266848073276 0.039992288148597649 0.0097421599673277407
leaf_weight=4.509559139609336 4.5528125874698144 9.9178663417696935 4.7097146622836616 3.5860294243320849 7.8710162341594758 2.8462089113891187 3.5815111314877885 9.2644040882587415 6.2582815960049656 10.154100639745591 9.5591656491160375 6.4208511821925667 4.8597391694784164 7.7474198946729285 3.6671350300312033 7.6115161217749101 3.6439447682350856 3.3376599512994316 2.5035324692726135 9.5584113635122829 3.717682657763361 6.7116468697786313 6.641202616505324 3.0022679083049297 2.8310459107160595 2.7955331206321707 2.638314235955483 1.990910571068526 3.7689341120421878 8.431056793779133 3.9270320981740943 8.3962185047566944 3.2056460138410356 4.0229474641382694 6.1631270870566377 2.7080561667680731 1.9949547890573729 4.7534004226326934 7.5422246884554642 4.2746715955436221 2.0706556737422925 3.8474288284778577 5.6915459707379332 6.6173812299966803 7.2327103242278081 10.621473755687477 5.0902144610881797 10.907837856560947 4.5076258890330783 8.701775474473834 4.9885360337793818 7.413171745836733 6.6759940702468183 6.4287381768226606 6.7698690481483927 4.7787460125982753 4.5858646966516989 5.2148731499910381 7.0492302402853992 9.5970493964850885 3.8614352680742723 7.058602023869752 5.0075231604278088 12.541852414608 7.9399404898285857 8.4060988575220126 5.194472458213566 4.741673294454813 7.1874077133834362 2.8230229355394867 3.6875990964472312 9.9965270049869996 6.343620751053094 7.5914678983390322 3.5860327631235185 2.4166086055338383 6.0164877809584132 7.9041723106056434 11.151450250297781 2.1943595297634593 7.7333418410271406 2.0338797159492961 2.6282734908163548 2.8313215672969845 5.7367581352591532 1.7159374672919523 119.87698773108423 9.1859491020441038 4.1801930405199519 6.654618386179207 5.0683496445417395 14.582666078582408 3.802908759564164 6.7197663672268391 8.6642028354108316 12.251614540815355 86.328620575368404 5.0235674567520601 1.8154571913182724 3.5243820399045998 12.125162702053784 3.4511010758578777 9.2021990139037353 4.7672501057386398 8.1597481593489665 4.8514231108129007 11.361178860068319 2.8893369995057574 2.2301835790276447 9.6172629445791227 10.942796532064675 2.7334338538348675 2.8383821789175272 2.826487820595502 20.272543799132116 0.8560965284705162 7.9677640330046398 4.3665088284760669 2.7169917300343505 5.3768465518951425 2.4534320835955432 4.2774869427084923 3.6763789318501949 51.070787692442536 3.7929726410657159 3.6867491006851187 5.1281402781605721 3.3028610758483401 2.6830522865056992 6.2187928408384385 3.8316543065011519 3.5552607625722885 5.6144909523427478 2.0207661837339401 3.0475939773023111 4.1679144883528414 23.372347405180339 3.1043138466775408 2.2882695607840935 3.6137375179678193 5.2988280244171682 2.3397753089666367 8.6951426994055492 10.437181981280448 3.145359192043542 36.214288599789143 3.2530964091420165 3.6294955871999264 2.0297625940293074 7.0860405080020419 4.2243337705731392 2.2801099168136707 4.9827751033008099 6.169948935508728 4.7265945822000512 3.0740990135818711 3.1273664217442283 4.6715933587402096 5.8046506084501726 4.470287561416626 4.5008943006396294 5.2007006481289846 9.4422996230423468 4.0327546522021285 4.0896283611655235 2.9881318733096123 4.6898913569748402 5.2306430153548709 6.6044080071151257 10.858513358980415 4.7182398736476925 7.3401954583823681 7.7268413174897423 4.5817843936383724 1.8647579401731489 3.3557763304561359 3.9116438888013354 15.798362356610594 3.7074632458388832 7.2715031579136831 7.1700254008173943 2.0585794150829315 5.6951094111427683 5.2680658567696792 5.513277605175972 5.4481221176683903 1.6273396573960779 43.876298674382269 1.7341776080429552 11.011671695858235 1.9180127605795858 38.922520991414785 45.553219920955598 1.5084893070161332 3.1947343461215496 12.732895987108348 0.67707488313317277
leaf_count=23 37 32 21 29 7 21 26 44 33 60 54 33 40 108 26 46 36 33 20 39 24 31 38 24 30 39 25 19 28 40 22 39 36 27 35 15 17 21 38 31 18 44 27 26 43 44 24 53 34 45 27 40 24 34 34 21 31 21 18 23 30 30 19 42 30 42 27 31 32 24 58 63 35 29 44 21 25 81 75 29 31 33 15 17 61 29 636 36 13 21 26 73 32 57 34 44 334 32 11 16 88 12 34 19 36 16 106 24 19 39 83 17 22 29 116 18 39 20 42 46 28 53 21 279 37 35 26 34 10 46 33 24 20 12 24 43 190 25 31 37 39 18 65 71 21 153 24 17 16 25 19 24 43 24 16 30 20 32 28 32 41 26 31 14 28 25 26 25 26 99 29 36 30 22 21 28 29 119 39 59 45 27 69 37 26 30 16 371 16 49 10 201 436 22 51 140 33
internal_value=2.88899e-05 -0.0316377 0.0115946 0.0176648 -0.0420974 0.00260093 -0.011947 -0.0113358 0.00827662 0.0187931 0.000742418 0.020177 -0.00108321 -0.00468261 -0.0118501 0.0046772 -0.0191362 0.0182749 -0.0171959 0.0213224 0.00937023 0.00955742 0.00554453 -0.0025609 -0.00309969 0.00228474 0.0220553 -0.00310963 -0.0235299 0.00238613 0.0320234 0.0114447 0.008708 0.0120314 -0.0261652 -0.0309562 -0.0355195 -0.00347355 -0.00302213 0.0100731 0.00499192 0.0157692 0.00778109 -0.000420213 0.010413 0.0226284 0.018413 0.0271831 0.0132959 0.00608434 0.0258023 -0.010517 -0.00457516 -0.0162196 0.0114095 0.0229748 0.00739833 0.0151681 0.0260012 0.0192205 -0.00399537 0.0232573 0.0265723 0.0319011 0.0372667 0.0216324 0.0295639 0.00117912 -0.0064436 -0.00976313 -0.0123448 -0.018289 0.0337952 0.01147 -0.00598181 0.00212406 -0.0076492 0.0230642 -0.016923 -0.0219461 0.0192781 -0.0253037 0.00902666 -0.0146239 0.00279747 -0.0276587 -0.0456031 0.0362286 0.0334893 -0.0467886 -0.0375401 -0.0204888 0.0113702 0.0008657 0.0379213 0.0396064 0.0438854 0.00923069 -0.0210237 0.0204603 0.0253576 -0.0111991 0.0235415 0.00244463 0.0227947 0.00892468 0.0226954 0.029805 -0.0382912 0.0235468 -0.0260132 0.0223079 0.0272153 -0.00388319 0.031601 0.0322118 -0.0218331 -0.0169389 -0.0274552 -0.0178069 -0.0299371 -0.00322638 -0.00488562 -0.0455395 -0.000542559 -0.0300079 0.00758875 0.0374339 0.00901419 0.0308196 0.00655685 -0.00806253 0.0458973 -0.000792882 0.0214721 -0.0399594 0.0411808 -0.0182241 -0.0326075 -0.0346819 -0.0368849 -0.00263435 0.0316045 0.0372862 0.0189133 0.0428044 0.0291051 0.0070689 0.0105517 -0.0479619 0.00918193 -0.042088 -0.024984 0.0269692 0.0265107 -0.0327046 0.033351 0.0357506 0.00296729 -0.02874 -0.0175912 -0.011782 -0.0315993 0.0392263 0.0028099 0.0111171 -0.029535 0.0419104 -0.00182592 -0.0307588 -0.0361903 0.0297733 -0.029808 0.00725233 0.0132871 0.00975337 0.0426368 0.0344107 0.0368606 -0.0236679 -0.025066 -0.00612486 0.0349236 0.0259671 -0.0237209 0.0216515 -0.0294902 -0.0397797 0.00580435 0.0368845 0.0246807 0.0443107 -0.0435229 -0.0443351 -0.0150749 0.0383601 0.00633192
internal_weight=1488.42 396.546 1091.88 649.843 256.349 442.033 140.198 27.7602 18.4958 633.599 45.5148 588.084 360.554 274.167 154.75 119.417 105.371 81.4785 123.28 560.696 13.5316 34.8271 44.8846 38.2434 84.8736 72.7918 19.7354 46.829 91.839 36.8304 36.5939 35.3607 31.4694 28.3993 87.3295 71.0361 63.6377 16.2934 27.388 86.3878 73.418 17.2396 20.9671 25.8016 19.1842 523.866 281.333 242.533 64.93 78.2197 42.3847 22.5453 47.8734 27.6752 20.1982 203.114 35.0321 30.2533 168.081 110.898 16.4239 94.4742 84.8772 177.603 57.1833 30.3463 77.8185 9.29449 20.7753 14.0132 29.9731 26.6354 165.061 18.2129 53.0563 37.2079 26.8871 10.3208 20.8707 15.8484 15.2756 76.4514 8.23389 29.5894 12.7412 14.6016 228.589 146.848 67.0064 218.671 98.7937 35.5685 59.0144 29.1814 137.662 128.998 98.2867 12.211 11.1902 29.8331 26.0302 19.414 25.0385 9.35311 30.7109 18.4593 17.4562 14.2505 60.9296 19.1757 16.8482 34.5433 28.9834 5.55992 37.8771 16.9044 16.2437 10.6248 72.7842 11.54 66.1817 6.73092 9.55357 63.2252 6.63135 18.4015 11.5569 15.428 6.26909 21.9402 8.69139 10.788 91.9431 6.60252 9.76736 58.9347 27.2994 14.4036 59.4508 55.0771 51.4634 4.37366 12.9698 57.2301 16.8356 40.3945 13.6903 7.39843 5.87719 58.1568 11.6375 54.7667 8.56429 9.81389 13.4284 14.0169 15.6853 32.8885 10.8122 12.0818 7.00443 9.22365 16.1183 28.2169 10.6021 7.07776 12.6577 49.2434 13.259 13.0529 14.7148 14.0518 22.3095 9.77626 4.58175 6.48314 24.1842 22.352 19.5058 10.7226 11.2993 4.12924 7.68602 8.27033 9.37471 10.2995 9.37476 46.1646 3.45012 17.2305 5.60561 44.0127 52.4866 50.2564 4.70322 14.2661 1.53317
internal_count=9178 2333 6845 3031 1252 3814 1081 104 60 2937 246 2691 3192 2533 1457 1076 881 622 1132 2562 84 200 342 304 792 714 246 421 797 171 280 186 325 131 774 672 627 102 129 659 563 169 96 132 106 2391 1327 1064 364 368 252 112 210 115 95 959 174 153 785 505 74 431 408 700 280 158 378 68 133 159 243 210 658 73 468 301 199 102 174 167 69 711 83 252 122 120 1148 585 331 1116 480 150 448 225 549 515 389 64 135 223 191 144 132 50 126 82 166 130 612 78 130 284 238 46 218 216 94 53 685 81 610 81 81 330 59 127 60 122 54 116 73 67 354 75 81 595 212 115 529 478 441 51 96 282 116 166 95 45 60 304 59 552 69 60 61 113 82 191 47 78 61 53 55 159 69 53 65 250 47 128 92 67 103 49 63 48 145 179 158 71 90 45 88 61 56 46 124 402 45 95 68 225 528 509 73 191 51
is_linear=0
shrinkage=0.0323284


Tree=3
num_leaves=196
num_cat=0
split_feature=8 8 25 27 14 17 23 0 8 13 17 12 26 24 11 8 7 18 15 27 19 8 10 26 18 10 3 8 18 7 0 0 0 11 15 8 9 27 27 14 16 13 13 2 0 3 25 14 20 14 21 13 21 11 15 10 1 14 3 12 13 20 3 27 0 17 17 24 27 25 13 17 14 24 15 10 24 20 6 4 4 25 14 0 24 21 3 26 3 7 17 16 20 23 6 0 1 1 2 26 10 10 25 15 11 19 27 23 11 23 21 21 2 7 5 18 18 6 6 6 3 1 27 23 2 21 25 28 16 5 20 18 27 19 14 20 27 8 20 21 5 0 5 19 5 23 15 27 11 4 21 9 2 14 8 6 16 6 7 6 9 4 21 21 8 25 23 16 1 21 15 20 1 24 9 20 25 7 0 25 20 9 24 5 3 16 20 20 26 12 9 23 12 1 11
split_gain=383.182 53.2513 38.6681 24.785 20.3405 16.0481 15.6435 14.605 13.2194 13.7542 15.1206 13.0491 12.7256 12.3721 11.369 9.956 10.7043 10.6373 12.4082 10.1279 9.85382 9.47743 9.28745 8.76715 8.44006 9.51592 8.192 8.14998 8.24726 8.1049 8.97871 8.06962 7.90058 12.843 9.38155 8.39598 7.83364 7.74492 7.73576 7.62882 7.31042 7.11876 7.05867 6.70279 6.40644 6.26688 6.26196 6.14262 6.12684 5.93558 5.90902 5.75432 5.72793 5.65163 6.11879 5.64973 8.34867 8.10197 5.56788 5.25152 5.21448 5.07767 5.02269 5.01983 4.97228 5.85931 4.76069 4.72944 4.71391 4.55575 6.78094 4.55452 4.62402 4.54789 4.41388 11.3053 7.17128 6.88614 6.75806 7.15515 6.70058 6.23843 12.6458 10.4195 11.6748 8.55869 7.98938 7.50756 6.75941 6.20507 5.82315 5.45577 5.21025 4.89728 4.8228 4.62771 4.39913 4.37795 4.37695 4.22682 4.20355 4.11395 4.96718 4.02452 4.01199 4.00998 3.95873 3.69262 3.667 3.66442 3.65976 3.60128 3.54085 3.53149 3.5228 5.51678 4.69845 4.54765 8.81259 3.93392 3.50374 3.40918 3.40437 3.19877 5.00339 3.13868 3.05272 2.93469 2.87767 2.84592 2.76385 2.72085 2.66052 2.61336 2.56731 3.58478 2.55231 2.46462 2.39654 2.38832 2.37971 2.34004 2.31126 2.27402 2.49221 2.22492 2.19996 2.44075 2.04139 2.01359 1.96737 1.90389 1.86848 1.86411 2.23505 1.83407 1.82122 1.82102 1.7412 1.71501 1.68693 1.89231 1.67853 1.65236 1.59973 1.91721 1.59557 1.56274 1.42402 1.27791 1.19157 1.18108 1.17686 1.16986 1.07034 1.06541 1.02492 1.02205 0.932147 0.864725 0.832471 0.66628 0.660096 0.60883 0.590229 0.420391 0.354617 0.964868 0.31551 0.313857 0.280271 0.266822 0.233209 0.203265 0.0574897
threshold=-0.40793841542426396 -0.41937640457503833 57.814958495865248 2.0167164608774266 -0.018746813716887769 0.3493805307807098 0.019590709377754315 0.42912951886914458 -0.047501790536802084 0.0026375449132810783 0.41572316975509715 0.011244983588521872 0.2999999999999981 -349.55112044781873 0.17500000000000007 -0.102998938130876 19.500000000000004 0.30499999999999977 117.03171525428174 1.7932650510252894 7322.5000000000073 -0.26689833809417174 0.70000000000000007 -0.59999999999999598 4.5300000000000038 0.24999999999999986 0.0059323341695666091 -0.21777547844918052 -0.38999999999999962 1.5000000000000002 -0.11022394487510771 0.41252219386339678 -0.30266596067998558 0.73333333333333373 454.32252350472078 -0.42914201299716886 -250.9999999999927 0.55835575201260934 -1.2617987784100662 -0.015743631837950186 0.0048952783419747205 0.0029286648739801076 0.0044496913374696316 1.3648269845194838 -0.38824226353122676 0.036325686147865639 67.484667294521827 0.036814196710314169 5.5452918767066679 -0.009182016676914732 -0.0040381316651311163 0.0050623370024272226 -0.00063883924590057972 1.1020250000000005 182.86725342207527 0.34999999999999998 -0.043017743916331778 0.0077891809884162175 0.023943427991271946 0.020775483812368507 0.0040657092958384785 1.5805533415926634 0.019444720403373004 1.9489049254228086 -0.068158741439735313 0.81550641990638773 0.59491712036506483 -334.45530044233288 -0.20565004940784634 16.246991960675075 0.0019067730810548255 0.82009237130061086 0.035720800884570629 -245.09172909656138 385.8686719132715 0.14999999999999999 -91.531799006237293 3.0797239042612001 0.55753968253968267 0.80753968253968267 0.069444444444444461 39.177707989982125 -0.003128291595229898 0.14469800198145802 -421.36572577836688 0.0034484729595363199 0.050061403121075043 -0.95000000000000095 0.024044337987719561 7.5000000000000009 0.45312172016114444 0.0014895267004451636 8.490940956422504 -0.0099675761409632729 0.51388888888888895 -0.29493683932091797 0.04372011172701263 -0.079246669310844828 1.1109064644275912 0.025000000000000359 0.59999999999999887 0.30000000000000054 79.800624903349714 130.85480690478121 0.26750119047619059 3294.9999999999823 -0.50006352276081967 0.041155118051156243 1.0625000000000002 -0.051419188335948988 0.0031056149468833287 0.010575798751863099 1.1980103372444921 6.5000000000000009 -0.018454014348562472 -0.91499999999999992 -1.4299999999999995 0.93055555555555569 0.95039682539682546 0.25198412698412703 0.01023053035944565 0.00319334109856162 -0.64483618121331077 -0.0064518987346330872 0.99526696942598836 -0.018965386950589077 65.715016445010676 0.91666666666666685 0.0047121372012209955 -0.054740999642630288 2.3902676376476086 -0.28500000000000009 1.293635107504822 2315.5000000000196 0.030210612159309775 2.715544428707231e-16 -0.36822767684391589 -0.42258004960974183 2.9413163107036868 -0.0026517890621219893 0.034927002067534858 -0.15705967243925353 0.0093775700763572018 213.75000000000912 1.0000000180025095e-35 0.012901526315336255 392.63834653992808 -1.266482880980933 2.573 0.81547619047619058 -0.0086176774756431245 -10462.750000000027 1.0437244184330201 0.024336298161877674 -0.31338118497617168 0.94642857142857151 0.009504248101564616 0.79563492063492081 7.5000000000000009 0.82341269841269848 -365.50000000000995 0.43055555555555564 -0.0055488556278811543 -0.0063003146406639945 -0.10413139163003481 38.395353726249809 0.022198580551121231 0.0019262620972185964 0.16397638235359882 0.013038932113227266 239.55624175543269 3.2673659030994218 -0.19398493692449484 -76.213068324322933 -8611.9999999999654 2.8311055389238926 85.643701960046073 14.500000000000002 0.19275611131040862 53.444266255404663 2.1275748023762052e-16 -2668.9999999999995 -35.935106484001565 0.10224532110914321 0.04570032865248836 0.0048952783419747205 1.6949756284266362 2.3940865291430531 -0.10000000000000052 0.0045101205125339747 -8255.4999999999854 0.0046372718271521238 0.0066315386925315427 -0.23011226992483089 0.15000000000000022
decision_type=10 8 10 2 10 2 2 2 10 10 2 10 2 10 2 10 2 2 10 2 10 10 10 2 2 10 8 10 2 2 2 2 2 2 10 10 8 2 2 10 2 10 10 2 2 10 10 10 10 10 2 10 2 2 10 10 2 8 10 10 10 10 10 2 2 2 2 8 2 10 10 2 10 8 10 10 10 10 2 2 2 10 10 2 10 2 10 2 10 2 2 2 10 2 2 2 2 2 2 2 10 10 10 10 2 10 2 2 2 2 2 2 2 2 10 2 2 2 2 2 10 2 2 2 2 2 8 10 2 10 10 2 2 10 8 10 2 10 10 2 10 2 8 10 10 2 10 2 2 2 2 10 2 8 10 2 2 2 2 2 10 2 2 2 8 10 2 2 2 2 8 10 2 10 10 10 10 2 2 10 10 8 8 8 10 2 10 10 2 10 10 2 10 2 2
left_child=1 6 8 43 -5 14 7 26 9 10 38 15 50 64 -4 16 17 22 19 45 162 23 27 -11 29 -26 -1 28 31 30 157 47 66 34 51 148 71 58 -2 48 73 52 -16 44 -3 130 62 53 150 105 -13 -34 -31 100 -55 56 175 188 69 137 138 -18 141 178 65 174 -28 -54 -46 177 112 72 99 -32 78 77 121 91 79 95 -78 83 92 86 87 89 160 155 -87 97 136 -76 107 -90 129 -43 142 -84 -40 -29 146 166 189 158 111 -48 -73 113 153 -21 -72 182 -71 132 -70 116 -116 119 -119 -117 -69 -77 -58 124 -24 -47 133 -42 -89 -93 -19 -15 -83 -64 135 -131 -79 156 173 -108 -25 -20 186 149 -145 -44 147 -7 185 180 -12 -66 -115 -14 -155 -85 -53 -23 -62 -17 -80 -162 -9 -91 179 -166 -63 -149 172 -141 -124 -132 193 -51 -8 -30 -52 -10 -39 -106 -41 -125 -97 -182 -105 -35 -38 -188 -57 -103 -130 -143 -101 -169 -165
right_child=2 3 5 4 -6 11 13 20 37 21 39 12 108 131 42 159 61 18 46 109 -22 24 123 140 25 -27 32 36 55 41 40 -33 33 35 -36 -37 96 63 98 143 127 74 145 -45 68 125 49 -49 -50 60 176 59 67 54 -56 57 122 -59 -60 -61 103 101 126 -65 151 -67 -68 120 114 70 110 106 -74 -75 75 76 80 90 81 -81 -82 82 85 84 -86 88 -88 128 93 163 -92 94 -94 -95 -96 104 -98 -99 -100 192 -102 102 -104 184 164 -107 139 -109 -110 -111 -112 -113 -114 152 115 117 -118 118 -120 -121 -122 -123 170 181 -126 -127 -128 -129 190 134 171 -133 -134 -135 -136 -137 -138 -139 -140 169 -142 191 -144 144 -146 -147 -148 167 -150 -151 -152 -153 -154 154 -156 -157 -158 -159 -160 -161 161 -163 -164 194 165 -167 -168 168 -170 -171 -172 -173 -174 -175 -176 -177 -178 -179 -180 -181 183 -183 -184 -185 -186 -187 187 -189 -190 -191 -192 -193 -194 -195 -196
leaf_value=0.017995508907693112 0.021432314125520952 -0.010896080901769791 0.039676908530128521 -0.036276332915807362 0.016369529456375799 -0.0018924972366318952 -0.023960961876401978 -0.024922581523167314 -0.025581684250060712 0.020133833584817819 0.028145656004338309 0.017546623489745072 0.04118850954217744 0.036018159569209091 0.021021437706525974 0.027813546169687477 -0.013741675241031171 -0.017737135041486905 -0.0073835220934681013 0.004051272025155866 0.029518813753735471 0.028866783047910724 0.017175136097749909 -0.029227450833504129 0.02174740891986162 -0.028199318530759104 -0.016999393943978189 -0.0049757264132139784 -0.03004537694239634 -0.021196132499365083 -0.038315525383469683 0.012891767865087599 0.0069613230363475683 -0.028391725351953143 0.011994546442922249 0.024747966378469228 -0.030782967725712831 0.033927993331929397 0.007580558155827713 0.018077980081498558 -0.0075882809670593391 0.0038488023952758478 -0.025844569494623264 0.00016740897551664332 -0.050639926574281263 0.000756753411360733 -0.015992136386075904 0.012603090391880437 -0.01367174602128584 0.013787085886028547 -0.0017322630025711958 -0.045187942681737481 0.026554847961827506 -0.017740850238541522 0.027168685022339659 -0.016588490467095544 0.028326280822094738 0.030771908094858042 -0.027425257479242768 0.0042210552130557697 0.0094913356619580509 0.037756563312709768 -0.026572019986825228 -0.0068038529586419514 -0.0010247800885908893 0.020180117700865734 0.018789678235952189 0.011392244463520421 -0.045777312098274188 -0.022130884256676146 -0.00080539189434372226 -0.021290425575259762 -0.0087604120050775915 0.00056535265449255702 -0.0041441306399600739 -0.00057290197706133246 -0.014136748005406291 0.023999220144966246 0.043683363949207743 -0.0028001194441887116 0.026602072145612263 -0.0096226193950797768 -0.014526430324656871 0.0061867231807144051 -0.01759487714486925 0.028389465107672471 -0.0031011490895139046 0.0024237207668926933 0.014736672593063466 -0.004942400193196481 -0.016794226518737743 0.0030403080758612234 -0.011717956782906299 -0.022985591101935723 -0.0033272461966872735 0.048434541371211129 0.011784444412091869 0.02201740082576523 -0.023290204621708634 0.034495790554004334 0.0027520790091083501 -0.001786079583676304 0.020626538605217848 -0.041971861377402254 0.031669466374189242 0.018784301129362635 -0.010461137108709403 -0.0057973831625054532 0.00046945357362429389 -0.027164236955478555 0.030263494167075449 0.0071818686673356053 0.008097614592535626 0.032788371555411241 -0.020032311806902143 -0.0012359452875911341 0.014016304155791163 0.020004730252126849 -0.029030398357859061 -0.03881076371955066 -0.019586485312550767 -0.033469368628284132 0.0074093166091332013 0.030602408989347619 -0.022148766919292191 0.037202304462700363 0.0090960134312014218 0.021083782935281587 0.010852140610009454 0.0060750233110047807 0.015223763461874229 0.0056821756463397467 0.018020229515262973 0.0041842970843521217 0.0056576203862364598 0.046840148347702122 -0.0050269633377488954 -0.0080888658248625279 -0.019934749076102608 0.022624709360233555 0.0013499319339199995 0.0037336054671049195 0.0043811033143676403 -0.0066574869897427624 0.021210137451496851 0.003683280924501162 -0.00098837639237206671 -0.0030434507951499512 0.003354272243652986 0.014429213577677151 0.0033476519606581048 -0.032270596428920793 0.0025877997505686658 -0.0066270622941898907 0.021127273909071171 -0.020154283369866861 -0.0043617682189387823 -0.00014556486786942101 -0.015690856512063225 0.00050934963553655099 0.00010240697270270402 0.025443152893927432 0.0024279865805450205 -0.034554382272454096 0.017374890055841835 -0.0050016302881146415 0.004059897911292706 -0.010693252916680001 -0.0068258622736207322 0 -0.014713996665590676 -0.0054510935725922069 -0.038744554680313015 -0.0068069326912456084 0.00054398176313140737 -0.0017103799304192212 -0.030365585377791531 -0.0010597487370266586 0.0092496389852413635 0.0064598054733548058 0.040442083083165901 0.0077410361351043979 0.0089579631106723456 0.014028950467470503 -0.0091279024430973143 -0.00368232783840242 0.003925046567489987 -0.016149423100354363 -0.00082853719311222972 -0.019241142019721585 0.037017265955810064 0.02565565850270541 0.0090159645471687786 0.00074436546795675102 -0.0089479137448337
leaf_weight=2.4283946976065627 8.4556402172893304 9.0985481757670623 16.155672889202837 9.7995656765997428 14.804828055202959 3.4704710906371394 2.4154268130660039 3.1249999925494194 3.6231639217585352 4.3857214450836173 7.4532834850251684 2.2585716024041176 13.274723440408708 7.9928987864404917 5.9935845341533405 9.8590782657265645 2.5700217541307238 3.6182347089052218 2.2400705888867378 4.7231793086975813 7.7426376175135374 5.8211677260696906 4.1163869500160244 8.188448981381951 3.2183516770601255 7.0627556182444096 3.7216676445677859 2.80477903783322 6.1505841286852938 6.0065768063068417 6.7289219312369823 7.2103970684111109 1.867605261504649 4.0118230879306775 2.6424748338758937 4.8392151053994885 4.7754972241818887 5.9171340130269545 5.616417944431304 11.495768029242752 4.5585701651871187 6.2743979431688777 4.5875402130186558 3.8347031772136679 98.027808770537376 3.3536699675023556 3.6357392165809861 3.7613989058881989 5.6045704782009116 3.7027519792318344 2.1327146776020509 44.712423373013728 5.458959948271513 3.0805027559399596 2.71236776933074 2.1451623868197203 3.3779652938246718 10.087193395942448 7.1692117247730485 2.0700805075466624 2.3916613534092894 8.5398368798196334 9.6094379024580068 5.2256387807428828 2.9931548703461885 6.5511981472373009 4.9214532542973757 4.2441780492663366 30.277458191849291 6.4129962213337439 5.8014107868075353 2.9633929673582324 2.748063961043953 4.3715725764632243 4.6566396933048955 5.1271723005920666 4.5444273687899095 6.1338592749089011 25.923055181279778 5.9271421376615754 6.0813450254499912 4.4185672197490922 2.9109049215912819 2.6639028340578106 9.5585839450359327 8.4956417493522185 5.0479757264256468 4.5840873811394003 3.2826702445745468 5.0543427597731361 7.2328288331627837 3.4710642993450227 2.7011388391256324 4.5865422505885354 3.3619010411202899 27.707678338512778 4.0809307172894469 4.2880340237170484 8.8002995327115041 14.800745740532877 4.4515728745609513 2.3322600759565812 4.6791234146803617 25.844988223165277 7.8410985954105836 3.1936762072145939 2.3331992626190177 2.8863791972398749 4.0742366276681414 7.9477792941033822 7.7883343026041985 4.1535934582352629 4.3994918763637543 28.871546292677525 4.8692309651523829 3.429996993392705 5.1325375810265523 4.0826469585299474 4.3723933137953281 33.6430983543396 4.2775087878108025 6.4286655895411968 1.766681984066967 9.3517090901732427 2.5369292609393597 7.9403963703662139 2.4839240126311788 4.2135875821113586 4.440749995410445 3.8362690806388846 4.300659729167819 6.3705799728631956 3.3973499350249767 2.5778245590627202 3.6504964344203534 17.509488487616181 3.1413515545427808 3.9893889129161897 2.4517701920121908 5.042936004698273 3.034343881532549 2.2018785998225239 2.3653464131057254 3.5653855670243493 4.3255413323640823 2.7891046591103077 3.192081354558467 2.5666780043393436 2.8184941150248051 10.773039938881992 6.3861061483621606 5.1677831606939453 2.9910298744216552 2.6398474518209696 4.8735162187367704 2.7100953012704849 2.000483449548482 2.915339432656765 2.3080517444759607 3.114168530330061 4.2691744919866306 7.979440201073885 2.7164766881614906 7.4783258009701932 4.2430437691509741 5.7765007838606834 2.7468183040618888 1.6616417802870276 3.7730848230421534 3.771089781075716 1.9798995591700075 2.2864660061895847 26.389475375413902 2.0349011216312629 2.4644410163164139 2.1604092419147491 4.2252916246652603 2.8125252388417721 6.3705900385975838 4.1651487499475479 68.452523371204734 4.9329633880406609 2.3065948262810734 5.8869311809539786 2.9409613460302344 2.1353306695818901 2.5409216117113829 2.0074493363499641 2.2851605117320997 2.334516990929842 11.396906096488232 2.8967805653810501 3.585153028368949 1.6884260103106452 3.3109197989106178
leaf_count=17 30 32 111 74 30 40 27 24 29 33 25 15 140 30 48 56 28 44 16 42 37 53 36 90 9 58 23 27 68 33 43 38 17 46 17 20 40 21 24 41 30 36 52 14 623 36 38 34 31 31 40 515 23 26 23 19 52 55 35 25 26 70 98 18 34 26 28 19 176 50 32 24 19 25 26 40 32 53 123 36 40 40 18 19 36 69 15 31 22 41 34 18 24 36 21 224 30 44 50 123 42 29 32 238 54 31 21 28 41 74 24 25 24 219 32 18 13 13 33 194 26 43 27 61 25 71 28 18 22 28 38 37 21 27 23 132 15 39 18 47 34 27 21 20 28 29 38 16 13 32 28 28 25 23 42 29 24 14 21 20 23 48 23 52 23 29 19 30 47 36 22 32 293 28 18 21 36 19 33 32 251 38 22 17 27 13 33 13 26 15 54 28 37 15 22
internal_value=9.77516e-05 -0.0286193 0.0107083 -0.038176 -0.00651 0.00253436 -0.011727 -0.0182402 0.0158786 0.0174464 0.0259271 0.000455838 0.0186063 0.0066204 0.0240484 -0.00169414 -0.00302093 -0.00487522 -0.0127863 0.00303161 0.0106386 0.0139727 0.000194858 -0.00908178 0.0150347 -0.0109862 -0.0232591 -0.00279682 -0.00843411 0.0158886 -0.000544717 -0.014739 -0.0252276 -0.028626 -0.0350166 -0.000365415 0.00694958 0.000810983 0.00147826 0.0302713 -0.0122408 0.0173183 0.00080974 -0.0419501 -0.0427764 0.0156862 -0.0202338 -0.0188026 0.00946384 -0.026395 -0.0118327 -0.0378836 -0.001172 -0.0216836 0.00558664 0.00515626 -0.00773684 0.0177099 -0.007327 -0.0398115 -0.0306416 0.0165766 -0.00487663 0.0167502 -0.00964713 0.00429518 0.00289987 0.00995532 -0.0441181 -0.000312333 0.00640585 0.0145271 0.0221968 -0.0265441 0.0185232 0.010872 -0.00765917 0.0186265 0.020805 0.0296244 0.00998189 0.0165601 0.00982394 0.0230825 0.00877441 -0.00350298 0.0332364 0.0194945 0.0128283 -0.0152733 0.000857133 0.0258761 0.0208451 -0.00753889 0.0302499 0.0326897 -0.0106347 0.00730181 -0.012125 0.026898 -0.0251912 0.0218175 0.00353902 -0.035865 0.0354886 0.00110737 -0.000308652 0.0236552 0.0293231 -0.0171661 0.0195543 0.0429959 -0.010849 0.0261014 -0.0349595 -0.0266753 -0.0034441 -0.0311595 -0.00641518 -0.0357494 -0.00532051 -0.0224363 0.0144383 0.0186721 -0.00027572 0.0291514 -0.0147479 0.00826237 0.0275187 0.034152 -0.00285912 0.0263494 0.00424013 -0.020573 0.037554 0.0414236 0.0154743 -0.0417711 -0.00489676 0.00903069 -0.022599 0.0132177 -0.0193941 0.0337053 0.0104319 -0.0170794 -0.0280944 -0.0300167 -0.0170991 0.0351695 0.0197202 -0.0245981 0.0305003 0.0340802 0.0123533 -0.00979407 -0.0438731 0.0219097 -0.00427313 0.0227832 0.0379032 0.0186231 -0.016054 -0.0250044 0.0195059 0.0065143 0.0324908 -0.0323067 -0.0340385 0.0157243 -0.00571638 0.00862646 -0.0363942 0.0066478 -0.0165226 -0.0254035 -0.0248295 -0.0190576 0.0260649 0.0263916 0.0370977 0.025817 0.0466688 0.0390837 -0.0399862 -0.0243043 -0.0249904 -0.00809071 -0.0124589 -0.0150699 0.0330058 0.0216133 0.031789 -0.0074704 -0.0308533
internal_weight=1307.25 351.071 956.174 221.373 24.6044 372.534 129.698 95.7429 583.64 528.12 146.816 343.008 33.4789 33.9555 29.5259 309.529 296.556 273.353 104.685 34.1704 13.5841 381.304 168.669 15.6085 365.696 10.2811 82.1588 147.731 93.9112 355.414 28.6092 63.9581 79.7304 71.0873 57.2825 13.8049 53.8195 55.5205 22.8724 123.943 19.8727 326.805 13.3702 196.768 192.934 21.4994 70.5144 56.7477 19.444 48.5045 8.61658 54.64 19.9872 52.9863 5.79287 29.9531 15.4355 14.5175 38.0071 52.7724 41.6751 23.2026 22.0099 17.5134 19.592 11.4311 8.64312 13.9806 183.835 30.8379 24.4022 38.0494 23.9387 11.1005 306.818 75.1755 22.1816 52.9939 231.643 68.3952 10.6258 163.247 84.6734 78.574 35.3543 39.4074 43.2196 25.7957 16.3649 23.0425 16.508 36.4859 45.266 7.86921 31.8292 62.4681 15.7701 7.19894 14.4167 21.1907 47.1934 20.6326 9.3459 33.4857 56.1937 6.82942 14.1106 42.5649 24.8623 12.671 13.5897 34.1679 10.8125 39.6785 85.8074 55.5299 10.0018 45.5281 8.45504 37.0731 8.52169 11.5558 7.12455 20.938 6.65332 11.2941 14.6712 8.77216 20.4217 28.4673 10.2054 14.3635 7.81592 12.1873 24.9963 21.3458 9.27521 50.7023 8.18942 11.1472 11.2228 7.33873 11.6892 104.499 7.89093 7.37664 42.7419 39.5498 8.96565 96.6083 13.8394 8.16094 31.8626 20.7881 7.51336 5.374 46.7129 8.73651 4.69971 12.9732 38.1717 12.2486 5.84148 15.8436 22.0258 10.0195 11.2867 36.0793 33.5126 8.81403 3.74658 6.58713 29.7395 5.73765 4.87987 8.31099 6.35801 6.43569 12.2877 12.0062 85.8352 14.2847 30.0143 74.3395 28.7859 6.14715 9.32387 4.54837 4.43032 4.66678 15.8377 5.09866 18.3859 3.35007 10.7892
internal_count=9178 2333 6845 1252 104 3428 1081 881 3417 3132 577 3188 337 200 240 2851 2775 2582 1019 337 84 2555 1563 157 2398 67 797 1403 932 2331 183 642 780 729 637 92 471 285 104 473 116 2148 129 1148 1134 221 682 604 84 458 91 620 101 570 49 290 190 100 213 603 389 193 224 72 133 71 51 68 1102 178 130 334 206 68 2047 505 155 350 1542 481 72 1061 661 400 191 304 209 155 127 177 102 248 357 58 222 445 137 62 74 187 521 165 76 312 409 69 128 333 246 116 56 271 74 305 479 303 45 258 46 212 45 83 101 160 61 107 153 48 107 201 114 67 61 125 183 160 68 578 77 104 124 71 107 389 48 81 479 441 72 341 53 62 244 205 65 48 539 67 47 76 194 71 47 115 138 52 89 401 385 83 49 70 338 59 45 89 76 48 54 86 309 99 246 268 265 59 86 46 45 44 76 55 160 45 74
is_linear=0
shrinkage=0.0323284


Tree=4
num_leaves=182
num_cat=0
split_feature=8 8 8 1 22 16 1 14 4 16 27 18 8 19 27 0 20 6 0 0 12 15 10 8 17 20 6 22 8 11 18 5 0 3 23 10 4 4 15 1 27 1 5 27 6 23 6 18 21 13 6 4 25 16 8 5 11 11 7 13 10 2 25 10 20 3 16 8 22 22 23 2 25 27 0 25 17 2 2 1 13 11 25 0 21 27 11 2 15 5 28 18 20 6 7 5 0 7 13 2 17 6 23 14 5 21 8 16 7 8 22 7 25 17 21 3 12 12 23 11 21 21 25 2 21 26 23 8 21 8 3 3 1 27 9 13 9 15 26 25 15 26 0 20 9 27 25 21 10 16 17 27 13 13 25 1 14 5 4 2 12 14 13 8 13 6 22 21 12 14 3 4 25 11 21 25 5 15 1 2 5
split_gain=295.937 40.5106 28.4441 22.1136 20.7786 16.4623 12.9242 12.683 10.9501 14.7526 16.5762 11.6624 10.8336 10.3016 10.0412 9.87821 9.78764 10.1758 11.715 8.94159 10.1032 14.6921 12.9945 11.0016 15.3275 9.00308 8.82444 8.75608 9.50326 10.1398 8.75248 8.30554 8.58673 8.25394 9.41973 9.9203 8.2168 8.0337 8.02908 7.69697 7.53606 7.44736 7.33238 11.3037 7.29045 9.5172 7.05673 7.03496 18.3894 6.99613 7.92169 7.20409 11.5086 7.16958 7.06334 6.92276 6.76216 6.66675 6.56677 6.49212 6.42979 6.30875 5.98957 5.8525 5.74974 5.63497 5.46079 5.4524 5.33687 6.28156 5.26796 5.26371 5.12705 5.07168 4.92678 4.87057 4.82199 4.74407 6.35989 4.66971 4.55617 4.43252 4.39301 4.33722 7.11162 6.57369 4.27475 4.03318 4.38611 3.95544 3.91103 3.71567 3.66036 3.58096 3.5435 3.51022 4.37979 3.48904 3.48103 4.29725 3.47279 3.40126 4.80521 3.36266 4.02073 3.32935 3.3206 3.29053 3.28623 3.46438 3.23011 3.19654 3.11113 3.10414 3.89541 3.00382 3.00358 2.97044 2.94464 4.13528 2.91736 2.88814 2.88357 2.80236 2.7643 2.73326 2.60848 2.48181 2.4637 2.45897 3.45919 2.49939 2.45149 2.43099 2.10704 2.08533 2.08063 2.55664 2.04865 1.90108 1.88143 1.82474 1.77192 1.69452 1.67494 1.59521 1.55954 1.54203 1.52201 1.4604 2.08701 1.42458 1.57922 1.25196 1.21636 1.21451 1.15402 1.15212 1.10633 1.09207 1.07417 1.04236 1.03836 0.930883 1.18866 0.894025 0.883513 0.8674 0.821923 0.590796 0.526452 0.439922 0.37331 0.327721 0.285066 0.267127 0.131893 0.100064 0.027037 0.0126403 0.0113749
threshold=-0.40793841542426396 -0.41937640457503833 -0.23628884605021536 0.089173189146862911 0.12544375525830934 0.0036425689042318779 -0.20083755993377991 0.022742396966515453 0.89087301587301593 0.0031591382629927536 -1.1950226792317757 -0.38999999999999962 -0.043513774251172747 10599.000000000024 -1.3791544339161694 -0.37799628727230533 0.99775027051240139 0.95039682539682546 -0.13592617438455454 0.42912951886914458 0.0027602421721674882 385.8686719132715 0.14999999999999999 -0.050450472373283366 0.77068091570911801 3.0797239042612001 0.9742063492063493 0.1018064156010209 -0.43121353185039074 0.16428571428571437 -0.70000000000000095 0.13593965299033775 -0.38824226353122676 0.0059759898283329111 0.015159955405268823 0.37499999999999939 0.49404761904761912 0.94246031746031755 458.42404814740354 -0.075563792924816062 -1.0890213386652223 0.18172876304023847 0.08487076175866505 2.843741154810683 0.16071428571428573 -0.0029193510004637542 0.9027777777777779 0.37500000000000006 -0.0040381316651311163 0.0082557996710991583 0.95436507936507942 0.49404761904761912 25.850693750094326 0.0058488470368847079 -0.15591781486332926 -0.042784114000909305 2.573 -0.021034166666666514 1.5000000000000002 0.0054701007308952708 0.20000000000000015 1.0954838916095866 34.39392004887754 0.34999999999999998 1.9598952933964069 0.0096169028288578696 0.0038116888615160132 -0.40340267004616398 0.16632690362027783 0.11892323333591409 -0.011598880993668402 0.95401465728452794 44.065915332636045 1.8502795283626177 -0.038877745915376176 60.194955696676068 1.5889091447331565 1.0091802267409935 1.1556068186412336 0.13801443718012255 0.013161561478219891 -0.049999999999999975 116.59986591700697 0.17828361049248034 -0.0030221576108906407 0.44431297244560103 0.47928571428571426 1.3298096146855691 422.98786587062921 -0.015706086872158128 0.78333333333333355 -1.2849999999999999 1.6511730544215963 0.43849206349206354 20.500000000000004 -0.028562932865463294 -0.040539144779809071 7.5000000000000009 0.0090761683027994772 1.0043943023550408 0.61795045776238122 0.82738095238095244 -0.013021260132398847 0.021590045130772551 -0.014958132235347808 0.016799187876713421 -0.14592101963786178 0.007700545239695154 10.500000000000002 -0.27042427342741482 0.12509705084241091 9.5000000000000018 58.234052608921175 0.43577806247026479 0.0076704260410469524 0.013040755005755378 0.0043177282479340195 0.0071726097271047973 0.0056422070852482084 0.087512500000001145 0.0030232568598883573 0.0081636435957949133 48.038496361926512 1.2135653409090912 -0.033600455397237543 -0.76345000000000407 -0.03598505660484224 -0.051996105859887447 -0.00084230178977112702 -0.047153344713629579 0.050061403121075043 0.057830588479613129 -0.16537512139264546 0.44431297244560103 -435.00000000000904 0.0062911466951866141 -13372.999999999958 295.96513451908879 -0.15000000000000388 59.316739907621781 376.2237907990679 0.58705000000000329 0.20594128426264882 2.3675269539598887 -4569.7500000000136 -1.2116193638121102 22.572868185719102 -0.0046122789196834093 0.29999999999999993 0.0071657245514211683 1.7807104217111831 -0.95521088694580125 0.014658419598743954 0.0026375449132810783 67.731278319784238 -0.1192248287982967 0.03431036012911446 0.0079539184184750384 0.41468253968253971 1.2544847032285353 0.0068389084628609808 0.033399389988317076 0.0056531092684438053 -0.24533844371377708 0.0047489460849784943 0.66468253968253976 0.32873250070754667 -0.0074615431218959518 0.0018041828478384228 0.0057921381707359562 0.007374475517571596 0.56944444444444453 68.135956589218651 0.44791666666666646 -0.0059862530044971765 48.689722383003307 0.0026461852463931517 314.00782238865986 -0.02382266073411243 1.0536796939185502 -0.018454014348562472
decision_type=10 8 10 2 2 2 2 10 2 2 2 2 10 10 2 2 10 2 2 2 10 10 10 10 2 10 2 2 10 2 2 10 2 8 2 10 2 2 10 2 2 2 10 2 2 2 2 2 2 10 2 2 10 2 10 10 2 2 2 10 10 2 10 10 8 10 2 8 2 2 2 2 10 2 2 10 2 2 2 2 10 2 10 2 2 2 2 2 10 10 10 2 10 2 2 10 2 2 10 2 2 2 2 8 10 2 8 2 2 10 2 2 10 2 2 10 10 10 2 2 2 2 10 2 2 2 2 10 2 10 10 10 2 2 10 10 10 10 2 10 10 2 2 10 10 2 10 2 10 2 2 2 10 10 10 2 10 10 2 2 10 10 10 10 10 2 2 2 10 8 10 2 10 2 2 10 10 10 2 2 8
left_child=1 6 8 31 5 -5 64 46 9 10 63 30 14 27 60 39 79 18 97 20 21 37 25 24 44 87 82 -8 33 110 74 32 -3 -29 56 -36 -26 40 -27 72 61 65 66 -44 95 89 -6 80 173 50 51 52 77 98 128 132 59 -48 100 -35 144 -17 -45 123 -1 -20 -21 -67 69 -24 142 125 -16 129 91 -76 159 -42 115 107 155 -52 -10 84 86 -85 174 88 92 -46 -38 -12 -23 -37 112 158 176 145 99 -51 -54 102 -92 127 -105 151 -64 171 135 -110 -30 -98 141 -99 147 -79 165 -91 -90 -120 -31 -95 -71 178 -28 -19 -15 -63 -53 130 136 -132 -47 -86 -121 -43 175 -138 -100 -124 -32 168 -34 -65 -4 -18 -146 -115 -101 -55 -151 -69 163 -14 -62 -13 -50 -7 -22 -61 -81 -77 -57 164 -153 -104 -116 -114 -68 -137 -125 -11 -147 -49 -60 -56 180 -140 -2 -118 -97
right_child=2 3 12 4 7 157 13 -9 26 16 11 47 153 126 15 19 17 71 41 42 23 22 68 -25 36 38 124 28 29 120 140 -33 70 34 35 93 90 -39 -40 -41 49 108 43 62 45 55 57 48 156 53 81 54 58 149 73 162 -58 -59 83 76 154 103 106 143 -66 67 94 105 -70 122 -72 -73 -74 -75 75 161 -78 78 -80 160 -82 -83 -84 85 133 -87 -88 -89 118 117 101 -93 -94 121 -96 96 111 113 138 148 -102 -103 116 104 -106 -107 -108 -109 109 -111 -112 -113 167 114 166 -117 179 -119 119 134 -122 -123 139 170 -126 -127 -128 -129 -130 -131 131 -133 -134 -135 -136 169 137 -139 177 -141 -142 -143 -144 -145 146 172 -148 -149 -150 150 -152 152 -154 -155 -156 -157 -158 -159 -160 -161 -162 -163 -164 -165 -166 -167 -168 -169 -170 -171 -172 -173 -174 -175 -176 -177 -178 -179 -180 -181 -182
leaf_value=0.02887407435716477 -0.036145031025422637 -0.0084652187660244852 0.005104092612958102 -0.02577685837238056 -0.047874831042058509 0.035706485933531727 0.014232132227081822 0.00370613587640292 0.032648401095136108 0.029566588612845425 0.013370896682279058 0.0091668338099926989 -0.027326113715100308 -0.0033579334335080984 0.02100610510870863 -0.017963793537110462 0.0073900735772607917 0.01085253160566144 0.0070753263858097789 -0.014631924279819901 0.0012011486822395027 -0.017504274334255894 0.013626066965343646 -0.025413007139439912 -0.035058922834393789 0.014031068311220833 0.0083126084047013948 0.011826334487626142 0.0071730627253897509 0.028045989818911415 -0.032114042321135586 0.0030263048365178043 0.0004448672538774592 0.0083625947542721769 -0.033151470807196493 -0.014486151765433474 0.020067479269736555 -0.011161910687449966 -0.026954299692562821 -0.029306973854038434 0.01945559682387207 -0.008873180639764092 -0.03443576655249176 -0.01796337121243393 0.01685338190677196 0.016531451041537238 -0.026365170566733178 0.033745457147219465 -0.02964132511892166 0.021119941114490851 -0.013991995260429668 -0.010266785471859502 0.013213669597524427 -0.023027290984256522 0.016455070664299343 0.04008343582220155 0.0069868044570265816 0.016165391770387269 0.021324059232119354 -0.04566580943863003 -0.010782499935391045 0.027375580479009412 -0.0020224266942579397 -0.0067757414478410386 -0.0094450810305300378 0.0048113500190554602 0.030842271025332973 -0.0022046442340809204 0.013101051876413559 -0.035041221737000292 -0.047470357218955934 0.027674989354438715 -0.015689971708537462 0.0085204756802274989 -0.0098233628436301835 0.033429359831599309 -0.0019572231719571695 0.0043062006102000845 0.017395412287410685 0.0031339591511763145 0.0023092215245976355 0.017856079825549671 -0.0018885438738167897 -0.015724978610989603 0.03982612662631678 0.020691119816967328 -0.016250867092349418 -0.0060762191854785829 0.038690090288561983 -0.022700547522961148 0.021174999723281292 -0.02228872615491638 0.014027642741830529 0.022136221664978327 -0.0091892967375679837 0.0087042417720093607 -0.019305819871947266 -0.011457629724539196 -0.00095342930320881103 0.0022796088536476198 -0.018580710501379893 -0.020563277539793791 -0.0034870801936846109 0.016599337266959186 -0.012858639493064188 0.00054065564901333897 0.031287975406631426 -0.0057286952869168286 -0.023499153456723709 0.010166127420822983 -0.030292629851090817 0.01108416250024421 -0.01193184090950019 0.0012160902005203028 0.0059793328243279873 -0.026766063459296437 -0.02191760224589958 0.0085227835634982593 -0.0043124638033399266 -0.00026054921713491557 -0.0028206705217909017 -0.005450603542911877 0.009013209343869847 -0.0068896443220894527 -0.021159351126747005 -0.018551796514567689 0.025253373886523697 -0.00058923042918829758 0.015566834122651554 0.0087563466324444839 0.0035471480667928074 0.028324731776732445 -0.010624966068628722 0.015575479602801342 0.026287629566569479 0.024175381696177407 0.046034220906695157 0.017118905289589915 0.035138860117984845 -0.015304754062862832 0.00077773742287088948 0.0030077868190036159 -0.024270431306916355 0.018724909920808823 0.0098197488577707083 -0.0012536723795633275 0.041307789291981839 0.034892664959406114 -0.021986770799188659 0.012871083070001154 -0.015101173309572459 -0.0067593334254658962 -0.0062079997616966811 -0.001359399413852685 0.0092135626720249615 0.040241053514124103 0 0.0092116900850532802 -0.019316455209082626 -0.0060838321860663021 -0.019447502747240421 0.0038054594890888612 0.0072579024618807273 -0.011754614129638824 -0.041914326434741592 0.013278189073167723 -0.014426714153993572 0.0063990976084203188 0.0066093575182602947 0.00055549995414688584 0.0081200586769322181 0.0068531043246688756 -0.021116908564415036 0.0080445528585903481 0.0038319621197994581 0.0019374039764515779 0.026662704219045867 0.0071078187581447927 -0.0075914676404504403 -0.0055476297180092832 0.0015069579568467149
leaf_weight=8.2856114029418642 8.2066728416830284 8.7491421960294229 3.0254989359527853 6.0052963439375189 21.24996756948531 6.9300666023045761 5.8582621775567523 8.7061050506308657 18.180661585181959 7.2047996427863854 2.0208463277667796 4.0395280793309274 3.865879936143755 4.377492681145668 6.7733943313360232 5.7156634163111439 1.5867184055969117 2.7745834477245808 3.1660709884017697 4.9650847595185033 3.6421069093048599 3.3570664003491384 2.800773721188313 7.1873575169593087 5.3114728555083266 6.2916783038526756 3.2797659300267696 3.9942288994789115 1.6675945650786186 6.6206804416142386 5.8020093757659188 3.6564330160617819 5.1922903377562744 1.7696034889668215 7.3769411575049189 3.5075318599119774 4.6184152700006988 6.0487755127251139 7.2204712191596627 7.1608938649296752 4.3834700174629715 1.4223015699535588 8.9768820926547068 3.6525045186281195 4.5988333635032177 2.7107498943805695 5.5850592516362667 7.3034904617816228 6.3886638991534701 3.0998140592128092 7.2759456187486649 4.5620399489998817 3.7704730089753857 4.0015692487359029 3.1057137586176387 26.611115548759706 2.5535091273486605 3.5939181149005872 3.2171788197010756 36.596053116954863 2.8454976268112651 11.413208249956368 4.3206370547413826 2.519844649359583 4.1305950060486802 3.3386033587157726 13.706689184531582 1.8198002576827921 4.0122858062386504 10.478878665715458 119.60363260004669 5.6526705510914326 3.3111367076635361 9.8016702234745008 2.7352844700217238 6.6488905102014524 3.3764533721841863 3.1250876821577576 3.6271540746092787 2.1207914073020211 5.2099301703274241 4.3871301077306253 4.2122946707531801 4.6560610383749035 39.264242514967926 12.263557812198995 3.4332393892109394 4.73420101776719 11.878397481516002 5.1702476963400823 5.4994828756898704 4.4318842776119736 5.1944424156099558 8.1507750898599607 3.3527202308177939 2.1198133025318384 4.3104018196463558 1.7764831520616997 2.1204881891608265 3.6049545630812645 3.6511342748999596 6.54345379769802 4.2159298975020629 4.9957064092159271 7.6855904767289758 2.7586213536560527 4.8751035183668119 3.2677004542201749 5.4809143878519535 2.4687318205833435 5.9773826776072383 3.5936287902295589 2.089009877294302 2.0187978390604258 1.3157569402828815 9.818770367652176 4.0831358321011066 2.684052150696516 6.677018906921151 3.5675697773695054 3.7883553951978683 4.2253742534667245 2.7607252392917863 1.340568391606211 4.1475462596863499 4.0984896076843125 4.6088910102844221 4.0547734778374442 3.9576327539980394 5.6372702885419121 8.6622396633029002 7.9040263835340729 4.3677942268550352 12.09438071772456 17.547733455896374 3.1719663348048925 60.57830511406064 9.350796237587927 6.3684879727661556 4.4865761231631041 2.0374060235917568 4.9751461949199429 3.3083188533782959 2.323615089058876 4.5997061897069242 1.7443554932251597 22.868225637823343 5.4043621458113176 2.896824948489666 2.6679005343466997 1.5413114912807939 2.5994371231645266 3.3069877177476874 3.1831674352288246 2.8420566730201244 20.601172253489494 1.6042309328913686 5.9950009696185589 4.138934537768364 1.9567010197788466 2.4510246515274048 2.5732805691659451 2.8905139919370404 5.0171874891966715 33.801866052672267 3.3126909025013447 1.4996760115027425 2.0927298944443455 4.1443449556827536 1.5527679100632665 1.408779840916395 3.9197606649249792 3.1222857236862183 3.4904628656804562 3.3891814462840468 3.0375787056982517 4.8508712444454432 2.3376540988683701 2.313080050051215 3.2745110597461462 2.1978409364819562
leaf_count=40 96 32 28 31 133 15 38 30 123 42 43 40 40 27 32 42 33 29 41 41 33 37 23 50 34 39 21 24 23 46 63 23 31 26 54 43 39 38 55 40 28 18 68 29 25 28 59 71 83 17 43 36 27 31 20 233 11 10 37 435 21 61 35 32 31 18 95 23 22 83 834 45 32 41 20 64 38 15 30 29 40 26 37 23 280 74 25 38 83 40 51 59 28 43 23 23 29 19 19 34 18 45 38 29 37 35 15 36 63 28 84 26 15 26 30 65 31 31 42 24 22 36 31 14 45 34 25 16 41 28 21 55 28 48 98 55 284 43 69 36 22 26 24 14 26 26 170 77 18 43 18 33 32 22 25 167 22 30 25 35 17 18 40 51 416 23 24 32 21 9 33 37 41 20 21 24 41 32 28 29 29
internal_value=8.63675e-05 -0.0264732 0.00981327 -0.035327 -0.01705 0.00959116 -0.0110828 -0.0296697 0.000395254 -0.0022669 0.0072404 0.0139348 0.013418 -0.0147794 0.0139067 0.0127361 -0.00964138 -0.0136052 -0.0174313 0.0134759 0.0148203 0.0172996 0.00562681 0.00626312 0.00904192 0.0129075 0.0176347 -0.0178675 -0.0203755 0.000606484 -0.00322926 -0.0422758 -0.0435335 -0.0253237 -0.0279295 -0.00923486 -0.00751022 0.0206941 -0.00890292 -0.0098283 0.0214659 -0.0232428 0.00125709 -0.012337 0.017268 0.0241015 -0.0386187 0.0227946 0.00573111 0.0233054 0.0251436 0.0264798 0.0192029 0.00711418 0.0323774 0.0317673 -0.0360059 -0.00983006 0.0242678 -0.0388572 0.03007 0.00629376 0.00718104 -0.0181871 0.0168426 -0.0282652 0.0100193 -0.0307056 -0.0132296 -0.0195523 -0.0456357 0.0112737 0.00799697 0.0345491 0.00905601 0.0194954 -0.0413495 -0.0020228 -0.0101333 0.0102643 0.0317862 -0.00063254 0.0267701 0.0269199 0.0308848 0.00967469 0.00421688 0.018685 0.0213689 -0.000443706 0.000180974 -0.0103194 0.000133306 0.0058671 0.0151609 0.00245829 0.0101576 0.00475532 0.016666 0.00114079 -0.00335398 -0.00515137 0.00208969 0.0126784 -0.000152802 -0.0332756 0.0193977 0.0183835 -0.00166877 -0.0131133 -0.0224153 -0.00631213 0.0189036 0.0137728 0.0199813 -0.0199347 -0.00765449 -0.012676 0.0255565 0.0162104 0.0189253 0.0135835 -0.0261968 -0.0275149 -0.00963822 -0.00700481 0.0142801 0.0212848 0.00275901 0.0367577 0.0380755 0.0182775 0.00179259 0.0354876 0.0223977 0.012493 0.041383 0.0431786 0.0267546 -0.00610202 -0.0259571 0.0230814 -0.013452 0.00816615 0.0353918 -0.0109448 0.03776 0.0290969 -0.0124399 -0.0144978 0.000383611 -0.0351813 -0.036259 -0.0199861 -0.00106372 0.0369409 -0.0255259 0.0280413 -0.0123136 -0.0443407 -0.0121415 0.0285212 0.0379928 -0.0379778 -0.0402286 0.00575207 -0.00683249 -0.00399816 0.0272459 0.0199962 0.00100613 0.0251558 -0.0175433 0.0294791 0.0168305 0.0126255 0.0221827 0.0318508 -0.033366 -0.018812 0.00739464
internal_weight=1190.16 317.397 872.758 198.575 58.0654 18.9304 118.822 39.135 242.683 212.863 92.9996 74.8871 630.074 106.406 623.025 586.844 119.864 100.899 88.3737 569.599 512.448 394.515 91.0078 117.933 110.746 66.4686 29.8203 97.4194 91.5612 18.054 26.2496 140.51 136.853 73.5072 69.5129 23.2606 36.8591 303.507 13.5121 17.2454 297.458 69.9053 57.1509 21.8251 73.8869 49.0333 30.4289 48.6375 18.7868 263.593 234.954 223.291 106.694 28.639 116.597 36.5802 46.2523 9.17898 85.7394 43.6988 36.181 33.8649 12.8482 18.1126 12.4162 55.8086 35.3257 52.6425 24.5392 20.527 128.104 12.5257 10.0845 108.078 18.4102 11.9575 41.9292 20.9545 16.571 18.9641 29.8506 11.6631 22.393 78.3178 61.3982 16.9196 10.0396 52.9564 48.2222 12.4531 31.5476 6.45273 8.55151 15.8837 30.3606 24.8536 17.0726 18.4684 20.4282 9.60159 7.42161 26.9292 20.3858 28.1493 12.6813 49.3039 9.19574 14.3923 14.0967 7.94965 7.64498 7.90403 27.0079 12.0151 10.2386 12.9439 14.8863 7.8543 39.6707 27.7923 10.409 12.3761 17.7262 13.2691 7.42731 6.87307 8.98638 15.468 8.51967 98.2759 92.6387 16.5663 7.07854 51.3586 21.1153 6.14704 76.0724 69.9291 10.8266 7.2473 7.83942 22.8262 8.50061 4.84346 30.4934 6.45336 27.4679 7.42316 6.50178 8.21078 4.20921 46.5453 44.7255 7.04905 5.68755 24.6407 7.99289 12.9251 7.78104 38.5528 4.57182 9.22217 29.5016 41.4185 36.4013 7.52862 2.81543 4.18174 17.851 4.72473 2.74935 11.1246 4.86664 10.794 6.60636 6.14329 9.16853 8.70614 10.5198 7.35765 4.31765
internal_count=9178 2333 6845 1252 308 76 1081 232 2542 2316 949 732 4303 1010 4241 3971 1367 1206 1098 3867 3467 2496 639 971 921 444 226 958 920 175 289 944 921 745 721 176 290 1857 94 104 1819 822 400 147 631 425 202 443 196 1634 1353 1284 691 281 593 329 545 69 553 534 270 185 79 217 71 649 253 608 195 173 889 108 64 516 204 102 508 138 110 161 247 69 160 508 411 97 83 350 312 96 256 102 65 122 212 206 148 276 189 69 45 217 172 143 66 590 50 115 173 91 107 55 189 176 157 80 121 71 247 164 68 79 150 171 66 63 52 77 77 475 447 76 56 328 122 82 371 327 120 67 85 142 55 46 224 100 196 103 52 92 61 555 532 62 46 207 105 45 58 470 46 82 273 500 449 61 54 47 116 64 47 79 67 91 58 44 93 101 124 60 52
is_linear=0
shrinkage=0.0323284


Tree=5
num_leaves=197
num_cat=0
split_feature=8 8 25 1 22 16 14 6 25 22 0 26 1 8 8 4 13 4 16 10 1 4 1 24 2 5 6 5 16 10 5 5 23 11 23 0 8 13 9 20 7 16 13 4 9 17 6 2 1 11 11 26 13 6 7 22 13 8 16 7 5 23 5 24 25 8 4 22 0 1 15 9 20 7 10 0 0 14 20 8 1 22 13 8 11 23 16 11 23 27 20 1 12 25 23 7 10 26 7 6 0 25 14 1 6 20 22 22 20 20 25 16 14 22 4 24 1 23 23 13 23 12 20 24 8 14 11 5 5 21 15 28 23 27 4 22 5 8 19 1 26 23 22 27 27 0 11 2 24 12 22 3 11 11 27 24 13 14 3 24 1 11 5 25 15 13 0 25 23 23 13 24 13 0 13 23 13 14 24 20 16 17 0 20 1 8 26 26 22 16 20 25 26 14 1 21
split_gain=212.697 33.8391 29.1918 21.6493 15.3461 14.1896 13.085 12.6277 10.3352 10.0602 10.0403 9.46415 10.1156 9.26809 9.03353 9.62244 8.64273 9.37214 12.0647 16.7182 8.17821 8.06995 7.92725 7.54935 7.0893 7.00496 6.98796 6.98097 6.85673 15.7477 7.48039 8.16157 6.72287 6.48618 6.42441 5.93621 5.72797 8.05153 6.47312 6.16505 5.90974 5.54628 5.53861 5.46143 6.59941 5.55734 5.32509 6.94127 5.22399 5.16761 4.7782 4.6741 4.67099 4.60115 4.39683 4.38218 4.37186 9.01389 9.11937 6.66272 5.28161 5.50316 6.03773 6.39732 4.83859 4.40353 10.8222 4.63059 4.34995 4.19643 4.47882 4.1022 4.08533 4.05162 4.38498 4.33445 3.94285 7.05551 3.90716 3.8822 3.86796 3.73481 3.7132 3.63318 3.62697 3.5992 3.35247 3.29606 3.25399 3.17555 3.14975 3.13222 3.03213 5.75651 3.28307 3.86187 2.98271 2.972 2.9691 2.9684 2.94431 2.93517 2.88111 2.87149 2.83729 2.82989 2.82494 3.74084 5.19624 3.81335 2.79906 2.79781 2.80227 2.7126 3.50556 6.33278 2.6803 2.65377 4.10927 2.60863 2.58648 2.52146 2.45776 2.42547 3.56491 2.27922 2.58539 7.57737 4.1623 2.88378 2.18085 2.98818 2.17315 2.09479 2.0837 2.02632 1.92815 1.78133 1.76489 1.75474 1.73752 1.87144 1.70815 1.68 2.2444 1.67032 1.62801 1.6061 1.49015 1.48599 1.78957 1.4329 1.4194 1.39451 1.39067 1.35814 1.30806 1.30552 1.26898 1.2422 1.22151 1.48039 1.41383 1.21935 1.74736 1.17362 1.11635 1.07649 0.983062 0.88158 0.858172 0.776617 0.760361 0.726476 0.691553 0.677871 0.672257 0.642717 0.608253 0.55397 0.536183 0.522726 0.452638 0.424029 0.398995 0.371958 0.351929 0.403678 0.289841 0.889047 0.272479 0.257796 0.256327 0.14457 0.0993826 0.0895868
threshold=-0.40793841542426396 -0.41937640457503833 57.814958495865248 0.089173189146862911 0.12544375525830934 0.0036425689042318779 0.022742396966515453 0.12500000000000003 86.802698310525699 0.1018064156010209 -0.38824226353122676 -0.74999999999999811 -0.20083755993377991 -0.043513774251172747 -0.26689833809417174 0.0059523809523809529 0.0049333869686695184 0.77579365079365092 0.0034119940515158838 0.32500000000000023 0.085428596993557551 0.89087301587301593 -0.04658565503958239 -737.86318726935838 1.3188897990761601 0.13593965299033775 0.9027777777777779 -0.074003013245452928 0.0024114069539048241 0.4000000000000003 0.021436747674878468 0.02601446323156054 0.01576494480035218 -0.021034166666666514 -0.011598880993668402 -0.070591600995172296 -0.047501790536802084 0.0023642641444013512 -794.74999999997806 3.1838689525524428e-16 17.500000000000004 0.0022898495496119007 0.0052579806052889255 0.50595238095238104 -13502.749999999933 1.0766980803777271 0.37500000000000006 1.0410026391920015 0.0084988860578757448 1.0324750000000018 -0.14017857142857149 -0.95000000000000095 0.0085878080658221088 0.95436507936507942 5.5000000000000009 0.1644041623468854 0.0082557996710991583 -0.18939671188776683 0.0060523882278242652 8.5000000000000018 0.043183555026009575 0.021730818337863726 0.054385492044798596 -926.20078029136039 51.687560126648073 -0.059559097602100756 0.51785714285714302 0.12936293512197336 -0.12219312732698799 0.18172876304023847 73.513922987002402 -2131.5000000000095 0.50476638393899753 5.5000000000000009 0.19999999999999987 -0.27954321770398266 0.2548647447316576 0.016184028142393701 3.0939480991706954 -0.049383222222191041 0.020868000113439925 0.14236277294239466 0.0086605513340413057 -0.4529302944975217 1.6100000000000014 0.011210278204796366 0.0080598555207372826 -0.27361111111111119 -0.012279796125543916 -1.1994600934083584 3.107925630940676 0.25259199889692235 0.0094501865682589514 85.643701960046073 0.043851479149786161 3.5000000000000004 0.20000000000000015 0.79830000000000301 1.5000000000000002 0.43849206349206354 -0.19527624575279209 42.115780229363843 0.013009109789528088 0.30575517464424312 0.8670634920634922 5.1856911124344771 0.15126152835242238 0.15377723908890636 3.107925630940676 2.1275748023762052e-16 38.85771542217509 0.0046268025793409122 0.023023405604862355 0.33804420469030833 0.83928571428571441 -1391.1004475547602 -0.027830881674954896 -0.0064518987346330872 -0.015842807954404677 0.0028840127554099516 0.019522029566093838 0.0015744867740330557 2.5897843828055818 -511.43662946163255 -0.10138743533975612 -0.040146277870620327 0.22499999999999984 -0.031071081510372963 0.021436747674878468 0.0039600386354019532 50.51784364675752 0.81666666666666676 0.0019549968869172489 -0.16108135864777198 0.48214285714285721 0.34627650821268857 -0.060714089062081415 -0.29292733796354142 417.4999999999946 0.0051923349046387743 1.7499999999999984 0.025678367813570028 0.15349485436309354 0.23472368947950639 -1.074652721563802 0.60348649067978821 0.3878321428571429 1.1229703988475426 -61.195977848476396 0.0031007616722013675 0.15093848355490774 0.013113485342057607 0.22499999999999984 0.50461250000000002 0.18075346026229452 -334.45530044233288 0.0053430414902853642 0.023023405604862355 0.0072687230641894926 -221.50365443431858 -0.19398493692449484 0.50461250000000002 0.011491079774198389 106.99649981226037 208.27243636966031 0.0034722904175842674 0.42912951886914458 15.531982766309419 0.037637987335755081 0.015538512803557338 0.00882072747637065 -2231.3229884187431 0.0034353949532290062 1.0000000180025095e-35 0.0065621281055180765 -0.0015089137507994785 0.0090761683027994772 0.021590045130772551 -519.34685299736691 4.6328704306989694 0.0048952783419747205 1.8383370548673577 0.089257552497471374 0.96272280744810834 -0.043017743916331778 -0.26689833809417174 1.4499999999999977 1.7999999999999983 0.34717640174542935 0.0025971294341300593 1.8547431428775585 82.279997275910318 3.2500000000000004 0.023023405604862355 0.16065581588223102 0.015716783748657485
decision_type=10 8 10 2 2 2 10 2 10 2 2 2 2 10 10 2 10 2 2 10 2 2 2 10 2 10 2 10 2 10 10 8 2 2 2 2 10 10 10 10 2 2 10 2 10 2 2 2 2 2 2 2 10 2 2 2 10 10 2 2 10 2 10 10 10 10 2 2 2 2 10 8 10 2 10 2 2 8 10 10 2 2 8 10 2 2 2 2 2 2 10 2 10 10 2 2 10 2 2 2 2 8 10 2 2 10 2 2 10 10 10 2 10 2 2 10 2 2 2 10 2 10 10 10 10 10 2 10 8 2 8 10 2 2 2 2 10 8 10 2 2 2 2 2 2 2 2 2 10 10 2 10 2 2 2 10 10 8 10 8 2 2 8 10 10 10 2 10 2 2 10 10 10 2 10 2 10 10 8 8 2 2 2 10 2 10 2 2 2 2 10 10 2 10 2 2
left_child=1 11 9 10 5 -5 26 8 49 32 -3 87 35 14 51 110 73 18 19 20 27 36 156 52 81 34 -6 -18 29 41 42 -32 82 -28 54 -13 37 40 139 68 106 158 -30 44 -20 48 148 -48 85 120 -33 -11 88 69 -12 159 60 58 89 176 64 62 -62 -64 65 98 67 -67 101 70 -45 137 -29 74 182 -75 77 -70 130 123 -68 -10 194 190 -36 147 -60 145 97 169 188 -71 94 174 95 96 -74 179 -41 -73 -66 172 -42 152 -90 -34 -17 -108 109 -109 -16 112 -83 114 163 -116 -79 118 142 -115 146 -110 -120 124 138 -100 195 129 -129 -128 -54 166 -84 165 -61 149 -91 -21 -24 -38 141 -72 -65 144 -53 -1 -4 -46 -40 -76 -151 -87 -25 -148 -47 178 -23 -31 -14 171 -102 162 -162 164 -77 -114 -132 -15 -143 -58 -138 -52 -39 -160 -94 -111 -59 -119 -121 -19 -165 -88 -9 -50 -166 -22 -97 -188 189 -44 -57 -106 -142 -122 -2 -127
right_child=2 3 7 4 6 -7 -8 16 24 13 25 12 28 167 15 21 17 23 43 71 185 22 79 103 -26 -27 33 72 30 157 31 50 105 -35 84 -37 38 39 46 56 102 -43 90 53 45 154 47 -49 183 -51 55 143 78 -55 -56 83 57 59 86 134 61 -63 63 117 100 66 80 -69 76 91 140 99 92 75 135 113 -78 116 -80 -81 -82 111 132 -85 -86 151 181 -89 104 136 -92 -93 93 -95 -96 186 -98 -99 125 -101 160 -103 -104 -105 191 -107 107 108 121 175 -112 -113 133 119 115 -117 -118 177 122 155 193 -123 -124 -125 -126 126 127 128 -130 -131 131 -133 -134 -135 -136 -137 170 -139 -140 -141 192 168 -144 -145 -146 -147 153 -149 -150 150 -152 -153 -154 -155 -156 -157 -158 -159 173 -161 161 -163 -164 180 184 -167 -168 -169 -170 -171 -172 -173 -174 -175 -176 -177 -178 -179 -180 -181 -182 -183 -184 -185 -186 -187 187 -189 -190 -191 -192 -193 -194 -195 -196 -197
leaf_value=-0.014479947323068466 -0.031243360701521731 -0.0042367548372859581 0.034288410769455789 -0.024700384403247174 -0.045411850436138226 0.026184047499658528 0.0068024701308934434 0.020718167949086569 0.013763367482340033 0.014083106773568079 0.0095499588254747136 0.028469376581458053 -0.00098677050525189294 -0.00063163538006189826 -0.023457185531095177 0.040123827161742634 0.02092910702335974 -0.02941205179137334 0.021138099009711551 0.035928224333260962 0.0219568633452502 -0.029348749275195516 0.01429547593431843 0.032980128099939658 0.026213449575524045 0.0010433508009724528 -0.025055343479123714 0.012369994794362389 0.0087351888739470272 0.031385488147482841 0.023560378792700627 0.015939463994244774 -0.0067085431159816565 0.016479850598236281 -0.046952667025353785 -0.010957193699484651 -0.022849030029152353 0.0033605644844399572 0.032998366205929476 0.0038278293944855987 -0.011921641720418598 0.01316245556020346 -0.0016399836760938073 0.0059656630400138095 0.021987941323998214 0.019429685056799671 0.016165015825307771 -0.023956847198985127 -0.0059269451193118558 -0.005828403574792038 -0.004635641285836223 -0.0162482944394787 0.011740667055562402 0.0080043517444510527 -0.025958964155055886 -0.019931411901255171 0.0082142526105388851 -0.00093449680495019866 -0.024497913795212555 -0.028739833290350469 -0.012536842265092699 -0.014166365189461934 -0.0093608375420407113 0.0026881718763390669 -0.016454152504428835 0.010220129303282133 0.036904600123153934 -0.023592522049572795 -0.03033318788270328 0.016635876696139518 -0.038823680565136603 -0.017547840816663177 0.013509142895228385 -0.011148232420728354 0.0037624013522492665 0.0355785027393863 0.013939151174761169 -0.010287860337494379 0.023928598807758879 0.027945282949483553 0.0041955516895783185 0.0045101363992713162 0.015559600573054602 0.015179311018454272 -0.0099584369827718511 0.0025625021355223879 0.014225702750898298 0.02959102516858866 -0.011564874694670491 0.003835457102169362 0.000859019012317725 -0.016650914015299188 0.021507176906346931 -0.022329634914285346 0.0050224553976806136 -0.040055730125342422 -0.01848374398974956 0.0062328571287847299 0.0048693323774714513 0.015899499458181039 -0.0062050178432106065 -0.0065021177954042858 0.015074903600182035 -0.0049040303514796078 0.0015954993877154613 0.023262695088115942 -0.00053473526714755955 0.0048062725336679825 0.017851761924402298 0.016140052455914596 0.0043579625844154353 0.0078781356641054283 -0.0014767459171607115 0.017344988642412251 0.024591699553040292 -0.014576617647932289 0.018595707520417077 0.036509389015557017 0.009423971961544533 -0.0056653448002169909 0.0037744169388998394 -0.0060320517749842192 -0.018673513107997964 0.014232789078253649 -0.021069352827926945 0.034873911615986374 -0.021276943774874286 0.03291090151905237 -0.00041498459250289155 0.0088360371065636968 -0.023819119039557062 0.011835553689484718 -0.011330672510542728 0.0012659885740171611 0.00070955355900668179 0.006358032476499683 0.0060891380542590565 0.0058508110820875824 -0.0069971934672200305 0.0020352632223206305 0.0035695678765029731 0.0049630769806803705 0.030113719995091503 -0.02992582784008025 0.013462608705577897 0.010326131779901318 -0.0075895780838165314 -0.0060391710735796227 0.0053980581795253207 -7.0097632429483908e-05 -0.026659895195526553 -0.020989724173007089 0.0034997831703349391 0.015897279979794499 -0.0042341644597124429 -0.018514669730289073 -0.00014139325769709432 0.0029775306789936885 -0.036520173749958286 -0.0016078341129982445 0.02410406030474083 -0.0049886423193350304 -0.0030068002999666622 0.010968175647471686 0.010245629882732064 -0.033005920443566539 0.00087503249744974544 -0.025890277377747593 -0.015367920796381503 -0.010029019327807439 0.035217752401988246 -0.0354173394181573 0.027598408264166242 -0.0037180466308084038 -0.0013164093674544711 0.040299578248225151 0.019112058904661493 0.011288358608909966 0.01068369690118136 -0.0033392779884807047 -0.0040405443219416843 -0.0028867831304371368 0.0024228931814281396 -0.033336622632880876 -0.0030400403136294652 0.0019000042670474363 0.0018293308900563241 -0.013791674877768995 -0.006494842868974688 -0.037667876776639311 -0.0018440859068377361 0.020038079005627693 -0.0074007966238908264 -0.0040136685260182062 -0.0083186316430156598 0.0095851616393961628
leaf_weight=2.1491922065615654 6.000943748280406 8.7820608317852003 23.91029339842499 5.5676732566207674 18.332828286103908 12.667912166565655 8.9421047680079919 2.6572149395942715 3.0429011173546376 2.818767871707677 4.2253321036696416 6.5956612154841423 1.6935233995318437 2.6865510158240786 5.1354347467422468 27.958251225762069 2.0354778077453366 8.1365769114345277 3.9251328054815522 10.678492875769733 3.6897094212472439 4.6216948945075265 5.9188878536224383 9.1135753206908685 3.9358631540089837 3.6640052124857894 5.4022642038762569 1.644634530879556 2.2079189140349618 6.8420754466205818 4.1077244346961379 2.0418999399989906 3.1841245517134649 3.8204425275325757 99.33470884244889 4.1322853565216047 5.5971574950963277 2.8940757624804974 6.7108326032757759 6.3963670516386619 4.5861800760030729 1.8784703351557244 1.0830504428595364 2.1246576681733123 3.2328364085406118 3.1070027397945514 6.2302091661840659 4.8989099357277155 2.472731187939643 4.0147685632109633 2.201565876603131 1.6905270908027881 4.1045345738530168 2.560063309967517 4.267872316762805 2.1072736717760563 2.144001035019758 1.9118085782974983 3.9044061116874209 7.9560968093574029 5.4429936446249476 5.8728159442543975 5.6208125390112391 4.4242625273764116 2.4192444290965787 4.4492862019687909 8.9771067779511196 7.0016508717089891 7.9867072999477378 2.4963019732385865 27.631119988858703 2.5150600224733379 2.6148355118930402 4.4001677781343451 2.0826099067926434 12.750309007242331 3.9865897316485635 2.8658305089920759 6.311296308413147 4.9956970624625709 6.8884987737983456 3.0348055996000829 2.7440488971769819 4.3930054828524572 5.099269773811101 3.0132726300507784 1.5614542178809645 5.0118414619937521 3.9436051044613141 3.9262020923197296 2.4860482215881339 2.2715541906654835 2.8432746492326242 4.4270972833037376 1.9398519471287716 14.412007845938207 2.6272084135562181 2.2002847827970973 5.4671515841037026 1.6624844092875717 1.6771399881690729 3.215058060362936 4.9759711120277643 2.1956942006945601 1.7121801190078256 5.4264381341636181 6.1680243983864775 6.1294196024537078 5.0184435769915563 8.7248368561267799 5.0335389748215675 2.7861099280416957 1.7631379533559179 2.1739268787205202 4.265298405662179 6.2451778631657344 4.3781363517046001 11.369326191022997 2.971458455547686 1.4299522656947372 1.3925585169345134 7.2673705965280533 3.7056011278182268 6.8466575406491748 4.9924315661191931 63.691995734348893 3.5094581637531546 16.496440026909109 4.7443490717560115 3.5152354668825865 4.9599854182451963 2.1270074732601643 2.8655555881559849 2.3998755086213235 2.9811948910355568 3.3012712299823752 2.909189190715554 4.276422318071126 4.2809080369770527 3.5693839192390442 1.2144133616238826 2.1631008731201282 4.7222938314080238 4.4860536381602287 1.9126855479553331 2.2626600582152605 2.1007743068039408 1.2970486450940368 4.6091797575354594 3.5299215689301473 7.4756121505051851 4.4427447840571404 3.0502074081450692 2.0088810212910175 2.5236413665115833 3.2594847846776247 2.0571376662701368 3.0015740655362606 7.2832160145044309 1.9983577840030218 6.0925879683345565 1.8179082572460172 1.618841564282772 2.1524439603090277 1.8734690528362992 9.0922102238982898 2.1344368997961283 3.0211138017475605 1.9460586234927175 1.9051660057157276 16.498334927484393 9.1882137488573719 5.6875160727649927 1.69978916272521 1.2568442709743974 21.673695333302028 3.1665875222533941 5.8060565665364257 1.5580272972583773 2.0080652609467515 1.9117339290678499 1.3484895229339597 3.2525160256773233 10.827495729550717 1.9587045591324557 1.9825684651732434 1.4832291621714824 1.5344498660415409 2.0829415805637828 28.305382462218404 2.0020851828157902 2.3464903235435486 1.3078425023704765 1.5210863742977379 3.6827387642115355 3.4126956518739453
leaf_count=22 47 32 213 31 134 43 31 26 31 22 21 26 28 29 41 113 49 93 59 68 35 41 39 107 41 23 60 19 15 39 20 7 27 9 776 37 33 21 21 43 24 21 27 14 35 29 36 41 23 41 16 28 19 26 34 25 31 24 40 68 25 43 39 24 22 25 30 47 67 40 303 35 28 33 30 120 37 17 47 18 29 37 33 43 49 31 34 26 42 36 13 34 40 57 8 184 22 17 37 30 14 24 24 17 29 30 25 23 22 42 40 26 26 21 31 40 35 86 21 24 16 30 32 36 44 445 21 99 28 29 49 20 28 24 36 23 25 24 33 24 29 31 26 48 43 24 20 36 38 35 64 57 23 24 24 26 23 23 84 25 69 22 16 24 18 103 26 26 31 19 192 109 46 29 37 90 35 21 20 24 26 14 24 125 26 24 23 24 19 381 20 23 16 31 32 23
internal_value=7.04308e-05 -0.0236798 0.00855161 -0.0321286 -0.0139186 0.0091521 -0.025242 0.000970892 0.0137838 0.0135087 -0.0394782 -0.0088522 -0.0119648 0.0145625 0.0151192 0.0158443 -0.00216921 -0.005592 -0.00994267 0.000818809 -0.0104131 0.0165863 0.00124367 0.00554863 -0.00170746 -0.0419284 -0.03524 -0.0160756 -0.0156552 -0.000120221 -0.0207829 -0.00695789 -0.00617895 -0.00803258 -0.043314 0.0143133 0.0178459 0.0189653 0.00409232 0.015843 0.0274632 -0.0216676 -0.0299251 -0.0180596 -0.0074099 -0.0128346 0.0130065 -0.00299584 -0.0189273 0.0244365 -0.0145581 -0.0112053 -0.00208047 -0.0253558 -0.010656 -0.0192291 0.01752 0.00817016 0.0170082 -0.0103532 0.0197042 0.00961332 0.0136027 0.0180331 0.0228007 0.0246241 0.0109753 -0.0111265 0.0019911 -0.0279042 -0.0313288 0.0235115 -0.0199747 0.00764827 -0.00325486 0.0130126 -0.007169 -0.0142885 0.00842687 0.00938198 0.0260612 -0.00960682 -0.0176807 -0.000189442 -0.0455329 -0.00198503 -0.0119658 0.0177806 -0.0119775 0.0247687 -0.0330304 0.000412677 -0.0226218 -0.00389091 -0.0278021 -0.0309175 -0.00348436 -0.0205293 0.0276386 -0.00302234 0.00342121 0.0151434 0.00238604 0.0230256 0.00343994 0.0134321 0.0301364 0.022941 0.0257478 0.031462 -0.012096 -0.014911 -0.0195287 0.0163965 0.0203926 0.00348754 0.0075207 0.0231588 0.0101398 -2.44596e-05 0.0285657 0.00551544 -0.00721181 0.00188994 -0.00529424 0.0289663 0.0301224 0.0178609 0.0264591 -0.00827006 -0.00237312 -0.0101835 0.00272702 -0.0248372 -0.0224815 -0.011502 0.0287964 0.0300981 0.00584059 -0.0152684 -0.0339885 -0.0358845 0.0213063 -0.0216376 -0.00158705 -0.00279369 0.0312576 0.014804 0.0257282 -0.016414 -0.0202343 -0.0136846 0.0280509 0.0059013 0.011253 -0.0101701 -0.0235332 0.0258111 -0.0295588 -0.028746 0.0106395 0.0144971 0.019235 0.0272242 0.030721 -0.029519 -0.0185449 -0.0188085 -0.00728674 -0.00101218 0.0324695 -0.031986 0.0228035 -0.0331301 0.0171077 0.0357714 0.0142492 0.0313707 0.00399331 -0.026461 0.00528118 0.00902376 0.0153427 -0.030565 0.00522169 0.018388 -0.0371819 -0.00923099 -0.0355307 -0.0366651 -0.0160714 0.0166477 -0.00307956 -0.000227394 -0.0270914 0.034134
internal_weight=1096.53 286.862 809.664 180.106 54.7332 18.2356 36.4976 321.806 61.0033 487.858 125.373 106.756 97.3321 463.954 458.247 447.339 260.802 194.525 140.181 61.6236 42.4912 437.17 33.7134 54.3439 26.0549 116.591 27.5555 36.8189 86.6041 22.3986 64.2055 28.0401 23.9038 9.22271 112.927 10.7279 403.456 371.841 31.6157 279.338 92.5022 12.555 36.1653 78.557 34.8419 30.9168 22.4491 11.1291 25.2861 34.9484 23.9324 10.908 39.9845 43.7151 8.4932 21.8905 248.325 50.2129 34.1972 16.0157 198.112 49.9356 44.0628 38.6198 148.176 134.55 27.3165 11.4509 31.0139 41.155 36.3872 19.1325 34.7834 66.2778 22.2991 43.9787 19.2173 15.2307 19.6373 27.0346 15.8656 22.119 15.2933 8.50236 104.434 11.9859 6.81435 9.42369 20.3472 27.3829 33.9574 4.76786 33.1388 8.52722 24.6116 22.6717 5.24204 12.3449 107.234 4.17754 13.6257 11.7966 9.56215 14.3595 8.00228 8.61056 82.94 54.9818 48.8138 36.528 10.169 19.0761 16.29 39.5785 31.1571 10.5105 7.24397 32.999 15.8236 8.42139 30.9336 12.2858 6.67706 22.0389 15.1922 100.837 95.3702 28.2655 21.2408 7.02469 13.326 9.22143 5.6096 13.2552 10.9373 16.3894 23.3337 14.9549 10.1998 9.16654 34.2625 31.7403 9.14656 8.08927 3.60321 4.41185 28.0199 4.52989 11.32 13.0881 11.0055 7.45602 12.1638 4.10966 5.63064 6.24746 6.67883 9.84365 10.6765 13.3881 11.2065 9.52934 7.71143 20.6467 16.5825 10.8553 7.09442 5.70766 4.10916 4.04917 19.4075 11.3898 8.58159 8.98301 4.10012 30.3985 5.0784 17.1754 2.98798 10.1446 4.06418 2.90994 5.90973 13.3002 3.83217 5.67228 17.4297 3.01768 31.4714 29.3884 4.10936 4.05867 2.52226 2.91364 9.68368 67.1047
internal_count=9163 2322 6841 1243 308 74 234 3430 633 3411 935 1079 1007 3214 3159 3018 2797 2186 1650 707 550 2937 234 536 288 903 203 491 944 224 720 265 197 69 880 63 2703 2510 193 2117 393 162 455 943 419 360 136 77 307 345 245 141 389 524 55 238 1870 554 391 163 1316 317 274 249 999 856 131 72 247 498 424 157 442 611 202 409 156 119 161 170 59 247 140 88 825 159 88 72 228 303 440 74 423 134 289 281 50 134 725 65 143 91 48 147 94 57 345 232 207 155 81 216 190 376 285 71 52 210 103 91 304 52 53 152 116 682 645 177 127 50 114 95 61 153 104 152 253 92 72 57 410 365 50 119 71 46 257 71 59 129 99 88 130 44 53 70 64 62 141 150 121 107 85 214 164 129 75 55 62 50 217 125 67 113 77 132 59 107 44 117 50 48 50 148 44 59 231 47 427 408 45 52 45 47 79 468
is_linear=0
shrinkage=0.0323284


Tree=6
num_leaves=191
num_cat=0
split_feature=25 25 13 27 6 10 14 0 4 4 4 1 2 20 13 7 22 14 6 15 13 5 12 20 13 13 21 0 2 16 22 25 24 16 5 7 26 3 26 12 18 23 25 22 11 11 18 4 25 16 6 0 18 1 2 18 20 28 23 21 12 20 17 0 21 18 3 27 17 18 20 0 4 13 7 24 27 7 10 0 24 15 25 2 13 21 2 26 26 20 10 5 17 17 14 16 7 20 20 7 20 18 20 3 5 24 20 0 4 22 15 17 21 20 1 1 5 4 13 26 25 18 16 27 1 21 14 24 27 14 23 0 9 5 10 18 11 11 16 12 19 7 17 7 3 14 12 13 24 10 17 17 23 2 25 2 14 0 2 21 18 24 16 13 25 25 18 16 1 15 27 25 0 1 14 25 25 21 9 20 24 25 7 25 15 13 24 16 0 7
split_gain=159.859 30.5873 21.2455 17.123 12.7013 12.436 11.9709 9.7141 9.51734 9.43038 11.5579 9.08268 8.77748 8.14372 7.92894 10.5992 7.52382 6.70525 6.3707 6.09443 6.86446 6.05977 7.90606 6.55002 6.03346 6.00661 6.63076 5.90722 5.81979 10.5365 13.6817 9.19871 7.80645 7.13705 8.80999 6.75614 6.33691 10.3601 9.97301 6.0081 5.76216 7.57358 5.75587 7.94304 6.48922 5.50024 5.42461 5.41559 5.95634 8.56015 8.44647 6.96079 6.18673 8.04649 7.03409 6.6905 5.3987 5.36146 5.34058 5.33907 5.23567 5.55858 5.32456 8.10462 5.18742 5.10615 5.00441 4.92591 4.74924 4.77322 4.70848 4.39475 4.62334 4.32003 4.20535 4.1517 4.12278 4.12173 3.99319 10.0721 3.95104 3.93149 3.90522 3.86088 3.82049 3.67875 8.42908 5.32617 5.0511 3.64993 4.53057 3.63417 3.60523 3.63652 3.35908 3.33618 3.32143 3.41131 5.83791 3.75393 4.67181 4.401 3.9411 3.30682 3.28536 3.25168 3.11655 3.03192 2.94986 2.87857 2.8461 2.79353 2.73096 2.61713 2.55984 2.51552 2.98917 2.51499 2.50366 2.44983 2.37021 2.36662 2.32011 2.30442 2.18586 2.14001 2.02234 1.98931 1.93242 2.01739 1.82375 1.81497 1.7754 1.75731 1.70274 2.0702 1.69692 1.66433 1.64228 1.61315 1.59621 1.59001 1.57368 1.52772 1.48832 1.48689 1.37496 1.35462 1.31941 1.23781 1.23351 1.22143 1.0851 1.56752 1.08251 1.02866 0.968973 0.944398 0.94241 0.906595 2.40682 0.899051 0.838395 0.810552 0.792217 0.761371 0.706246 0.664662 0.613495 0.553461 0.532179 0.388895 0.374619 1.08869 0.359637 0.343403 1.1147 0.331653 0.299072 0.271449 0.262516 0.253244 0.250966 0.2058 0.148898 0.128666 0.122578 0.0952283 0.0809432 0.0373227
threshold=100.33134360281649 52.09371031661761 0.0052228002253326663 2.0167164608774266 0.12500000000000003 0.37499999999999939 -0.020153455907003372 -0.37799628727230533 0.89484126984126999 0.61309523809523825 0.28373015873015878 0.089173189146862911 1.1352761243386245 2.9954732704383544 0.0049333869686695184 5.5000000000000009 0.1358278346816352 -0.15449739277179855 0.93452380952380965 517.9945251781204 0.0082557996710991583 -0.0049609359500872299 0.01143574017708209 3.4106495910674801 0.0041196763281242605 0.015888117968131003 -0.012513345702151844 0.18191319850135249 1.1681791207720937 0.0031537989028510099 0.1644041623468854 93.411212340777425 -148.61333270664767 0.0051355602064504348 0.080417902934521904 1.5000000000000002 0.099250000000001407 0.018784375971124829 -0.87499999999999989 0.013515794607785132 2.4900000000000007 -0.011598880993668402 86.802698310525699 0.15118153988107388 1.0324750000000018 0.012132352941176318 -0.89999999999999936 0.95039682539682546 24.78411292633352 0.0053121814767885835 0.9027777777777779 -0.37799628727230533 -0.91499999999999992 0.050608031411079508 1.1588341473773627 -0.2200000000000015 1.2028654282538735 0.81666666666666676 0.021279129262615774 -0.028700351896608186 0.0038795300776068077 1.9229309278605605e-16 0.94645140868413058 0.37475130396804807 0.0088351608545571576 0.43999999999999956 0.03825638328844666 3.0581314574907252 1.2703592956727736 -1.6950000000000018 4.594100970511203 -0.040539144779809071 0.66865079365079372 0.0082557996710991583 5.5000000000000009 -1391.1004475547602 -0.47800413857994789 5.5000000000000009 0.32500000000000023 -0.16328994958724238 -95.811817377977434 541.94948950596302 57.814958495865248 0.98531282426590561 0.0069324847574253334 -0.002090531616381341 0.9142826229125196 0.48834999999999879 0.79830000000000301 3.1657588759047277 0.10000000000000007 -0.022736152773981496 1.2357536019731563 1.7807104217111831 0.019415462827407946 0.0030590398520713067 21.500000000000004 2.0425868035711017 4.5052044974400483 13.500000000000002 3.9281408781588181 0.23499999999999946 3.2376134171997912 0.023943427991271946 0.0057980464475141389 -307.03832044317897 2.6355261933216192 -0.058663870447164083 0.68452380952380965 0.15377723908890636 336.2470832477232 0.47610919993814177 0.00030042494506044021 2.3353516679116622 0.0051923349046387743 -0.17346292659611076 0.17631371960806755 0.49007936507936511 0.0086605513340413057 -0.15000000000000388 40.519010107380929 0.59499999999999986 0.0019403190893761385 0.25164760907423872 -0.073662456946039054 -0.0072002266912694615 -0.012107092304357884 -632.98561346467966 -1.4053348089127793 0.0362139416753317 0.01081232704398394 -0.12791642934810751 -5937.9999999999709 -0.078589899292217977 0.2999999999999981 -0.96999999999999964 0.085202941176470717 0.093420879120879222 0.0040043200358744991 0.0031007616722013675 1660.5000000000321 4.5000000000000009 0.9862697386973388 5.5000000000000009 0.0098093898770144367 0.033656547619191061 0.0043716725920076686 0.0041569149116821745 -2052.3453119446699 0.70000000000000007 0.79452160539018224 0.47154434985896559 0.0084524077243008939 1.2175748886271702 84.628319403339788 1.2480610134436405 0.015722511713880342 0.55621778092185103 0.97737036154467349 -0.0015835964183938398 1.4049999999999996 -467.87496232779415 0.0022618286280422554 0.0096254353817461172 31.874600780099144 67.484667294521827 -1.0650000000000002 0.0071657245514211683 0.1082589939247547 201.51124346327745 -0.51217979832474103 97.122263894396553 -0.025904854501674898 -0.036777191351104958 0.038286924545660149 39.449898217426473 44.840851249204022 -0.0035254376282656814 -2804.2499999999513 2.734688240273524 -44.012376858674891 49.731605430361064 9.5000000000000018 46.224846432457163 283.83570932421691 0.0078105062936348465 -241.15180106134719 0.0040734807669528901 -0.22461597929481356 14.500000000000002
decision_type=8 10 8 2 2 10 10 2 2 2 2 2 2 8 10 2 2 10 2 10 10 10 10 10 10 10 2 2 2 2 2 8 10 2 10 2 2 10 2 10 2 2 10 2 2 2 2 2 10 2 2 2 2 2 2 2 8 10 2 2 10 10 2 2 2 2 10 2 2 2 10 2 2 10 2 10 2 2 10 2 8 10 10 2 10 2 2 2 2 10 10 10 2 2 10 2 2 10 10 2 10 2 10 10 10 10 10 2 2 2 10 2 2 10 2 2 10 2 8 2 10 2 2 2 2 2 10 10 2 10 2 2 8 8 10 2 2 2 2 10 10 2 2 2 10 8 10 10 10 10 2 2 2 2 10 2 10 2 2 2 2 10 2 10 10 10 2 2 2 10 2 10 2 2 8 10 10 2 10 10 10 10 2 10 10 10 8 2 2 2
left_child=1 17 21 5 42 7 132 16 14 10 -7 40 18 -11 15 76 -4 104 46 20 47 22 27 107 144 26 59 180 29 32 36 33 39 57 68 -30 38 109 146 64 41 141 44 -44 81 -39 -13 48 49 52 51 -50 54 55 119 170 -43 103 122 113 61 77 63 96 78 166 127 114 82 -70 -28 72 -62 -66 -57 -47 130 -53 79 -16 134 128 -35 -55 126 86 -22 95 -89 90 -26 -59 -51 -94 121 163 97 150 99 100 101 175 164 105 -1 -32 -76 147 -8 117 154 -80 -46 -10 -68 -86 148 161 -97 -19 -106 -81 -17 -73 -113 -124 -40 -52 -3 172 -6 -79 -5 -120 135 185 -123 186 -60 -78 -139 -9 -136 -116 -21 184 -31 -23 -117 -71 -63 -100 153 -137 -34 187 -64 181 -135 160 -103 -38 -112 -87 -101 -96 -12 189 -14 -41 -54 -33 -130 -174 -131 -99 -177 -153 -93 -36 -2 -88 -127 -90 -45 -37 -77 -154 -184 -163
right_child=2 4 3 6 8 9 108 11 25 13 65 12 168 -15 28 58 -18 19 -20 24 85 23 -24 -25 89 -27 70 -29 35 30 31 171 110 34 179 80 37 45 84 169 -42 56 43 145 112 75 -48 -49 50 92 66 60 53 83 -56 74 -58 91 138 -61 71 62 156 -65 73 -67 67 -69 69 149 -72 123 -74 -75 106 137 139 131 111 94 -82 -83 -84 -85 115 87 157 88 183 -91 -92 178 93 -95 165 118 -98 98 151 102 -102 159 -104 -105 120 -107 -108 -109 -110 -111 162 124 -114 -115 143 116 -118 -119 133 -121 -122 136 125 -125 -126 182 -128 -129 129 174 -132 -133 -134 158 142 152 -138 140 -140 -141 -142 -143 -144 -145 -146 -147 -148 -149 -150 -151 -152 177 155 -155 -156 -157 -158 -159 -160 -161 -162 167 -164 -165 -166 -167 -168 -169 -170 -171 -172 -173 173 -175 -176 176 -178 -179 -180 -181 -182 -183 188 -185 -186 -187 -188 -189 -190 -191
leaf_value=0.008355154998752317 -0.030414922844312135 0.0003074434928375162 0.017349720402847275 0.00044346859742558885 0.016594736350387287 -0.028722653197851639 0.025355391151637041 0.0056097073243573208 0.021570351425890068 -0.037534317397919077 0.0052131006608594514 -0.0050806218612042464 0.013661879279665452 0.012090033691317876 -0.023355797164315364 -0.003108864038064606 -0.023786555452287611 0.00027217022644608196 0.0063238454609234234 -0.0035299063465067159 -0.01808959258674368 0.010705737828907743 0.021972493757046227 -0.018404892753906447 0.029867068277042556 -0.018929896823268347 0.033596749608415279 0.011993927704056362 0.016573438406205968 -0.0059047637701560287 -0.016395204356088582 0.031735703732815722 0.014070800634167446 0.0060983673467657736 0.022453328747607845 0.0097542783188271885 0.034155641176435991 0.011342708765805044 0.0072290551972254398 -0.019170755373698816 -0.0017875258152238603 -0.0027840413541683948 0.021074127340087997 -0.0043273910359414103 -0.02313092729273419 0.0072235299919431416 -0.041093929135960647 -0.010411991657763315 -0.0071585222685798975 0.032803146633089635 0.022579821222073995 -0.016416757792386303 0.034170567176493784 0.0081643153693442567 0.015475520392719676 0.017906084951951215 -0.044209633881630329 0.012500516286957516 -0.0145819322872748 -0.021895117661800328 0.026256203700865899 0.032418318723847601 0.040584223003023834 -0.014080045286855185 0.01381969137234383 -0.0091319620566980893 0.0039388742152119856 0.0171503445550397 -0.020275133589958121 -0.0024976909181417869 -0.0030875666305549966 -0.018696756692979613 -0.0096538172978487356 -0.024209619212011903 -0.02187842935524734 -0.037233311418436547 -0.00054247917090034683 -0.001304650592147653 0.0025435726288587607 0.031445840088104596 0.010025740674785028 -0.0027803620635916348 -0.037534459117307982 -0.026652234739360788 -0.0018261172484788535 -0.0028031743076100952 0.032494306892096335 0.026573817319188175 -0.01412781690780137 -0.012125459023634955 -0.0079645620185798544 -0.0018053229346364286 -0.0084640193692005917 0.021220114043899143 0.005959573743410696 -0.018491831693709999 -0.0034609240395921921 0.034383910580978491 0.0063091756642666402 -0.024004516948700122 -0.0056479627862541576 0.019537376282891133 0.013705953288483697 0.029584671871404945 -0.029930991325918983 0.016594561087539945 0.0063335129070994662 0.032304309395661604 0.00045444634621781115 -0.0090364180861006085 -0.029143576464221343 0.0054777462840582773 0.0096448842297680686 -0.0079307381384371729 -0.0029062943560608768 -0.0054469239325608187 -0.0033339602141455762 -0.005247054800098629 -0.010001795623252024 -0.033025841231942452 0.0028089938040435115 0.013997259495367171 0.0007156406386500671 0.0075229003984707103 0.041388956987822502 0.0076271886329960419 -0.017304834359350877 -0.0018232049129834557 0.035379684193953154 -0.0058056099037447784 -0.0090023848254685915 0.022069944037669247 -0.030977805233271129 -0.00041311734736177596 -0.037863083234754444 0.011229132290131977 -0.012023956936013998 -0.016255243069945961 0.0085632335386307476 -0.029322524670934848 0.0080329726335192381 -0.015991085821825329 -0.0011359685154828682 -0.030482256122639783 -0.028240249684586567 0.0025115261644737797 0.017491910831063901 -0.011977443051274307 -0.043381310495749913 0.023177304268427699 0.009071801224701026 0.010034730881195997 -0.028864533788877472 -0.013487278273322094 -0.0075582343246234796 0.00069299812607313794 0.015424217565568474 0.0021608811524004463 0.020197873488114481 -0.0062885669646139796 -0.0085705997582894138 0.013072800767279654 -0.0037834154814442036 -0.03138833489573177 -0.0018750068633156614 -0.011606203248909467 0.031094547399119786 -0.0053897548435421789 -0.00071618536728373168 0.0016409676391729272 0.0084793911895860701 0.006980633138335279 -0.0010371429417340373 0.02005602368447873 0.0066863401079824743 -0.0001541450358560521 0.02028051673587777 0.036278918834141125 -0.023529737822960972 0.0013097277837862014 -0.0066850272198052292 0.0047061812696043885 0.008025545918072214 -0.00032351450259327088 -0.029295232272988452 -0.00066178014728762919 -0.00589124134223109 -0.0043153835540068169 0.033304190724519664 0.00062915719344708873
leaf_weight=4.5484602395445091 9.6277845203876478 2.7066729925572828 6.2114255763590318 2.1537732072174549 3.2200052365660659 4.2138599818572429 8.0257101282477397 3.8551427125930768 5.5401137396693212 10.583664687350389 3.0462571689859024 7.1298842737451222 4.2500237608328444 2.6925238240510234 4.6822231765836468 2.453387955203655 5.408080268651247 2.8123721107840529 4.2238257825374594 5.7986574955284613 3.553784951567649 2.2512874752283092 3.3699038848280898 2.1027904115617266 6.9356492906808835 2.5716037750244132 16.381828136742119 3.0158383995294562 2.5624411422759321 1.9520844146609295 2.9144313987344495 5.9503627680242044 1.9915250204503521 1.4471478834748328 2.5103194005787368 1.1850688848644559 4.6289545567706218 3.4239395167678621 3.8462520698085427 3.4440912697464219 4.5459513552486888 3.9164257808588436 4.4350097589194757 1.7296390011906622 2.5411077179014674 2.4166538994759348 15.496923767030241 5.364235231652855 6.8451513946056357 13.421084141358735 8.635277843102811 3.7785364724695674 9.2451654151082021 3.133995618671177 3.2897070990875354 5.3856366015970769 99.110084602609277 2.6438818145543337 4.320471988990902 4.2945434711873522 9.0204545073211211 51.894972179085016 32.682400096207857 4.0950564220547667 2.6156594026833764 3.5702197439968577 3.6928161457181004 3.0444372165948144 3.7466669399291277 1.949801716953514 3.780349211767315 5.3305741101503354 3.1855155639350405 3.3839459847658873 5.7795895049348456 9.954968720674513 2.7302561923861486 4.9229580610990515 3.884581163525584 10.301305545493966 1.6510382127016807 4.5110736191272727 11.515346766449509 5.6790257804095745 2.5487803537398603 2.0519761592149797 7.0055828094482404 5.5591954328119737 2.0152787342667584 2.6703128796070805 3.026234426535666 1.4412435609847305 6.2180387955158931 4.618645902723074 1.8056944143027061 2.1671400628983948 3.8276773430407038 9.8296483345329815 3.9920266568660763 3.4272797852754575 7.9118962865322819 3.6941357031464577 3.7710083685815334 8.1553630298003537 3.7652163505554199 2.5343026481568849 5.0711286887526512 8.4956974349915964 8.9921835809946042 1.972209253348409 4.4739570654928684 3.4183534011244783 2.0665100384503603 2.545591140165925 3.7835981994867307 2.1499857269227567 3.0702602602541438 1.779980690218508 1.7502979207783935 7.787165129557251 2.5494006164371967 1.5174501203000539 3.3690371830016401 3.2821188420057297 10.479181140661236 3.3528768531978157 3.9258125498890868 4.1796391848474768 20.252504373900592 1.2818496692925681 2.1537124989554286 5.7538593076169482 6.9293285459280032 3.1646974254399538 11.631472224369643 1.9692112095653969 1.925438495352864 3.1662673950195304 2.4268741440027952 6.6982933729887009 2.0703401360660791 4.6288793794810772 1.5822484754025925 5.8095335084944963 3.6659348011016846 1.5886068576946852 3.5845318958163261 1.7247272338718174 23.407310294918716 2.5952792866155505 6.016225464642047 4.0523754358291688 4.9195904489606601 1.7289540739729998 1.3474592864513395 1.4858281090855596 8.0642497204244119 2.1055290624499312 3.7648299243301153 4.4358214512467367 2.9470026772469282 1.0772162005305284 3.1113288346678019 5.0245116036385298 3.1207278668880463 2.0500554740428925 8.5102922753430885 1.3854162245988844 4.5564851080998778 0.98491229489445675 4.0808010902255765 3.4040533937513828 3.0511213559657335 5.696893231011936 1.3200894836336377 4.0514388214796764 4.9305104725062847 15.719137201085681 3.9235149789601547 1.2514195516705511 3.0341293793171671 1.7678260933607814 2.9010298401117405 1.6731527987867592 4.2209448684006929 1.0597553830593822 1.6636399738490606 1.6368818134069441 14.595496308989816 0.70482164248824108
leaf_count=39 98 43 19 28 40 54 25 18 33 120 34 43 17 29 66 21 27 20 21 35 31 36 16 25 47 17 147 39 21 28 70 30 37 23 64 16 37 25 38 59 25 39 42 37 27 35 119 40 43 76 39 25 55 24 21 35 856 29 37 44 69 331 187 25 30 37 27 24 55 36 38 32 28 54 54 131 26 26 31 140 37 38 139 52 36 25 95 58 16 35 28 25 43 19 19 20 30 53 23 18 40 24 35 81 33 18 34 60 43 38 33 32 25 37 23 20 28 32 21 60 23 27 39 29 92 43 37 25 171 14 25 42 63 34 173 43 25 44 28 61 36 33 17 45 26 34 33 33 246 31 35 26 69 29 22 27 35 8 47 19 21 37 32 45 32 28 43 6 30 36 19 33 31 59 30 23 38 93 45 14 51 23 24 29 50 29 14 19 130 19
internal_value=7.52868e-05 0.0074176 -0.021906 -0.0254804 0.000622566 -0.0287025 -0.000745901 -0.0323172 -0.00196436 -0.00920796 0.00529915 -0.0344553 -0.0175184 -0.0270312 -0.00402512 0.00750011 -0.00286203 0.0134865 -0.0259041 0.0141885 0.0151577 0.00187239 -0.009467 0.0156616 -0.00200471 0.0131037 0.0172452 -0.0190314 -0.00654579 -0.00428989 -0.00927662 0.0028799 0.00655426 -0.00354478 -0.0144081 -0.0187692 -0.0176765 -0.00627407 -0.0253434 0.0119144 -0.0389868 -0.0404 0.0143911 -0.00444224 0.0195324 -0.0180911 -0.0319704 0.0166979 0.017251 0.00875979 0.0196937 0.0218271 0.000979429 0.00765744 -0.0152723 0.0154687 -0.0427813 0.00927745 0.0170785 -0.0014985 0.0228576 0.024515 0.0260575 0.0219013 0.0155242 0.0184282 0.00292729 -0.00828302 -0.0223368 -0.00162917 0.0272734 0.00616269 0.0168067 -0.00862789 0.000527965 -0.0242763 -0.0132376 0.00408256 0.0195518 0.00832959 -0.0233791 0.0236984 -0.0323869 -0.015458 -0.0308139 0.00253004 0.0140026 -0.00446531 0.0126043 0.0114295 0.0192802 -0.00928782 0.0232622 0.0062759 0.0192621 -0.0139075 0.0233394 0.0242022 0.0178083 0.0100778 0.0145204 0.0198987 -0.0057328 0.019882 -0.00926139 -0.000534235 -0.0103585 0.0242112 0.0145461 0.0157332 -0.0150658 0.0298964 -0.0105949 0.0126752 -0.0165001 -0.0355342 -0.0379986 0.0219112 -0.000959766 -0.0263129 -0.0204205 0.0254699 0.0229953 -0.00940356 0.0354662 0.025707 -0.00667682 0.0159312 0.0271206 0.0291491 0.0068081 0.0136287 -0.0254692 0.00747756 -0.0263325 -0.013069 0.000691698 -0.0292724 -0.00615304 -0.023423 -0.00725839 -0.00739181 -0.034645 -0.023329 -0.0181876 -0.021406 0.01013 -0.000108467 -0.0412457 0.0158563 0.0306568 0.0301275 -0.0178025 -0.00123778 0.00591027 -0.0227 0.0372356 0.0263644 0.0137991 0.00240113 0.00839576 0.0278348 -0.0232649 -0.0268109 -0.0178295 -0.00443199 0.0271021 0.00543398 0.00812698 -0.0158383 0.0297383 0.0271235 0.0313426 0.0144967 0.000695516 0.0281855 0.0136007 0.0332434 -0.0207506 0.0194886 -0.0274384 0.0298689 0.029048 -0.0111169 -0.0263736 0.00739803 -0.0351779 -0.0264119 0.0311736 0.011882
internal_weight=1028.13 772.458 255.673 222.051 366.28 195.95 26.101 163.333 310.878 32.6168 19.3406 151.714 35.6571 13.2762 275.764 48.2214 11.6195 406.178 26.8506 395.315 373.218 33.6222 19.0477 14.5745 22.0968 35.114 32.5424 15.6778 227.542 196.13 134.713 55.9831 61.4172 46.6287 25.016 31.4125 78.7294 34.2444 44.485 50.4929 116.056 111.511 55.402 11.9742 43.4278 22.6958 22.6268 331.615 326.25 76.5224 249.728 220.583 52.2646 38.3753 13.8892 29.5623 103.027 21.6127 33.4192 12.3802 213.738 192.919 178.464 137.717 46.0639 15.1268 29.1453 16.3304 21.2542 8.29175 20.1622 20.8187 12.206 5.99961 16.2364 19.2719 14.8023 14.4554 40.0643 22.2822 28.85 38.8202 12.9625 8.81302 38.9484 41.6038 14.4327 27.1711 9.24763 12.6322 9.96188 8.00864 24.2578 10.8367 17.5999 17.9235 133.622 129.794 71.883 48.1195 37.8005 29.8886 10.319 13.6041 10.8631 5.44873 10.8507 12.4717 17.0179 11.5486 10.9243 17.7821 4.60762 8.0857 13.2859 31.1763 28.6276 9.57639 10.847 10.5995 6.31462 13.7442 26.6718 8.61269 13.8975 24.2184 7.77206 12.8149 34.3091 31.6025 5.37372 10.6768 9.0831 8.67983 27.199 13.9853 3.44289 16.8552 6.74735 9.42855 5.23661 8.48402 13.2137 9.59313 9.46459 7.53919 5.53662 3.97601 25.5573 4.54508 57.9112 23.7635 11.7405 3.69817 3.33898 8.0423 40.7466 10.8789 6.92953 11.077 6.64114 7.79641 7.58529 7.07649 6.54801 3.85575 11.5565 3.16745 8.80651 4.429 13.326 9.35442 29.0005 8.74801 2.60194 18.8116 8.98195 19.7715 5.36476 3.76174 12.6619 8.77341 20.8494 3.68843 5.95058 2.24482 11.6186 6.55647 17.4965 1.78204
internal_count=9163 7082 2081 1723 4247 1564 159 1247 3646 317 168 1201 230 149 3330 474 46 2835 183 2740 2569 358 204 154 171 316 299 188 2856 2376 1613 693 763 630 362 480 920 454 466 639 971 946 601 163 438 285 162 2117 2077 512 1565 1382 374 273 101 197 895 268 322 114 1339 1181 1088 866 544 114 183 119 284 122 185 158 97 84 123 260 152 93 460 305 459 386 162 76 405 452 157 295 103 110 75 99 138 62 239 192 841 811 445 303 218 178 85 169 95 88 88 129 68 169 124 155 52 70 95 330 294 131 122 80 56 192 257 61 124 236 75 64 348 305 65 68 91 102 422 232 52 225 65 87 80 51 190 68 61 121 61 69 266 67 366 142 187 72 59 115 222 126 81 64 45 99 65 70 50 47 77 62 47 95 74 63 261 90 44 114 61 119 70 78 149 118 197 45 87 45 145 88 154 56
is_linear=0
shrinkage=0.0323284


Tree=7
num_leaves=188
num_cat=0
split_feature=8 8 25 1 22 14 16 0 8 18 14 18 23 26 0 26 1 3 18 18 11 13 16 10 5 5 13 25 13 8 1 7 7 13 13 25 23 13 7 15 5 4 3 16 18 7 0 0 9 19 14 5 11 22 24 8 8 24 23 13 12 14 0 16 21 18 21 25 20 8 28 5 27 5 2 26 4 7 21 7 13 2 16 1 21 11 20 14 18 7 11 4 26 20 17 2 10 18 25 9 13 22 8 11 16 15 18 8 5 21 8 22 24 4 7 19 5 18 13 20 22 16 11 20 25 14 0 22 5 17 26 13 2 16 25 0 25 14 11 4 17 17 11 17 17 0 4 8 8 0 21 18 23 20 28 27 2 24 15 4 18 15 9 13 0 27 0 10 16 4 18 2 7 1 20 24 8 20 17 13 22 25 21 13 11 8 28
split_gain=140.762 22.773 22.7543 19.0522 12.022 17.454 12.2508 9.66395 9.32825 9.31212 8.92647 7.47547 7.73315 7.36945 10.1431 7.08646 8.36815 6.92965 12.0488 6.82024 6.14424 5.92533 5.81479 13.0789 8.3043 7.49488 5.59315 5.55907 6.81372 5.81467 5.66586 5.50346 5.28302 5.74537 5.40045 5.22332 6.84455 5.1995 5.27952 5.17699 5.11762 5.75129 5.0412 4.95115 4.86224 4.78744 4.716 4.52631 4.43458 4.85093 4.36388 4.2488 5.05539 4.2361 4.53378 4.38854 4.2221 4.22196 4.21431 4.08342 4.0047 4.91477 4.24234 3.89546 3.87615 3.85895 3.83231 4.75683 3.73858 3.7337 4.00534 3.58133 3.52297 3.28047 3.22421 3.18649 3.13004 3.43316 3.0899 3.05631 3.01694 2.96245 7.75799 3.34583 2.94329 3.56548 2.94304 2.91174 2.90311 2.82597 4.10629 3.053 2.90763 2.71671 2.77558 2.68559 3.33982 2.62945 2.55835 8.88739 2.52842 2.49495 2.48783 3.08616 3.14782 2.85221 2.48509 2.37733 2.37619 2.34138 2.89764 2.33827 2.32178 2.31226 3.06658 2.30504 2.25966 2.25376 2.24994 2.74522 2.17257 2.12842 2.00102 1.9704 1.91448 1.88289 1.88201 1.86995 1.85006 1.81592 1.77856 1.61737 1.59656 1.54778 1.54558 1.46346 1.44939 1.41866 1.40441 1.35278 1.75413 1.34828 1.34529 1.30843 5.93357 3.88011 2.29277 2.09512 1.86791 1.43121 1.29916 1.27896 1.22204 1.21756 1.17247 1.1678 1.09301 1.0713 1.05519 1.03678 0.934483 0.888028 0.863126 0.849844 0.832676 0.76359 0.74479 0.716816 0.688603 0.674422 0.569781 0.518635 0.512927 0.42082 0.418384 0.370451 0.338318 0.336005 0.328623 0.268947 0.252894 0.236682 0.189606 0.163776 0.15844 0.146709 0.0557174
threshold=-0.40793841542426396 -0.41937640457503833 52.09371031661761 0.089173189146862911 0.13501138094417078 0.022742396966515453 0.0036425689042318779 -0.38824226353122676 -0.047501790536802084 0.37500000000000006 -0.15449739277179855 2.7749999999999999 -0.011598880993668402 0.099250000000001407 0.43824767813361648 -0.74999999999999811 -0.20083755993377991 0.042617027086401131 3.3749999999999996 -0.3449999999999997 0.32057500000000033 0.0026375449132810783 0.002469284603349311 0.4000000000000003 0.021436747674878468 0.02601446323156054 0.0052579806052889255 17.337078147025576 0.0021505456268785298 -0.046373628297276863 -0.071807703973309031 19.500000000000004 1.5000000000000002 0.0030244567410571757 0.0082557996710991583 86.060661801003207 0.021279129262615774 0.0049333869686695184 1.0000000180025095e-35 263.3661627774307 0.043183555026009575 0.89484126984126999 0.041633299362259547 0.0072267675759271838 0.51000000000000079 5.5000000000000009 -0.12384852333610701 0.037514069012348779 -6081.9999999999973 1.0000000180025095e-35 -0.0010645465733872537 -0.016236018057902975 0.071583850931677032 0.16160599542179235 -2618.5169423180519 -0.45115827749922205 -0.15974895217634807 -587.42307097734658 0.014567076674234182 0.0069324847574253334 0.01143574017708209 0.036814196710314169 0.41252219386339678 0.0023146015278151192 0.008087889134583694 0.90000000000000047 0.0064217148671869015 80.534236772641648 3.4479921913265974 -0.23430687253537311 0.71666666666666667 -1.0000000180025095e-35 -0.52254051936274537 0.039940583705966544 0.96375804926124431 0.53980000000000328 0.01785714285714286 19.500000000000004 0.014385057329655006 16.500000000000004 0.0042411828795216695 1.2209517830236065 0.0023838116797052712 -0.23417204071975559 -0.0020225518346990707 0.30483142857142892 3.107925630940676 -0.052216955145499976 -0.39499999999999952 13.500000000000002 0.0072635338345863878 0.89087301587301593 1.3499999999999963 2.434992552528029e-16 0.49604091755404989 1.091270229648013 1.7250000000000016 3.8299999999999996 75.381391608083092 -106.0000000000009 0.010685406931061884 0.16479734117117578 -0.29454258635925828 0.19310000000000008 0.0041846422822757632 269.76943552009527 0.065000000000000405 -0.27888646912488663 -0.0012286414252472564 -0.0028709354258205639 -0.14592101963786178 0.097941072827529188 -370.07878139422877 0.69246031746031755 10.500000000000002 3766.0000000000246 -0.024926904813606484 0.18999999999999953 0.0031550851001710014 8.490940956422504 0.14931455803238564 0.0021019604123002386 -0.024999999999999686 3.8187213496419932 80.534236772641648 -0.015743631837950186 -0.072287102878150086 0.3478107979756076 -0.0016735985678502094 0.78543872829871753 1.8081000000000016 0.0020511955432638853 1.0531167324418307 0.0027421388355274687 61.617712276337862 0.0075259184008704691 41.750891289932873 -0.044576288741434593 0.066604166666666589 0.61309523809523825 0.53704899625243907 0.40766664616314857 -0.049999999999999975 0.72488372293194792 0.61556111913354827 -0.0025212940314630057 0.87103174603174616 -0.087063354761323972 -0.1001662440373866 -0.17374562126519674 0.014385057329655006 0.5400000000000037 -0.0043215246332707893 1.1021196946933804 0.88333333333333341 0.72146513646643817 1.0926597397992481 -324.47450785467271 331.4634194336121 0.21626984126984131 4.9000000000000012 175.37063565950871 -3452.7499999999877 0.0082083406391499705 -0.070591600995172296 -0.61477249128990763 -0.088965177605814502 0.20000000000000065 0.0034119940515158838 0.45039682539682546 -0.83999999999999797 1.0642706737190373 10.500000000000002 -0.11033460578394493 2.3774805146866078 -255.87903498027541 -0.19102367451151223 4.7132517949208497 1.1922362401190634 0.0068522067238431517 0.34113033865417003 45.987407291220848 0.0068551552437789995 0.0085531157852387959 1.1916000000000009 -0.18367142988518151 0.91666666666666685
decision_type=10 8 10 2 2 10 2 2 10 2 10 2 2 2 2 2 2 10 2 2 2 10 2 10 10 8 10 10 10 10 2 2 2 10 10 10 2 10 2 10 10 2 10 2 2 2 2 2 10 10 8 10 2 2 10 10 8 8 2 10 10 8 2 2 2 2 2 10 10 8 10 10 2 8 2 2 2 2 2 2 10 2 2 2 2 2 10 10 2 2 2 2 2 10 2 2 10 2 10 10 10 2 10 2 2 10 2 10 10 2 8 2 10 2 2 10 10 2 10 10 2 2 2 10 10 8 2 2 10 2 2 10 2 2 10 2 10 10 2 2 2 2 2 2 2 2 2 10 8 2 2 2 2 10 10 2 2 8 8 2 2 10 10 10 2 2 2 10 2 2 2 2 2 2 10 10 10 10 2 10 2 10 2 10 2 8 10
left_child=1 15 8 7 6 -6 -5 -3 10 13 116 12 45 14 73 71 57 37 95 35 66 31 23 63 26 -26 -24 30 29 172 -10 81 43 84 40 36 48 44 -39 72 41 93 -8 46 -11 -9 175 -31 68 102 -46 52 142 54 -27 171 138 -17 76 65 61 62 69 135 -38 80 98 185 150 70 152 -1 107 78 -48 -70 -40 115 111 120 -42 83 -83 -12 -34 132 127 -53 128 91 -91 92 125 94 -35 96 151 178 109 167 154 -96 170 104 -104 164 153 -22 179 -21 -111 -4 -74 114 162 134 -2 -82 -95 143 -20 -90 -16 184 183 -85 -107 -28 -89 131 -94 -52 -86 -101 158 -18 -118 -43 -51 140 -92 -127 -36 144 147 148 149 155 -146 -145 -15 -19 -37 -41 -54 -120 173 -56 -78 -149 -122 -140 -60 -62 -105 -158 -25 174 -71 -84 -50 -55 -29 -123 -100 -23 -136 -125 -67 -66 -162 -144 -32 -80 -113 -68 -61
right_child=2 3 9 4 5 -7 42 11 27 17 21 -13 -14 19 122 16 22 18 79 20 39 32 24 166 25 53 86 28 -30 47 182 -33 33 34 51 60 64 38 58 106 59 137 -44 -45 50 -47 74 -49 49 56 129 87 100 55 157 -57 -58 -59 113 186 163 -63 -64 -65 108 97 67 -69 75 168 -72 -73 112 -75 -76 -77 77 -79 124 -81 117 82 169 89 85 -87 -88 88 121 90 139 -93 130 118 101 -97 -98 -99 99 133 -102 -103 103 105 -106 126 -108 -109 -110 110 -112 123 -114 -115 -116 -117 136 -119 119 -121 160 156 -124 177 -126 141 -128 -129 -130 -131 -132 -133 -134 -135 176 -137 -138 -139 161 -141 -142 -143 181 146 145 -147 -148 159 -150 -151 -152 -153 -154 -155 -156 -157 165 -159 -160 -161 180 -163 -164 -165 -166 -167 -168 -169 -170 -171 -172 -173 -174 -175 -176 -177 -178 -179 -180 -181 -182 -183 -184 -185 -186 -187 -188
leaf_value=-0.0083780130651363426 0.0051366572265392624 -0.0026492000359062437 0.0038487734559883389 -0.025124781545294909 -0.040014531694220208 0.010955872333563753 0.027999321247978184 0.010434002587772578 0.0070587727407897182 -0.020944292893400003 -0.0056867216938431154 0.0029081747489423976 -0.042747922396317528 -0.022729009540330841 0.025745935900407708 -0.0095382468261072644 -0.030767593797456166 0.0027738196507611631 -0.028971654249691958 -0.00031349425705976339 -0.0023447468573864105 -0.00051680746387163738 0.009240652390386796 0.029438091132571401 0.024149738053337377 0.01007619218909224 -0.0376471733206288 -0.0044989279856388273 0.025880711471478825 -0.0094347719656412612 -0.030986805701530781 -0.0070925560250657211 -0.01914901495323194 0.018002807381233586 0.0012204222545907266 0.012825479751385227 -0.024555731600189749 0.011031020260669631 0.0048143398028566969 0.014659614445077795 -0.018831484848868974 0.0055181408497000295 -0.0048427446898463644 0.02082136167470847 -0.014112204351013477 -0.025188086813291558 0.0030451502688006262 0.02753972914066681 -0.017519010202143508 0.0041919883506141321 -0.0020760107284681769 -0.0096599700132947094 -0.01478511070850768 -0.00011741714059592783 -0.033542143512940562 0.018915066296805651 -0.00087355021070638188 0.024863725510366086 -0.0045329697450866161 -0.0032301281732705655 -0.00046093300561231119 0.018237465758974145 0.011989599838792076 0.011124728647338348 0.019230438043957031 0.027418072383675243 -0.019670551335033374 0.019007866718536468 -0.010288531071080475 -0.0063384941333462248 -0.032518909376079291 0.026030631774462135 0.0091642559060603774 0.010103829450533917 -0.031945661963494867 0.023255227092280242 -0.015903513474092221 0.0021390282183538852 -0.00043692319778634907 0.0078261994378247216 0.019302823637000071 -0.021582046655740813 0.0051473692551291814 0.0091897853029868967 -0.0023785711411826154 -0.01382298408186056 0.00097429349108615101 0.012381891298214605 -0.0014020305759266665 -0.0080110298914586077 0.016574015512816235 0.0038314127415421412 -0.0020994908744641568 -0.0022298163558318001 -0.020309463058491635 -0.0030611579543230339 -0.0036727629846159742 -0.0045543480990736865 0.011171428048304531 0.0041884074972433662 0.02500820934323961 0.0092891172842879746 0.027089067865221514 -0.0025502867989182767 -0.0058567414527012822 0.0030506300665788656 -0.026726475526770276 0.028838394240514396 -0.011497202820535783 0.040605127590213418 0.0042635575455701865 -0.033589943548595083 -0.019874675311278983 0.014921017359477413 -0.022213184332823474 -0.0018223884200345322 -0.028449435954236366 -0.0072320886757101452 0.029381354537108249 0.00090450078821799958 0.0082835116715453058 0.0047978001742607574 -0.003398502564774477 0.0038900156178877125 0.014190257239945159 0.013930553478956529 -0.024609981821751125 -0.00011835177670996795 -0.013557180935703931 -0.0011821576745641548 0.020397783577730096 0.026154375472130297 0.022223620415707256 -0.019532646038806285 -0.037050293347839318 0.00058243686145958301 0.0011050376712925805 -0.018562082585306026 0.0047662873134612345 0.028428981010533313 -0.0064460866842543929 0.040439648014133703 -0.027516234125049818 0.0077944272089523923 -0.0034031632611958447 -0.015274638196241816 0.0029942049944678729 -0.0060592915166451725 0.022445994770990043 0.03810716038207048 0.0034156255950301569 0.033472489249054105 -0.0085810194465260736 -0.0083252568616662258 0.0070062714615218369 0.003539020542807783 0.012999864349331555 -0.0020187394413665192 0.0043243442356778869 0.012198790970331073 0.00016479790923505327 0.038543334695395469 0.013679448022874246 0.021277601507351907 0.016806561718343226 -0.004846106844757221 0.0052357739752051493 0.029985014598889609 0.008910808469357611 0.027573410042100965 0.0011827860485884236 -0.020248144014572533 -0.027484495893429363 0.035463668626895602 -0.00268383025121742 0.014856490808076528 -0.0069061866316896233 -0.0078304659851939733 0.0069056039783014431 0.00080359304422355626 -0.013028426228382748 -0.0072903190354834209 -0.0066065337369108149 -0.013890320675496092 -0.0057394951240539649 -0.0018882243011635526 -0.017877674200938651
leaf_weight=2.6534159332513809 3.2248864807188511 9.3616864979267103 1.8819561060518086 6.2417197786271599 17.905685335397724 8.5572057040408236 12.540812458842995 5.1220670454204065 6.0529679507017127 4.0637102369219091 2.3040027767419806 3.9857284761965266 86.436783798504621 4.9427746869623643 5.9533797241747379 3.4757678657770157 8.1987813292071241 2.326220288872725 7.0055101253092307 2.0004429034888771 2.7969908025115728 1.9596796128898861 2.1200153194367912 5.8574014808982611 4.1167611628770828 1.8870443999767328 25.042774376925088 3.0994043070822936 8.5258113062009198 4.0507869916036761 6.651972243562339 4.9842726849019519 4.6592358034104135 4.0757363699376565 2.7170459972694525 1.4630275815725324 6.5560088492929918 4.4815733395516864 2.6024572979658833 1.2282806616276496 3.9116286337375659 2.3596015125513077 5.6815509721636763 2.6909288987517348 3.6893879435956478 4.2119513526558876 2.982557836920023 3.7437735963612795 1.9071117276325824 2.7354381354525712 1.9477906674146677 2.8917229846119907 1.5908899344503873 1.8480641245841982 8.4285974465310556 4.9658020753413421 4.7049517259001759 6.7942228708416206 2.476528661325573 2.3170618638396254 2.6091116778552523 2.0971717005595591 2.656536526978015 1.4911370128393162 2.5647648423910145 9.7792085334658641 2.8574816435575485 3.7722545005381107 2.3941861763596535 2.491624038666493 14.916000308468936 6.070041877217589 2.6180602163076401 2.2710587251931456 6.5865683741867542 3.5855616927146912 3.5441214311867979 3.5352858910337082 1.4987471252679818 3.324516709893941 3.6784708499908447 3.6787476427853099 4.1855471888557059 5.4945610426366329 3.0861484911292774 3.817112084478139 2.2481573969125739 1.5909714214503763 2.872359555214639 5.4286433551460531 3.5684830322861654 5.4320384953171006 5.4474404379725438 2.757020652294158 3.1759412437677383 3.5254633091390124 2.8452974408864966 2.9232571572065345 2.1081229317933348 2.8128821849822989 2.7940414696931839 2.551299337297678 8.202313652262097 2.2354124318808317 2.6111651677638283 3.1472568130120635 4.4238961264491081 5.9770576879382133 2.4324754551053047 15.726501080207525 3.6347937993705299 13.292164682410657 2.4507483858615169 2.6010285187512627 4.44831532984972 3.4225085191428652 3.8255901187658292 3.6141449995338917 39.118992703966789 5.1177425868809214 1.9737913627177475 1.8015464656054989 2.3019571900367719 1.8499352922663086 2.4959256164729595 7.3253358285874119 2.7976481597870588 1.4947141893208016 3.2371323723346057 4.3010947555303565 4.8573034554719925 8.89419779460877 5.2520242594182491 4.5532394731417298 21.72393059078604 1.6289110397920001 1.9166150242090223 2.1978207295760503 2.0209129806607953 6.7281863037496805 3.9908085912466049 37.898062076419592 4.4070043405517936 3.9676200542598989 3.3947817422449589 5.4145245067775232 3.2010522671043864 2.6639859490096631 4.1100513245910406 26.593560317531228 1.4980952637270091 11.896257342770694 2.8195027895271805 1.651711296290159 2.1699882410466671 3.0199532471597186 1.8627745397388937 1.7832952630706156 2.3736924147233367 4.5092900041490793 1.937391893938184 12.673108786344526 2.6289002913981667 1.9462604196742175 3.4121796395629627 2.0722242556512347 3.6969232521951181 10.591450790408997 3.0655524022877216 4.1633387189358473 1.8393254838883866 2.0127786593511701 3.9339774223044515 6.8714724611490929 1.9324501445516942 2.0225939191877851 2.2880039718002108 1.885314345359802 4.1065805852413169 1.3589901030063627 1.9238624796271322 4.4440108956769109 2.782911766320467 1.5291043408215044 1.9108315892517573 1.4451096840202788 2.4393193870782852
leaf_count=33 27 32 19 39 169 27 38 22 35 32 18 21 823 108 79 33 117 13 72 22 39 19 15 35 19 13 408 27 44 41 68 39 37 42 38 13 82 37 26 17 25 20 35 24 42 37 13 20 22 41 15 28 18 26 106 45 39 30 26 26 39 21 20 21 39 87 41 50 32 30 215 39 22 26 58 50 58 42 17 28 22 26 34 22 24 24 13 21 38 31 25 32 24 26 30 43 15 17 24 34 20 25 99 27 38 38 38 71 36 191 34 181 28 41 48 42 41 23 309 41 35 18 13 30 14 40 27 13 47 40 24 109 43 51 287 27 24 27 21 36 24 160 34 43 27 32 21 29 19 167 26 184 44 38 35 21 31 29 34 29 29 130 22 20 36 18 33 85 27 16 25 24 29 81 21 25 27 21 38 33 15 41 20 27 17 20 23
internal_value=7.98749e-05 -0.0203211 0.00747962 -0.0276843 -0.0103828 -0.0241748 0.00569449 -0.0351791 0.0128624 0.00128566 0.0145625 -0.0380349 -0.039784 0.00520824 -0.00744894 -0.00747321 -0.0103781 -0.00600534 0.00524818 0.00789158 0.0153122 0.0154562 -0.0140673 0.000516471 -0.01922 -0.00436647 -0.0295686 -0.00198055 0.00763925 -0.00579494 -0.0152243 0.0219052 0.0121457 0.0135151 0.0150807 0.00256083 0.0073084 -0.0112434 -0.0162752 0.000421501 0.0178744 0.0209642 0.0186243 -0.00474072 0.00160866 -0.00812228 -0.0130822 0.0113515 0.011814 0.0160137 0.00902189 0.00426434 -0.00675559 -0.0126604 -0.0228585 0.00383536 0.0261151 0.0137423 -0.0192027 0.00576637 -0.00741638 -0.0118789 -0.0160069 -0.0203079 -0.0118505 0.0106311 0.0210102 0.00028531 -0.00442917 -0.02014 -0.0259711 0.0161472 0.0113148 -0.0163399 -0.0231395 0.0109666 -0.0239607 -0.0262395 -0.0195512 -0.0139967 -0.00357348 0.0235372 0.006187 0.0255657 -0.00389047 0.0049354 -0.0331307 0.0126366 0.0167808 0.0265947 0.0124219 0.0299582 0.0319439 0.0224091 0.00429117 0.0202019 0.0247194 0.019088 0.024553 0.0133348 0.0121333 -0.00858464 0.00536869 0.00957083 0.0196339 -0.00219159 -0.0171643 0.0210574 0.00531793 0.032569 0.0355011 -0.0245129 -0.00724361 -0.00181705 -0.00918633 -0.0291706 -0.0134486 0.00806079 0.0239198 0.0246861 -0.0201297 0.0225338 0.0190153 -0.0275033 0.00139021 0.0352065 -0.0142595 -0.0358029 -0.00336354 0.0162718 0.010986 0.0218022 0.0150985 -0.0120304 -0.0317693 -0.026773 -0.0218936 -0.00909844 0.0323321 0.0202474 0.00621617 0.0374691 -0.0178081 0.0258747 0.020499 0.000658625 0.0329006 0.0253017 0.0133831 0.0353923 -0.0175683 0.0300134 0.00119259 0.00411574 -0.00487486 0.0279508 0.0271153 -0.0299855 -0.00918093 0.00563462 -0.00257362 0.0357325 0.00657622 0.0140312 0.0110851 0.00572301 0.0240279 0.0259733 0.00224212 0.0212181 -0.0121851 -0.0152998 -0.0222631 0.0323415 0.00635252 0.0105717 -0.0354388 -0.00292428 0.0239927 0.0162808 -0.00945953 -0.022351 -0.0275681 -0.0110845 -0.0318419 -0.0172686 -0.0151838
internal_weight=967.451 255.86 711.591 160.045 50.927 26.4629 24.4641 109.118 378.674 332.917 339.833 99.7565 95.7708 217.136 36.8704 95.8146 87.0911 115.781 36.7583 180.266 72.5815 330.865 76.8212 20.8732 55.948 25.0423 30.9057 38.8416 23.3538 14.8279 15.4879 105.487 225.379 209.136 192.322 107.684 73.6197 79.0225 56.1263 21.1467 150.999 118.229 18.2224 16.2423 22.8962 9.33402 13.5514 7.79456 60.7074 48.2868 18.8325 41.3232 18.123 20.9256 12.0989 8.82664 22.1344 10.27 51.6448 32.7697 34.0648 29.5094 27.4122 11.3188 12.9122 28.0133 51.4347 8.07485 12.4206 24.7557 19.1985 8.72346 13.8429 28.615 9.56913 5.97975 39.49 36.8875 26.344 16.1651 11.2042 100.502 12.0276 88.4749 16.8145 12.1553 28.7856 23.2002 20.3085 86.1709 19.7161 66.4547 61.0227 113.672 9.80298 20.5932 17.0678 16.809 43.3599 21.9981 6.55492 5.72724 26.1524 22.406 10.8135 11.5925 7.30389 8.77405 6.35623 21.3617 19.3613 20.8202 5.06881 12.1548 9.55374 33.3523 8.96709 7.29262 103.869 101.112 12.8406 15.4804 8.25534 18.9382 5.52378 50.718 5.9449 26.5375 4.8281 15.1431 10.3047 10.842 8.33817 7.36612 29.9297 9.82769 5.74221 4.55742 17.4295 14.2875 7.55929 45.2234 11.5681 95.9938 62.2316 12.9194 33.7622 49.3122 7.50483 30.5612 6.44087 14.2225 4.28253 2.87999 3.76088 42.1389 12.608 10.2119 5.91781 7.17328 5.83505 14.694 5.10543 4.55537 5.64759 3.935 9.55432 14.632 5.55718 8.34889 3.74644 3.86084 7.03338 8.67302 4.04057 3.98227 24.0119 3.73525 13.8858 3.92375 3.86125 8.85102 9.43488 3.02785 15.203 4.30259 4.75638
internal_count=9163 2322 6841 1243 308 196 112 935 2831 4010 2547 903 882 2648 444 1079 1007 1362 434 2204 826 2455 944 233 711 262 449 284 161 117 123 551 1904 1765 1637 1378 949 928 690 253 1169 908 73 139 238 59 115 61 759 543 206 468 186 243 148 95 231 63 653 261 429 370 349 165 190 212 573 111 216 329 272 72 160 352 71 82 516 490 326 179 70 512 76 436 128 91 434 282 254 418 116 302 270 861 97 255 212 142 462 215 73 55 312 265 137 128 93 110 108 247 225 268 50 137 96 448 92 45 764 738 151 186 92 249 58 222 65 421 68 164 48 124 67 85 406 144 65 47 192 85 49 200 113 697 466 78 231 388 46 210 134 197 57 55 53 330 148 135 92 58 79 151 48 59 63 49 68 130 57 50 47 50 56 99 45 44 314 51 125 72 44 75 88 44 198 61 49
is_linear=0
shrinkage=0.0323284


Tree=8
num_leaves=188
num_cat=0
split_feature=8 25 8 27 7 0 11 22 0 1 7 18 0 0 19 10 1 23 28 18 0 8 21 12 8 14 12 5 26 11 15 21 13 22 4 26 27 17 7 26 17 3 4 20 6 21 24 21 2 25 11 10 18 20 25 14 26 15 14 1 14 12 6 1 23 0 24 0 0 19 18 4 21 4 3 18 15 24 25 6 13 13 10 22 1 8 6 8 7 24 27 9 27 22 26 2 15 21 14 1 4 6 5 2 8 4 23 1 10 26 24 0 1 1 3 9 23 23 25 8 4 10 26 24 15 24 19 27 4 4 0 24 10 14 17 8 5 19 8 25 26 8 18 13 20 5 25 1 8 25 11 5 17 8 25 4 3 22 14 20 2 17 12 25 1 1 4 4 4 25 0 25 25 17 22 26 7 24 25 25 9 2 3 26 13 8 24
split_gain=120.673 19.6994 16.7495 17.9399 12.6702 11.0446 10.7768 10.6369 10.3811 9.88473 8.77047 7.82912 7.471 7.3903 10.0934 8.43663 9.6872 7.69038 8.3444 7.09511 7.23495 8.35408 9.5021 7.01572 7.01011 8.15073 5.39013 6.24161 5.34941 4.81956 6.46907 6.9506 4.79272 5.75031 4.66773 4.5996 4.54149 4.29249 4.02129 3.97736 6.76799 5.55797 4.53772 4.31499 3.83369 4.35325 3.80714 3.7989 6.13481 4.99623 4.81678 3.55041 3.29998 3.22806 4.38319 4.553 5.87571 3.71338 3.38846 3.23555 4.52732 4.51173 4.43939 3.34728 3.48616 3.32628 4.74755 2.90266 3.3669 2.89345 2.87431 4.09731 3.7165 3.09554 2.83285 2.76706 2.7414 3.30773 4.00799 4.77966 2.84636 2.72549 5.25434 4.04369 3.82995 3.6118 2.64771 2.61106 2.55512 2.50309 4.31129 2.4997 2.44802 2.39656 2.35804 2.56147 4.86285 2.35291 2.35164 2.33717 2.25458 2.23744 2.19004 2.14668 2.09825 2.0925 2.08993 2.43823 2.05506 2.01685 2.00206 1.99747 1.99317 1.99212 1.9699 2.33432 1.9007 1.88746 1.87198 1.79633 1.78153 1.72249 1.70237 1.66507 1.63138 1.62142 1.59155 1.52511 1.37822 1.37336 1.32228 1.32209 1.32001 1.27943 1.23019 1.19923 1.18243 1.14237 1.12086 1.11932 1.11285 1.09055 1.0742 1.04449 1.03847 1.01561 1.58456 0.995329 0.97636 0.962892 0.944713 0.893337 0.878185 0.872415 0.832739 0.830431 0.825237 0.88345 1.05602 0.821242 0.795175 0.779763 0.753139 0.702216 0.665245 0.653774 0.559086 0.522358 0.518098 0.486705 0.479072 0.46928 1.73604 0.466296 0.314482 0.278341 0.26217 0.258335 0.207124 1.13062 0.203567 0.121596 0.112545 0.0842126 0.0727765 0.0671995 0.0136699
threshold=-0.40793841542426396 52.09371031661761 -0.41937640457503833 -0.20565004940784634 2.5000000000000004 -0.38824226353122676 0.36468791208791212 0.12544375525830934 0.19275611131040862 0.27808183920575619 19.500000000000004 0.25499999999999995 0.12336814887898485 -0.070591600995172296 10599.000000000024 0.37499999999999939 -0.19398493692449484 0.0040861357040311583 0.68333333333333346 -0.38999999999999962 0.41252219386339678 -0.23218861257419229 0.0073800424950817298 0.01143574017708209 -0.047501790536802084 -0.15449739277179855 0.00095525935089247249 0.099987094211535302 0.45000000000000201 0.3878321428571429 110.13886928880568 0.0076704260410469524 0.0082557996710991583 0.1018064156010209 0.95039682539682546 0.97440000000000115 0.55835575201260934 0.51833891362841034 19.500000000000004 0.09999999999999877 0.673130456245146 0.0099466093111387297 0.89484126984126999 2.5266241092384738 0.36706349206349215 0.0017749899629692092 -34.04290116764966 -0.002090531616381341 0.9142826229125196 45.987407291220848 0.058905357142857169 0.39999999999999974 2.7749999999999999 2.715544428707231e-16 39.177707989982125 0.0249634324282107 0.74999999999999833 204.1379295729968 0.012109829459629963 0.0051923349046387743 0.015559271814678576 0.0027146441144288631 0.2678571428571429 0.12156702156702161 0.0027077436024564032 0.20594128426264882 -474.16382369784748 -0.072287102878150086 0.030795206971677595 3635.0000000000041 1.0599999999999998 0.70833333333333348 -0.00039741304007295802 0.4781746031746032 0.06913695615424556 1.4449999999999987 392.63834653992808 -886.2292916164937 24.323108857802207 0.91071428571428581 0.0065621281055180765 0.011632216755041671 0.59999999999999887 0.15342405126831618 -0.013623895056018019 -0.26486717943375504 0.35119047619047622 -0.42452431833834603 16.500000000000004 -126.94008029692193 0.39223331455465921 -4915.00000000005 1.599387177311463 0.14236277294239466 -0.59999999999999598 0.99975357318876312 118.98306864441679 0.0010700952634088436 0.039857834242323982 -0.18011637968084102 0.80357142857142871 0.9027777777777779 -0.024926904813606484 1.0437244184330201 -0.13445836612767045 0.66468253968253976 -0.0101285096916619 -0.19556745723944155 1.3999999999999992 -0.10000000000000052 -76.213068324322933 -0.034578114810293874 -0.17346292659611076 0.03688893639267566 0.010028911317819087 -13214.499999999993 -0.0043215246332707893 0.019590709377754315 97.122263894396553 -0.1956941971287374 0.74007936507936523 0.50000000000000022 1.5499999999999992 -2136.9309183978626 517.9945251781204 -886.2292916164937 1005.500000000011 0.61739381990514086 0.37896825396825401 0.68452380952380965 -0.38824226353122676 -294.43482093281517 0.17499999999999985 0.0044407084887229812 0.53704899625243907 -0.16245066529146232 -0.046899267761921763 4284.4999999999827 -0.27042427342741482 57.814958495865248 1.1999999999999977 -0.15030218863832198 -0.60499999999999854 0.010815005208279747 1.6156303834816625 0.0057980464475141389 79.162803210255007 -0.23417204071975559 -0.27553682647927791 41.750891289932873 0.32500000000000012 0.11334644629240266 0.48331925782506557 -0.14894621971062813 96.639059179726118 0.57341269841269848 0.0098093898770144367 0.20224895837250892 0.03396690940350764 1.717422279986992 1.1672508272287361 0.54961140622541527 0.013515794607785132 60.498532132355002 0.21580730591398981 -0.085779160761751946 0.38293650793650796 0.84722222222222232 0.22023809523809526 38.395353726249809 0.19275611131040862 34.97034894154001 28.307807760479687 1.0390985293202666 0.34570175785148244 0.9499999999999923 4.5000000000000009 -533.73615950777139 31.281684354580403 29.876953375617003 -1510.5000000000834 1.0390445745930266 0.0079709894751776016 -0.09249999999999757 0.0068899295541420668 -0.17337587686187536 -737.86318726935838
decision_type=10 10 8 2 2 2 2 2 2 2 2 2 2 2 10 10 2 2 10 2 2 10 2 10 10 10 10 10 2 2 10 2 10 2 2 2 2 2 2 2 2 10 2 10 2 2 8 2 2 10 2 10 2 10 10 10 2 10 10 2 10 10 2 2 2 2 8 2 2 10 2 2 2 2 10 2 10 10 10 2 10 10 10 2 2 10 2 10 2 10 2 10 2 2 2 2 10 2 10 2 2 2 10 2 8 2 2 2 10 2 8 2 2 2 10 10 2 2 10 10 2 10 2 10 10 10 10 2 2 2 2 10 10 8 2 10 10 10 10 10 2 10 2 10 10 8 10 2 10 10 2 10 2 8 10 2 10 2 10 10 2 2 10 10 2 2 2 2 2 10 2 10 10 2 2 2 2 8 10 10 8 2 10 2 10 10 8
left_child=2 24 13 5 8 -4 7 9 -5 116 11 19 -8 15 39 16 -1 181 -19 20 21 23 35 81 25 102 27 37 -25 30 109 108 33 88 38 114 44 67 53 40 -15 117 133 174 45 175 -47 48 -34 112 121 93 125 54 55 56 57 -35 -59 65 61 76 97 64 -64 75 169 -13 -69 110 71 72 113 -72 -54 124 77 100 79 -79 101 82 98 84 -83 -85 -9 -18 155 90 131 -46 170 138 137 104 154 -62 147 -24 -61 -80 -2 148 -96 -63 -12 -108 136 -21 122 140 -49 162 141 -116 -6 160 143 -52 -10 180 144 -22 127 -29 -115 130 -33 168 -55 -40 -74 -42 -58 -98 -32 184 -31 -95 -37 -23 -117 153 -39 146 173 -3 -84 -104 183 -16 -50 -109 -97 -27 157 158 -138 -20 -41 -86 -28 -145 182 -154 -56 171 -114 -67 -38 172 -132 -101 -43 -26 -93 -127 179 -174 186 -17 -149 -73 -75 -134 -51
right_child=1 10 3 4 6 -7 12 86 120 -11 106 26 -14 14 151 17 87 18 159 29 123 22 99 28 36 32 70 52 -30 51 31 128 47 34 -36 111 92 69 89 41 42 43 -44 -45 91 46 -48 49 152 50 119 -53 74 59 166 -57 134 58 -60 60 62 105 63 -65 -66 66 -68 68 -70 -71 73 150 132 94 -76 -77 -78 78 80 -81 -82 83 103 85 161 -87 -88 -89 -90 -91 -92 176 -94 139 95 96 135 -99 -100 145 -102 -103 149 -105 -106 -107 107 118 -110 -111 -112 -113 129 126 115 142 -118 -119 -120 -121 -122 -123 -124 -125 -126 177 -128 -129 -130 -131 167 -133 185 -135 -136 -137 156 -139 -140 -141 -142 -143 -144 163 -146 -147 -148 164 -150 -151 -152 -153 165 -155 -156 -157 -158 -159 -160 -161 -162 -163 -164 -165 -166 -167 -168 -169 -170 -171 -172 -173 178 -175 -176 -177 -178 -179 -180 -181 -182 -183 -184 -185 -186 -187 -188
leaf_value=0.022350053423630774 0.0048511289895031484 0.00017506002362632775 0.0010104230512133594 -0.02222346822848674 -0.0015609755882660277 -0.042324626819449998 0.021729508716759171 -0.0043474342534281655 0.032436164406622919 0.023955664886311449 -0.0019168279399250027 0.01511697075841802 -0.019069609495699223 0.020938286258035926 0.0002018377666229497 -0.0016261503768122052 -0.03291827638120786 -0.015696455858525818 0.033294674082850216 -0.021825313799892315 -0.00084814596338069121 0.011837576949193794 -0.0041025852253323437 -0.015530088289958905 -0.018609821075705552 0.00042182344428203021 0.021872163244596701 0.025620340592918997 0.025236086025574749 -0.0072640385807399271 0.0034903624618825174 -0.020657249509183087 -0.013993942381118221 0.027725790343418912 -0.0094720415106456686 -0.012097767492600933 0.026802482883922073 -0.0053800437089882684 0.0016777395364937482 -0.016344540220809771 -0.030522911951316747 -0.038997493678315454 0.010520714305330714 0.0040240493010224136 0.0047324492833077667 0.026408991431435637 -0.0081597006918322744 0.0063025021592791356 0.0013502899118362087 -0.0043075121626558795 0.029402321683425287 0.014695838709222609 -0.020958228365146006 0.0047817119127627128 -0.00040438357792425247 0.029538413779221197 -0.00028599540228324517 -0.019311939852876638 0.015472842150538213 -0.010313311456794162 0.025705991947518037 0.010427262359573253 -0.02833787529931707 0.010228437537389215 0.0043063251714119885 0.02425643848859417 -0.010556823740159222 -0.024027956116158062 0.010397789872064663 0.0012093559135561479 0.011661186840879424 0.0041998997815985472 0.0034137740405926209 0.0024165763690247644 0.0092417175628875126 -4.2894019507159634e-05 -0.0029885302091418771 -0.012460424235847662 0.038700253120954417 0.023968462118897745 0.0025616138743700684 0.023884644517441826 -0.017144197772598409 -0.026825677600091476 0.0032315551607178215 0.011191695488134774 -0.038445475490743362 0.0036553355258022975 0.010521213078156112 -0.014773669745808101 -0.010230291487604027 -0.004526887556219987 -0.0050068310887410915 0.00082930393006607828 -0.026694932023025277 0.023328279836036796 -0.022965412463722155 -0.00076356931955809946 0.0032403112957845046 0.033466546724177426 0.014897358141125024 0.0085986638108679105 -0.027594131316780044 0.016659920826799925 0.00433533838994691 -0.01443000930673371 -0.0039639319610485189 0.034580256946026358 -0.0016838375606835906 0.0048668633038996024 0.0017600936653550938 0.022500830813749064 -0.0024619928247423834 -0.0144381585938774 0.0035202194306969466 -0.03065221072248045 -0.026041523771321035 0.015612084639354297 -0.0019685655496267419 -0.0018694372544108004 0.0052436852193911742 0.0094818123324608636 -0.0035630211485577034 0.026111390788592315 0.0044780268208198925 -0.0079399408184059796 0.008402896219374548 0.0038361997542647628 0.0050575779978144124 0.0021060520025668996 0.029320460065291147 0.026745158658123221 -0.022885198461584294 -0.00029087783179526053 -0.024178695046422342 0.0014660259930297404 0.020961920020932993 -0.0075708879451649959 0.015431611374285928 -0.025462723516435255 0.007250687795022197 -0.0088364148984380227 -0.0020687243356456568 0.013843422164693954 -0.037051639354768823 0.00077333481543280101 0.0021770305578316428 -0.0041631595960332796 0.0042569112288855602 -0.00031231817008219894 0.0017095618778733893 0.021578213500562573 0.003600501955056983 0.0035353420363191672 0.0006148105923108239 -0.022438073755126183 0.032644172285453424 -0.0019810478235966233 -0.0014851320718641324 0.0089890138792392531 0.0033813738937437405 -0.016171127639698222 -0.0013152170215166626 -0.0034333507049016956 -0.0027756462189373558 0.031758172901474147 -0.017779340314282886 0.0067223588876187445 -0.02701377111538756 0.0053489397247408667 0.0052145596493628548 0.035384218330139536 0.013291826806001919 0.0049936305631677691 -0.0074967468972556017 -0.0022912171693901529 -0.029335772191904225 0.0036281135201245915 0.01772433122276694 -0.0025634028356576492 -0.019160870446749249 -0.02024274825493682 -0.031702327487214722 0.027722376237844917 0.015604126636030963 -0.0033093029025447972 -0.00018080976808702536
leaf_weight=2.5993150118738404 3.2002240493893623 1.16296503599733 6.6129761040210715 4.541815826669338 5.3046349585056314 60.098431535530835 7.5792442709207517 3.5914368582889429 6.0984953753650171 5.0362699404358855 4.0505620818585184 3.3951529115438461 4.7345919348299503 3.7462099883705369 2.950737737119197 1.1250444259494572 9.2009852924384159 3.1356431534513858 12.63031749147922 2.6229729503393173 2.7394983507692814 2.0585070643574004 2.3658989332616356 2.3601548755541426 2.8833118453621891 1.9781174138188342 4.4270115410909074 3.5715395472943783 5.7869259295985103 1.3106440305709841 3.3996903002262107 2.2301619090139861 3.1501825936138621 5.9304888918995946 4.7019474711269131 2.4551650378853083 3.9553900398313981 2.556782700121409 3.6554113626480103 1.943888728506866 7.098402377218008 19.493385618086911 2.6659803744405499 2.233648730441927 2.2086468860507003 5.4288195660337806 3.1841625235974771 1.9297817591577757 1.8182707671076048 1.8902723575010894 5.310566945001483 3.8791125733405343 3.6765159964561462 3.8571671992540351 3.0519682187587014 7.8255502488464108 3.5024963952600947 2.8298986488953233 2.027715845964849 3.9645930510014287 5.3249573297798651 3.2980507016181937 5.9214328508824092 4.1241525635123244 4.0559117756783962 5.8664597421884519 6.2960627265274551 4.0192675208672863 2.3128438256680965 3.2992139160633078 5.0895061939954749 1.6562373694032428 1.8981448216363803 2.2238279841840298 3.124104592949152 4.058641927316784 3.517742082476615 5.1077197939157468 24.66222531255335 3.2819391340017319 3.8128837496042243 4.3672146350145331 1.7481198934838178 5.4310820531100035 1.9338373467326158 1.415210086852311 33.924853456672281 1.6359640639275301 2.648947024717927 3.2816826617345205 5.5972800105810157 2.0290626324713212 3.8331636656075716 1.799742992967367 11.312616064213215 2.248456768691538 4.2703942395746708 5.4610795527696609 1.9133129660040129 10.60717967525124 3.9522452168166637 5.5005802810192099 3.4649900272488576 2.8243693709373474 1.6214072052389408 4.0442940080538392 2.4933285582810703 11.345251341350375 2.518361270427703 3.6932667680084696 1.6232403926551402 2.7725364193320257 1.8330761119723336 2.9443619586527348 2.4297285173088339 7.6200892198830861 8.2395440470427275 1.7886154316365717 1.9596713641658414 1.9228742476552723 5.6304931119084358 1.6950004724785683 2.9788076207041732 7.8232038971036655 4.7408471032977095 0.81444795429706573 3.0564220361411572 3.8560914266854516 1.671735926531255 1.8359980452805746 22.968851326033473 5.0708360467106122 4.5806033350527278 1.7936710957437734 3.3604382947087288 2.3016609400510788 8.7032127799466235 1.8153745792806146 1.5000325003638844 5.4071347219869494 3.1301293252035975 1.7157519273459971 2.2018461953848529 1.4618693087249983 18.040970922447741 1.9475504104048074 2.9566832836717358 1.3448846163228285 1.8953072428703297 1.7984870746731756 2.8184541389346123 3.837825863622129 2.029829563573001 1.9533396214246774 2.6903115436434746 3.5428190175443888 22.02267150580883 2.1705429628491393 2.1047178320586672 5.3162563340738407 1.8310173349454997 1.9489519465714691 1.304200319573283 2.6703289616852999 1.6888650711625803 7.4317987915128469 2.8874978050589561 3.3831757400184861 7.249195110052824 4.696647934615612 3.7550497762858868 42.174652377143502 7.9896357674151677 2.0994474142789832 2.3128576092422 2.7194414930418134 6.4837299715727568 0.9209166169166545 6.3845997788012019 6.2685982920229435 2.3316444866359216 2.6625033575110137 22.552720602601767 4.9367515575140697 1.5312651284039018 1.6067050360143191 1.5165479537099602
leaf_count=10 27 30 21 29 28 625 29 23 20 16 30 45 38 35 29 22 172 38 80 22 31 35 41 39 24 29 84 61 57 24 29 20 30 35 38 25 20 41 37 24 89 297 25 27 12 27 28 25 15 24 58 22 46 23 27 42 29 40 24 38 36 18 39 27 39 27 32 49 40 27 38 18 16 36 43 33 26 40 145 15 43 57 30 101 22 14 315 29 13 33 42 24 22 15 122 31 47 30 28 110 34 33 41 32 11 33 24 116 13 37 23 38 28 26 25 67 71 16 32 32 28 27 40 82 34 29 22 18 38 28 164 44 64 17 23 24 133 19 32 73 37 16 45 33 213 27 36 34 17 24 19 22 19 18 27 35 295 14 17 42 30 36 22 31 20 95 29 30 72 32 30 338 41 21 25 24 73 18 39 30 24 50 352 92 23 21 21
internal_value=9.64758e-05 0.00710605 -0.01936 -0.0258462 -0.0149804 -0.0381907 -0.0208869 -0.0266058 0.00913839 -0.0052048 0.00123686 -0.000447708 0.00527485 -0.00788361 -0.0154674 0.002787 -0.0154879 0.0133658 0.0208405 0.00376684 -0.00116411 -0.004019 0.00627786 -0.0117595 0.0122803 0.0137917 -0.00692091 -0.014467 0.0122827 0.0119784 0.0163327 0.020516 0.0146746 0.0162428 0.0170847 -0.0069831 -0.00105221 -0.0204406 0.0176918 -0.0209531 -0.00574526 -0.0273594 -0.0172829 -0.0333132 -0.00857236 0.00267479 0.0149528 0.00408264 0.0157068 -0.00309839 0.00890325 -0.00409434 0.00473512 0.0187734 0.00786443 0.0135148 0.00266319 0.0157459 -0.00436373 0.0202574 0.0143186 0.0188379 0.0022473 -0.00887093 -0.0173922 0.0239076 0.00824804 -0.00116941 -0.0122093 -0.0261578 -0.000568472 0.0065021 -0.0023352 -0.00651762 -0.00864467 0.0260565 0.0219151 0.0237433 0.0270948 0.00464756 0.0316731 -0.0162136 -0.0208088 -0.00359194 0.00998945 -0.0178116 -0.035841 -0.0278394 -0.00776943 0.00226383 0.0083282 -0.0204714 0.0133821 -0.0133197 -0.0105091 -0.0144829 -0.00208033 0.0154029 -0.0261917 0.0210927 0.00296496 0.0346927 -0.0135082 0.00384779 -0.0226957 -0.00348312 0.0180512 0.0215092 0.0244014 -0.0100435 -0.0294572 0.00989896 -0.0157796 0.00847225 -0.0159966 -0.0210772 -0.0187707 0.00128562 0.0249006 0.0231804 0.0236281 -0.00795785 -0.0315643 0.0206413 0.0270675 0.0185122 -0.00397655 0.0279744 -0.012439 -0.0202843 0.0287959 0.019769 -0.0158465 -0.0262578 -0.0162439 -0.016863 0.0261153 0.00575803 0.00665969 -0.0207608 -0.0026201 0.00267948 -0.0265015 0.0277552 -0.0344913 0.0246081 0.0268729 -0.0284367 -0.00936196 -0.0221641 0.0206916 0.0155551 0.0253747 0.031731 0.0163939 -0.017251 0.0277862 0.0143142 0.0172849 0.0287647 -0.00973381 -0.00953861 0.0180802 0.00620949 -0.0296086 0.0283534 -0.0123529 0.0296107 -0.0241516 0.0193096 0.0212463 0.0302097 0.0229273 0.0308835 -0.0371745 -0.0146596 -0.0265002 -0.00344056 0.0125633 0.00718241 -0.0147824 -0.018195 -0.0308957 0.0253594 0.0127791 -0.0208728 -0.00352992
internal_weight=917.682 676.287 241.395 151.393 84.6814 66.7114 68.4106 56.0967 16.2708 18.5804 318.933 292.999 12.3138 90.0023 51.6962 38.306 13.4363 24.8698 21.0822 178.331 113.297 102.734 44.3605 58.3739 357.354 320.873 114.668 50.3338 8.14708 65.034 51.1373 44.8211 312.409 270.464 262.294 24.3838 36.4808 38.2263 257.593 44.9077 15.3043 29.6034 11.5581 24.0399 24.9372 14.2157 8.61298 41.945 14.4301 27.515 14.6669 13.8967 12.1075 239.987 31.4161 25.4766 17.651 10.7881 4.85761 208.571 86.0298 61.1423 24.8875 14.1015 9.97734 122.541 16.8592 9.72726 6.33211 28.499 64.3337 29.2289 19.8174 35.1048 6.80062 105.682 53.7999 50.2822 42.3653 8.38966 33.9757 50.2268 35.1305 15.0963 8.25 6.84629 37.5163 10.8369 8.16988 17.6052 14.3235 10.7214 11.5436 10.0176 30.0153 24.4448 11.5108 10.786 28.6627 19.9768 7.91684 30.1628 8.4637 6.4678 12.934 7.34234 25.9344 21.8838 40.9192 6.31624 25.1998 8.35783 12.8481 11.732 16.0259 12.2517 13.5442 5.56352 19.3905 7.23344 11.729 7.43347 23.5766 10.5627 101.624 5.3069 6.00078 96.8828 3.9019 10.9183 93.0267 8.72625 8.08545 8.89207 6.86293 6.57206 38.4008 5.57047 2.81068 7.20688 5.58529 3.77426 9.82194 17.4308 20.5978 17.6109 15.6633 26.7494 3.64343 5.26348 9.41144 6.78856 11.2799 13.2986 4.93877 5.52094 35.0011 12.9785 10.8079 17.9466 3.77491 3.88279 5.73121 4.1322 25.5865 9.46163 5.93947 89.1695 9.08227 10.5631 7.71044 85.7863 43.6117 12.7066 21.8062 5.60275 8.51279 1.73536 20.6428 14.2582 5.73846 3.78755 23.8976 6.59299 3.75509 6.18731 3.40682
internal_count=9163 6841 2322 1243 597 646 520 453 77 115 4010 3726 67 1079 636 443 211 232 160 2289 1505 1392 523 869 2831 2547 1437 675 96 784 618 559 2455 1957 1880 288 284 478 1842 585 166 419 131 349 212 103 55 498 159 339 186 166 197 1686 249 193 151 99 64 1437 596 425 171 105 78 841 91 134 89 344 762 384 255 378 89 750 374 348 276 55 221 773 543 230 115 115 338 201 77 156 123 109 72 144 340 262 129 66 464 235 72 178 92 79 133 51 284 254 501 59 317 100 153 154 188 137 99 70 230 90 48 96 294 113 717 108 48 683 58 128 665 81 101 106 52 71 488 78 56 88 62 51 112 198 254 194 167 436 47 65 129 51 129 134 58 64 459 164 150 122 54 58 106 64 406 114 56 642 100 59 50 612 274 131 322 48 97 47 110 71 69 72 386 110 59 85 45
is_linear=0
shrinkage=0.0323284


Tree=9
num_leaves=175
num_cat=0
split_feature=8 8 8 23 14 22 1 15 22 0 5 16 10 0 24 4 5 1 10 16 26 1 0 14 2 26 19 8 24 13 1 10 4 24 2 14 12 15 14 7 14 15 1 22 16 18 1 27 19 27 7 6 2 20 10 4 12 24 17 14 14 14 28 3 27 2 8 18 14 11 14 5 6 8 27 2 8 4 4 27 7 5 6 6 2 4 23 4 27 16 4 7 5 20 3 24 1 1 27 14 18 7 3 4 15 0 0 20 13 14 28 20 9 23 5 22 6 15 21 28 20 22 14 13 21 23 15 1 4 4 10 15 4 0 27 24 4 6 20 3 8 15 2 23 23 7 23 8 13 15 26 9 20 13 26 15 13 13 18 13 3 16 8 2 13 3 1 24 22 5 1 0 8 8
split_gain=97.0339 18.1439 13.8268 17.3988 12.0125 9.3097 12.768 8.83606 8.25926 8.1829 7.89924 7.53244 9.84677 7.16605 6.3348 7.10129 6.21076 6.11766 6.46185 11.0206 7.88235 5.7801 5.15752 9.22138 6.88145 6.63864 6.3058 5.14811 5.13744 5.10277 5.05089 4.8484 4.7783 4.71544 7.65575 6.60792 5.41798 4.98022 4.65498 4.54828 4.43949 4.24756 4.97649 3.9234 3.87728 3.86124 3.83996 3.79771 3.75871 5.65059 3.70787 4.58634 4.11089 5.03528 3.66806 3.86855 3.63851 3.69555 4.43874 3.63114 3.52064 4.46715 3.51231 3.39354 3.32773 3.23675 5.35057 5.26953 4.86994 3.97993 3.94237 3.10171 3.08388 3.0719 3.05304 3.52247 3.00527 2.98536 2.96114 4.18228 2.90547 2.88504 2.85991 4.70983 3.51063 2.80431 2.90901 2.78189 2.68601 2.67377 3.52588 3.40326 2.56024 2.44445 2.43609 2.38945 2.34205 3.39067 2.31477 2.27633 2.19089 2.10242 2.08356 2.07832 2.05371 2.05026 1.93172 1.92549 1.90541 1.8165 2.52861 1.81191 1.79123 1.78003 1.74487 1.74404 1.74281 1.65256 1.61054 1.59661 1.58952 1.58765 1.57527 1.55273 1.69599 1.51639 1.50569 1.9477 1.49452 1.47214 1.4699 1.45163 1.44362 1.43784 1.3944 1.33068 1.30897 1.24807 1.24492 1.23364 1.22317 1.12293 1.05221 1.033 1.03044 0.959559 1.09035 0.886294 0.860222 0.850076 0.834434 0.827126 0.747831 0.661176 1.81637 0.654934 0.623406 4.68721 0.617529 0.58169 0.533235 0.530426 0.488443 0.45003 0.337381 0.291516 0.273105 0.243649 0.22631 0.189586 0.175029 0.142801 0.0956387 0.00320467
threshold=-0.40793841542426396 -0.16696104178400642 -0.41937640457503833 0.0032451492169301992 0.022742396966515453 0.13468194458003788 0.17357137401016778 517.9945251781204 0.11782426897077299 -0.37799628727230533 -0.015706086872158128 0.0031591382629927536 0.32500000000000023 -0.19336235367612639 -886.2292916164937 0.95039682539682546 -0.0072817149269688288 -0.19787283681227438 0.4000000000000003 0.002469284603349311 -0.55434999999999934 -0.075563792924816062 -0.15205389898167612 -0.015743631837950186 0.9142826229125196 0.50000000000000189 3294.9999999999823 -0.047501790536802084 -480.0712655648195 0.0023642641444013512 0.082042246012112865 0.17499999999999985 0.037698412698412703 -474.16382369784748 1.1699725328966184 0.015559271814678576 0.0062920070368177932 152.31533759070985 -0.0085015569166648468 2.5000000000000004 -0.15449739277179855 148.87002283118883 -0.079975231247579756 0.31704658315577378 0.0036854117351347126 1.0599999999999998 0.29472381230936368 0.88004771155121786 10599.000000000024 -0.46570388033538396 16.500000000000004 0.32341269841269848 1.2113199423875125 2.7994942797353715 0.10000000000000099 0.12896825396825398 0.011620748700609486 -62.728158020449357 1.0892561990018261 0.013129800021310341 0.0022086810236350567 -0.001930311575607385 0.91666666666666685 0.036325686147865639 -1.3251939163357651 1.1212687521210178 -0.092564601336142291 0.13499999999999981 0.0066787925070865015 0.65833333333333355 0.0013249927721974977 0.054385492044798596 0.89880952380952395 -0.38736160956935167 -1.1849932159573477 1.1434426229508199 -0.40110184827863421 0.92658730158730174 0.56547619047619058 0.51316828939084436 8.5000000000000018 0.021837651354238766 0.3710317460317461 0.22420634920634921 1.0469678006120577 0.69642857142857151 0.0012670986205356451 0.62103174603174616 -0.72516714772409208 0.0040420466311915084 0.49007936507936511 8.5000000000000018 0.0022977381917599353 0.58354843548031965 0.01057837488799203 -313.70217261551312 0.27808183920575619 0.4014907520715631 -0.80958873807852627 -0.0010645465733872537 -1.6549999999999991 13.500000000000002 0.018299187485746559 0.63293650793650802 344.48452683848672 -0.24643295226709508 0.11801406079575096 0.55702034201797856 0.016937777409636662 0.017068559970572859 0.88333333333333341 3.4479921913265974 -567.99999999997442 -0.0075338977810956434 0.018533684048147928 0.11489382225966614 0.14484126984126985 94.169707495815729 0.0021852327588888225 0.65000000000000002 2.3198098451926685 0.096824285554382897 0.0037302515771023424 0.0035127087743486913 0.00075209651403818089 0.026668537684674701 116.0329054306842 -0.15454017283003543 0.62500000000000011 0.053571428571428575 0.10000000000000099 201.51124346327745 0.31944444444444448 -0.12384852333610701 -1.2617987784100662 -541.62887696270809 0.78373015873015883 0.24007936507936509 3.6139181096811988 0.018204950769859948 -0.24533844371377708 389.20821462339899 0.93467226051323327 0.015538512803557338 0.02513827799326163 2.5000000000000004 0.026114377499317002 -0.28153113869625951 0.0041196763281242605 283.83570932421691 -1.4500000000000008 -14705.249999999925 1.9825305710935452 0.009364688178558617 -1.0249999999999984 268.1901590488074 0.0015280534444262271 0.0013460695458660905 -1.0000000180025095e-35 0.0033368906991222158 0.013040755005755378 0.0014177280641130593 -0.14513607083490129 0.99207230227882059 0.014658419598743954 0.026635673772115443 -0.053563446702275301 -110.88537985140134 0.33894660496514434 -0.027475502798284642 0.045422085389210672 0.25683641690304476 -0.3315922207503863 -0.1001662440373866
decision_type=10 10 8 2 10 2 2 10 2 2 10 2 10 2 10 2 8 2 10 2 2 2 2 10 2 2 10 10 10 10 2 10 2 10 2 10 10 10 10 2 10 10 2 2 2 2 2 2 10 2 2 2 2 10 10 2 10 10 2 8 10 10 10 10 2 2 10 2 8 2 10 10 2 10 2 2 10 2 2 2 2 10 2 2 2 2 2 2 2 2 2 2 10 10 10 10 2 2 2 10 2 2 8 2 10 2 2 10 10 10 10 10 8 2 10 2 2 10 2 10 10 2 10 10 2 2 10 2 2 2 10 10 2 2 2 10 2 2 10 10 10 10 2 2 2 2 2 10 10 10 2 10 10 10 2 10 10 10 2 10 10 2 10 2 10 8 2 10 2 8 2 2 10 8
left_child=2 11 17 4 5 6 115 9 121 21 -6 12 13 54 16 27 123 59 31 137 92 130 41 24 40 62 56 29 30 32 -15 -19 -16 35 37 89 95 133 -8 -7 153 109 44 96 -43 108 120 80 49 81 51 52 53 93 -2 -56 57 58 126 144 61 -53 76 -42 -14 66 68 105 70 159 71 158 156 -62 -9 -76 -25 -49 79 94 -26 98 83 -29 101 86 -12 -47 116 91 131 -31 -21 -30 -68 -36 151 -98 -22 -57 -82 128 -95 -60 -69 -67 -10 -80 117 113 -111 160 -107 -13 -108 -4 -54 -33 -90 -65 -28 -5 -64 -11 -125 142 -27 -128 -84 -66 -3 -91 -59 -35 -75 -46 -109 -20 165 -41 -105 148 -78 -52 -1 -97 -147 172 -129 -72 -121 -18 -94 -24 -155 -96 157 -34 -39 -70 -51 -119 -126 -135 -131 -136 -38 -55 -92 -37 -161 -122 -44 -77
right_child=1 7 3 8 10 39 38 74 106 14 85 22 64 28 15 -17 43 18 19 20 48 -23 23 25 47 26 46 82 50 33 -32 45 72 34 36 169 166 65 -40 139 63 42 147 -45 135 87 -48 77 -50 111 143 60 88 167 55 99 -58 132 103 -61 73 -63 122 119 129 67 78 104 69 -71 149 -73 -74 134 75 173 125 -79 107 -81 100 -83 84 -85 -86 -87 -88 -89 118 90 168 -93 152 102 155 145 97 -99 -100 -101 -102 -103 -104 140 -106 112 114 136 -110 110 -112 -113 -114 -115 -116 -117 -118 161 -120 150 171 -123 -124 124 162 -127 127 141 -130 164 -132 -133 -134 163 138 -137 -138 -139 -140 -141 -142 -143 -144 -145 -146 146 -148 -149 -150 -151 -152 -153 -154 154 -156 -157 -158 -159 -160 170 -162 -163 -164 -165 -166 -167 -168 -169 -170 -171 -172 -173 -174 -175
leaf_value=0.0053294147177844189 0.012602436920167916 0.015394161376587378 -0.0020370212237420626 -0.012331099667241521 -0.018178909610738991 -0.0026791844713118297 -0.0070402101904000836 0.0064661675456510262 -0.041867874147097757 0.025815713819855073 -0.0089937790388127069 0.0065050564158037564 -0.0031901065076724955 -0.027185013968432509 -0.0033539643898962265 -0.017957101217538764 -0.0044529361411396549 0.014502363998639174 0.0026099211351946179 -0.0076669846041368611 -0.023559457693002873 -0.030823548571538312 0.017004540617946411 0.0039392575935449708 -0.01611027042907423 -0.00097812398265662514 -0.002200665504268084 -0.011993594070947433 0.0039864979085087269 -0.014762665416929157 0.013311464234560538 0.0013939537825205476 0.025091155916629464 0.0044364643238563343 -5.0382280744894366e-05 -0.012933300500951575 0.00098499460598932545 0.0034963984549901141 0.024415303771340133 -0.0085846683297403619 0.0076586380614029085 -0.019588560759451194 0.0069683611975111959 0.012590813102809739 -0.0049761967602537493 0.014455864662221398 -0.012809100378474705 0.029092381930282372 0.0072066539034663975 -0.0033673489466827839 0.027644965303721267 0.014680614533028422 0.026421849920781445 0.00049728395104020444 0.0042221929907913461 0.0036446840072348586 0.014730531318447353 0.01846566787733997 0.01465141959233718 0.023182541560994231 -0.00855351446378717 -0.023574666409521727 -0.010775939783176961 0.0018697281528364299 0.0019550983629444516 -0.0084264524729744245 0.0063946316517152404 0.00038771145611892654 0.0053360038705052761 -0.0016060130833389199 0.000790065780314819 -0.0094953679692775846 0.00023691349117035634 -0.0010752667958861515 0.0055839990357608614 -0.0063594880765825493 -0.0023720929227242986 -0.0039413372147819809 0.021590603798573808 0.011983306867027418 -0.0074775539956144143 0.011854950538783618 -0.0029451594237686783 0.02537305196031241 -0.02215055661752377 0.034642931475953237 0.019586748995674811 -0.016350329447919535 0.007249242495455676 0.011816215469068934 0.031558275636680386 0.016842720323177407 0.027664870956704484 -0.030207531608410672 -0.0023313522962755849 0.0030702408629701499 0.015962104753531717 -0.016731980116214455 0.0076866975534596229 -0.030487464586194477 0.019799986011545475 -0.0088035176775702675 0.0031636230062480142 -0.01678932077717207 -0.026612308801551757 -0.0018514789918398682 -0.023770961791928197 0.0080843499693268855 -0.0012086465575809949 0.016957323135490591 -0.012910229107166013 0.00064244128387556585 0.022527471841245473 -0.022034105745931901 0.001061294638885039 -0.033043249545566603 -0.0035875766343685289 -0.0024052438079166087 -0.017623733500338801 -0.0022511892080605625 0.0053883922414766231 0.0091095219903867802 0.010839202331344305 -0.01067086001233278 -0.00073043953989284022 -0.00023414635265207867 0.0039781092557890137 -0.0014785301795169094 0.020530223312995966 0.033991801335441774 -0.0061617063444297715 -0.010919488026277326 -0.006659113691479244 -0.0024983810763539536 0.031688045015533489 0.017824776219513928 -0.012289784895928765 0.029604620219265351 -0.00066646822827312493 -0.038562386710763306 0.0045099085982537625 -0.0002877888865548981 -0.033089230648738144 0.00034745515841539391 -0.016912346840171042 0.031879341639243171 0.0031461587316517162 0.033070148884796244 -0.031414648704939138 -0.022252432996683242 -0.029102276382102249 -0.030372027221107312 0.0030856216271477974 0.013190982734115654 -0.011612628336636819 -0.026842382794730054 0.031099874657592844 -0.0026960226480320327 0.026951510759514113 0.035081362790856122 -0.037366787690640176 -0.036079969653557004 0.017277472320563474 -0.021369480613308935 0.0067264440196316147 0.0049575426804372158 -0.014080822235141807 0.017012674349892277 0.0077238224174260624 -0.00065989527529809668 0.0085853185623360091 0.028239846424116741 -0.00094293712611059552 -0.029374103885807176
leaf_weight=1.496334802359341 2.1252425834536579 3.8261084482073784 2.8999843113124388 3.715463137254118 4.6783914789557484 5.9881536718457964 5.7300651371479026 6.3741530738770988 52.19571590796113 4.2363485600799304 4.810621462762354 1.3144426792860029 3.2164384052157429 5.2783907260745755 5.6165136955678454 4.0003797560930243 3.098695885390045 1.3739581182599092 3.1197425536811334 2.5173307955264992 3.6755659710615873 4.4955080347135645 2.6099201478064087 2.2002644464373615 3.6108778771013039 3.1860196078196195 2.0427041621878734 2.8898330125957745 2.4956983402371469 2.7565370071679345 2.4163647573441267 1.1031292732805109 21.90952912345529 2.4073823643848291 3.396587576717141 2.4064566232264042 1.046920156106353 2.858281332999467 9.873000603169201 4.0897654481232193 3.2615548800677088 3.4553855340927857 1.8327177353203299 3.1024070288985959 2.0685243979096413 3.082103358116 2.1973339403048149 12.655588570982216 3.6592179210856548 1.2792316135019159 9.1081001553684455 3.2257472965866327 4.5854073464870453 1.432331766933203 4.6270607672631767 1.544317387044434 2.4810300637036553 2.3460328225046392 3.5667267031967622 7.0358180347830057 1.6195222642272735 2.6717239543795612 4.3143103662878266 1.9856693372130383 2.4539280803874162 2.6785198450088492 2.0180420149117806 4.2141303643584234 2.4739723596721879 4.3562687952071419 1.9553925748914487 2.5776488855481148 4.826795043423771 1.7117583714425624 3.6329014282673588 2.4311763783916831 1.8303660824894965 2.5201357770711175 4.2230999348685128 4.4141857773065558 2.608591616153717 4.9338784888386726 3.2053300663828868 6.3205630071461201 4.9239605348557225 4.8951094523072234 3.4948320649564266 2.1828911192715168 2.5695403823629004 2.2846038807183495 35.279918100684881 4.9696413688361645 3.1663046618923545 9.4451719550415838 2.1054889764636737 2.3727786960080293 3.0229803994297972 3.1897643189877272 1.6793663622811417 11.275100682862096 4.4589008232578635 5.1194337736815214 1.5528394952416427 2.9971630480140448 5.4228121601045132 3.8417414668947458 5.2363145500421506 3.7261711731553078 2.4869527034461489 3.3632739139720798 1.9093347145244477 1.4271785616874684 6.4843102721497434 4.8293937006965297 4.0009409645572305 7.4658233392983675 1.6645463071763513 1.054128192365172 1.9410624150186775 2.0518621057271984 2.3700906764715892 3.7601434644311666 2.9028679467737675 2.6066826693713665 1.785252405330539 1.7957020644098509 1.2789902789518226 1.4469361314550138 4.2538657207041979 14.091190220788123 3.3381122518330812 2.4040347039699554 1.6477126609534023 2.771891472861169 11.496230845339589 4.7944584414362907 2.5634656436741352 6.2261915635317564 1.3646042766049493 21.348164757248014 2.8595242965966463 1.5291123185306776 23.608931992202997 1.7580747958272684 1.6971470825374124 23.805783020332459 2.3403574787080279 7.0280066486448014 17.672249594237655 2.5917784310877323 9.1362771596759504 6.3602338489145076 2.8649246599525213 2.5487059988081455 2.7504579164087772 7.133641448803246 44.154060545377433 7.5854043951258054 3.7420489657670215 15.095265205018224 12.584113768767564 17.372174574062228 1.9918399341404436 5.9863522592931986 2.5964037878438821 1.9782596230506904 1.7571609485894431 1.8032293654978264 3.198095614090561 2.2561445087194434 3.1175799788907161 5.7912636380642653 1.1469336012378351 5.6235736105591041
leaf_count=27 46 19 15 21 30 44 38 43 539 34 38 18 35 58 36 36 34 18 25 26 68 28 19 15 45 42 25 43 17 31 32 17 116 25 34 20 21 29 30 38 40 56 32 41 35 38 29 161 34 19 116 36 80 26 40 21 24 38 37 26 24 21 35 10 38 25 19 33 25 39 31 31 33 25 25 38 27 34 25 37 39 35 32 35 69 10 18 26 39 20 242 44 19 123 32 21 18 41 22 188 48 36 35 38 36 43 54 33 31 44 22 7 69 89 28 79 25 18 31 34 45 26 30 20 30 39 34 15 25 164 35 26 18 24 209 41 19 43 19 235 31 19 335 24 21 230 26 116 272 21 116 65 26 28 18 62 290 35 29 124 196 337 28 55 23 10 31 31 25 24 42 50 32 42
internal_value=9.73611e-05 0.00651631 -0.0177691 -0.0238085 -0.0121857 -0.0191295 -0.00388441 0.0112696 -0.0352901 0.0124355 0.0095736 0.000378186 0.00678322 0.00164402 0.0133906 0.0147621 -0.000842037 -0.00710415 -0.0103342 -0.00250309 -0.0104895 -0.011615 -0.00384535 -0.00650061 0.00440751 -0.0125197 -0.00469226 0.0154031 0.00651679 0.0167131 -0.0142608 -0.0215218 0.0235391 0.0132998 0.00956668 0.0211585 0.021908 0.00461986 0.0136836 -0.0300573 -0.00741725 0.00735793 0.0153225 -0.0113972 -0.0011769 -0.0247962 0.0131285 0.0151033 -0.0180725 -0.0221317 0.00970722 0.00523912 -0.00368066 -0.0127226 -0.0141327 -0.0189722 -0.0106992 -0.0134403 -0.0167944 0.0133241 0.0146035 -0.00496287 -0.0225075 -0.0159583 0.0243571 0.00730341 0.0108252 -0.00288839 0.0179363 0.0255492 0.00164871 0.0126153 0.0255281 0.020739 -0.00937791 -0.0175297 -0.0269864 0.0238858 -0.000575243 -0.00877372 -0.00019386 -0.00209253 0.00161437 0.0135564 -0.00587887 0.0211824 0.00526713 0.000222028 0.0100311 0.0244601 0.0274291 0.00445341 0.0131304 -0.0206409 -0.0178456 0.0256136 -0.0175987 -0.000780817 -0.0145735 -0.0264625 0.0105729 0.00393294 -0.025856 0.00179144 -0.017848 0.00962648 -0.0389983 0.0107637 -0.0299924 -0.00707668 0.00527605 -0.0326837 0.015279 -0.0157591 -0.0156765 -0.0271049 0.0199953 -0.0329023 -0.00646293 -0.0222017 0.0205863 -0.00206292 -0.00135642 0.0159903 0.00257952 -0.0296574 -0.0231382 -0.0257673 0.012715 0.0287721 0.00660986 0.000447835 0.00980799 -0.013116 0.0246159 0.0115742 -0.00162852 0.0237957 0.0272292 -0.0353831 -0.00857953 -0.0279308 -0.031445 0.0244118 -0.00912946 0.0283464 0.0299949 0.0282241 -0.0297424 -0.016299 -0.0259135 -0.0254147 0.0214607 0.00975926 0.000795239 -0.0234621 0.027096 0.0184134 0.0215724 0.0306779 -0.0355621 -0.0348599 0.0124924 -0.0178478 0.031675 0.0296199 -0.0110049 0.0138081 0.0303977 -0.00986447 0.0326854 0.0252521 0.0050277 -0.0264999
internal_weight=877.211 647.011 230.2 144.182 75.2739 57.395 25.9689 362.956 68.9086 344.894 17.879 284.055 112.048 89.6903 333.234 303.84 29.3942 86.0177 75.7884 47.133 37.7871 11.6597 172.006 140.264 50.1985 90.0653 53.4129 299.84 70.1186 273.127 7.69476 28.6553 84.0923 189.034 133.479 55.5554 34.7196 98.7595 15.6031 31.4261 24.3444 31.7425 20.326 18.7741 10.3184 27.2814 12.4014 25.8541 29.2386 25.5793 62.4238 51.5577 27.4898 16.7293 19.5717 17.4465 41.0115 38.5305 34.5367 10.2293 24.0678 5.89747 36.6524 16.4354 22.358 87.5938 64.9523 22.6415 38.7682 25.0431 13.7252 9.17798 78.4758 18.1704 18.0618 11.6877 29.4353 15.1757 26.1841 15.6714 10.6784 10.2888 26.713 9.2104 17.5026 13.2006 8.30545 5.26499 10.7606 50.8928 43.1667 7.72618 8.54856 13.4937 11.2572 31.9155 15.6717 6.21274 5.35493 12.8194 7.06749 12.5786 10.998 9.42341 9.63694 13.0046 61.433 10.5127 22.0164 11.4164 5.27261 15.2905 10.3261 6.14384 9.23726 10.3658 6.24995 19.5294 4.5106 13.1738 10.2041 7.47561 7.21718 10.6201 6.38378 27.235 25.1133 21.9273 7.4592 19.1415 7.16422 4.68864 3.99375 11.1656 16.5509 6.86298 6.28964 9.34593 14.8391 25.4379 5.85669 20.6483 25.4393 10.8662 3.19348 28.5189 26.1461 10.0077 19.1192 4.54717 11.1881 9.45893 6.03123 7.90908 5.29916 9.23913 73.649 29.4949 6.60033 20.6868 13.8633 18.4263 3.77709 8.75824 16.6876 13.4745 2.80408 3.23556 38.478 4.6626 18.2128 8.16135 2.97965 8.05475
internal_count=9163 6841 2322 1243 575 479 162 3030 668 2882 96 3811 1536 1276 2800 2489 311 1079 1005 520 452 82 2275 1790 592 1198 717 2453 981 2213 90 485 510 1703 1271 432 363 908 68 317 265 485 312 199 132 467 149 327 381 347 891 751 407 232 295 249 568 544 488 74 344 57 481 200 260 804 598 206 371 230 141 89 474 287 148 105 416 195 227 150 132 125 240 78 162 66 56 64 175 388 313 75 71 175 113 311 158 59 90 209 87 93 158 106 69 137 621 77 403 173 66 222 112 107 82 94 105 372 70 160 120 47 65 112 78 401 382 340 57 225 54 46 56 104 263 76 52 68 238 273 69 306 362 140 48 277 256 180 287 52 150 99 45 65 46 94 441 151 58 191 215 355 58 79 187 219 52 57 267 44 166 95 64 80
is_linear=0
shrinkage=0.0323284


Tree=10
num_leaves=187
num_cat=0
split_feature=8 25 8 27 16 16 4 1 0 23 0 14 17 24 5 14 22 1 22 8 18 15 0 23 18 13 19 18 0 8 21 27 15 12 25 17 0 10 26 13 11 8 5 20 12 5 13 13 27 15 7 11 5 4 23 14 21 11 17 19 18 21 25 2 10 13 20 6 4 16 26 26 6 3 8 3 27 27 3 15 27 2 3 12 6 25 5 22 20 16 4 15 21 24 25 4 18 26 2 7 0 15 15 9 19 10 13 13 17 16 20 4 0 18 4 4 5 26 27 1 13 13 9 17 16 26 5 7 23 4 12 17 8 17 8 2 9 8 5 11 7 25 4 13 16 17 0 0 20 14 16 16 15 27 2 4 4 7 25 25 25 8 16 25 25 2 4 16 17 25 1 13 14 24 10 25 14 8 13 14 8 9 0 2 20 11
split_gain=86.8442 16.5508 11.7607 16.8562 11.8778 8.97685 8.97409 7.48202 7.43889 6.24658 7.37442 6.19312 6.03532 5.85304 8.38153 5.63177 5.46368 7.11371 5.46274 4.96549 4.93412 5.7193 7.954 4.91055 4.88812 4.51684 4.5057 4.1364 7.25239 7.61788 4.94339 6.14825 4.60367 4.07784 4.06664 4.517 4.066 4.06107 3.99538 3.89866 3.84254 3.71001 3.63297 3.41535 4.15489 3.40639 3.38298 3.82431 3.26834 3.22436 3.1753 3.15175 3.1263 3.07214 3.01203 2.96791 4.30103 2.90695 2.84557 2.83695 2.78237 2.72498 3.64666 3.59738 2.79448 2.71277 2.70336 2.67298 3.98691 4.54389 4.41336 4.75668 3.90067 3.20025 9.22592 4.0457 3.70614 2.66268 2.59847 2.48404 3.48855 3.04398 2.59634 2.47255 2.39518 2.36097 2.29742 2.28365 2.26166 2.92658 3.19871 2.72767 2.67859 2.12 2.08867 2.08762 2.03213 1.99564 2.57595 1.98323 1.94476 2.84137 1.91738 1.87482 1.8667 1.85234 1.83668 2.4379 1.81571 1.77269 1.74508 1.70499 1.70343 1.64833 1.64688 1.5771 1.54664 1.45538 1.43001 1.42756 1.31447 1.2621 1.25877 1.25217 1.21867 1.20721 1.20014 1.25854 1.14553 1.13318 1.1165 1.10336 1.04699 0.933215 0.914798 0.914657 0.859133 0.829825 0.977318 0.808764 0.771093 0.770239 0.76916 0.750056 0.714364 0.694003 0.892591 3.05814 0.877119 0.795835 0.686 1.46988 0.636007 0.603848 0.587749 0.548667 0.548124 0.545548 0.517035 1.95383 0.509135 0.494451 0.471081 0.552652 0.466599 0.461287 0.450123 0.444957 0.431961 0.549086 0.431769 0.34363 0.310642 0.300442 0.315089 0.285776 0.23574 0.228657 0.209093 0.205301 0.183148 0.177584 0.139146 0.0822598 0.0497621 0.0221588
threshold=-0.40793841542426396 52.09371031661761 -0.41937640457503833 -0.20565004940784634 0.0051355602064504348 0.0029567427480432988 0.79166666666666674 -0.0090090425842486149 -0.38824226353122676 0.019590709377754315 0.41252219386339678 0.0061484469195154249 0.39819598595745048 -8.9689740484064924 -0.037428716538621891 -0.15449739277179855 0.13268839398925744 0.29472381230936368 0.1018064156010209 -0.043513774251172747 0.37500000000000006 117.03171525428174 0.1040606683183274 0.01576494480035218 0.5650000000000005 0.0082557996710991583 7322.5000000000073 -0.38999999999999962 0.42912951886914458 -0.24279444017574217 0.0076704260410469524 0.033005764500382569 436.0547461226833 0.016124780486838776 67.484667294521827 0.63705008046068434 -0.45398543475823766 0.4000000000000003 -0.25000000000000172 0.0086605513340413057 0.69653333333333334 -0.42674439786569784 0.0093775700763572018 3.1838689525524428e-16 0.0028475629738166953 -0.0043341098761808796 0.016937777409636662 0.0049333869686695184 0.92031951103355714 73.513922987002402 18.500000000000004 0.36468791208791212 -0.031915562363303777 0.021825396825396828 0.021279129262615774 0.024163007248491453 -0.0086176774756431245 0.32500000000000012 1.1476367593978247 2019.0000000000075 2.305000000000001 -0.002090531616381341 45.987407291220848 0.9142826229125196 0.17499999999999985 0.0035127087743486913 1.9598952933964069 0.86309523809523825 0.89484126984126999 0.0058330216844442598 1.3160000000000009 1.6095000000000026 0.47420634920634924 0.057371619103532556 -0.096538314726119054 0.049592789343634924 1.745618757557964 -0.61963140401928796 0.0083768378343616768 473.94019422019591 -1.1849932159573477 1.1537119076386093 0.038665513514973097 0.011244983588521872 0.97817460317460325 31.874600780099144 -0.024926904813606484 0.34717640174542935 3.897999172459198 0.0061503164371320097 0.029761904761904764 141.57020445439341 0.0091478805704300354 -565.9991501373496 65.715016445010676 0.15277777777777782 1.0599999999999998 0.15000000000000394 0.94327180827654278 15.500000000000002 -0.42485452301038917 62.131703082800918 277.4012142620083 -1097.5000000000043 4165.50000000002 0.10000000000000099 0.012957470944948543 0.013550663484726619 0.44784452617865678 0.0032537810744412395 5.0028149524946173 0.20039682539682543 -0.17920526158481345 0.30499999999999977 0.87500000000000011 0.90674603174603186 0.00035362776599667805 0.48834999999999879 1.4600626233983982 -0.04658565503958239 0.0010556064186856642 0.011854710334562058 -1.0000000180025095e-35 0.55810899189584007 0.0053872593529113669 0.89999999999999958 0.13879192515761876 14.500000000000002 0.0058730143424314827 0.10515873015873016 0.011517263076866823 0.84180028011920716 -0.19222760307889566 0.52249721176125385 -0.21777547844918052 1.2091304611149922 -18573.499999999924 -0.23218861257419229 1.0000000180025095e-35 0.19716666666666674 14.500000000000002 65.884711753437657 0.77579365079365092 0.0033368906991222158 0.0018155012529564995 0.41572316975509715 0.19275611131040862 0.32807877183037354 6.4140756306754356e-16 0.01978376163243355 0.0019687092890216091 0.0031863203432271532 111.09443886901441 -1.4053348089127793 1.192374109357325 0.045634920634920639 0.45039682539682546 7.5000000000000009 62.546655488338693 61.617712276337862 84.988289282446573 -0.40340267004616398 0.0058330216844442598 31.874600780099144 72.750073237363594 0.99676496813720783 0.67261904761904778 0.0062228577997949135 0.64939862755012756 41.750891289932873 0.1082589939247547 0.0056131702799264377 0.017662890913079283 -41.927579755275957 1.3999999999999992 42.936971825692829 -0.014958103067027327 -0.24533844371377708 0.0056531092684438053 0.017258471132187345 -0.27888646912488663 -7153.2499999999991 0.21829087606939737 1.0965776988867755 2.9324482268713767 0.03377192982456146
decision_type=10 10 8 2 2 2 2 2 2 2 2 8 2 10 10 10 2 2 2 10 2 10 2 2 2 10 10 2 2 10 2 2 10 10 10 2 2 10 2 10 2 10 10 10 8 10 10 10 2 10 2 2 8 2 2 10 2 2 2 10 2 2 10 2 8 10 10 2 2 2 2 2 2 10 10 10 2 2 10 10 2 2 10 10 2 10 10 2 10 2 2 10 2 10 8 2 2 2 2 2 2 10 10 10 8 10 10 10 2 2 10 2 2 2 2 2 8 2 2 2 10 10 8 2 2 2 10 2 2 2 10 2 10 2 10 2 10 10 8 2 2 10 2 8 2 2 2 2 10 8 2 2 10 2 2 2 2 2 10 10 10 10 2 10 10 2 2 2 2 10 2 10 8 10 10 10 8 8 10 10 10 8 2 2 10 2
left_child=2 15 9 8 5 57 7 24 -4 10 12 165 37 20 -15 86 17 -6 23 25 27 22 136 39 -7 43 119 28 29 33 31 54 38 48 35 108 -14 77 152 -17 88 46 139 44 45 51 47 -38 100 60 58 143 -9 -34 112 56 -47 -5 65 -50 -24 63 105 -27 -64 132 116 68 69 70 79 102 95 75 114 76 97 -1 -48 82 -81 -82 93 -67 -30 -84 -2 141 89 90 -40 -91 158 131 126 -73 -54 98 -69 134 -3 -102 -72 -25 182 -63 129 -108 179 -90 122 172 135 -46 -75 -106 156 -114 -61 -12 -95 181 137 178 145 -52 127 -37 142 155 161 -45 -36 -65 -66 -31 -22 -32 -139 -43 -21 -49 -60 185 -119 148 -147 -148 -122 -150 -85 -152 -29 -16 -71 -103 -13 -109 159 -92 -125 -131 163 -58 -111 -11 -129 -135 -107 -170 -10 -145 -110 174 -160 -88 -128 -163 -42 -23 -132 -62 -51 -80 -151 -20
right_child=1 13 3 4 16 6 -8 52 170 11 26 66 36 14 153 18 -18 -19 19 140 21 34 49 103 -26 61 -28 32 84 30 110 -33 53 -35 50 94 41 -39 40 -41 123 42 -44 67 113 55 78 87 59 104 125 -53 96 -55 -56 -57 162 -59 128 118 121 62 64 133 99 83 -68 73 -70 154 71 72 -74 74 -76 -77 -78 -79 183 80 81 -83 85 150 -86 -87 175 -89 109 91 92 -93 -94 120 -96 -97 -98 -99 -100 -101 101 106 -104 -105 115 168 107 157 111 164 -112 -113 117 -115 -116 -117 -118 144 -120 -121 124 -123 -124 160 -126 -127 176 166 -130 130 180 -133 -134 167 -136 -137 -138 138 -140 -141 -142 -143 -144 171 -146 146 147 -149 149 184 151 -153 -154 -155 -156 -157 -158 -159 173 -161 -162 177 -164 -165 -166 -167 -168 -169 169 -171 -172 -173 -174 -175 -176 -177 -178 -179 -180 -181 -182 -183 -184 -185 -186 -187
leaf_value=-0.023408630336371614 0.0060505883680280342 0.0044782280065225871 -0.0019654094631372243 -0.029356968863801625 -0.024503576435144898 -0.025776173606448627 -0.026025418357668618 -0.0016042024713413632 -0.040317660018543512 -0.00083129560404228138 0.0062402742310830707 0.032719834196910616 0.013398078235576205 -0.014468560644447735 0.0042441234365295545 -0.026254481664383194 -0.034050425266725817 0.020601680355858056 0.0078301361579842296 -0.02029282588456011 0.0039829480382678126 -0.0097807122849652896 0.021630829876925314 0.0227532941888124 0.014098551748859173 -0.010552623629945046 0.022850524045543531 -0.016773710139822019 0.026916157498243606 0.0067862220685030389 0.00010490122778332264 -0.025568536609269835 0.010026531753109667 0.015756159081298595 0.0090965959529305737 -0.025533850565097011 0.0072807488692217042 0.019250016022834153 -0.0028482789936090549 0.0077186486229349014 -0.001106484449457718 -0.021634025436799049 0.016260605051850625 -0.0095715183493136242 -0.021099223163622616 0.013649879705296294 0.015869639399118934 -0.0025929219308951437 -0.016188287383645729 -0.0046701334341945197 0.014098194824359974 -0.0051214643731314 0.031706385238515197 -0.02187452041707532 -0.012353768022976505 0.015510217145555205 -0.025228875882564721 0.0032183419461380819 -0.015126022899213304 0.019720841445563093 -0.01613220086748024 0.00497552698955845 0.02292892710051847 -0.00096649216759359439 0.002429622654222393 -0.034128016640216009 -0.0058498313115863702 -0.0024291916316639111 -0.0088761655731959023 0.032892437302805867 -0.021986275970639201 0.0012616159505451899 -0.0082164070278399025 -0.019452231302423507 0.034674178242498022 -0.019480047449710644 -0.014228127496651786 0.010752700280578007 -0.01669938013342509 0.019950026141060097 0.010307285682109495 -0.020209266029270076 -0.012621308238905343 -0.011912102818432722 -0.0047971634960817834 0.012858004702588358 -0.024865714858630303 -0.0001231618301812842 -0.015210276914508242 0.012522099710963059 0.017710197017936094 -0.016216494351878052 -0.0020517196051782023 0.0019159570766847382 0.0083853642732309493 0.027830126197470613 0.0052103576930863683 -0.0044127108743521951 0.024494317296948821 0.010518640508848025 0.011408242662978633 -0.008598020506665199 0.0027183135452614931 -0.0041187297764364904 0.012148842928678905 -0.026756893352450416 0.01414388936061374 0.0020223007324509158 -0.008660568495180104 -0.0021963732622510249 -0.0051140256434732819 0.020814792772312702 -0.002683078996574917 0.0047335693812755987 0.0052765923454573165 -0.010951920216999372 0.0037900236589894333 -0.00016713794265364458 -0.0037065463949079698 -0.019056942038031523 -0.0029741738122124155 0.0071521558905429774 -0.00070092462174194039 -0.003398137965655646 0.0015127349466272817 -0.0074180510125561091 -0.0037146280613098255 0.0066924407213099163 0.0085677940032509951 -0.0018134197969189793 0.0016357223328815271 0.0098708604643675396 -0.010046034197858347 0.028276029864347674 -0.019132316076297926 -0.013017950690680173 0.029308845309894062 0.027201735916772524 0.0017198803912635533 0.0020084482823624805 0.00083621653923671797 -0.037555723925050737 0.002771679973075287 -0.0025242683165518478 0.025292875562707647 0.027589980768084214 -0.0081691146968303346 0.021481146226196766 0.019704781928392742 0.004211126138139904 0.014582025110364884 -0.010630914220298241 0.0012055370409622564 0.029708572720400481 0.0068011353303011994 0.0068067025490051074 0.0053158193771466944 -0.016612081535670689 0.034078436823899425 -0.009374200381786657 0.011651061287015858 -0.030124704154272961 -0.0015161489849790297 -0.00218902712887248 0.015066422599819555 -0.022658847921961323 -0.0071303135900356827 0.0024731618545545753 0.0048997996595870246 -0.010710344732107717 -0.0098269139454416985 0.0099314834345244334 0.0036220265223142925 0.0052032181862665117 0.0077294593473506354 -0.0024714115261638306 0.0070876346568401263 -0.0030138262220925157 -0.017003797110163924 0.001320934109967717 -0.0076927302670663049 -0.0009602986936493534 -0.024844381766894293 -0.0013827271187816089 -0.00050506418733520459 0.031140614494104265
leaf_weight=3.0337602910585701 3.0852734670042992 2.5396693367511025 6.6485591679811469 8.8452046178281289 3.6253056507557657 4.6377652604132882 3.9914577882736912 4.7390241883695126 50.679425363428891 1.572867454960942 1.5652910787612198 5.4243851099163294 1.083798587322234 4.4966471800580647 2.4607110414654025 7.4219513088464755 22.099084028042853 3.9616390913724899 3.0865602195262909 2.1145810186862937 3.0954568646848202 1.5915424432605534 3.2786849066615122 3.4542423114180565 2.435434315353632 2.7344411127269286 6.3495953734964132 2.4259819164872161 7.9261632738634926 1.6626132819801598 1.7095541190356041 5.993247781880199 2.4051980134099713 2.2748898221179834 1.9010179322212932 7.6295215543359465 1.3037703130394174 5.1006052903831005 3.9390554036945096 3.267449839040637 1.6798349656164639 2.6576836518943376 3.0997204212471843 2.32322197780013 4.1361225750297299 3.5779759082943192 1.7705502361059178 1.2478206381201804 2.2537915278226119 2.4258278999477589 2.2987823551520696 3.4608716852962962 13.913814516738066 5.048563651740551 3.8873437009751788 4.63956344872713 4.8654131200164574 2.8705786243081084 3.4140806589275581 4.0277107190340757 2.361475732177496 1.9922114508226529 2.991515435278413 1.3518244270235298 1.9034668989479548 17.651530745439235 3.2327312966808668 4.2620414579287269 3.5733384117484084 25.383471537381414 4.6811734363436717 4.710768852382901 4.8343375623226157 3.0007599145174018 8.9388365224003774 4.3839981500059357 3.7630834337323895 1.1917794942855815 1.7507179323583844 3.8325129775330424 2.9922124184668046 4.6936881383880973 3.3613024279475194 1.4348485637456168 1.9547251239418981 5.0228309249505401 3.0800414048135272 1.9727246314287175 2.0010792696848503 4.3405362712219349 5.2048704866319921 2.6215953975915909 2.893647792749106 3.7909479662775984 1.8943369183689363 8.0959490975365025 5.6172814816236487 4.0326255336403838 10.187549985945223 2.9400172028690577 0.85833001136779685 1.5315244290977745 4.2931629866361618 2.9106390681117764 2.5738364672288307 4.560514054261148 1.8703672438859928 1.1577567812055347 1.2647226657718409 1.2590827103704216 2.1488897092640391 8.3634563228115422 2.1248355731368092 2.2381619578227401 2.8404623307287693 2.7331141885370016 5.2045309925451919 1.2240470703691224 2.743334605358541 2.6354152355343086 2.0167865045368698 2.4039584491401911 2.7035121200606289 2.0529312267899518 3.1044181995093814 2.0840573413297534 0.99476579762995243 1.2974057104438546 2.7715573534369469 1.2140504419803608 1.9962357450276615 2.8612415641546249 3.2556729875504997 5.0076259272173047 3.2428761273622504 1.4918374270200727 6.7890172777697426 11.230844112113109 2.3408079687505987 1.2462225425988434 2.2310292199254036 24.648182810284197 2.437127623707056 1.9855359168723237 6.8299416564404964 61.165192941203713 3.8048103861510736 4.9977498706430197 9.3418189100921118 2.7698723878711471 1.8359998613595965 1.1041307710111139 2.4335200935602188 12.042462768033143 3.1582141118124119 1.2005319474264977 2.5984949935227633 4.5274362713098526 19.252518286462877 1.4654302513226865 1.6168839102610943 22.340282858349383 2.0960407946258783 2.1078696362674236 1.3046186324208973 2.5819163545966148 1.5107774855569003 1.5758686289191244 1.4003470335155728 1.895106798969209 3.2205016277730456 1.9921515155583618 1.20914120413363 2.0183005882427123 3.0216057933866969 1.6211220771074293 0.87745462730526991 1.1950789252296186 2.0904693631455302 1.468024115078151 1.6899082092568267 1.5210185870528223 5.7378011560067534 1.1742049474269149 2.5224131792783737 7.7107988530769944
leaf_count=61 28 26 21 73 37 54 41 30 609 23 17 35 4 41 29 69 234 18 18 31 33 21 32 26 9 30 43 23 82 36 22 70 23 36 23 92 13 30 37 38 23 51 27 26 43 25 7 27 29 37 30 34 51 55 47 41 48 16 39 37 27 29 57 18 24 278 34 32 32 188 32 35 38 21 43 43 35 27 32 35 14 45 21 13 26 36 45 15 28 39 105 32 37 28 22 47 30 29 69 41 4 20 29 26 35 50 30 24 19 26 31 99 26 29 25 33 43 15 23 33 16 13 41 28 23 28 26 24 16 12 26 26 38 64 37 20 88 128 34 15 24 446 27 31 117 503 36 29 95 26 46 14 37 139 27 29 31 90 291 15 27 430 19 28 23 34 28 33 26 27 26 17 25 42 14 21 18 17 31 23 25 23 61 27 19 48
internal_value=-1.87936e-05 0.00619896 -0.017311 -0.0230335 -0.0120965 -0.00152449 0.00682084 0.0132199 -0.0354621 -0.00722549 -0.0122026 0.00729493 -0.0171105 0.000659121 0.0165079 0.0112363 -0.026904 -0.00186715 0.0119449 0.0129659 -0.000621367 -0.00618968 0.00455113 -0.00497793 -0.0119023 0.0135272 0.00994693 0.00264317 -0.00136495 -0.00431102 0.00552255 -0.00447255 0.00860029 -0.0121421 -0.0113398 -0.00153285 -0.0220146 0.00492049 0.0115507 -0.0165153 0.0140189 -0.0239486 -0.00151965 0.0149108 0.00579628 0.0101843 -0.0279998 -0.0316902 -0.0143237 -0.00613136 -0.0175149 0.0186952 0.0211309 -0.0116457 0.00595731 -0.000429702 -0.00839863 -0.0224627 -0.0204966 0.00252589 0.00684111 0.00175612 -0.00494935 0.0128854 0.00694232 -0.0251356 0.0159723 0.0165358 0.018308 0.0190338 0.0159841 0.00351499 0.0125267 0.00810018 0.01851 0.000825514 0.00695466 -0.0132357 -0.00128495 0.0185981 0.0031829 -0.00880335 0.0200998 -0.0294736 0.0210138 0.00191124 -0.0121103 -0.0341339 0.0171424 0.0192192 0.0224862 -9.19511e-05 0.0254305 0.0215233 -0.0128809 0.0204543 0.0260588 0.0128671 0.0176219 -0.00412024 -0.0178551 -0.0195426 -0.0127175 0.013355 -0.0148643 -0.016646 -0.0211293 -0.00428856 0.0103126 -0.00269412 0.0160051 0.0155352 0.0127772 -0.0135507 -0.00994375 0.00060334 0.0214279 0.0179153 0.0121885 -0.0110553 0.0226004 -0.00585167 0.018964 -0.00552016 0.0233664 0.00509272 -0.0173067 -0.0206597 -0.00280166 -0.024354 -0.0260817 0.000784404 -0.00213428 0.0217439 -0.0133862 -0.00447356 0.0245283 0.0219341 0.0240816 -0.0166852 -0.0139018 -0.0363916 -0.00940838 0.0241982 0.0225314 0.0240573 0.0259623 0.00997608 0.0129016 0.0152548 -0.00381403 0.00444426 -0.0110228 0.0270764 0.0310782 -0.00177121 0.0281981 -0.0134712 0.0279526 0.0105531 0.00566134 -0.0283817 -0.0185018 -0.0213611 0.0101887 -0.0186014 -0.000537553 0.02514 -0.0219919 -0.00493984 -0.0392154 0.00541943 -0.00401891 0.030778 0.0320584 -0.0215411 0.00262864 -0.0293288 -0.0139107 -0.00656453 -0.00427976 -0.0135059 -0.0220871 -0.0147034 0.00263444 0.0280621
internal_weight=837.087 617.355 219.732 137.285 76.7366 47.0506 35.3348 31.3433 60.5485 82.4468 61.8318 20.6149 51.2815 295.935 18.9998 321.42 29.686 7.58694 313.634 296.579 276.935 101.21 32.9202 17.0543 7.0732 292.234 10.5503 175.725 106.649 96.7684 43.3475 23.2139 69.0757 53.4209 68.29 28.1011 41.9554 9.32615 61.622 10.6894 56.7625 40.8716 7.00363 260.638 41.8971 35.5228 33.868 29.1725 51.146 23.0357 40.1888 18.2359 24.2701 7.45376 17.2206 17.2869 12.6473 11.7158 35.806 9.02484 9.56514 31.5958 20.9261 10.6698 11.0779 27.1832 16.4601 218.741 177.331 173.758 145.216 26.6154 17.6411 41.4094 14.7801 26.6293 22.2453 4.22554 4.69547 118.601 11.5184 7.6859 107.083 22.0265 9.88089 8.38413 7.78644 27.8687 49.3223 44.7576 37.7954 6.96213 33.8564 98.6985 14.2043 12.8067 19.5311 18.4822 14.4496 8.08636 42.1212 39.5815 8.97434 6.36488 13.4706 9.84818 38.7232 7.55556 13.8969 4.56478 20.1336 10.8373 13.3333 6.37428 5.84122 5.30695 13.2274 10.1788 6.77105 4.20071 93.514 6.28645 17.9847 7.44012 89.7231 4.38284 12.3099 10.4377 8.62277 31.1676 28.4356 5.18446 5.15669 7.93532 5.14634 3.15445 9.88447 15.2812 13.5717 3.90391 4.34561 25.896 5.85121 14.775 8.05399 86.6186 69.9678 8.80256 16.6509 14.6341 4.37498 2.94013 4.8595 14.5032 28.5417 2.73206 8.02288 5.68519 30.9627 6.6703 3.66982 24.7494 9.06932 6.97328 2.5637 4.15478 2.80818 6.58349 7.85597 3.29545 53.8999 3.97769 2.47386 24.2924 22.2741 4.70116 1.87222 23.5354 3.7703 3.05957 3.68614 3.88249 8.16363 2.92492 5.29229 10.7974
internal_count=9181 6857 2324 1249 593 304 215 174 656 1075 875 200 782 4029 209 2828 289 55 2734 2575 3820 1331 382 159 63 2520 93 2489 1553 1445 587 331 936 858 949 397 664 118 858 107 798 660 93 2084 381 309 567 501 822 261 552 148 111 78 261 161 120 89 494 89 95 436 291 145 159 412 143 1703 1406 1374 1159 181 120 297 89 208 165 88 66 978 94 59 884 351 108 57 94 488 689 612 541 71 504 827 210 82 81 130 101 102 733 707 61 52 166 132 703 144 187 77 256 143 214 72 46 68 109 158 60 50 775 63 225 109 747 58 188 144 82 559 510 52 61 115 61 56 121 184 162 66 55 473 66 114 132 724 568 65 156 140 73 60 60 168 215 49 66 114 467 120 55 459 95 76 49 57 52 97 103 53 635 48 44 347 305 66 44 447 54 44 51 50 98 59 45 66
is_linear=0
shrinkage=0.0323284


Tree=11
num_leaves=194
num_cat=0
split_feature=8 25 10 1 2 6 18 9 0 0 17 18 11 0 16 0 7 24 14 8 13 7 3 15 27 2 18 17 7 15 17 8 8 7 13 9 4 25 26 0 21 13 26 17 19 25 1 13 8 9 13 12 27 25 0 2 10 0 25 18 8 9 0 7 10 7 20 27 25 25 21 16 18 8 23 14 18 8 3 3 17 3 7 4 25 22 14 6 21 12 21 21 15 21 8 22 18 23 21 23 20 1 2 1 13 12 13 23 15 2 25 13 20 8 22 27 23 8 28 18 0 6 26 13 13 0 11 9 22 18 1 9 15 20 20 0 12 14 17 28 20 27 28 11 8 13 0 26 2 26 19 19 13 23 9 25 0 2 13 0 17 27 20 8 15 8 11 27 27 24 27 15 24 13 24 27 18 22 17 9 27 20 23 25 0 14 25 7 8 26 23 8 14
split_gain=74.2995 15.1287 9.56861 11.1053 8.06705 11.6049 8.12719 6.34475 6.09748 6.58183 5.9763 5.93186 5.41711 5.33991 9.49271 6.77393 6.5531 5.30666 4.8903 5.04633 6.29399 6.04563 4.84606 4.62172 6.74166 4.54819 4.50214 4.49397 4.43047 4.40535 4.25204 4.90627 4.41352 4.21941 5.6376 4.14154 4.33641 4.10986 3.91638 8.92988 3.77582 3.71506 3.63398 3.61704 3.54401 3.5387 4.35253 3.65981 3.43653 3.2985 3.01305 2.97994 3.98284 4.50346 4.85244 3.11973 3.29151 2.77562 2.63387 2.57324 2.56187 2.95241 2.61324 2.54127 2.52808 2.43516 2.6744 2.41568 2.38695 6.90734 4.74698 3.00755 2.37255 2.33225 2.49393 2.28193 2.8857 3.67651 2.04668 2.05343 2.0299 2.37929 2.00732 1.98569 1.95485 1.91857 1.91051 1.91038 1.87212 1.98665 1.86809 1.84712 1.84624 1.84153 1.72842 1.69613 1.68869 1.68318 1.66289 1.64413 1.54732 1.5152 1.61841 1.45738 1.42841 1.41312 2.96971 2.42963 1.55779 4.0282 3.35399 3.62479 3.13325 3.08177 2.87895 3.23199 2.69259 2.59645 1.99078 2.11156 1.74645 2.36894 1.42573 1.39384 1.3909 1.36085 1.55747 1.34941 1.31743 1.31074 1.30969 1.27716 1.25653 1.19549 1.18097 1.14281 1.11545 1.31064 1.11243 1.10032 1.07838 1.05889 1.02267 1.00717 0.997916 0.9975 0.988855 0.968654 0.968534 1.0792 0.968357 0.955968 0.878769 0.873736 0.849747 0.848651 0.829515 0.827389 0.820047 0.75374 0.713265 0.660516 0.604928 0.581399 0.548237 0.547489 0.531507 0.512704 0.488799 0.487009 0.479461 0.479374 0.475754 0.424383 0.410598 0.409706 0.383016 0.371325 0.329353 0.316489 0.308602 0.30131 0.256325 0.255072 0.208292 0.165801 0.158914 0.156822 0.144203 0.137972 0.136702 0.0688959 0.0494544
threshold=-0.40793841542426396 52.09371031661761 0.60000000000000042 0.087394186639469643 1.0492095497943079 0.9027777777777779 1.1499999999999997 -2086.7500000000086 -0.057095416383892088 0.41252219386339678 1.3562060976155734 -0.18999999999999859 0.098922672064777409 0.15079969291222176 0.0042168835276338301 -0.38824226353122676 5.5000000000000009 -8.9689740484064924 -0.15449739277179855 -0.047501790536802084 0.0026375449132810783 2.5000000000000004 0.0099466093111387297 159.42933860479266 -0.80958873807852627 1.0629129829682535 0.25499999999999995 0.42788202309786466 19.500000000000004 98.511299738397028 1.4854097917030586 -0.24784926477353117 -0.21012848903108253 1.0000000180025095e-35 0.0056131702799264377 -166.9999999999927 0.58928571428571441 113.25572096992494 0.10249999999999916 0.43824767813361648 -0.0070196371062363752 0.0029839632116876453 0.74999999999999833 0.46630727733856886 4684.4999999999736 17.337078147025576 -0.071807703973309031 0.0020994212426928296 -0.051674872860949288 -9822.2500000000418 0.015718442559900164 0.0062086832631318093 -0.32942955238160515 78.831469403420002 0.34793870532410437 1.0995405914367902 0.70000000000000007 0.037514069012348779 69.54826491527821 0.10500000000000044 -0.15290514409440578 -30722.749999999971 -0.13441139729509202 14.500000000000002 0.20000000000000065 9.5000000000000018 1.4637735295273948 2.2676506540753061 31.281684354580403 28.307807760479687 0.0073972377056868996 0.0037594474475675806 4.2250000000000005 -0.3971822282355757 0.032977221769756045 0.014993523439037733 -0.38999999999999962 -0.24533844371377708 0.023732187032394204 0.0062719140733937606 0.52597725977889109 0.025131760407004069 10.500000000000002 0.33134920634920639 91.520654354845576 0.15126152835242238 0.0096458917039965609 0.79960317460317476 -0.0015835964183938398 0.0016155904625413224 -0.0079591717177744364 0.0025867901802530961 626.1233839957697 -0.0067709511175697004 -0.26486717943375504 0.12459074531971963 -0.9250000000000006 0.0047600510039897967 0.020426043989381863 -0.02918620162380314 5.503052276936499e-16 0.0051923349046387743 1.0361819923371651 0.41238894993774028 0.0026983054191232233 0.0025371802053384481 0.0042411828795216695 -0.003578354863156163 385.8686719132715 1.0536796939185502 39.177707989982125 0.0034353949532290062 3.0939480991706954 -0.11499433107903655 0.14145285554138814 0.58036414546087189 0.00062800959645747955 -0.15974895217634807 0.8500000000000002 -0.7350000000000011 0.05701007905735956 0.57341269841269848 -0.62499999999999989 0.009030380987824568 0.007229025898785363 -0.25738057150190735 0.51874999999999927 -2008.9999999999688 0.15377723908890636 -3.1649999999999987 0.089173189146862911 -13004.249999999969 295.96513451908879 1.4546275977188616 0.58354843548031965 0.20769900726699 0.0013571725492439381 -0.0066031371465612157 0.49932900547593434 0.88333333333333341 3.0544003297111531e-16 -1.0890213386652223 0.91666666666666685 0.13581047619047612 -0.14592101963786178 0.01016970660267596 0.037514069012348779 0.35000000000000325 1.1672508272287361 0.86615000000000297 2745.0000000000005 159.25000000000367 0.0060870225452865356 -0.013287855278281134 -1.0000000180025095e-35 62.872359024897598 -0.14826718571066536 1.1124030180083995 0.008461251538009442 -0.14039463638893315 1.4854097917030586 -1.2595418931076494 5.1856911124344771 -0.37124664232088811 103.57431517583973 -0.30269068410106026 0.12500000000000008 -1.2929120888179493 -0.64483618121331077 -737.86318726935838 -1.4053348089127793 333.92742355151182 -587.42307097734658 0.0071835300282646663 -504.2660382102726 -0.67332464581319018 -1.6950000000000018 0.33712731097761378 0.96294028490941874 -4841.4999999999882 -0.67332464581319018 2.1389687074333286 0.0040861357040311583 46.856067944212704 -0.079695184939301209 0.033399389988317076 69.54826491527821 10.500000000000002 -0.20084505751247131 0.58705000000000329 0.00062800959645747955 -0.20531848618029361 -0.20956496476261957
decision_type=10 10 10 2 2 2 2 10 2 2 2 2 2 2 2 2 2 10 10 10 10 2 8 10 2 2 2 2 2 8 2 10 10 2 10 10 2 10 2 2 2 10 2 2 10 10 2 10 10 10 10 10 2 10 2 2 10 2 10 2 8 10 2 2 8 2 10 2 10 10 2 2 2 8 2 10 2 10 10 10 2 10 2 2 10 2 10 2 2 10 2 2 10 2 10 2 2 2 2 2 10 2 2 2 10 10 10 2 10 2 10 10 10 10 2 2 2 10 10 2 2 2 2 10 10 2 2 10 2 2 2 10 10 8 10 2 10 8 2 10 10 2 10 2 10 10 2 2 2 2 10 10 10 2 10 10 2 2 10 2 2 2 10 10 10 10 2 2 2 10 2 10 10 10 8 2 2 2 2 10 2 10 2 10 2 8 10 2 10 2 2 10 10
left_child=2 18 3 7 5 44 11 13 63 22 93 25 -9 15 16 97 -15 26 129 20 27 23 -10 -22 157 -6 37 48 30 -17 31 33 80 -28 94 143 146 38 39 59 90 95 82 170 -5 46 -21 65 100 160 72 52 55 54 148 56 101 75 88 60 61 -3 165 -4 171 66 -47 188 69 70 99 -71 92 131 134 139 77 184 79 -53 -33 -82 179 180 150 166 -16 -70 89 152 -31 -45 98 -7 190 -23 -72 -1 105 -29 -20 102 -40 -69 -79 108 107 -107 110 -110 111 177 116 123 115 120 -111 145 119 169 121 -112 162 -114 138 -120 176 -126 -26 -2 155 -36 -67 -66 -75 -18 -30 -138 -78 -57 -124 161 -131 -14 -90 -117 -37 -91 163 -150 151 -55 -34 -135 -129 -85 -60 -25 -83 -109 -11 -142 -113 -54 187 -63 -86 -118 -115 -116 -19 -42 -100 -103 -123 185 -127 -43 -157 -39 -81 -49 -97 -121 -77 -106 -167 -41 -32 -56 -35 -158 -105
right_child=1 17 8 4 6 10 -8 12 9 49 -12 -13 35 14 86 29 135 43 19 45 21 41 -24 24 128 -27 28 68 136 40 67 32 58 34 73 36 -38 42 51 164 64 50 -44 91 -46 47 -48 181 -50 -51 -52 78 53 84 189 57 -58 -59 156 -61 -62 62 -64 -65 133 132 -68 103 87 71 96 -73 -74 74 -76 76 124 104 -80 83 81 158 -84 130 85 -87 -88 -89 144 147 -92 -93 -94 -95 -96 182 -98 -99 172 -101 -102 173 -104 192 175 106 -108 159 109 112 114 122 113 168 118 117 167 -119 125 183 -122 174 140 -125 127 126 -128 154 -130 142 -132 -133 -134 153 -136 -137 137 -139 -140 -141 141 -143 -144 -145 -146 -147 -148 -149 149 -151 -152 -153 -154 -155 -156 178 191 -159 -160 -161 -162 -163 -164 -165 -166 186 -168 -169 -170 -171 -172 -173 -174 -175 -176 -177 -178 -179 -180 -181 -182 -183 -184 -185 -186 -187 -188 -189 -190 -191 -192 -193 -194
leaf_value=0.0079160119464837409 0.005099723315836681 0.0073334221633350591 0.027295172205938096 -0.037084830530712987 0.01696494430634829 0.024061911159852879 -0.023855474422445965 -0.026041458564043191 0.011402919319837192 0.0016443804617631472 -0.021178697487935695 0.029202173174154366 -0.0018553952196926949 0.027816610889254613 -0.029923175331986688 0.0063938052925234358 0.0023264358289339935 0.0033965885569632744 -0.0038922656895255133 0.0076295304570670368 0.015060480902441912 0.0088297370570846103 -0.031275283061640367 0.018653415016473648 -0.031602716331591452 -0.020328353850767231 0.0082547445324371947 0.0026185970745275741 0.020949843619779831 -0.015793289915991413 0.022081297735362691 0.02263369361419635 -0.013061279762390229 0.015734248090069205 0.0098851972412935148 -0.024814801844411597 0.01581731352296389 0.00068408626559733773 0.0019392601138765993 -0.0036552686280818159 -0.0085190112311642405 0.0037925054283488155 -0.025518071313770083 0.010090329313507208 0.0031964020783662316 -0.0095432418176275031 -0.02408676071049419 0.026027248431831816 -0.015031105116271551 -0.012081781669792563 -0.012982024156175808 -0.0059756147404737541 0.0020701782268776974 -0.0088203296227405102 -0.012995620080786927 0.025807344486763917 0.011544540514360324 -0.016006721840151467 0.0003350560849534241 0.0095968699876651329 0.0063764059243800212 0.0059959000951609635 -0.03219301090931502 -0.0044131748361902366 -0.004353692602058693 -0.022582424924163597 0.021344842847765711 -0.015869246989743745 0.035364608993310898 -0.018567564647949182 -0.014317941121863071 0.0085420963460110903 -0.0092161847264127864 -0.00077744427674514749 0.0021923587789645128 -0.024459651009246023 0.0089766018127890885 -0.0083367043637674002 -0.0054714732539382811 0.0058953771275284993 -0.013546721665120734 0.017027595003706781 0.014566255509282726 0.00060041210220691766 0.019021249199868771 -0.010594881095800325 0.00079521144015890649 0.0065593137785836505 0.0026820530547960529 -0.00068672988439724572 0.0095723992575500825 -0.015017602108524196 -0.0062856366742559079 0.00053862504902773515 -0.010286538397427237 -0.0011076525470844723 0.0099579215288208619 -0.012822341888815623 0.0037528359316274284 0.029051901265135686 0.019941572811362655 0.0075419459187599947 -0.027345612265272642 0.0075091154956747974 0.017853778495353946 -0.0090867704990270446 -0.016782084526836574 3.8686309522388868e-05 -0.018234147785776787 -0.0061544340157086526 0.015796577879418149 -0.0021429531689964834 0.017400533744948564 -0.0010943420359986894 -0.00012889166014698174 0.013912276655662909 0.0047261678403397551 -0.023109332261354365 -0.0020920601905129971 -8.7285125368840528e-05 0.022987040924299474 0.00082910423586462405 0.0049227716900833961 -0.0046431834449063413 0.025408451163204625 0.0051470218783919589 0.0019690376148937855 -0.0098785353425291204 -0.0028066826107798208 0.00020206378822686206 0.00096504954762152576 -0.011904690419269049 0.0026311834233528441 -0.0051549092323603636 -0.032659868118240135 -0.02049266385811856 -0.010606991719069704 0.010326992454752623 -0.012028521584966397 -0.0023216414224727379 0.014156401479900729 0.032515291610000469 -0.023991379982661667 0.02251765977955306 -0.019893606818455194 -0.0065114339916127213 0.00082545000186755443 0.01946110967209869 -0.0070824912690433482 0.013307631575790884 -0.01968865961030104 0.011162771471348599 0.0054247667337189468 -0.040103823057249854 0.0087230743904854035 0.030611182534457607 -0.0035188316679408116 -0.00091132773561029238 -0.0029212837228949425 0.022869400367109417 0.02475282255979528 -0.0026581183653191153 0.012735165900976167 0.02899308222507873 0.022141917997539225 0.00049432782263525345 -0.00015934870632216722 0.025021271317087489 -0.020684537180192166 0.019036446302181296 0.025935060198121515 0.0061276474420843951 -0.011037548370455529 -0.0056226421055756391 -0.015630861314980826 -0.00099964786013973937 0.029122468641372263 -0.0081772520681754612 0.0036193343754347012 -0.013633670425290173 -0.0047458581660647543 0.005355421033191872 -0.015620843542829952 -0.012866387049854705 -0.0025717863623879269 0.0011661294915131289 -0.01111691431710574 0.0049473745339812837 0.0025247351099278335 -0.00047539663194833969 0.0013193646820379129 -0.022528447991662783 0.00053383429429290934
leaf_weight=4.3158033043146116 2.0456860102713108 1.6378111997619367 6.1729350620880741 13.806618091650309 2.7227844893932405 5.8931127712130538 3.1942781591787925 5.9898744416423169 1.6218906473368413 2.4078539563342929 3.3909245133399954 11.107559014111756 1.5533271832391626 5.4169123154133576 12.555348265450446 1.7012313827872265 2.6539705246686935 2.3529438097029933 2.8005135767161846 5.3778130374848843 4.5868139676749733 2.714692432433365 8.542240553535521 2.0053563471883544 7.8071750793606007 4.2348135020583868 4.0466724615544072 3.4868341088294939 3.7019777707755548 3.3866837527602911 3.7776824301108718 4.8020862163975826 3.4766326956450966 2.7359172655269504 2.0213104896247387 4.9462668932974303 2.1756152389571071 1.80027212202549 1.8087890725582827 0.97503467835485824 1.2349879262037569 2.4031991725787512 6.1995883714407682 2.4102180367335668 2.006259035319089 2.6222822181880492 7.5622342331334966 3.8541396390646687 4.5162146110087615 2.3729483857750875 2.0865860264748326 1.8403760176152051 1.4944061134010613 1.7302262550219878 1.5711715556681149 4.0427157692611244 2.3496015937998882 3.1625854475423685 2.0237114736810318 1.6549651902168978 2.2010036613792279 1.9762441907078026 12.366684373468141 2.4168815799057484 2.0002375384792677 3.2083247825503349 2.7995380507782102 2.1754563953727484 21.097535757347945 4.802680090069769 2.9251794908195734 5.7290835678577423 2.5620302334427825 1.4660480339080155 2.0395171586424103 4.0985953714698526 1.6457585338503142 2.2522168792784196 2.7453785520046941 1.8850893583148716 3.6615122137591225 3.2996892221271992 3.6975420899689198 1.340006472542888 3.3668088894337416 1.7348412945866583 2.2134693488478652 4.7411263491958371 1.9454306066036222 3.1695363074541074 2.303313583135604 3.1251567900180817 2.8599925981834522 5.8080680295824996 2.1891990080475798 2.2119068522006273 2.2858146429061881 5.46655866317451 1.8142616972327235 28.574111211113635 4.8277316614985466 1.2507900819182389 8.5451354421675187 2.2549096308648586 3.1011123680509631 2.2809962816536418 2.3543281359598032 1.8805139437317837 2.1735649090260258 2.5099855661392239 1.9894559048116223 3.2031647609546772 4.6594159249216318 2.272832915186882 1.7568554393947127 1.8622106797993185 3.49320109933615 4.541702561080454 1.8807995915412856 2.3290695659816283 2.8678092705085874 1.6332737170159815 3.4870899785310021 2.8025503233075142 4.1175575312227011 2.5704482691362474 3.7800144497305146 1.2106901472434404 2.8338621240109205 2.4374919664114705 2.5031011290848246 2.228894405066967 1.9972147718071935 1.9087703712284483 24.925182157196105 2.4365115324035287 2.2588648982346058 3.2924244031310081 2.0089818341657519 1.1085837967693803 2.5748478770256042 30.842918292619292 2.9372540190815926 5.5536400289274752 2.5220591733232167 1.7773981690406797 1.6376998163759706 4.9714049901813269 1.9562220089137543 2.4614269454032183 3.4626335278153419 1.2664277981966732 1.8537652269005773 60.929571312852211 2.0733484253287315 13.759138188324867 1.7347479816526163 3.2559587489813566 1.8089655516669152 4.9012816324830055 3.8549852184951305 2.4713196363300041 3.8194227479398251 14.78543772455305 5.9338723216205835 1.2401190269738571 1.8288171030580995 14.410592798143623 2.521566264331339 1.9831611122936008 10.535225500352681 1.1930986065417526 1.2436135727912176 2.0070981699973345 2.7273585600778461 1.382504411973059 12.625715601257991 1.8921056073158977 1.5631812643259753 1.8848931528627852 2.4939697263762381 3.395729242824018 4.9550764635205269 2.6859532576054335 1.4769748635590092 1.2975326487794512 1.0818391488865016 0.92575120739638805 1.5144024332985262 1.5095172654837368 1.599664172157645 9.0120762940496189 2.1053660027682781
leaf_count=9 21 30 52 158 7 25 44 100 12 33 49 53 22 22 134 27 14 26 30 35 42 22 132 30 71 51 37 24 50 45 73 57 38 27 14 99 20 19 29 15 37 36 97 34 30 33 86 22 36 34 19 28 26 30 18 84 22 44 31 22 23 23 175 38 26 35 19 29 116 29 38 37 26 28 23 85 23 18 41 40 51 39 27 36 35 22 22 31 29 42 15 25 25 27 35 29 13 37 38 156 38 28 142 17 56 22 23 23 29 40 21 31 34 20 26 18 35 34 29 32 36 24 45 26 35 27 33 23 31 37 28 32 25 17 422 30 18 35 28 23 23 250 36 71 30 28 15 55 21 40 41 22 37 772 41 228 22 39 25 47 30 23 30 190 48 31 32 141 24 19 124 15 13 30 40 17 147 13 18 25 33 25 58 34 31 22 14 30 31 29 33 115 27
internal_value=-3.6124e-05 0.00582621 -0.0163494 -0.0189608 -0.00582208 -0.0156685 0.00867537 -0.0238801 0.00132568 -0.00882771 0.00457491 0.0173956 -0.00663266 -0.0270003 -0.0116396 -0.0309446 0.0100439 0.000431409 0.0107388 0.0114107 0.0128051 0.0091473 -0.0232651 -0.00653005 -0.014373 -0.00491467 -0.00081602 0.0200137 -0.00578261 -0.0341354 -0.00786493 -0.0103212 -0.0023952 -0.0176385 -0.0207772 0.00408666 -0.00938762 0.0026525 0.00433869 -0.00558501 -0.0353348 0.0111985 -0.0124428 0.0157135 -0.0323115 -0.000888051 -0.012081 0.00785886 0.00131595 0.00996523 0.0124299 0.00703534 0.00373511 0.0112275 0.0187991 -0.00232294 -0.0126514 0.00340907 -0.00894701 -0.0156703 -0.0188287 -0.0224108 -0.0261158 0.0196672 -0.0374207 -0.00430849 0.00850711 0.00849355 0.0228931 0.0163859 0.0224687 -0.00536107 0.0130649 -0.0258121 -0.0288169 0.00695085 0.0016729 -0.0075133 0.0155884 0.0182637 0.0112034 0.000229078 0.00321676 0.0206985 -0.00332121 0.00708306 -0.0260411 0.0315098 -0.00032297 0.0057816 -0.0057667 -0.0043877 0.0136504 0.0152302 0.00462681 -0.00624539 -0.00392199 -0.00398269 0.0141779 0.026728 0.0127072 -0.0183577 -0.0230205 -0.00433435 0.00611134 0.014693 0.0027603 0.0111348 0.015621 0.00838682 0.0178164 0.0236084 0.0117686 -0.00118056 0.0103542 -0.000234501 0.0185812 -0.0124721 0.0159454 0.00187925 0.0110548 -0.000595707 0.0260767 0.0102677 0.012078 0.0207145 0.0229587 0.0179612 -0.0265581 -0.0114191 0.0245459 -0.00172914 -0.0157273 -0.0385794 -0.0311969 -0.0124867 0.0125588 0.000972036 -0.00277478 0.0212444 0.0285003 0.0301398 -0.0172614 0.0183207 -0.0131884 0.00561071 -0.0203515 0.0137612 0.0240427 0.00511404 -0.0130661 0.00105921 -0.00700647 -0.0393761 0.00026745 0.0272895 -0.0183553 0.0110137 0.0116294 0.0187403 0.0196854 0.00818947 0.00747983 0.0273421 0.0189284 -0.00197153 0.0149094 0.0225019 -0.0158256 0.0143095 0.0234483 -0.00191707 -0.00491796 0.000691244 -0.0118231 0.0127908 0.026813 -0.00276079 0.0290623 -0.00969381 0.000392583 0.0212881 -0.0130059 -0.00944506 -0.0219301 0.0156698 -0.00831817 0.000984775 0.019759 -0.010424 0.0134227 -0.0211038 0.00591502
internal_weight=804.908 593.781 211.127 183.737 52.1644 30.905 21.2594 131.573 27.3897 18.7999 15.0921 18.0652 21.8564 109.716 25.2762 84.4403 10.5074 284.853 308.928 301.508 270.69 184.903 10.1641 20.4892 15.9024 6.9576 266.429 85.7868 108.615 74.6579 99.3618 87.534 44.2816 43.2524 39.2057 15.8665 8.75958 157.814 144.232 29.9933 72.9567 164.414 13.5823 18.4235 15.8129 30.8173 12.94 17.8772 12.1445 8.63579 154.533 114.239 86.1085 37.1679 23.7782 48.9406 15.9614 32.9792 30.7094 22.1587 20.5037 18.3027 16.6649 8.58982 67.2667 10.6274 5.42182 11.8278 73.6424 47.8037 37.2719 10.5318 152.446 32.681 28.4307 29.8166 24.6653 13.6089 28.1302 25.3849 13.5723 8.77017 7.38271 23.5445 13.3898 6.93047 14.7688 25.8387 17.9388 13.4713 5.69 5.53537 149.884 11.7012 6.52478 9.88168 5.21099 9.78236 147.024 32.0609 7.62825 13.6118 10.3539 6.53573 8.03337 143.966 11.4171 9.06279 132.549 34.8437 97.7053 50.6941 32.6701 12.2564 47.0112 17.3992 20.4138 8.18131 29.612 8.75504 9.2179 6.35009 46.3988 7.46197 11.0563 20.857 18.9762 7.4016 10.641 7.42043 19.1654 4.2502 5.20554 64.8386 26.3912 5.09048 9.25327 5.55129 3.65474 5.1513 39.3762 35.8891 5.37475 7.10697 4.46749 3.63961 6.58397 8.14094 20.6975 4.41765 6.45929 2.99665 5.3304 62.8383 3.28404 16.6623 12.7705 5.26132 5.10865 6.7818 6.26284 5.04617 7.02259 16.2798 7.83466 4.2982 5.19563 17.9038 4.7944 3.74002 12.8882 2.42809 3.05788 3.25789 4.36063 5.78115 15.1962 4.2953 15.3223 3.68517 4.37906 7.24987 7.16698 5.01502 5.57557 4.39865 2.32196 1.90079 5.29208 3.08069 4.33558 10.7468 4.36028
internal_count=9181 6857 2324 1993 444 289 155 1549 331 241 101 111 327 1222 222 1000 66 4029 2828 2734 2454 1906 144 213 171 58 3820 548 1502 954 1399 1222 571 651 614 227 134 2318 2150 411 927 1693 168 209 188 280 121 159 104 97 1584 1739 1287 506 324 781 251 530 399 318 296 273 243 90 867 112 52 177 444 297 231 66 1565 519 473 486 379 229 452 411 172 115 71 383 182 89 156 147 231 172 60 59 1539 52 95 109 51 46 1514 180 68 229 171 73 113 1463 115 92 1348 349 999 451 320 104 548 201 216 80 347 111 121 85 402 60 150 236 207 99 102 94 310 46 60 815 450 44 103 53 51 107 341 296 73 93 59 46 114 97 277 61 93 52 75 789 64 282 168 69 64 70 63 46 61 216 93 68 67 176 44 45 150 52 51 58 64 95 174 49 246 44 73 47 87 66 116 78 45 45 104 47 60 137 44
is_linear=0
shrinkage=0.0323284


Tree=12
num_leaves=199
num_cat=0
split_feature=8 25 10 1 2 6 18 9 27 7 16 12 5 11 17 10 5 0 17 3 22 14 7 1 13 20 13 11 8 12 26 19 13 22 14 16 19 16 18 8 11 27 20 3 9 9 2 4 2 18 26 13 25 3 22 4 13 26 20 12 5 3 20 13 21 2 10 12 27 25 8 16 1 28 3 1 4 10 7 4 17 20 24 10 2 3 8 13 18 14 19 1 25 13 5 1 18 3 25 16 13 26 5 2 8 8 9 5 0 13 21 28 21 1 2 2 1 23 16 18 22 0 21 18 16 4 1 5 4 18 21 19 0 25 3 8 17 25 13 9 23 13 21 16 16 11 5 18 22 14 27 24 13 21 13 2 18 26 1 20 27 5 13 24 0 16 18 5 4 25 10 10 13 16 21 9 1 8 19 25 25 14 25 17 22 20 18 5 5 12 13 22 17 13 25 25 21 18
split_gain=62.1161 13.3419 8.25587 9.27762 7.24118 10.1474 6.90025 6.2975 6.01727 6.94241 6.65314 6.51034 5.77734 5.51012 5.42031 5.29843 5.34471 5.05611 4.83859 4.6013 4.4238 4.41897 4.17182 4.64888 3.93185 4.29853 3.91678 3.82594 3.802 3.96051 5.91671 4.62617 3.70484 3.65918 3.53115 5.25653 3.32193 3.24161 3.19712 3.18066 3.16857 3.12408 3.03452 2.96434 3.49781 7.60041 6.06141 5.1129 4.94997 2.85651 2.72127 2.68938 2.6577 4.27223 3.1554 4.02735 3.54543 2.70743 2.61955 2.58919 3.57444 2.56233 2.69288 2.518 2.48783 3.31595 3.22907 2.47488 2.4141 2.39722 2.34214 5.07172 2.65357 5.23728 5.71178 5.02595 3.96974 3.90681 3.70508 3.28967 5.98107 2.67833 2.88452 2.33807 2.44982 2.31896 2.26716 3.14046 2.26033 2.22117 2.19803 2.19028 2.15118 2.1501 2.06193 2.0612 2.02911 2.02365 1.97787 1.94247 1.92728 1.80649 1.80391 1.80341 1.98188 1.7216 1.69221 1.68526 1.67175 1.53107 1.52172 1.55194 1.50254 1.45629 1.44841 1.39857 2.58257 1.60887 1.39312 1.38478 1.3437 1.33285 1.3232 1.2913 1.29049 1.83737 1.28175 1.23488 1.20573 1.67525 1.16267 1.10319 1.44855 1.04088 0.974174 0.974127 0.960287 0.904029 0.885493 0.865654 0.862583 0.843287 0.831959 0.830698 0.830305 0.807885 0.801768 0.797622 0.783997 0.770452 0.74106 0.723696 0.722395 0.690163 0.687523 0.669036 0.665517 0.665417 0.642766 0.63887 0.629106 0.616338 0.613113 0.604082 0.595966 0.561145 0.55067 0.52337 0.517111 0.509631 0.505573 0.853466 0.489012 0.488209 0.48434 0.440236 0.339617 0.315518 0.285879 0.278711 0.251102 0.248516 0.248324 0.22174 0.21479 0.193355 0.172333 0.169898 0.159612 0.155048 0.141219 0.123204 0.122682 0.101828 0.0815572 0.0618973 0.0599075 0.00606093
threshold=-0.40793841542426396 52.09371031661761 0.60000000000000042 0.087394186639469643 1.0492095497943079 0.9027777777777779 0.88999999999999979 -2086.7500000000086 0.24582849221222172 6.5000000000000009 0.0042168835276338301 0.0057408941596417675 -0.028562932865463294 0.098922672064777409 1.3562060976155734 0.95000000000000018 0.1810557356234074 -0.38824226353122676 0.3493805307807098 0.04222552730966065 0.1018064156010209 -0.15449739277179855 13.500000000000002 0.13801443718012255 0.0082557996710991583 3.1838689525524428e-16 0.0079435756661478795 0.17500000000000007 -0.102998938130876 0.011244983588521872 0.39390000000000042 3486.0000000000259 0.0044496913374696316 0.15265263517460606 0.020525929972849747 0.0017129232846876889 4684.4999999999736 0.0046998086885440288 -2.8149999999999991 -0.25923375112869768 0.3878321428571429 -1.0903784904950242 1.4080244242446958 0.023444811722677244 -166.9999999999927 -4915.00000000005 1.1526070643032738 0.46626984126984133 1.0400103702003192 0.59499999999999986 0.73885000000000123 0.019052657960474333 57.814958495865248 0.022577759073238463 0.34647729628556079 0.77579365079365092 0.0034722904175842674 3.6750000000000047 2.9324482268713767 0.0020578147900489276 0.044869225547828913 0.0099466093111387297 1.5358659641910145e-16 0.0036980035636100458 -0.002090531616381341 0.9142826229125196 0.19999999999999987 0.0060610628137627749 -0.81666952688231187 102.16538207630013 -0.047501790536802084 0.0031537989028510099 0.0051923349046387743 0.95000000000000007 0.018891756496267596 0.30575517464424312 0.8670634920634922 0.14999999999999999 3.5000000000000004 0.48611111111111116 0.61414669268964206 5.9424846822646833 -263.68931198354886 0.20000000000000065 0.98531282426590561 0.01744726871882182 -0.38736160956935167 0.0047489460849784943 -0.56500000000000028 0.037464697319705149 3954.0000000000259 0.055728537348576419 17.872038317498006 0.0089986226202363514 0.043183555026009575 -0.06352896226887815 0.020000000000000465 0.0080896338032959581 18.50389845623306 0.0023286763176944775 0.0068036355165767629 1.4000000000000015 -0.024926904813606484 1.2245967715501325 -0.084035327236557253 -0.15030218863832198 -2860.5000000000359 -0.01987748551886109 0.04355707884894789 0.0071835300282646663 0.007516193162738328 0.81666666666666676 -0.0067709511175697004 0.026317333818463465 1.0091802267409935 1.0776164862096858 -0.15560308081687077 0.015454217333139232 0.0035528294049973768 2.5549999999999984 0.16621220040314746 -0.10067706398473135 -0.0074615431218959518 1.4449999999999987 0.0019262620972185964 0.069444444444444461 0.2008075056011949 0.034927002067534858 0.70833333333333348 0.18999999999999953 0.0052202929358251557 3889.7499999999905 -0.24643295226709508 30.336068671411436 0.0092816043781484853 -0.046373628297276863 0.59785345599868689 42.580581974514367 0.0039023879237614282 -9394.2500000000309 -0.0024478850090136057 0.010815005208279747 -0.0033820922567018847 0.0023952214617733716 0.0037325790081798832 0.070710784313725544 -0.035324311847937266 -2.8149999999999991 0.12439009344063627 -0.046669334290636515 0.51316828939084436 -101.30512620471193 0.0091231190049909251 -0.0084829417005526913 0.00882072747637065 1.2385396026348205 1.0599999999999998 -1.0249999999999984 -0.15722729749971423 3.9281408781588181 0.73669998640910883 0.091346162771673192 0.00401187447676784 -886.2292916164937 -0.092495998233703178 0.0022618286280422554 -1.0000000180025095e-35 0.099987094211535302 0.48214285714285721 85.643701960046073 0.4000000000000013 0.30000000000000021 0.0049333869686695184 0.0062228577997949135 0.016040039817958544 -1043.000000000048 1.0000000180025095e-35 -0.14950950948575789 1793.2500000000121 83.30430568746776 32.571205731987639 0.0074233711946349737 75.381391608083092 0.58468090120493255 0.1650617992861127 2.7299227130847412 2.6749999999999994 0.032747624732582754 -0.0065300720257627223 0.0043716725920076686 0.0063713056254991497 0.15896261161826006 0.50405425401662762 0.013847955792616466 29.089175674522348 47.58273349847466 0.0036138817331234922 -0.62
decision_type=10 10 10 2 2 2 2 10 2 2 2 10 10 2 2 10 10 2 2 8 2 10 2 2 10 10 10 2 10 10 2 10 10 2 10 2 10 2 2 10 2 2 8 10 10 8 2 2 2 2 2 10 10 8 2 2 10 2 8 10 8 10 10 10 2 2 10 10 2 10 10 2 2 10 10 2 2 10 2 2 2 10 10 8 2 10 10 10 2 10 10 2 10 10 10 2 2 10 10 2 10 2 10 2 10 10 10 8 2 10 2 10 2 2 2 2 2 2 2 2 2 2 2 2 2 2 2 10 2 2 2 10 2 10 10 10 2 10 10 8 2 10 2 2 2 2 10 2 2 8 2 10 10 2 10 2 2 2 2 10 2 10 10 10 2 2 2 10 2 10 10 10 10 2 2 10 2 10 10 10 10 10 10 2 2 10 2 10 10 10 10 2 2 10 10 10 2 2
left_child=2 20 3 7 5 36 12 8 17 10 -10 119 -6 -9 112 19 157 -1 27 50 26 102 28 43 25 33 63 130 29 31 169 38 184 61 99 -36 -5 39 100 -33 51 -32 -19 44 45 48 134 145 170 69 178 52 53 120 55 56 144 124 161 60 92 97 96 -2 65 -26 95 131 -51 88 72 155 76 75 85 77 79 78 -74 80 81 82 -27 152 -85 113 -25 186 105 176 -86 137 -35 101 118 158 -63 -23 -73 -15 -20 136 -22 127 188 181 -49 192 -89 -96 195 -112 -7 -75 153 117 -117 -82 -57 -11 148 -108 -78 143 -58 -126 162 -84 129 -93 -3 132 -45 -118 -46 -100 -90 -79 -76 -80 -110 -109 -64 -81 -54 -47 -147 -134 -40 -21 -116 -71 -44 -60 -67 -72 -131 -17 -66 -155 -12 -39 -127 -55 -95 -149 -28 189 -34 185 171 -24 -140 -156 -145 -30 -56 -104 -4 -43 -77 -42 -136 -14 -29 -31 -88 -8 -105 -70 -120 -113 -50 -194 -115 -68 -91 -124
right_child=1 18 15 4 6 14 187 13 9 11 160 -13 183 34 -16 16 -18 42 22 149 21 24 23 86 64 70 166 32 175 30 41 37 168 59 35 -37 -38 58 40 -41 49 179 83 67 46 47 -48 106 107 68 -52 -53 54 163 89 94 57 -59 114 -61 -62 62 142 -65 66 154 110 -69 167 151 71 98 73 74 138 180 122 91 139 123 115 -83 103 84 90 -87 87 108 93 196 -92 128 -94 164 109 -97 -98 -99 135 -101 -102 -103 177 104 -106 -107 121 141 140 -111 111 191 -114 194 150 116 133 -119 190 -121 -122 -123 197 -125 125 126 -128 -129 -130 156 -132 -133 147 -135 182 -137 -138 -139 172 -141 -142 -143 -144 174 -146 146 -148 165 -150 -151 -152 -153 -154 159 173 -157 -158 -159 -160 -161 -162 -163 -164 -165 -166 -167 -168 -169 -170 -171 -172 -173 -174 -175 -176 -177 -178 -179 -180 -181 -182 -183 -184 -185 -186 -187 -188 -189 -190 -191 -192 -193 193 -195 -196 -197 -198 -199
leaf_value=-0.0051427388634207186 0.0014436845470419438 0.028912027394502268 0.030234904233003301 -0.036063091296811706 -0.011594993876177082 0.022517982331987672 -0.0025740952386151335 -0.025143436330569615 0.022148146604475984 -0.033560690450067258 -0.00064828546030510964 0.013396435041145786 0.031020697006884104 -0.0032919378081919803 -0.020434827402852688 -0.0012413758128511402 0.017049922776720822 0.0006528355633307147 -0.0078160231598223065 0.0030571232437320221 0.005678721363200313 -0.0059166889864457175 -0.0017346847010317006 0.010146551197604971 -0.010835482666846996 -0.00099336946024028167 -0.0006388083661280061 0.0020771119523632503 0.002623498213511437 -0.0047214375896334551 -0.0083825579099383631 0.027159947114357593 -0.018597656507906977 -0.0017022094551304191 0.017016538814563768 -0.023815654006138977 0.0031222773363306813 -0.020248131333047602 -0.00053386286307773089 -0.0069894735438280576 0.0019913844087338143 0.0043641047037979988 -0.0096953702726923878 -0.0016142847533291791 -0.0039533150230747043 0.0035832693715223463 -0.024823833368016496 -0.01658378112624026 -0.0026013529653896804 0.0077138182096198223 -0.0028993375005714533 0.010587612177229777 -0.0062714681950285598 0 4.330836871472947e-05 0.0054196144076735318 -0.0014794261450049734 0.0058796287193305739 -0.01195569231929396 -0.007087055822150269 -0.0069424480647352375 -0.0099757063384143026 -0.00037139775406065607 -0.026626840782829973 0.0044941251510399721 0.00098553630712716828 -0.024794670367493638 -0.0042949542631134114 -0.027385244040197553 -0.017412815537482303 -0.020675898381092531 -0.0032122495383464307 -0.012079520000587388 -0.006948870844351366 0.029952014924776796 0.0046570486584547556 0.0086927413893424701 0.01000020228211514 0.00011617999221015735 0.0063427083584866239 -0.018685480127571923 -0.0018103333569862541 0.03248660529565247 0.00048261038053304818 -0.038113305472291054 -0.018503845559827564 0.00033496051710517609 0.0046602672480369348 -0.013183606046663467 -0.0013525806718530855 -0.0023273987129402885 0.008860432941119753 0.028220915856424601 -0.018899637380415748 -0.0061854184378780427 0.019845352840978679 0.017513914585963016 0.019755180494390387 0.0029703601794422445 0.02415983130616272 0.01862495452219463 0.018352186451319065 -0.001635021852281944 0.0032363988023521345 -0.0081515463727308453 -0.0035384498765058808 0.016965275725732934 -0.029561671138796278 -0.023000164265894112 0.017401722381800686 0.012450251936226441 -0.00059839299895825737 0.00070590189617373612 0.0024121997165086144 -0.00068564711120194344 -0.011387593659362656 -0.0014371884937331605 0.0039134955287957324 -0.0028394053960224511 -0.001304759181625789 -0.0056787984448534203 -0.007309254247385653 -0.0024002967612480001 0.0055052365570958236 0.0005007497218071789 -0.0029544469781250509 -0.0019449800584269018 0.0048076576585756158 -0.026148513650122059 -0.019570926072966011 0.00020851930168565804 -0.00079151647971580574 0.0024693264976924038 0.021375215596237878 0.020863726003328472 0.026545904893420152 0.0062729742658728738 -0.0072978041274475115 -0.0013742250152655369 0.021118384755353908 -7.0848480202979943e-05 -0.0010662211487978742 -0.025894247695302769 0.032732392711330251 0.01229538235643594 0.0041370443968837796 0.036206494827638103 0.0022307859186799809 0.023362336981544007 -0.017688389314973598 0.021234392291230701 0.0027634867102688983 0.0084619539624925123 -0.0060021432751082779 0.027675762812062597 0.00018289190504506913 0.00093978885547713574 -0.028386534966603854 -0.012201278254072171 0.011905272513739839 -0.019751158869746439 8.4507909987036105e-05 -0.032431432178744522 -0.019992268498552786 0.00047876670419107263 0.033182734527614839 0.015845935476593628 -0.0013962040250330811 0.0011981872519349697 -0.019984188084497249 -0.0013799273411010855 0.020332592288635657 0.013177564693082223 0.0013424242610654441 0.007260486217364583 0.019882397825468658 0.01857699399964869 -0.02251751321535796 0.0071011450425487975 0.028914071155281232 0.024308596836449696 0.025057089638051186 0.0008170029128608487 0.01021211554966924 0.018256444389991053 0.0049742924066475507 0.012152254363589046 -0.02167693661319843 0.020319310866083188 -0.0038501401393495446 -0.020687708392556334 -0.012787628026170563 0.0074933551921204378 -0.0012728817395825692 0.016785201196919699 -0.0053798294072717745 -0.013678215224452077 -0.014442758475500814
leaf_weight=8.8910440038889629 4.8976999465376156 8.4679985223338026 6.3613078268244916 12.83495004521683 3.5035333801060977 5.6800188571214667 1.7192589491605748 5.6953266668133464 7.1497345715761202 12.927155102603139 2.7598787229508162 2.2240906450897446 7.2873204201459867 2.716571534983812 3.3264730907976618 1.4365512784570453 1.5408362820744512 2.4841902512125662 2.1742004435509434 1.3776247706264255 2.9675758108496666 4.2113541136495796 1.8276775022968639 3.6623935382813242 2.5574295185506362 4.3355023488402358 2.5979224406182766 2.2265022974461299 3.6028101313859224 0.75119909457862266 1.648312288802116 6.1365369502454996 3.9619144545868039 2.5692262751981607 2.3358450327068558 4.7031802549026906 1.9939744938164938 3.850356713868675 1.5703163724392624 2.3185139670968073 1.2218312192708252 2.021193524822591 0.90187159087508861 1.4506542757153518 1.3958318568766097 2.0653808619827059 6.6896266853436828 1.8758778078481553 0.81353600323200259 2.0308098401874304 3.6543890908360472 2.1477715596556655 1.8735151533037417 1.9534042300656436 1.3200249513611191 1.8894806820899228 2.3191501200199118 1.4882077826187003 1.9746541306376451 4.0962609928101292 3.6275535970926347 2.5111160259693852 1.6846138164401052 5.0061371261253953 1.7792170047760012 1.9108424410223959 4.3208174500614387 2.9422949254512778 3.9073118101805431 2.8885221313685179 3.8501692553982165 4.0767617411911479 3.8558694440871468 2.7165513616055232 19.000899341888729 2.9664039462804777 2.1169254872947931 3.5500280363485244 2.6033955290913582 3.6058752452954641 3.9384865537285823 4.4886506646871558 22.446709067560736 1.7812008308246721 56.823065335862339 2.0441319644451141 2.0203644698485763 1.9198186006396998 2.1829301426187175 1.4402248645201328 2.3526384066790333 2.7599796745926124 10.578573713079093 2.5672859251499176 2.5111878234893084 3.4107241714373258 1.9324116045609114 2.5820938870310783 3.6234345557168126 5.657138092443347 3.9091557869687676 3.6013141293078661 1.5643524117767809 2.4483207240700722 2.9419165235012761 2.1983351372182387 1.8496112572029233 5.0383227905258519 11.873829297721388 3.4089057054370642 2.0423547839745879 1.5122078210115435 5.5470574647188178 1.9445739658549426 1.8903226386755703 2.9215384013950825 2.2965359762310964 4.0621501728892326 1.9065892202779648 1.8558555878698815 1.3199522728100417 1.5201983237639061 1.7981238411739471 4.3731265990063539 2.0030586775392285 1.5317841749638308 2.1064871475100508 3.2769916523247948 6.2336561009287834 2.2199574746191502 1.7587031545117486 1.5835334472358216 1.8095342004671682 3.9329450633376837 2.4614737043157224 5.0241313911974412 2.0384408850222826 2.3992433408275247 2.5717713087797156 7.3437282335944456 1.9766055680811359 1.5736640617251394 6.3465962307527644 32.705162392929196 1.5974216125905512 1.9497864292934526 9.2662938879802805 1.2193973418325192 3.7784182662144303 2.5506772799417372 2.4226384563371539 1.3956062756478775 1.2176403850316999 0.91319499164819795 3.9994503036141396 1.948619390837848 1.8588992021977899 6.0924997138790769 1.9761985493823884 1.0036380533128975 3.7245132811367512 1.9099743515253065 34.424605189356953 4.4731331756338486 2.0141376331448555 9.4520793333649618 3.624132500961422 1.6789237335324285 1.1672792872413991 2.5252891276031733 1.9748394414782522 2.8124265247024596 4.284382363781333 1.2515989569947121 3.2246446833014479 3.5399487726390353 2.0304528865963221 2.6552601270377627 3.5222986377775669 7.2067513801157475 5.0753443017601967 5.981545633636415 1.0851664356887338 5.9252958297729492 2.5412621702998877 0.7934877248480916 1.8565709292888639 2.7074465230107307 2.2016317024827003 1.699181906878948 3.3585733911022544 1.8938289536163209 0.60854643397033192 0.71326900646090508 2.9778776559978724 2.7070814892649651 1.3180561792105434 1.7962831389158953
leaf_count=42 43 107 44 158 40 25 14 100 32 167 21 24 28 39 49 30 13 29 21 24 28 38 28 31 30 40 32 29 35 20 29 69 71 31 26 107 30 58 35 38 22 42 27 19 10 25 104 29 15 36 42 15 27 35 22 22 39 17 37 39 24 28 21 53 21 22 49 43 54 43 60 38 32 29 112 24 15 30 20 40 30 38 171 22 756 15 29 24 38 22 27 46 96 30 33 74 27 27 30 55 49 37 22 25 32 26 36 67 159 43 29 17 27 21 29 14 23 34 34 14 22 23 22 32 29 25 42 25 56 17 29 29 23 41 49 27 28 25 19 61 28 29 73 260 24 20 106 16 66 45 41 22 22 17 64 16 28 105 27 29 39 36 524 58 28 170 36 22 22 39 23 28 43 29 24 32 30 39 28 88 40 101 30 30 25 27 17 43 20 25 50 32 40 10 36 42 24 24
internal_value=-3.11869e-05 0.00543042 -0.0152279 -0.0177076 -0.00549653 -0.0151536 0.0081626 -0.0223123 -0.0254787 -0.0115094 0.00516922 -0.0234824 0.0173137 -0.00514684 0.00407502 0.00141882 -0.0153068 -0.0304442 0.0002842 0.0112276 0.0101439 0.0110917 -0.000998715 0.00461718 0.0117802 0.0131073 -0.00536403 0.0142779 -0.00395685 -0.00510179 0.00927278 -0.00676246 -0.000761983 0.00310389 0.00553698 -0.00908687 -0.0311941 0.00602651 -0.00919341 0.0184757 -0.010435 0.0202169 -0.0334344 0.00900437 0.00394002 0.00902332 -0.00950832 0.0213501 -0.00704176 -0.00207072 0.0192334 -0.0138186 -0.014901 -0.00118073 -0.0174029 -0.0195418 -0.0236718 -0.0260199 -0.00370375 0.0116119 0.0166271 -0.00647287 -0.0139019 -0.0159949 0.000522458 0.0116545 -0.00591173 0.0188479 -0.0146648 0.0036297 0.0149897 0.00327822 0.016076 0.0105959 0.0190756 0.00228642 0.0194655 -0.00379246 0.00814216 0.0208898 0.0144041 0.0205229 0.023118 -0.0347438 -0.0358425 -0.00180643 -0.00701683 -0.0112836 0.00811657 0.00313752 -0.0369052 -0.0123818 0.0232368 -0.00135704 -0.00272106 0.00882663 0.0044106 0.00723579 0.0137724 0.0168988 0.00975091 0.00796997 -0.0103281 0.0260566 0.00746601 0.0175933 -0.00402129 -0.0199444 -0.0170609 0.0087986 -0.014471 -0.000333743 0.0145019 0.00707521 0.00713315 -0.00155445 0.00608928 -0.00950507 -0.0120322 -0.0305553 0.0137284 0.00784381 -0.00439537 0.0279202 -0.0275106 -0.0287705 -0.0302282 0.0299734 -0.0184774 -0.00494438 0.0253119 0.0232313 0.0255831 0.0154628 0.0128994 0.020409 -0.00518023 0.00288032 0.0261815 0.017108 -0.0204197 -0.0255326 -0.0223076 0.0297402 0.00413128 0.0301254 0.0329708 0.0284176 0.018897 -0.0123782 0.015612 -0.0125311 -0.000453869 -0.00518823 0.0206323 -0.0162241 -0.0140926 -0.0252764 -0.00591453 0.00497077 -0.0147365 -0.0160102 -0.0315576 -0.0160571 -0.01385 0.0310949 0.0111988 -0.0214054 -0.0154138 -0.0157511 0.0110002 0.0146175 0.00908465 0.0244868 0.0313056 0.0149437 0.0150755 -0.0190748 0.026044 0.0262488 0.0207096 0.0231067 0.0182283 0.025821 0.0148247 0.000209757 0.00911827 -0.0187183 0.0166288 -0.024519 -0.0179827 -0.0104666 0.00244502 0.00523098 0.0145116 -0.0216351 -0.0116496 -0.0126233
internal_weight=775.1 571.837 203.262 176.726 50.5253 29.3825 21.1429 126.201 105.093 30.6412 13.6341 17.0071 16.7161 21.1081 14.5535 26.5362 9.06989 74.4517 275.181 17.4663 296.656 280.53 255.058 87.2886 273.343 243.981 16.1259 20.1237 167.769 160.626 14.9462 145.68 9.89696 40.1398 15.4127 7.03903 14.8289 22.4198 123.26 8.45505 117.177 10.8763 65.5606 63.979 45.5215 33.8894 11.6321 18.5271 15.3623 35.4062 13.538 81.7707 79.6229 13.0952 66.5277 60.419 47.3442 43.8733 13.9648 20.8716 16.7754 19.2682 12.4747 9.90384 29.3618 9.71932 19.6424 18.4575 9.31623 26.0899 203.841 18.5231 185.318 76.4067 35.5402 40.8665 108.912 32.8248 13.803 103.2 59.2914 42.1397 37.6511 63.0764 60.9569 9.68313 23.3096 19.6472 21.8058 6.10876 59.1757 19.0218 13.1478 12.4041 13.0747 7.16614 4.44353 6.79345 12.7243 8.37371 6.08336 7.82269 7.18719 33.3156 7.59187 9.40171 5.24569 8.74734 15.7703 5.92009 12.4763 5.44839 11.2271 7.639 8.20445 17.1517 9.15102 8.00064 7.15464 14.783 6.66869 3.36981 5.71133 43.9088 42.3851 40.0659 38.0629 25.7237 13.0725 6.83884 10.2267 15.5152 13.9317 6.22948 4.94247 8.64757 4.22137 5.94927 25.8571 9.94712 13.8504 6.61199 8.03121 39.5357 3.47094 13.2815 11.2161 12.481 5.34873 3.9283 4.31296 4.28413 2.11951 3.89149 7.16189 5.79879 4.07886 7.52905 3.75542 1.91683 6.48439 5.76033 35.9564 6.42654 4.58142 10.6715 6.22205 7.28542 5.12919 4.06998 6.61494 4.6401 6.85615 5.25105 35.9298 7.14276 3.35048 4.21961 9.88361 9.22794 8.04175 7.20338 3.54664 13.2126 4.76776 1.54469 3.87694 4.42671 4.64995 5.60649 5.26516 3.40604 2.13535 1.32182 4.92245 7.0279 2.75828 3.59441
internal_count=9181 6857 2324 1993 444 289 155 1549 1222 297 92 205 98 327 101 331 148 925 4029 183 2828 2664 3746 1260 2575 2139 164 283 2486 2419 245 2174 147 404 227 133 188 354 1820 107 1750 159 883 972 672 479 193 239 240 512 114 1238 1223 216 1007 909 727 676 247 190 151 214 149 96 436 145 291 300 137 375 1735 171 1564 654 275 379 910 315 113 849 493 351 313 854 805 101 288 257 310 98 783 202 127 161 182 122 55 65 95 94 70 103 89 273 77 149 88 161 211 76 169 78 52 86 153 142 78 64 106 181 123 59 61 356 659 620 591 196 147 91 136 257 228 64 89 57 66 55 174 81 187 96 94 324 51 151 126 209 101 69 70 65 49 83 115 76 45 135 48 46 60 94 549 93 58 186 68 101 93 86 79 56 62 93 284 67 52 61 72 130 64 123 79 58 54 47 46 57 45 79 84 49 65 50 57 91 46 46
is_linear=0
shrinkage=0.0323284


Tree=13
num_leaves=189
num_cat=0
split_feature=8 8 27 28 17 16 10 5 28 23 19 15 21 16 27 10 11 9 8 18 27 4 20 21 16 12 16 0 21 18 17 8 11 8 4 4 26 19 22 1 27 23 21 13 16 3 7 22 27 2 6 6 13 2 7 18 20 11 21 2 0 22 23 1 9 9 26 3 17 28 7 6 13 24 26 13 0 15 14 7 11 16 4 6 22 1 7 11 18 26 23 18 8 3 6 2 23 12 27 14 14 8 21 23 23 20 26 8 11 24 5 0 10 12 1 18 5 24 4 23 2 24 20 14 11 0 0 11 18 8 15 23 13 8 11 11 14 7 2 20 9 9 5 16 9 22 6 6 2 24 8 15 13 15 22 15 22 20 23 13 5 7 5 17 28 15 2 0 17 13 5 3 24 26 15 26 0 9 13 8 13 12 8 13 3 9 8 2
split_gain=53.1474 13.3595 7.0797 14.9683 6.55067 6.88339 10.4365 10.7758 10.348 6.3494 6.31848 5.80557 5.72113 5.59086 7.62447 5.5857 4.72956 5.28803 4.54454 4.51761 4.47384 4.42088 4.34974 4.09283 3.96999 3.96528 4.14357 5.06281 5.95481 4.31115 4.09756 5.69986 3.81794 3.80622 3.73704 6.39458 5.48537 4.74847 5.10193 4.64923 3.55905 3.47313 3.53886 3.40533 4.70007 3.90913 3.41304 4.64082 3.38105 3.30034 3.20526 5.96515 3.90357 3.08905 3.07899 3.02339 3.03818 3.02161 3.0136 2.97003 2.94277 2.93902 2.93637 2.79236 2.73476 2.71986 2.67472 2.85563 2.49955 2.47795 2.47224 4.19674 3.80326 3.20383 2.45941 2.43563 2.41623 2.40153 2.36591 2.33025 2.76319 2.35294 2.25038 3.42401 2.24523 2.67315 2.19095 2.13455 2.03542 2.00815 2.32878 2.33353 1.98364 1.95347 2.44067 1.84179 1.83439 1.83249 1.82442 1.78377 2.76332 1.77135 1.70263 1.66556 1.65558 1.64257 1.6086 1.65782 1.53327 1.52439 1.50785 1.44544 1.40758 1.88371 1.40572 1.39174 1.35876 1.35633 1.35266 1.31704 1.28541 1.25314 1.24875 1.55921 1.23204 1.30476 2.2076 1.20204 1.17721 1.17158 1.16811 1.12613 1.10693 1.10011 1.04374 1.0136 0.98399 0.948963 0.939815 0.916999 0.901025 0.892386 0.882887 0.87983 0.865892 0.824739 0.795502 0.776653 0.766521 0.73466 0.718673 0.70063 0.698188 0.688312 0.615412 0.607191 0.590955 0.575263 0.552928 0.545357 0.530943 0.530048 0.51644 0.499032 0.478938 0.455328 0.450578 0.439672 0.436051 0.435945 0.434708 0.471841 0.431663 0.423863 0.411577 0.382599 0.363608 0.359489 0.312237 0.267125 0.250913 0.211454 0.201824 0.148027 0.147117 0.145678 0.141413 0.139844
threshold=-0.40793841542426396 -0.16696104178400642 -0.68761259657655904 0.68333333333333346 0.73641541345300754 0.0027687384423458303 0.4000000000000013 -0.015706086872158128 0.71666666666666667 0.020063531758306 10599.000000000024 557.81644580062721 -0.0014414021700026589 0.0029272152658553108 -1.1994600934083584 0.39999999999999908 0.62998750000000048 -125.49999999997816 -0.23628884605021536 4.2250000000000005 2.0167164608774266 0.54960317460317476 3.2673659030994218 -0.0066305904472254143 0.0024347613460122207 0.0027602421721674882 0.0058330216844442598 0.18191319850135249 0.00092119390517997346 -0.43499999999999955 0.82009237130061086 -0.051674872860949288 0.38179166666666625 -0.09847169520861053 0.77579365079365092 0.56944444444444453 -0.54999999999999882 3422.7499999999695 0.14309024639326409 0.017549563114548253 2.342193299654221 0.022335337965758043 0.008372664391266273 0.0023642641444013512 0.0044715098117701167 0.01801252453596586 14.500000000000002 0.17309565972937449 -1.1660375986780818 0.94582710918909763 0.94642857142857151 0.97023809523809534 0.0069324847574253334 1.2175748886271702 13.500000000000002 0.67000000000000093 1.476002855048103 0.22499999999999984 0.011421569823790835 0.93243760822527066 -0.33702051680693124 0.17517817123195337 0.022764839317136357 0.082042246012112865 -3520.2499999999741 -11084.999999999965 0.58705000000000329 0.046243909084610277 0.32692813615201494 0.71666666666666667 13.500000000000002 0.36706349206349215 0.0097508803764522149 -81.254781890202509 -1.0249999999999984 0.0048904206968925596 0.55621778092185103 69.930305475479216 0.018930560230663116 3.5000000000000004 0.51874999999999927 0.0029341047882841024 0.081349206349206352 0.759920634920635 0.1508419528563493 0.024361950306936445 1.5000000000000002 0.82527916666666667 3.9399999999999999 1.3160000000000009 0.0025342775251918641 -0.079999999999999169 -0.046373628297276863 0.022201608640082877 0.95039682539682546 1.025219760648987 -0.018264006396850437 0.011337195372903374 -1.1849932159573477 0.0044407084887229812 -0.001930311575607385 -0.1956941971287374 -0.00019579586673124091 0.0096802624268769195 -0.024697831653639143 7.5130885950966997 0.89739999999999764 -0.20084505751247131 -0.0093384615384616097 -491.19469163491129 0.059326821952419014 0.18191319850135249 1.2 0.0058162638650486364 -0.053563446702275301 -0.89999999999999936 -0.0049609359500872299 -151.01874407923546 0.7242063492063493 0.0047600510039897967 1.0260695316039603 -442.41242295525529 1.9643879320899458 -0.00026746029131566312 0.36468791208791212 0.38592061138054973 0.41252219386339678 0.93750000000000011 -0.7350000000000011 -0.21164959924141183 473.94019422019591 0.0046372718271521238 0.0032401493807086399 -0.053691485698964807 0.076393188854489077 0.066666666666666707 0.01193114483724367 7.5000000000000009 1.1626846968864812 12.343939795966845 -2764.7500000000214 -2709.7499999999941 0.049187028895783864 0.0062228577997949135 -1622.2500000000171 0.15180544999204143 0.43055555555555564 0.12103174603174603 1.0965776988867755 -249.11922101861879 -0.22423656858710531 239.55624175543269 0.0036182922267793765 354.8313305205632 0.33412585217983903 146.09431989815428 0.14145285554138814 2.1275748023762052e-16 0.011415444500113227 0.01108538810121998 0.02513080630381959 12.500000000000002 0.036232611273958722 0.44263848494177155 0.81666666666666676 147.72461121515491 0.97134638979558774 -0.19527624575279209 0.72244140438238402 0.0077538873862066536 -0.029534893418326099 0.012532458915520477 -266.55062809632449 0.49999999999999739 328.28016183245245 0.78720000000000045 -0.13441139729509202 -14519.500000000007 0.005832850047994706 -0.14950950948575789 0.0015280534444262271 0.0039217545911375785 -0.047153344713629579 0.0066035296671827408 0.030031232523775476 -31.999999999998177 -0.2377549026725144 1.1352761243386245
decision_type=10 10 2 10 2 2 8 10 8 2 10 10 2 2 2 10 2 10 8 2 2 2 10 2 2 10 2 2 2 2 2 10 2 10 2 2 2 10 2 2 2 2 2 10 2 10 2 2 2 2 2 2 10 2 2 2 10 2 2 2 2 2 2 2 10 8 2 10 2 10 2 2 10 10 2 10 2 10 10 2 2 2 2 2 2 2 2 2 2 2 2 2 10 10 2 2 2 10 2 10 10 10 2 2 2 10 2 10 2 10 10 2 10 10 2 2 10 10 2 2 2 8 10 10 2 2 2 2 2 10 10 2 10 10 2 2 10 2 2 10 10 8 10 2 10 2 2 2 2 8 10 10 10 10 2 10 2 10 2 10 10 2 8 2 10 10 2 2 2 10 10 10 10 2 10 2 2 10 10 10 10 10 8 8 10 10 8 2
left_child=2 13 3 110 5 8 61 102 -4 15 16 19 23 14 18 -5 17 20 75 25 86 -22 70 -9 -17 26 27 29 49 41 31 53 174 -21 35 37 111 38 39 122 57 60 115 45 46 119 79 153 178 104 52 165 105 62 55 89 -57 66 121 -32 -3 -7 64 92 117 -23 67 93 -66 -24 71 73 -72 87 161 -2 -12 -50 -11 81 130 173 -74 -84 -75 141 156 158 183 90 144 97 120 164 136 152 -61 145 -13 100 -73 151 -8 -55 -29 157 107 -56 177 -46 -1 -37 113 -69 -89 -43 175 134 172 -31 -62 -30 -15 -124 125 -79 -127 -34 -19 -126 133 -100 -60 142 -27 -77 -95 -33 -91 -107 -64 -86 -81 155 -40 -92 163 -105 -65 -44 -93 -20 -51 -48 185 -39 -6 -28 -16 -59 -26 -42 -18 -121 -36 -52 -54 -49 -125 -80 171 -101 -70 -45 -10 -71 -98 -76 -38 -168 -47 -58 -159 -88 -174 -108 -170 -25
right_child=1 11 4 9 10 6 7 12 32 78 76 98 -14 34 22 24 162 128 101 33 21 65 69 187 160 30 50 28 58 43 59 137 127 -35 40 36 48 143 54 -41 74 42 149 44 109 180 47 167 77 95 51 -53 166 103 106 56 181 159 132 96 63 -63 140 148 68 -67 -68 112 118 116 72 99 82 84 108 135 -78 124 169 80 -82 -83 83 -85 85 -87 88 114 -90 138 91 150 -94 94 -96 -97 176 -99 131 170 -102 -103 -104 147 -106 139 154 -109 -110 -111 -112 -113 -114 -115 -116 -117 -118 -119 -120 146 -122 -123 123 168 129 126 -128 -129 -130 -131 -132 -133 -134 -135 -136 -137 -138 -139 -140 -141 -142 -143 -144 -145 -146 -147 -148 -149 -150 -151 -152 -153 -154 -155 -156 -157 -158 182 -160 -161 -162 -163 -164 -165 -166 -167 179 -169 186 -171 -172 -173 184 -175 -176 -177 -178 -179 -180 -181 -182 -183 -184 -185 -186 -187 -188 -189
leaf_value=-0.038428838756021273 0.0046024068101482374 -0.0035326865619010779 0.022936239920900887 -0.030057924983071867 0.0042666742696769906 -0.028755820669943886 0.0048889726708650858 0.017495044598113674 -0.033305881380726245 0.024637549496342708 -0.0084567258270351019 0.0036567871956268969 0.033838219209615404 0.011976598640836252 -0.025466401771256475 0.016615465497288984 -0.0030991417952655337 -0.0059374627261255704 -0.0019259761981310964 -0.022599395789140213 0.015336809350238503 0.0079268232043173126 0.013601105787634642 -0.017091723100154922 -0.019224498109664531 -0.0052924696397431831 0.0086636842959262831 0.0066070135201565464 -0.0034728364311460871 -0.013191330905101948 0.012588939945352496 0.0018910063633501262 0.010824803135063265 0.0073505175525920511 -0.00087830247626586547 -0.0051959177006543076 0.012468635683202873 0.0028861678704347263 -0.0036358612071921165 -0.030930102416644262 0.014455873846286781 -0.0017327141982522946 0.0012164322679217171 -0.019907126100860192 0.0028457319164261739 0.0077076537182913024 -0.0011261270387653767 -0.0001234907609495724 0.0062937864894952881 0.027604154007522842 -0.019562197107153713 0.020063831633736061 -0.0097376639964447571 -0.015489292071068786 0.025761465153756144 0.008906156262521954 -0.028128691005138231 -0.015128863756021313 0.013054980660484376 0.0031519396201977715 0.0051168212049898226 0.0074056270567303701 0.0061289220948719109 0.0082189577303872739 -0.0031292383731953825 -0.02289658534781816 0.025592843006229746 0.028047878741022176 0.0069660455456037954 -0.004962397158841364 0.033513712839502136 0.014739355385652938 -0.014661690523399941 0.021337715967685002 -0.0026510945530061154 0.00038934793989767397 0.020941293322794343 -0.030427015581171644 0.0040753262311446934 0.030081214828484467 -0.0039684019076686988 0.0115927281307571 0.024067736300189567 -0.013593947927115553 0.0032555498905363291 0.013847223303128592 -0.0054099132021711432 0.015602540316288688 0.00078837248811046412 0.020381351758258691 -0.0004778332228537863 0.012517221651759667 -0.00058410225580865787 -0.021722039903843807 0.0076862772430315038 -0.0021757593071835071 -0.0029736903605460455 0.0057166916622197967 0.00019167215596040791 0.010619462989525348 -0.016351619364052956 -0.0085279927742259436 -0.021106628314180705 -0.0043968061296800051 -0.017417978428305121 -0.0047255857638332814 0.0092644858892017342 -0.0039100736852266905 0.0031345107655765718 -0.023729874977318866 -0.0049442321163763519 0.020618857352046532 -0.0034504628930423073 -0.0017016208723840409 -0.0094741496851256553 0.02102258640048995 -0.021121763209621218 -0.011282805046062322 0.0012441893696073971 -0.00076709800297385773 0.031422058973225427 -0.028925785102603897 0.010457315948978646 -0.017077893371817945 -0.01195250229658721 0.009061165459891175 -0.019073371463111496 -0.009594484560965429 0.015113178921835215 0.0095534403967769462 0.002122211014321767 -0.025245878122613401 -0.0062900858838361162 0.00044347949999235019 0.016462972685630954 -0.0290379420541804 0.001116899035945613 -0.022051653369693548 -0.0023456021343693013 0.013509742314224223 -0.012619436612993447 -0.020653411630167071 0.0043267038060389729 0 0.015659804882026427 -0.026402348104811235 -0.0057397220538334048 0.014528398036159035 -0.0091313106838119551 -0.019976406643307291 -0.0050410585377168166 0.019741894383809001 0.00484652359290618 -0.025433665538287759 -0.0085480020903357101 0.025645596183849522 -0.010693280175966227 0.033147065111011134 -0.0020398984113069911 0.0016628999009886585 0.0008885181993361558 -0.0026090190186905064 0.0098169408584805867 0.015381420571367667 0.015905062493950312 -0.00057859672904907254 -0.0033360646522204965 0.01791147106780629 -0.003994743947099341 -0.010582835499814083 0.025629339392660114 -0.0039658143373225499 0.034243851643403413 -0.00052225032234073064 -0.0042993353533892723 0.008145133555413164 -0.023719301169292599 -0.024162884178394559 -0.0019716115860859171 0.0077269293202739788 0.02770212149021254 -0.0039922496361862901 0.008178702691589778 -0.033743574381715317 0.0059742957418850813 -0.0013647009970179764 0.0041897420669940203 -0.0021346796486171131
leaf_weight=31.136453479528427 2.1821128241717807 3.0854871943593016 3.20266976207495 7.1748210275545778 2.3631006404757491 6.3953133197501293 2.0878953039646149 5.1968203131109458 12.302354994229974 5.2735031284391871 2.3453413136303416 4.2555766738951206 15.397903793491423 2.2645846852101403 4.112068925984202 5.6476482094731164 3.6111965291202059 2.4705137582495809 1.2299187714233992 4.884496346116066 3.7869620993733397 2.0424199514091015 1.4802395403385142 2.6832588156685251 2.6371737467125063 1.570274908095598 4.5810682866722336 3.031073059886694 3.9695570711046457 2.1001325845718402 2.2989266430959097 1.5896191112697113 2.308535946533083 6.6983434408903104 2.0941651454195411 1.8760586092248552 1.0238652629777782 2.6659265011548978 1.9354215161874888 8.5379085848107916 1.5397367067635053 3.4469768749549976 1.839875331148505 2.0446081310510666 2.1092987861484289 4.4135789945721617 1.8638547882437686 1.7987632974982264 1.3824612395837892 6.9305351106449944 3.5096350684761983 7.3482512589544058 1.2263908060267557 3.2988361045718184 5.6841423064470291 1.7324326187372188 4.5670940205454826 2.9747125729918471 2.4074353948235503 3.2674910333007565 3.6911147907376209 1.4644111134111879 2.0095010120421648 1.7070280918851488 2.3717169119045165 8.03775363601744 7.034618727862834 5.2235203329473716 3.1190841384232106 1.233928442001343 10.699777644127609 2.942857775837183 1.8480541636236001 3.7682238370180148 1.961258279159664 1.2426127092912782 3.8042043447494507 23.412743115797642 1.2274653045460584 10.491120798513291 4.8758318535983554 2.8100579995661974 3.2842041235417128 1.1904661608859894 1.0381059451028702 2.2833696268498898 1.713940308894961 1.5684181218966844 1.7667830549180497 3.7061655176803461 1.6663460526615361 2.5501212486997247 2.2755897473543945 6.105580557137726 3.7205254584550849 3.1648014392703763 2.2138217194005829 1.4969841018319128 2.3060792759060842 1.4709112681448471 2.0246561085805324 2.2421138137578991 5.7375733377411953 1.776585089042783 2.7903165109455612 2.8060932168737045 0.96326074283570029 1.4245273657143096 2.4292600387707344 5.0299280676990739 2.6618575081229201 2.0745241697877645 1.9966868218034504 2.448952654376626 1.1696950197219846 4.8561893682926884 4.8019821820780635 2.3615329535678056 2.2203636392951003 2.3658881508745253 33.021972485352308 5.9637370165437442 1.1774895535781977 3.483151676133275 2.9776055682450533 2.7223401367664328 2.4175185263156891 2.7033912595361471 2.518688326701521 1.1974938483908761 3.926663218997418 3.9934674398973584 3.3267615027725697 2.053201691247529 2.4415696803480387 8.4403586927801353 2.0386166591197252 3.4347649700939655 1.6570922518149016 2.7496777102351189 2.3607819285243741 2.7687704190611844 3.0471344906836739 2.6576777435839176 3.9057665998116198 5.6140651134774089 1.8888309076428411 1.6548719946295021 1.9077097438275812 2.3813604013994327 1.556363884359597 3.6067139939405024 3.7091124560683966 4.3928404841572046 2.3532560961320996 4.2555584395304322 2.5911996345967054 27.895481676794589 2.0134201887995005 1.9799623191356657 1.3523996993899343 1.5533625744283197 3.4444762393832207 3.1207113363780081 1.85868121124804 1.9286070987582205 1.3538430798798797 2.0094434283673763 0.80417998321354389 1.2883333042263982 11.049250126816329 1.7163035152480004 13.257041193544863 1.7740973969921467 1.7351216040551651 1.3575251279398797 7.2392312064766884 5.8613654617220163 1.0838411059230564 1.6633815802633765 11.2589755654335 1.8157417224720118 3.168207015842202 35.226027543423697 1.9350875671952952 0.74749202374368906 0.97258955333381869 2.0512428283691406
leaf_count=419 18 21 30 194 15 118 15 29 165 36 31 28 52 39 66 47 31 31 18 57 15 29 12 33 52 25 30 18 40 21 20 26 22 41 37 30 22 28 27 113 33 27 31 22 20 25 22 13 11 29 51 78 15 41 108 36 69 39 21 33 32 25 24 24 15 83 103 90 39 25 163 47 24 47 27 38 24 437 18 118 43 25 88 15 26 41 24 29 20 35 35 39 28 82 34 41 31 12 19 25 28 34 60 31 32 31 29 23 28 54 24 50 27 20 24 32 60 25 37 36 320 45 24 66 59 21 33 24 35 20 32 40 31 26 29 159 18 43 38 14 33 52 34 39 43 84 18 23 27 20 20 66 34 59 42 64 30 234 34 15 20 19 13 28 23 17 23 31 31 28 131 39 166 26 29 45 79 66 29 25 60 24 21 488 11 24 17 15
internal_value=-3.36872e-05 0.00512258 -0.0142815 -0.0235901 -0.00988149 -0.00200013 0.0057984 0.0138117 -0.0152096 -0.00347379 -0.0160814 0.00956301 0.0233826 -0.000533264 0.00613959 -0.0139232 -0.0188551 -0.0215708 -0.0105326 0.0104312 -0.0242468 -0.00620968 0.0113841 0.00253468 0.00290716 0.0112468 0.0132051 0.0102259 -0.000611162 0.0130743 0.00362108 0.00836414 -0.0242146 -0.00759171 -0.00401917 -0.00728755 -0.0170008 -0.00117867 -0.00475242 -0.0179398 0.00308663 0.0195084 0.00326595 0.00730606 0.00190542 0.0161465 0.00640235 -0.00803581 -0.0208904 0.0104731 0.0206676 0.00471579 0.0244883 0.0125978 0.00143908 -0.00378558 -0.017365 0.00806587 -0.0138807 -0.00956804 0.023403 -0.0217913 0.0163311 0.0254796 0.0197374 -0.0161985 0.0116493 0.00514912 0.0243221 -0.00737291 0.0146792 0.00869831 0.0242128 -0.00223183 -0.00964569 -0.0207198 0.0107101 -0.0233265 0.0163693 0.0114354 0.0155991 -0.00396055 0.00208467 0.0124439 0.00905365 -0.00356163 -0.0290783 -0.0138064 -0.0315352 0.0024148 -0.00306163 -0.0100339 0.0278014 -0.00341874 -0.00954162 0.0178398 -0.0154502 -0.0174823 -0.0113501 0.0180569 0.000512487 0.00773323 -0.0147867 -0.00524134 -0.00711134 0.027319 0.0138086 0.0204693 -0.0161649 -0.0175122 -0.0365143 0.0116611 0.0163497 0.0209867 0.00555079 0.0138567 -0.0146299 0.000443121 0.0274966 -0.000600999 0.0294634 -0.0223469 3.2281e-05 -0.0068989 -0.0250746 -0.0273214 -0.00652249 0.000370461 0.00652085 -0.00420427 0.0203564 -0.0191846 0.003686 0.0236978 0.00942531 -0.0261487 -0.0173758 -0.0167945 0.0151891 0.00601602 -0.00508279 -0.0156725 0.0263904 0.0166109 0.0102803 -0.0225825 0.00607117 0.00743538 -0.000893264 -0.0143612 0.0065783 0.0157162 0.0228689 -0.0212326 -0.00190977 0.0208351 -0.00472395 0.0297928 -0.0213493 -0.0104908 -0.0151587 0.00902747 0.00435518 0.0108175 0.0107618 -0.0157318 -0.00289109 0.0133987 -0.0134485 -0.00518905 0.0228484 0.00477405 0.0299542 -0.0155076 -0.031317 0.00260385 -0.0210069 -0.0212898 0.00841663 0.00360548 0.024534 -0.0251506 0.0317009 -0.0330208 0.0324596 0.00678515 0.00024922 -0.0143174
internal_weight=749.011 551.622 197.389 58.3997 138.989 63.2665 41.0144 33.1547 22.2521 24.6013 75.7226 307.671 25.3292 243.951 82.7661 16.812 69.5731 62.5174 18.9438 297.116 57.5282 13.8671 63.8222 9.93132 9.63722 285.533 225.112 166.882 35.2933 131.588 60.4211 45.4016 19.0494 11.5828 161.185 110.364 40.1685 70.1953 60.6162 17.2399 50.821 58.2133 12.5244 73.375 48.2268 25.1481 41.0876 10.0649 36.2179 19.6258 58.2306 12.7865 45.4441 40.3772 43.3763 32.2036 8.11527 37.476 15.6675 15.0195 45.6889 7.85972 33.647 42.6034 29.2767 10.0802 32.5213 25.4867 22.9033 8.87368 54.9486 37.9261 17.0225 18.7221 13.345 11.8651 6.14955 34.1102 7.7893 31.0227 24.394 6.62876 6.32272 4.47467 9.85847 6.09025 43.6611 8.8636 38.7068 24.0883 18.7251 12.8839 38.9887 15.8176 11.8647 13.8044 12.7205 8.7774 10.5551 19.204 4.96751 7.07875 7.82547 6.73029 5.82139 41.2005 11.1727 7.10867 10.2519 7.13923 33.7983 3.95058 9.66916 7.67247 2.73811 8.30317 7.39344 6.37338 20.5316 9.47556 36.7131 9.93329 8.702 6.43741 32.7277 28.5526 5.13986 5.01193 4.9892 4.1751 19.5181 6.29955 5.7342 15.5915 4.01184 9.68297 8.1442 5.02438 5.36326 5.55577 4.37028 3.80688 13.5383 9.57916 5.84119 7.28041 7.37543 3.43146 3.61474 4.22124 4.10649 4.83663 10.6396 6.2567 4.06401 6.92148 4.9543 35.6448 6.12549 4.95467 3.98957 3.0931 7.05567 5.4866 3.95285 5.43824 4.24362 3.80821 5.25992 2.5158 14.2365 3.18721 18.3112 3.81871 14.0375 2.59145 9.45305 7.82262 2.10771 3.01722 15.6726 6.38284 31.0637 36.94 15.1921 1.71075 1.77677 4.7345
internal_count=9181 6857 2324 838 1486 617 347 204 270 395 869 3021 129 3836 1354 313 814 770 333 2934 704 127 1021 77 119 2836 2105 1566 291 1275 731 568 240 98 2482 1821 712 1109 978 290 661 562 110 713 525 188 451 125 632 154 539 146 393 499 688 462 129 488 137 163 452 143 404 431 347 112 434 331 268 142 879 589 290 319 173 215 55 581 82 326 253 73 127 103 166 119 577 153 532 333 260 190 380 194 134 104 143 131 87 270 75 118 75 95 50 330 226 131 121 74 443 80 137 110 53 59 130 79 253 103 352 85 177 138 570 491 54 46 66 79 210 59 52 178 54 197 100 69 73 45 57 78 152 131 70 119 82 54 51 51 59 84 63 81 95 92 45 285 100 54 72 52 44 64 60 68 63 44 114 46 195 64 216 48 194 70 110 93 51 48 85 93 255 512 177 53 48 48
is_linear=0
shrinkage=0.0323284


Tree=14
num_leaves=189
num_cat=0
split_feature=8 10 1 16 26 14 15 16 14 3 17 13 17 7 27 7 18 13 28 9 1 22 5 2 12 18 24 3 12 16 11 5 8 24 9 14 7 22 24 5 5 13 22 5 11 23 19 25 16 1 27 18 3 9 17 22 8 23 7 17 7 2 22 23 24 22 22 24 26 7 13 9 19 17 23 11 7 3 18 9 17 18 2 6 4 3 14 22 15 15 17 5 21 5 20 13 19 13 26 25 27 23 3 23 2 23 5 18 9 8 18 16 25 13 10 14 19 21 6 23 5 6 8 20 13 27 24 8 25 5 18 25 4 22 21 15 8 20 3 3 2 23 18 9 27 20 10 7 18 22 18 18 14 23 4 27 26 23 23 25 1 4 27 21 9 7 8 21 10 28 21 9 5 18 25 24 21 18 9 7 14 25 18 18 16 4 1 23
split_gain=45.5272 9.34853 14.545 9.81263 7.95451 7.56179 7.31723 6.9283 6.2151 6.07869 6.01043 5.99265 7.04649 6.55708 5.5992 8.55334 5.30194 4.99643 4.88086 4.71395 5.94631 6.33802 4.59692 4.58026 4.25971 5.5322 4.14017 4.38628 3.97164 5.96702 3.73341 3.68118 3.60306 3.55829 3.50741 3.504 3.48323 3.81123 3.46219 3.3759 5.01863 3.64157 3.32446 3.18692 3.17155 3.27015 3.1708 3.14835 3.05762 3.05475 3.02097 2.93614 2.93498 2.91569 2.89351 5.89971 6.502 4.62522 4.28751 3.89497 2.91108 2.87209 2.86782 2.82235 2.78304 2.77136 4.08753 2.60011 2.41887 2.41013 2.39573 2.50617 2.39306 2.81663 2.35531 2.33305 2.31119 2.33148 2.28506 2.2372 2.23661 2.23334 2.30271 2.21265 3.21278 2.15079 2.88284 2.14675 1.95305 1.95293 2.03355 1.92612 1.90551 2.26005 1.88321 1.87217 1.83803 1.73476 1.73337 1.70141 1.65157 1.57488 1.56937 3.61182 2.41214 1.63015 1.54138 1.52522 1.50654 1.49164 1.45147 1.38335 1.59502 1.36281 1.35918 1.23941 1.23679 1.1896 1.1659 1.14636 1.13941 1.1277 1.11249 1.11231 1.09826 1.07874 1.81875 1.70144 1.07785 1.03325 1.03277 1.03082 1.01053 0.990907 0.976248 0.965429 0.943892 0.932837 0.919594 0.915118 0.891646 0.886089 0.884074 0.860794 0.858863 0.838312 0.777651 0.753464 0.730906 0.700763 0.677772 0.650264 0.639004 0.601107 0.536464 0.530469 0.493925 0.492979 0.467085 0.45961 0.455188 0.438226 0.381024 0.374619 0.368164 0.367057 0.350908 0.343443 0.519368 0.335459 0.333285 0.315099 0.294479 0.287075 0.27294 0.254714 0.252952 0.245378 0.216442 0.195086 0.187326 0.177686 0.153586 0.146446 0.132481 0.124644 0.0665398 0.0242763
threshold=-0.26689833809417174 0.32500000000000023 0.082042246012112865 0.0035170480235031478 -0.74999999999999811 0.0077891809884162175 398.70954956046575 0.0051562563551419199 0.024565795950977475 0.027735815824157687 1.1922362401190634 0.0026375449132810783 0.42788202309786466 2.5000000000000004 0.23472368947950639 6.5000000000000009 3.5949999999999993 0.012398813678612029 0.81666666666666676 -1266.4999999999952 0.18053490495701399 0.12544375525830934 1.0000000180025095e-35 1.0064121405980968 0.01143574017708209 -0.20999999999999994 -2618.5169423180519 0.098874589333595386 0.0025796318309099535 0.0071386141179208785 0.18735000000000002 -0.027475502798284642 -0.38549212211526401 -485.79114160410182 -1.0000000180025095e-35 0.0554962837591794 14.500000000000002 0.15395620889390646 -794.40239789423754 0.041444834100835 0.065995640240340783 0.0084015598944114298 0.13403629874778777 -0.0077338394518577372 0.064285714285714377 -0.016337835034372857 194.49999999999821 16.983362318362332 0.0021998155863748427 0.033192261562354781 -0.13015809517913215 -0.99499999999999911 0.0086237517298901421 -5937.9999999999709 0.73641541345300754 0.33869616565673583 -0.10743214720912085 0.0053335607825387718 9.5000000000000018 0.58615064222729807 8.5000000000000018 0.98531282426590561 0.12449678579744337 -0.024450717236984051 -1004.116502596018 0.16160599542179235 0.17651210077551052 -218.94865881249044 1.2499999999999984 16.500000000000004 0.0078624520779762164 -212.50000000001089 88.5000000000082 1.0766980803777271 0.022764839317136357 0.82527916666666667 3.5000000000000004 0.0094905568694850766 -0.83999999999999797 -1388.7500000000034 0.81269349334324914 1.1349999999999982 0.98531282426590561 0.95039682539682546 0.89484126984126999 0.013513267763527405 0.012291444705784237 0.32821155058795465 367.58573593496351 285.21762874325697 0.34108511948573211 -0.072322443945079293 -0.00572530733787635 0.078837751381103507 1.3917811502527413 0.0093252700785720309 10214.999999999991 0.0060055375216477745 -1.0000000180025095e-35 85.643701960046073 -0.020482015722366648 0.032169770924080028 0.013372463300981472 0.02779285149319 1.2245967715501325 -0.024976606668740294 -0.029905132454956015 -0.56500000000000028 -8993.4999999999727 -0.29778234430334516 -0.96999999999999964 0.0038116888615160132 35.494554451136487 0.0033945582511244179 0.4000000000000013 0.027214165953749581 3189.2499999999859 -0.0055488556278811543 0.93452380952380965 0.016753643651064135 0.0020116662281791657 0.2281746031746032 -0.27888646912488663 2.3049542968523915 0.00401187447676784 1.4478895764191217 -1359.7590016880583 -0.047153344713629579 100.33134360281649 -0.016236018057902975 2.2400000000000015 62.414541425444426 0.30753968253968261 0.13109289742052899 0.00034967201064606274 190.24737391305132 -0.31809166143880452 3.9281408781588181 0.022875949034888116 0.012971486117585905 0.89825078812209458 -0.03598505660484224 0.18999999999999953 -2328.7499999999859 -0.49419585264126392 6.4140756306754356e-16 0.19999999999999987 10.500000000000002 -0.39499999999999952 0.34546236983909018 1.5649999999999988 -1.0549999999999995 0.018870103631333696 0.038449754498590567 0.62103174603174616 0.95454080179449463 1.1999999999999977 0.012067533017967815 -0.011598880993668402 56.538466066707961 -0.06821739625434052 0.62103174603174616 -1.0220335452112004 0.00128571369418673 -8993.4999999999727 16.500000000000004 -0.30801061917554917 -0.023022510558231676 0.62500000000000078 0.8500000000000002 0.0064619784692462332 -321.75000000000631 -0.037428716538621891 -0.41499999999999909 42.936971825692829 -2231.3229884187431 0.0014681197034732698 0.065000000000000405 -14833.249999999947 13.500000000000002 0.018393434310707103 59.852802389018997 -1.1850000000000003 1.2349999999999997 0.0019893624807948338 0.93055555555555569 -0.012471835856451173 0.0022235484527539655
decision_type=10 10 2 2 2 8 10 2 10 10 2 10 2 2 2 2 2 8 10 10 2 2 10 2 10 2 10 10 10 2 2 10 10 10 8 8 2 2 10 10 10 10 2 10 2 2 8 10 2 2 2 2 10 8 2 2 10 2 2 2 2 2 2 2 10 2 2 10 2 2 10 10 10 2 2 2 2 10 2 10 2 2 2 2 2 10 10 2 10 10 2 10 2 8 10 10 10 10 2 10 2 2 10 2 2 2 10 2 10 10 2 2 10 10 10 8 8 2 2 2 10 2 10 10 10 2 10 8 8 10 2 10 2 2 2 10 10 10 10 10 2 2 2 8 2 10 10 2 2 2 2 2 10 2 2 2 2 2 2 10 2 2 2 2 10 2 10 2 10 10 2 10 10 2 10 10 2 2 10 2 10 10 2 2 2 2 2 2
left_child=1 2 6 8 10 26 14 19 18 30 -5 12 34 50 24 17 28 -16 85 20 51 62 96 -19 36 67 27 -6 39 31 43 91 130 65 162 47 81 69 118 41 46 54 141 173 45 140 68 -14 157 74 70 -4 -10 147 55 56 59 120 -57 98 107 64 -22 -51 -52 175 -67 -26 142 159 71 121 83 110 75 128 -8 184 -61 181 -31 82 -1 84 102 86 -3 -11 -50 -62 -91 151 113 146 -20 132 -12 158 -15 -89 -44 187 103 104 145 -104 -54 -59 129 114 -74 112 -56 -42 -68 -100 156 -53 -18 -83 -58 -13 -84 160 -77 126 -113 -128 174 -47 -17 182 148 -107 179 164 -39 -60 -112 152 -43 -9 -41 144 -93 -49 -94 -46 -55 -135 -82 -30 -73 169 -110 -34 -63 -36 -66 -38 -117 -145 -2 -79 -127 -92 -27 -115 -169 -76 -123 -72 -134 -7 -33 -28 -69 -32 -176 -81 -138 -65 -97 -95 -78 -163 -80 -71
right_child=11 3 7 4 5 9 76 42 52 87 22 13 35 16 15 32 38 23 94 -21 21 -23 -24 -25 25 166 33 -29 29 80 177 49 155 -35 48 -37 37 136 -40 40 92 44 100 -45 53 108 -48 72 88 63 61 117 106 95 111 58 57 60 137 78 89 116 -64 79 97 66 109 176 -70 101 171 139 73 -75 153 124 77 163 186 134 150 119 122 -85 -86 -87 -88 99 -90 90 165 143 93 183 -96 131 -98 -99 115 -101 -102 -103 105 -105 -106 133 -108 -109 154 -111 138 125 -114 167 -116 123 -118 -119 -120 -121 -122 170 -124 -125 -126 135 127 -129 -130 -131 -132 -133 172 149 -136 -137 180 -139 -140 -141 -142 -143 -144 161 -146 -147 -148 -149 -150 -151 -152 -153 -154 -155 -156 -157 -158 -159 -160 -161 -162 185 -164 -165 -166 -167 -168 168 -170 -171 -172 -173 -174 -175 178 -177 -178 -179 -180 -181 -182 -183 -184 -185 -186 -187 -188 -189
leaf_value=0.0021261500262153665 -0.0020243169936585031 -0.013770446872042482 -0.0040053098382729756 -0.017654337392706405 0.020090848151434745 0.015033578633023669 0.02012186221289352 0.011889324688142499 0.011481246830695046 -0.026888951331995811 -0.015461584171557963 -0.0062595524791907685 -0.0074072592936625303 -0.00061412118481139039 -0.017804890190917647 -0.031810016268352448 0.00057575424753733139 -0.0088516006036348082 -0.016414560201590128 -0.018400129788639266 -0.0052573388156981846 -0.023896123173564879 0.030433225553153205 0.025653043704915338 -0.011075544607740245 -0.024364284683091719 -0.0053785352350147111 -0.01839986609332054 -0.0037939820428571414 0.0035321563885165426 0.028335165220344641 0.002258118960259234 -0.0046474190790556872 0.0086014706084729681 0.019180227716365052 -0.011974418783551448 0.013032120053527704 -0.029385682689555971 0.0064992563864837219 -0.0025919063083126399 -0.0040499058720958924 -0.0043129692464398042 0.0023488908491735259 -0.019277562647609058 0.0044005997539852404 -0.0097207151300814434 0.010730757606765989 0.0028589476654450191 -0.018140392727191777 0.014991081526337085 -0.017000104889665069 0.0039039080057595081 0.0023124957745072373 -0.0040181090953220928 -0.0080941122918984608 -0.024127718667681004 0.021590630583831597 -0.0073755230002313472 -0.0038038222935352479 0.013712514416459308 0.0067841190407118331 -0.030883062606290156 0.024832070986122345 -0.002383964840889661 0.020018246949704836 0.013971899842261831 0.0023427447997260383 0.0015936621853410201 0.0030422679609029943 -0.002851759369302325 0.001632498431572111 0.0091556960877662193 0.0075190273651335 0.016446238860264556 -0.01283575820253233 0.010968677126596946 -0.0017761140980790554 -0.0011045195931026473 -0.015727776029584223 0.00016820283643139658 -0.0292121349097712 -0.015102151501246571 -0.036826066424004905 -0.0014352275933494194 -0.003582686966725548 0.030994586902345626 0.016994956516727017 0.014514216149237381 0.0080391936780210248 0.0052612091865004073 -0.026788792246853724 0.010012637529080055 0.016125405193171984 -0.016892101075118984 0.0094656509142112023 0.0029916824481003314 0.01107405193926168 -0.0080129297149169956 0.032029477931128758 -0.01151016036727915 -0.026845924022694423 0.0052619676122203987 0.00049066879218129071 -0.012382017298590108 -0.0035229545049556888 0.0071799617427841462 -0.025041908969097807 0.015375111787706884 -0.023708369286715977 0.003802566133382073 0.0012136276321089965 -0.0020853648682984498 0.014444599232925582 0.003983825137954377 -0.027726957634852906 -0.0070830318238531342 -0.00024568032009200343 0.028979654194891701 -0.026695645313339882 0.0055260522321430834 -0.0011431587224855291 0.017805757998025036 -0.001920709370066916 0.018434372004235873 -0.0084664812403654303 0.00086543759700288434 0.032302299560453544 0.002503532967359107 0.0018187478594491324 0.010548121544918262 -0.0018530027559374655 0.00015473979646189493 0.0019392422982534474 0.032181193578074113 -0.0076267395065516917 -0.0034745090375022975 0.0044173304654744295 0.017788526625439401 -0.021392388327782581 -0.019900020764436137 0.016682035854981628 -0.0056870265827584816 -0.029238131048943038 -0.0213300817309253 -0.0084542955722070358 0.028111183515098542 -0.0022712354564353864 -0.014628436176636972 0.015486227737832285 0.011390864917425305 -0.0021434122348961446 0.013131667789651073 -0.0076733695196417716 0.0066773365672400404 -0.0013338544072013792 0.010978905415542002 -0.0036664198262713918 0.0011465917228067571 0.0016149110897955711 -0.00093513800393189058 0.0056978701060635684 0.0035858368095706638 -0.022119771647393482 0.013247186335677464 0.017436664575927168 -0.0035052110119794208 -0.00076423665954028031 0.024584824446572163 0.00086456711331091437 0.0015892983486091332 0.00020989901518662913 0.01992983642273697 -0.011127008839256792 0 0.0025961150399429942 -0.036224698668586311 0.023468589855588366 0.005737990040423537 0.031609877527955951 0.014190423630227149 -0.0051727824529202411 -0.022718255245986915 0.028948390364138224 -0.0019903096868099297 -0.018580171533621515 -0.0042493552242650707 -0.0021085258217456355 -0.021670438960128911
leaf_weight=1.3005910972133268 2.0457549002021551 2.1500239511951866 3.1664895303547373 3.117612160742282 3.1269219517707816 2.2673529200255884 2.5433187671005717 2.660460390150547 2.4077615612186474 4.3223856240510932 2.7189326286315909 1.7729405891150243 3.1911913417279711 2.2510026609525076 3.0900117615237859 11.515399635769429 1.7827799925580619 3.7427154639735809 2.9947944330051532 3.1275284048169842 4.1676825489848834 5.6228361427783966 8.2750595882534963 9.2709158100187761 1.2535717627033589 5.0355909485369921 1.6825218573212612 2.304568475112319 1.9089195607230065 2.6355625074356777 4.8512716991826892 1.003004848957066 1.429708446376025 1.4641836881637598 5.8574789324775356 1.9685495169833291 4.3614226430654544 9.0739996554329974 5.0873117446899396 2.3636802025139279 1.7921583186835039 1.3501525744795824 1.7361319630872483 3.1546279974281797 1.3476275401189926 1.4065416790544989 2.6417014990001926 2.5961055886000377 3.9269737005233756 3.5568633973598471 4.0515639167278996 3.612089371308687 2.1844467790797353 1.2662970675155523 3.1439623702317467 5.5919568119570595 6.7580197528004664 2.3697289973497391 1.7160091856494548 2.456214927136898 1.8181257974356402 6.9355362169444525 3.8148205168545246 1.4762151204049576 3.1728537604212752 2.5386672839522353 1.2330620284192253 1.214487758465111 3.3849448477849373 1.3238467015326021 1.9990709414705632 1.195473121944816 2.0034591890871525 6.1981400428339839 1.6053447704762214 2.1476050093770018 1.4514360353350619 2.0394081873819232 1.8416726775467398 1.4316305816173547 5.6782726887613535 2.9122090907767406 47.95829048380255 3.8473531734198323 3.7879759203642598 14.472539658658205 4.1111014829948545 1.6410688143223526 2.3276968114078045 1.667198716662823 7.3984496546909195 1.2966604642570021 2.924852918833496 2.1431800201535225 2.2630838034674525 1.1708938023075468 1.5938153713941572 2.4394077565521002 20.724603199865676 1.853229973465204 9.9548807782120949 2.0223789699375629 2.4649132061749617 2.7664748635143033 3.3353519150987259 4.9031003247946563 4.3276663850992918 4.2779161939397481 6.469976444728669 1.4365545585751522 2.162027972750364 1.5594824068248261 3.3299982342869043 3.1879098098725054 6.4819523543119431 2.4553648149594665 2.0703846942633399 14.552695757709445 5.9840385355055332 2.4962871558964252 2.5065080877393484 2.6650751158595085 1.3939185282215536 3.385477683506906 3.0278548849746585 2.1893644537776709 20.59346261061728 2.8831527885049644 2.2514059180393824 2.1656764401122937 1.8194406554102887 1.7838847762905059 1.2862456236034634 36.524508389644325 1.6980294492095707 2.9282818473875523 0.76178159937262424 1.8633629875257609 2.6455420386046171 4.8637596787884831 2.9773423057049513 2.8204781897366074 6.6063105221837759 5.3644829811528307 2.2645651632919908 7.2434980049729347 2.5743040461093187 2.5855682278051972 2.1279954900965121 7.2475871648639432 1.764532391913235 2.2170552192255846 1.2157278209924696 1.1657702280208466 1.7816112115979192 1.4785709558054803 1.8906152024865148 2.5075584715232253 2.7290932759642628 2.8927587680518627 2.2143818056210858 0.68897101189941146 4.211081569083035 2.2793930042535067 4.6888186391442996 2.0471514500677586 0.98895128816366007 7.506617184728384 1.3685731887817381 1.4396580243483184 1.5111744441092012 2.9257244709879151 2.1029044725000858 1.7038779295980928 0.97443584585561893 18.244747012155134 3.6483268178999424 2.8986530266702175 10.092571623157712 1.8568925149738786 0.71929963864386082 3.7439189804717898 6.0700338468886885 2.0434618322178721 2.7929357122629881 0.78123865462839603 1.8057759981602419 3.2977563263848424
leaf_count=13 26 35 36 32 51 38 39 18 32 69 52 39 40 20 45 151 38 37 55 68 34 73 90 37 27 97 23 20 31 22 40 17 40 9 44 13 26 144 38 22 25 27 24 60 27 25 40 28 44 38 55 40 41 31 33 58 71 19 31 28 14 86 12 13 34 36 21 33 34 26 37 26 24 42 19 29 36 29 21 25 67 32 845 29 35 164 46 22 26 13 73 35 26 35 39 19 14 29 233 25 134 12 19 19 31 36 67 37 79 22 29 32 37 30 131 26 22 80 71 18 32 38 38 44 41 31 251 20 37 40 12 34 26 250 27 16 21 21 27 50 43 26 64 61 35 55 34 45 37 45 26 37 20 30 37 16 18 34 18 30 43 36 42 30 46 33 33 173 17 25 25 37 32 26 20 283 56 31 198 28 24 49 112 18 39 11 27 58
internal_value=-2.99113e-05 -0.00952079 -0.0137997 -0.00199882 -0.0083661 -0.0135165 -0.0193547 0.000224709 0.011503 0.00131558 0.0104914 0.00682601 0.0130776 0.00438847 -0.021544 -0.00866408 0.00625684 0.00742104 0.018879 0.00782176 0.0116473 -0.00448196 0.019815 0.0159443 -0.0255554 -0.00568501 -0.0216383 0.00291944 0.00732925 0.00019467 0.0126453 0.00489 -0.0231014 -0.0255693 -0.00341996 0.0167773 -0.0281846 -0.0146275 -0.0118678 0.00960233 0.000938133 0.0117216 -0.0150673 -0.00390247 0.00241521 -0.00735652 -0.012098 0.0178263 0.00545531 0.010011 -0.00714233 0.0211201 -0.00923077 0.0103229 0.0144324 0.00986174 0.0132393 0.00132287 -0.011346 0.0215716 -0.00743941 -0.0140678 0.0123059 -0.00192614 -0.00202231 -0.0278627 -0.0106495 0.0127553 -0.0182928 -0.00205059 0.00257725 -0.0048813 0.0189976 0.00463302 0.0163013 0.0204302 0.00452362 -0.00460938 -0.00141614 -0.0101743 -0.0189988 -0.0328782 -0.0349796 0.0211741 0.0224144 0.0251241 0.00525172 -0.0174531 -0.00898858 -0.0150932 -0.0194602 -0.00768515 0.00974552 -0.00128039 -0.00592129 0.0159381 -0.00505566 0.0081239 0.0257828 0.00183094 -0.0229559 -0.0130304 0.0239913 0.011195 0.0177289 0.0269962 -0.0182549 0.00749726 -0.0151287 -0.0194846 -0.00803863 0.021311 0.00448196 0.0161622 -0.0236736 0.0276962 -0.0239065 0.0254496 -0.0221909 -0.00713269 0.0168031 0.00824583 -0.0360384 0.0101683 0.000749111 0.0237325 0.0274687 0.0294563 0.025976 0.0016707 -0.0289789 0.0233558 0.00143319 0.0282102 0.00439127 0.00943326 -0.0265097 0.0106548 -0.0149877 -0.0148245 0.0111074 0.00413406 -0.0249484 -0.0138991 -6.16116e-05 0.0239784 0.00996607 -0.00907998 0.00983736 0.0298499 -0.0255683 0.00713164 0.00111426 -0.00338507 -0.0207431 0.00492478 -0.0277833 0.0157371 0.0153203 0.00895756 -0.00115063 -0.0186116 -0.0186713 0.00899128 0.0142654 -0.0240854 -0.0222271 0.0194165 0.0222318 -0.00878838 0.0144799 0.0163107 -0.00767516 0.0116037 0.029037 -0.0348306 0.0209995 0.0243421 0.0303159 0.0113658 -0.000557502 -0.0202742 0.0271273 -0.0138844 -0.0162775 -0.000592565 -0.0133686 -0.0198758
internal_weight=724.19 303.167 191.345 111.822 76.9111 61.2056 136.109 55.2361 34.9114 22.6925 15.7054 421.022 113.762 307.26 125.002 32.3468 265.821 16.1036 25.9915 38.0641 34.9366 13.6053 12.5878 13.0136 92.6555 12.1409 38.5132 5.43149 252.967 62.0715 14.8758 51.9931 16.2431 33.0817 20.8765 92.8858 80.5145 24.4532 12.8541 190.896 38.5377 152.358 17.172 7.12586 35.8928 16.1513 14.9966 90.9172 14.6197 37.4712 41.4384 21.3313 8.91987 19.7415 116.465 75.1489 65.9776 28.8431 9.17133 37.1345 19.5786 23.2895 7.9825 13.7636 12.3929 31.6175 11.6902 6.11639 12.3549 13.8982 18.1489 13.2242 87.726 13.0092 23.7077 19.4969 11.1065 8.56317 6.10366 10.2067 10.0784 56.0613 50.6528 74.7169 70.8695 20.7337 6.26113 7.81668 6.25467 12.9309 11.1128 14.5219 23.5411 9.6858 5.25788 15.8083 4.31275 8.34135 31.0308 3.4943 11.691 6.64398 67.0815 15.9414 13.175 51.1401 6.51211 6.64765 11.8238 9.15157 6.81103 41.3165 6.47396 13.8553 7.71501 28.7798 10.8965 18.1648 7.76682 5.4085 9.26453 5.94919 49.3522 8.05522 5.17546 34.8426 25.0361 23.4766 14.3214 3.57222 13.3348 9.02481 6.78344 48.6752 4.98655 9.80646 10.5551 3.57937 4.80757 7.27496 4.32749 5.48094 8.96999 10.3959 3.56123 9.8396 5.49916 3.9332 3.39429 43.7721 7.44281 4.12597 2.4112 4.21077 8.25159 2.90828 8.82615 8.36504 5.90195 7.25418 4.66975 6.83469 6.25684 4.3188 6.87818 9.4456 6.02454 12.0631 8.87519 3.045 4.17625 4.9248 3.38915 3.97123 12.07 19.9273 4.86281 7.74992 11.067 3.28852 1.48108 5.22013 7.24093 4.18664 4.24437 1.47021 3.64745 4.6216
internal_count=9181 4163 2589 1574 1095 907 2044 545 479 311 188 5018 938 4080 1871 338 3546 119 339 343 275 119 156 74 1533 246 596 71 3399 957 195 842 219 525 216 722 1287 341 147 2442 518 1924 202 124 614 251 160 709 148 596 534 156 140 363 1310 844 734 292 110 442 189 262 46 180 136 516 210 116 120 152 272 198 669 122 416 342 173 134 76 142 115 946 896 547 518 245 81 116 70 133 119 246 358 113 94 291 66 81 366 47 158 96 483 133 114 350 108 56 181 174 80 466 70 245 152 346 126 120 109 50 103 102 883 113 70 396 303 271 272 65 163 165 126 331 80 93 189 52 56 96 70 44 86 178 70 83 60 72 68 295 93 68 46 74 116 56 104 78 52 56 69 108 68 59 77 106 130 220 190 44 63 74 58 64 235 306 89 71 218 53 45 62 131 53 75 47 48 84
is_linear=0
shrinkage=0.0323284


Tree=15
num_leaves=182
num_cat=0
split_feature=8 10 1 14 14 17 15 25 26 16 17 9 0 0 22 22 27 24 18 0 20 1 13 22 18 9 14 6 13 16 26 23 8 18 7 7 20 1 9 13 4 24 6 10 18 22 13 7 14 2 7 5 27 13 26 25 5 4 15 13 22 8 23 25 21 1 0 5 25 27 26 6 24 27 3 21 0 0 6 18 14 24 24 7 2 25 8 23 2 26 22 22 19 23 2 3 5 7 8 8 20 26 8 15 25 9 28 17 4 14 23 21 18 0 16 0 16 14 21 16 25 16 18 4 11 14 3 4 26 18 3 18 22 25 26 26 24 16 13 14 2 17 7 18 15 9 8 20 13 1 2 9 9 21 16 24 13 1 13 7 22 21 25 20 2 27 20 3 25 4 7 26 13 17 21 7 20 26 23 18 25
split_gain=44.0908 9.91927 14.0592 8.30524 9.54321 6.99149 6.42304 6.08975 5.98063 5.34042 7.38912 5.58772 5.16857 6.28477 5.05436 4.98962 4.92791 4.66028 4.50785 4.43594 4.34165 4.06238 3.93076 3.83612 3.83204 3.7149 3.98881 4.12237 3.93791 3.5264 3.46378 3.4527 3.32822 3.31913 3.30001 3.22729 3.21425 3.18391 3.01144 2.96581 2.8662 2.79356 2.7165 2.74282 2.68226 2.66102 2.50258 5.0919 4.26205 3.82836 2.53757 2.97481 2.76631 2.77459 5.03739 4.15267 5.15581 3.85717 3.65198 2.71858 3.01977 2.59225 2.57969 2.48174 2.43541 2.41355 2.35202 2.28581 2.23978 2.22421 2.21466 2.11861 2.08498 3.39116 2.05397 1.99664 2.26098 1.99423 1.99256 1.97036 1.9458 1.80439 1.76343 1.72169 2.61282 1.76349 2.00081 1.72087 1.95803 1.72038 1.7181 1.71371 2.09539 1.70789 1.6059 1.59392 1.54398 1.48069 1.47872 1.53244 1.43202 1.83293 1.41728 1.41658 2.05978 1.79177 1.39596 1.38319 2.70688 2.22263 1.30021 1.27011 1.92678 1.19978 1.18737 1.17451 1.15064 1.08252 1.06994 1.05562 0.994789 0.981206 0.935427 0.92125 0.90575 0.900342 0.888796 0.992534 0.836292 0.827663 0.801007 0.747152 0.743026 0.787624 0.694256 1.24243 0.674569 0.665554 0.663086 0.61045 0.598451 0.630498 0.577491 0.570886 0.558274 0.555035 0.527917 0.516563 0.516497 0.772606 0.513511 0.510672 0.484385 0.471725 0.470734 0.446708 0.43284 0.424592 0.399356 0.373007 0.367118 0.356356 0.352686 0.349924 0.344218 0.315652 0.302175 0.297284 0.268039 0.256283 0.24104 0.163832 0.156583 0.118018 0.0899659 0.050508 0.038945 0.0256573 0.0255647 0.01987 0.0152573
threshold=-0.26689833809417174 0.32500000000000023 0.082042246012112865 0.012492603041293579 0.024336298161877674 1.1264583857958586 398.70954956046575 51.687560126648073 0.065599999999999895 0.0036425689042318779 1.5889091447331565 -9822.2500000000418 0.1698792687095059 -0.37799628727230533 0.15526244444376833 0.16160599542179235 0.44431297244560103 -62.728158020449357 -1.409999999999999 -0.099019519923474617 1.0283463300339748 0.011998061746566592 0.0087545159652779505 0.1018064156010209 0.68000000000000249 -1266.4999999999952 -0.0035933494001990081 0.9027777777777779 0.0053430414902853642 0.0046268025793409122 -0.59999999999999598 0.029101700853756522 -0.045192257464497058 1.1900000000000015 14.500000000000002 5.5000000000000009 5.0028149524946173 -0.16088165292135817 -14705.249999999925 0.0077538873862066536 0.43452380952380959 -1018.6059015794334 0.88690476190476197 0.10000000000000099 1.5199999999999989 0.14913457525859511 0.0026375449132810783 14.500000000000002 0.028757886165014752 1.2544847032285353 1.5000000000000002 0.041444834100835 2.7861819477674201 0.0034722904175842674 1.2834999999999968 41.167567394294714 -0.025326904670794178 0.63293650793650802 398.70954956046575 0.010621991629387173 0.33890958429772372 -0.1956941971287374 0.021730818337863726 78.383212720855653 0.0019830020768573102 -0.23011226992483089 0.20371873496873497 -0.068443649419472216 18.50389845623306 -1.1001471720597003 0.2999999999999981 0.82738095238095244 -126.94008029692193 0.63481908099012296 0.042617027086401131 -0.0055488556278811543 -0.14826718571066536 0.20769900726699 0.79563492063492081 0.18999999999999953 -0.0050169011800312155 -768.09366980416769 -1634.7823283332032 13.500000000000002 1.2661441439200323 92.522232923583189 -0.14795061638353343 -0.0052781779544708854 1.0993031952469181 1.5836500000000024 0.15818695053667531 0.12439009344063627 2453.7499999999823 0.01576494480035218 0.93467226051323327 0.017875949164948664 1.0000000180025095e-35 12.500000000000002 -0.48381229595273323 -0.31809166143880452 1.476002855048103 0.34999999999999615 -0.27747726852272542 493.45040297239785 68.714068534403339 -1.0000000180025095e-35 0.65000000000000002 0.40300067689438285 0.35119047619047622 0.042108584128200892 0.0016697963445158062 -0.0094294222476001815 3.1050000000000009 -0.29123813351357603 0.0064028064257369921 0.019682979481764899 0.0032537810744412395 0.0084784845107827456 0.016383561211331336 0.012332585931689073 41.167567394294714 0.0029892790814753591 3.5949999999999993 0.18849206349206352 1.0324750000000018 0.0096458917039965609 0.013692599661280039 0.87103174603174616 -0.13619999999999874 0.43999999999999956 0.01160665897806599 -1.0000000180025095e-35 0.34717640174542935 100.83941605236886 1.3499999999999963 1.7499999999999984 -91.531799006237293 0.0040043200358744991 0.0059116040237613713 -0.015743631837950186 1.1851856188269927 0.63705008046068434 3.5000000000000004 -1.0400000000000016 385.8686719132715 -3121.4999999999804 -0.24279444017574217 2.4926647862945726 0.0046598477124341594 0.13801443718012255 0.99083277515801094 -5622.7500000000764 -4028.7499999999768 -0.0074615431218959518 0.0030590398520713067 -485.79114160410182 0.0036182922267793765 -0.037740209548267116 0.0051050001916172301 9.5000000000000018 0.13268839398925744 0.0029692528583310511 26.521577350425638 1.717422279986992 1.0861483220720076 -1.1849932159573477 1.6620777537724458 0.011828589198531534 73.280403953501803 0.34722222222222227 2.5000000000000004 0.6316500000000006 0.0056131702799264377 1.0707932198954804 0.0036138817331234922 13.500000000000002 3.6139181096811988 1.1436000000000013 -0.0090008410968250834 0.48500000000000038 82.279997275910318
decision_type=10 10 2 8 10 2 10 10 2 2 2 10 2 2 2 2 2 10 2 2 10 2 10 2 2 10 10 2 10 2 2 2 10 2 2 2 10 2 10 8 2 8 2 8 2 2 10 2 10 2 2 10 2 10 2 10 10 2 10 10 2 10 2 10 2 2 2 10 10 2 2 2 10 2 10 2 2 2 2 2 10 10 10 2 2 10 8 2 2 2 2 2 10 2 2 10 10 2 10 8 10 2 10 10 10 8 10 2 2 8 2 2 2 2 2 2 2 10 2 2 10 2 2 2 2 10 8 2 2 2 10 2 2 10 2 2 10 2 10 10 2 2 2 2 10 10 8 10 10 2 2 8 10 2 2 10 10 2 10 2 2 2 10 10 2 2 10 10 10 2 2 2 10 2 2 2 10 2 2 2 10
left_child=1 2 6 9 67 18 12 23 74 11 15 106 13 34 -12 20 40 42 -4 171 -11 22 69 39 31 26 27 28 -20 95 96 36 46 77 -1 -35 83 -22 159 93 -14 -18 43 -15 102 160 47 49 72 65 75 52 53 54 100 58 61 59 118 60 -58 78 87 80 89 -25 -43 -5 140 -6 -59 132 73 -49 94 -48 -77 -28 -57 90 -40 -63 -73 84 91 86 113 111 158 172 -19 147 97 -2 -9 168 -16 103 -69 -100 101 -52 -45 104 124 129 -3 108 -67 134 -38 112 -53 -85 -115 -21 -88 -13 126 122 -114 180 170 -103 145 -82 130 -128 -102 143 -55 -41 133 150 -109 -136 -66 -94 -92 -96 141 -34 -7 152 -90 151 -87 -10 -113 -150 -31 -93 -106 -75 -126 -108 -141 -24 -89 -17 -33 -139 -130 178 -47 -83 -86 -50 -26 -104 -76 -8 -60 -147 -71 -161 -39 -97 -27 -64 -107
right_child=7 3 5 4 21 142 19 8 24 10 14 117 16 17 30 38 41 79 25 115 37 -23 157 32 29 163 33 -29 -30 71 -32 45 68 35 -36 -37 110 176 63 131 -42 66 -44 44 -46 164 50 48 167 -51 51 62 -54 55 -56 56 57 70 64 -61 -62 81 179 -65 136 107 -68 98 -70 174 -72 82 -74 153 119 76 -78 -79 -80 -81 125 165 -84 85 166 146 116 88 144 -91 138 92 137 -95 139 177 -98 -99 99 -101 128 123 169 -105 105 121 155 109 -110 -111 -112 148 120 114 -116 -117 -118 -119 -120 -121 -122 -123 -124 -125 154 -127 127 -129 162 -131 -132 -133 -134 -135 135 -137 -138 161 -140 156 -142 -143 -144 -145 -146 173 -148 -149 149 -151 -152 -153 -154 -155 -156 -157 -158 -159 -160 175 -162 -163 -164 -165 -166 -167 -168 -169 -170 -171 -172 -173 -174 -175 -176 -177 -178 -179 -180 -181 -182
leaf_value=-0.017942683047494298 -0.022279186524697278 -0.0011700479555017611 -0.019029489474623306 -0.0037515706260187196 -0.0071737739299938897 -0.0019541537756289419 -0.00098001286125862642 0.001484693521001752 -0.012820094537995676 0.0063715211074937602 0.023676616906581311 -0.020337691503319769 0.021746318101062888 0.003567218956528007 -0.0057824236334208636 0.019666546324110454 0.0071662756665463352 0.016681788599989825 -0.027394381461192559 0.022541943053749968 0.00079715535189330868 -0.024889839515672554 -0.019310453395133272 -0.0037139103761842391 0.0080864249106083093 -0.0014698501433958394 0.026217182786897868 0.015102511179067682 0.010306942284630968 -7.3426038543902619e-05 -0.022373163996070127 -0.0018605712249486009 -0.023518753889262101 0.013553115370645503 0.011327950871586862 -0.018019804493995446 -0.018508195541690926 -0.035631607240929494 0.016950248075468487 -0.0028762543415460414 -0.0067452323401057078 0.0040159704864138196 0.0013176308557370164 -0.033997922851840133 -0.0026792285923298948 -0.0023533532880619257 0.008762556998403984 0.016499204289657624 0.0033855184025595214 -0.0075498979938752719 0.012566078443149643 0.01632844379356941 -0.012228643639741287 0.014389312272968255 -0.018281933211352564 0.018979145030949548 0.031809030789729069 0.010805263437590916 -0.018883701685972136 -0.005931631418460869 -0.0036160744876161518 0.0069990596016643253 -0.0029125970634279793 -0.023129413533305349 4.814019866205909e-05 0.017874794152343255 -0.028434460241038333 0.0010354803153143298 0.010306896479608373 0.025383440509285475 -0.016384114204851932 0.0075946520400444507 -0.020775194317861307 0.00011738055142987797 0.00043808463096748365 0.0066200731420992748 -0.021989097620123476 0 -0.0081788613831993359 -0.017678841757909129 -0.015982668211734063 -0.0021116165674262464 -0.017525486474554 -0.00079942938037775061 0.0012132954966495805 0.0059778393828113178 -0.010817185171099322 0.022662316123636769 0.0048903225001994382 0.0087281478898906875 0.0049847477361849709 0.010480337319456325 -0.014278170412700391 0.0035417934355770667 -0.00096261386175076381 -0.024596231462862335 0.019007614442592378 -0.0058128412693644518 0.030654240683057991 0.0016760031822664406 -0.00090647339288622863 0.004756959809685467 -0.0066483430078274324 -0.0054773347131677136 -0.0059741782112685419 0.0064064850075465059 0.027614035878419856 0.028154693367708181 -0.0086331390717380128 -0.00093656896389879187 0.0045823708000137494 -0.01649080420396094 -0.013780207855488311 0.02960371206617541 0.0025312571734117701 -0.0026746186929855918 0.0099869089293418926 0.0038941379739213028 0.0023388967274974113 -0.01018538449233544 0.0053289368009760514 -0.012950821624939539 -0.0055429536831812154 -0.016870907294573561 -0.0044659016026221401 0.005719026970497621 0.031990387874941933 0.0052624747807025517 0.0019209408057974287 -0.0034839698052972976 -0.0033723095232137735 0.014627389614984635 -0.0038819677640712603 -0.0030849137037248244 -0.0045415240088600029 0.016443049739632985 0.019722005438990199 -0.0046283506573149263 -0.013263673574731922 -0.0028748912844642266 0.00059421239637790792 -0.00012606231764785333 -0.026248159647101803 0.020356643760969143 -0.010178212244886806 0.030074205248465193 -0.0086642610545004228 0.0033839146098599364 -0.0091012018062628566 0.0079431075623178915 0.019990137954058584 -0.0048518205249259835 0.0080467161878359904 -0.0165171608559086 0.0095130677717893634 0.0035990638636519117 -0.025168183185494419 0 0.0025816420723258049 0.0028256348461891448 0.013153285723807554 0.0083142122285283157 0.025382049435682875 -0.018376866029484185 -0.022506837784925765 -0.020990535811689675 -0.014576791441837123 0.022756511918260676 -0.003463873457401213 0.0044289872492500222 0.017604597785165838 -0.017657288981074763 -0.0023623083186601647 0.0050408627107821078 0.0051903739922244301 -0.0021328135166670246 -0.0069158925250648986 -0.0048281683040492466 0.0022332340945699397 -0.017523876975491279 0.000552970063710578
leaf_weight=3.1339849829673749 5.7827036948874557 2.4885210823267681 3.8436682811006895 2.4027507342398193 1.9116197540424771 1.8413712382316578 1.1937213027849791 3.4998656362295213 1.8524698438122862 2.5066444119438556 5.3149400036782017 3.5484610460698596 4.5933381104841846 1.6413012007251371 2.6223052237182847 1.8152565024793141 2.2899006605148315 3.2114853281527749 4.955268885940308 4.5831282995641214 2.8325527086853972 5.2571480832993975 2.5169398235157132 2.8727564197033635 0.87060175696388187 0.45515454374253783 18.317342996597301 3.9645934365689754 2.1246196376159787 1.4950749743729845 4.352593590039759 1.3421635152772053 2.9162440691143257 3.5432481206953517 6.6461401153355837 3.0026598763652146 2.797695141285657 19.742519870167605 2.0749303894117466 2.4392536263912916 4.4026900455355644 1.8827538117766369 2.5026609394699326 69.488060422707335 3.8106894399970761 2.0809235004708171 4.0114720435813069 4.3246139762923121 2.6216715183109036 3.4566165041178456 2.8323358800262231 3.8651302494108659 2.1354591175913802 5.2668844619765869 5.5688795363530508 2.9519077157601741 11.938988364767285 2.5436933413147917 2.421660562977193 1.8023097617551673 2.1900910073891273 1.6391872093081481 1.8341332152485836 3.8887299527414143 2.4455762151628733 6.2585246413946134 8.8377494215965253 2.807323997840288 2.610167340375483 3.359419161453844 3.2930168425664306 2.2846189178526402 4.3542612623423347 2.2853763261809945 1.2552466299384826 2.4073217427358031 4.7626398382708413 3.5091359978541723 2.3028465565294027 1.9505974221974609 1.8191860010847443 1.9732685862109063 3.6982249980792394 1.5877703637816072 0.91497678775340263 1.6682890476658938 1.8541039926931322 5.7593218050897104 1.8600794449448579 1.9528119033202527 1.035599207505584 1.6569716269150374 1.4313551839441054 2.5340604186058044 1.7995267556980294 6.3464480526745302 1.9984754603356121 2.1747232247143975 15.460469807498155 2.610053705051544 1.5913569182157523 1.1873099543154242 0.93575195781887888 1.7654047273099411 1.4270638804882767 1.2535316282883315 5.3848882233723989 42.627479282673448 4.0521555845625699 3.0525099528022102 2.35217902995646 2.4811183940619257 2.9380194433033466 14.398525802884249 2.6650254437699905 1.6168258059769867 2.2163440072908998 1.2810819456353781 2.6954355388879767 1.2164873452857135 2.4993936438113451 3.5359741160646081 1.3350767791271207 2.6835733996704221 1.8944434644654387 0.92068009264767159 25.096409386955205 3.1932549076154819 1.4321223217993964 1.4942216835916031 2.1564663406461477 3.4478287156671295 1.3205443080514658 1.2531665032729504 2.7820894028991452 4.1255363654345274 4.1063518533483148 1.0677238227799537 1.7929166452959178 2.0574979437515077 1.7413735231384633 1.5521643757820127 6.1488676918670535 5.0817550770007056 2.033361254259944 10.744582757819442 1.7474443335086101 1.3926342790946362 2.0257275253534317 2.0541674122214317 5.9540981231257319 1.2547330334782612 2.0674736816436052 3.490278366021812 1.7150426749140022 2.2228352315723905 10.703860115259884 1.4923310056328771 2.3236662717536092 0.76922570914030053 1.7450808770954607 1.2708479715511201 4.2131039313971996 2.1752066947519779 3.6144446088001132 7.5874850824475253 2.8986700936220586 3.1966577284038067 1.2007315019145606 0.94499285612255335 2.1728677293285728 3.0132461618632078 1.9823022428900001 1.8635865505784757 2.6055233292281628 0.82939669815823436 2.0269489567726842 2.1707723699510098 0.46772410254925401 2.7779875285923481 1.4283650005236266
leaf_count=31 67 37 57 34 35 26 34 39 37 33 67 72 25 37 30 10 26 50 44 64 43 87 40 25 28 15 104 19 38 31 76 21 40 20 35 43 39 291 33 29 43 9 30 1255 41 35 32 38 23 33 26 70 26 60 44 43 163 37 35 29 27 27 25 78 38 48 105 25 30 35 34 27 51 19 16 37 61 33 30 58 53 27 38 26 26 22 25 49 25 15 18 30 23 29 27 104 33 39 168 38 21 21 26 22 23 27 56 280 28 19 39 27 26 212 42 20 31 27 35 33 24 43 22 38 29 13 237 33 23 19 23 36 16 26 23 26 40 18 42 25 19 20 92 96 24 153 23 16 16 35 110 20 35 34 15 28 159 24 43 4 30 34 60 24 61 85 62 26 23 34 59 49 30 18 24 40 39 41 36 30 19
internal_value=-0.000148172 -0.00965892 -0.0141707 -0.00183152 0.00930207 -0.000292893 -0.0198307 0.0066952 0.0012095 -0.00854428 -0.0131434 0.00729307 -0.0219091 -0.0250624 0.00574231 -0.0199341 -0.00644704 -0.0277136 0.00496189 0.00346382 -0.0268904 -0.00811909 0.00328262 0.00953196 0.00429385 0.00842764 0.0114098 -0.00415303 -0.0163938 -0.00593476 -0.00854563 0.00742003 0.0104533 0.0172645 -0.000304399 -0.0021456 0.00952911 -0.0306615 -0.00180289 -0.00568811 0.0098119 -0.017398 -0.0299971 -0.0310332 -0.0319175 -0.00925082 0.0111715 0.0155617 0.00103538 0.0195561 0.00834188 0.00949699 0.0119428 0.0127865 0.00141607 0.0151138 0.00621259 0.0155395 0.0209135 0.0225721 0.0266796 -0.00667969 0.000761823 -0.0111485 0.00446074 0.0212957 -0.0231361 0.0215192 -0.00693021 0.014699 -0.00490367 0.0037077 -0.00829695 0.00105095 -0.0124051 -0.00520001 -0.0133467 0.0225833 0.00854678 -0.00278022 0.00418923 -0.0141751 -0.00865007 0.0112723 0.00694633 0.0177573 0.0206258 0.00490895 0.0126125 -0.00784333 0.00675162 0.00924641 0.011011 -0.0156808 -0.0170999 -0.0178107 0.00849836 0.013201 0.0245588 0.0274366 0.0114013 -0.000193863 -0.0332759 0.014726 0.0161438 0.0058072 0.0190671 0.022578 0.00789546 0.0247754 -0.01036 -0.0021316 0.00496734 0.0244496 0.0265446 0.0173573 -8.19068e-05 -0.0149521 0.0255973 0.0028344 -0.00633037 -0.00591574 0.00910603 -0.0111011 0.0226607 -0.00953938 0.0269789 0.0298985 0.0187067 0.0127191 0.00978452 0.00899041 0.0114327 0.0142247 0.0263211 0.00929132 0.0149881 -0.00715014 -0.00748805 -0.020998 -0.0153081 -0.019062 -0.0229826 0.0157536 -0.00404591 0.0256077 -0.00207622 -0.00769191 -0.0104369 -0.00078568 0.017213 0.00479939 0.00216367 -0.0123618 0.00356322 0.0239808 -0.0229889 -0.0154978 0.0194475 0.0155477 0.00908022 0.00313633 0.0224828 -0.0153541 -0.0188846 -0.0187308 -0.0119947 0.018625 0.0033862 -0.00178179 0.0147617 -0.0155599 -0.015834 0.0282992 0.0217937 0.000511152 -0.0343042 -0.0224665 0.000638161 -0.0155218 0.00541092
internal_weight=700.953 292.72 183.856 108.864 40.4236 54.3489 129.508 408.233 140.891 68.4402 53.5144 14.9258 119.101 97.0942 14.2883 39.2261 22.0064 87.3141 46.3586 10.4069 27.1087 17.143 11.8858 267.342 116.851 42.515 39.4169 11.0445 7.07989 26.5943 8.97337 90.2565 253.138 28.3724 9.78013 6.54591 81.4739 24.602 12.1174 14.2038 8.99603 13.0104 79.3235 76.8208 75.1795 8.78261 244.318 89.5005 20.2729 69.2277 154.818 143.636 111.184 109.049 19.5087 89.5399 38.2228 21.7681 51.3172 15.9314 14.1291 16.4547 32.4521 8.70353 12.9087 65.7711 10.7205 23.2806 8.81995 7.87656 5.83671 16.0057 14.4545 10.1003 24.0404 11.1814 7.16996 21.8265 5.25475 7.9906 4.8148 11.1999 5.98284 76.3241 50.1866 26.1375 22.7218 27.84 11.9764 6.35677 6.04 46.3729 43.1278 8.31676 18.0608 10.5886 4.62078 39.3579 20.8778 18.0705 13.9398 6.70322 71.3688 37.1831 35.4177 16.2884 10.0962 62.8983 10.3107 52.5876 5.14987 15.8636 9.30254 18.6513 17.0636 6.19995 4.07045 4.82954 38.4085 5.97968 5.43741 6.21787 4.76319 3.87088 19.1294 2.73987 35.713 28.2897 7.23658 10.0705 7.42335 5.88708 10.0229 8.70234 49.5351 6.90763 6.55193 3.76993 2.82852 14.5609 6.20978 4.46841 7.99024 8.57629 3.89344 15.5199 3.41573 3.2451 6.56101 4.07989 7.44917 2.9117 3.49454 5.77565 3.60949 7.60772 12.7614 4.00927 8.08299 3.41388 3.08724 2.33857 5.64523 3.09809 5.69537 9.56075 3.81365 5.81833 2.07133 1.88074 3.42811 4.20697 4.40396 12.6082 5.96494 1.59862 21.7695 8.51722 0.922879 4.61212 2.6819
internal_count=9164 4156 2583 1573 510 551 2032 5008 2234 1063 843 220 1865 1657 206 637 208 1591 433 167 406 245 158 2774 1854 376 301 101 82 444 139 1410 2613 200 66 63 1263 373 231 161 68 140 1423 1393 1356 147 2504 673 191 482 1831 1701 1307 1281 233 1048 502 290 546 219 190 212 394 177 158 449 114 265 109 94 71 248 142 91 380 130 98 137 73 168 99 139 65 1185 804 381 336 339 141 80 110 716 663 96 250 196 63 588 231 206 189 85 1315 549 527 262 121 424 76 348 78 198 120 280 254 84 56 99 388 130 50 89 97 59 265 66 353 270 104 173 83 65 183 167 329 49 78 75 60 211 79 60 118 154 49 221 45 53 78 51 141 50 58 53 44 84 184 64 92 54 51 52 83 75 96 112 88 49 51 60 75 83 65 171 59 44 330 145 51 55 46
is_linear=0
shrinkage=0.0323284


Tree=16
num_leaves=182
num_cat=0
split_feature=8 10 1 14 24 14 0 3 16 17 3 0 10 17 1 2 8 7 18 15 22 28 9 18 4 1 3 8 8 4 3 9 22 16 12 0 26 0 19 16 11 27 4 20 24 15 24 16 25 4 0 20 8 16 1 20 5 7 0 10 1 14 7 13 21 5 23 11 26 13 1 9 21 16 18 25 25 25 27 13 3 9 22 11 18 23 18 1 16 15 26 25 8 18 1 27 10 26 13 10 26 7 20 5 17 26 14 26 22 16 3 18 15 20 25 8 26 4 9 7 3 25 21 3 9 5 20 1 28 9 25 20 25 7 20 3 7 15 11 11 25 1 18 22 8 14 23 16 8 5 25 4 5 0 8 22 13 5 21 11 10 25 10 26 26 21 26 21 17 25 23 25 8 18 0 10 9 16 21 4 9
split_gain=39.2268 8.37403 10.2202 9.38078 7.91011 7.76577 7.49705 6.73401 6.20977 7.22109 5.36541 5.21135 5.10926 4.9679 4.92175 4.3485 4.17812 6.57441 5.14011 4.5963 3.91684 3.90411 3.86342 3.8633 3.7636 3.58133 3.58117 3.86073 3.5552 3.82229 3.54954 3.4533 3.44902 3.43492 3.42259 3.24338 3.19238 3.14775 3.13642 5.16595 3.51452 6.58479 4.9832 3.11434 3.15017 3.0094 2.88304 3.0757 3.38845 3.33463 3.00403 3.72096 2.86432 2.84491 2.67537 2.66532 2.60791 2.55008 3.6488 2.59164 2.523 2.48146 2.4783 2.4327 2.312 3.72679 2.99013 2.9626 3.4319 2.81207 2.27554 2.33559 2.26541 2.21941 2.20764 2.05398 2.28234 2.03683 1.9679 1.99173 1.95657 2.3245 1.894 2.23508 2.80269 2.61049 2.2876 1.85718 1.809 1.76454 1.76319 1.7548 2.15077 1.69888 1.68044 1.67169 1.66441 1.65875 1.65328 1.6143 1.59997 2.5039 1.52851 1.48374 1.45657 1.4306 1.41296 1.88607 1.40416 1.36676 1.31622 1.3102 1.28368 1.27421 1.25368 1.23872 1.22614 1.21376 1.16493 1.13631 1.11 1.09265 1.0901 0.990494 0.94084 0.938686 0.924576 0.916965 0.915176 1.13344 0.826322 0.810307 0.809349 0.794711 0.766108 0.73565 0.709633 0.707731 0.702612 0.685476 0.682917 0.645324 0.595279 0.593728 0.543498 0.534109 0.534011 0.519621 0.515744 0.509869 0.505647 0.491746 0.490091 0.484102 0.439107 0.421684 0.411098 0.406211 0.402771 0.386393 0.384095 0.381952 0.37125 0.356879 3.1374 0.568823 0.331361 0.320867 0.45165 0.260438 0.238951 0.186121 0.152436 0.14508 0.139234 0.13865 0.0853111 0.0822731 0.0739655 0.0711331 0.0560946
threshold=-0.23628884605021536 0.32500000000000023 0.082042246012112865 0.012492603041293579 -62.728158020449357 0.024336298161877674 0.15079969291222176 0.019335528137760519 0.0036425689042318779 1.4854097917030586 0.013513267763527405 -0.37799628727230533 0.17499999999999985 1.1264583857958586 0.011998061746566592 1.2135653409090912 -0.10235994364934735 2.5000000000000004 3.5949999999999993 517.9945251781204 0.16160599542179235 0.81666666666666676 -14705.249999999925 -1.409999999999999 0.2678571428571429 -0.067326988104123173 0.036538447914141924 -0.27747726852272542 -0.047501790536802084 0.95039682539682546 0.018087219796971098 -3452.7499999999877 0.15526244444376833 0.0031537989028510099 0.0031681370182180557 -0.37799628727230533 -0.59999999999999598 0.17828361049248034 3154.4999999999877 0.0030590398520713067 0.36468791208791212 2.0167164608774266 0.68452380952380965 4.6590573419142851 -2490.9795814330323 436.0547461226833 -926.20078029136039 0.0054857373732805558 21.76967370846981 0.49404761904761912 0.18954820936639119 2.3940865291430531 -0.054348987755445048 0.009504248101564616 -0.011090640328447142 1.9405355902693529 0.001349830410455666 12.500000000000002 0.045941579183156563 0.10000000000000032 0.075956381784371266 0.024565795950977475 14.500000000000002 0.011221776077903299 0.0085098059145486422 -0.01987748551886109 -0.024976606668740294 0.20002916666666695 0.065599999999999895 0.0084964406511097833 -0.073662456946039054 -4986.7500000000227 0.014591613564587604 0.0016494157257523703 2.9349999999999992 78.383212720855653 67.484667294521827 65.490374843386476 -0.068847177607379975 0.0069324847574253334 0.013194936648205357 -13988.499999999955 0.34570175785148244 0.11453823529411776 1.6149999999999987 0.011612091974755103 -0.89999999999999936 0.082042246012112865 0.0044614364678301774 153.34666664847762 0.45180000000000048 18.50389845623306 -0.046796350079888353 -4.089999999999999 -0.061831329983621557 -0.37675502597209037 1.2999999999999983 -0.24299999999999675 0.0090761683027994772 0.4000000000000003 1.4000000000000015 8.5000000000000018 5.1856911124344771 0.055490652834805039 0.49604091755404989 0.54999999999999816 0.017803815433301711 0.79999999999999816 0.15695114105944288 0.0061503164371320097 0.01095082900578063 -0.45999999999999991 395.10899436401763 5.3041817244077638 50.904305752629234 -0.087063354761323972 0.43389999999999956 0.77976190476190488 -15291.999999999953 9.5000000000000018 0.0099121499061252966 78.383212720855653 0.0081636435957949133 0.0092816043781484853 -13876.250000000013 0.10415280419856245 2.6291777099262066 -0.15999518730519349 0.65000000000000002 -10038.250000000096 44.065915332636045 0.61472042636843272 62.546655488338693 7.5000000000000009 2.0608995453321817 0.034276066174051004 8.5000000000000018 458.42404814740354 0.085202941176470717 1.0625000000000002 92.896162294406423 -0.22267195856937708 -0.51499999999999957 0.12439009344063627 -0.089038867040672084 0.030564900438311508 0.00044544693750481207 0.0050973864570859019 -0.29454258635925828 0.020827107480609345 54.795914985881382 0.259920634920635 -0.031071081510372963 0.035808767951625138 -0.099479065743213566 0.16998743594422497 0.011632216755041671 -0.037428716538621891 0.0094187759740442818 -0.0093384615384616097 0.70000000000000007 70.769754099868678 0.10000000000000099 1.3499999999999963 1.5836500000000024 -0.0064438532801406869 0.5646000000000041 0.0016741541342832902 0.63705008046068434 69.341647392505834 0.0049303583532932524 68.714068534403339 -0.30801061917554917 -1.409999999999999 -0.17317423068730667 0.29999999999999943 -15291.999999999953 0.0033469255985083116 0.0032508511090877383 0.40277777777777785 -6914.4999999999918
decision_type=10 10 2 8 10 10 2 10 2 2 10 2 8 2 2 2 10 2 2 10 2 8 10 2 2 2 10 10 10 2 10 10 2 2 8 2 2 2 8 2 2 2 2 10 10 10 10 2 10 2 2 8 10 2 2 10 10 2 2 8 2 10 2 8 2 10 2 2 2 10 2 10 2 2 2 10 10 10 2 8 10 10 2 2 2 2 2 2 2 10 2 10 8 2 2 2 10 2 10 10 2 2 10 10 2 2 8 2 2 2 10 2 10 10 10 10 2 2 10 2 10 10 2 10 8 10 10 2 10 10 10 10 10 2 10 10 2 10 2 2 8 2 2 2 10 8 2 2 8 10 10 2 10 2 10 2 10 10 2 2 10 10 10 2 2 2 2 2 2 10 2 10 8 2 2 10 10 2 2 2 10
left_child=1 2 4 8 6 70 11 63 10 20 -3 62 95 23 24 54 17 80 35 28 30 128 155 -4 123 -21 27 112 29 46 37 -17 121 45 89 114 53 -10 39 138 41 42 111 44 -32 153 97 48 52 55 57 135 -48 -34 -6 -49 -26 60 59 120 127 117 -1 -8 65 67 -66 68 119 93 71 177 -51 94 -36 76 -24 82 79 109 126 -82 83 85 87 86 -75 180 -53 -9 -31 122 -93 -68 -67 132 158 -18 -38 104 101 139 131 -41 -83 159 137 166 -28 143 150 -40 124 167 -19 154 -62 -44 -15 -37 -59 161 -35 -7 151 146 171 141 -12 -130 -71 -88 -13 -16 -55 -52 -104 173 -25 -69 -110 -50 -73 -79 -122 -95 -80 -20 -105 -89 -29 -14 -132 -30 -61 -22 -112 -33 -72 -54 -78 -11 -96 165 -165 -129 -108 168 -87 -114 -109 -2 -56 -70 -106 -159 -153 -5 -145 -161 -85
right_child=16 3 13 5 15 14 7 34 9 32 21 12 26 118 133 31 19 18 147 25 22 -23 75 38 56 -27 108 110 33 90 43 157 36 91 74 64 98 -39 40 103 -42 -43 61 -45 -46 -47 47 49 50 72 51 88 105 134 172 -57 -58 58 -60 115 116 -63 -64 -65 66 73 69 100 106 130 96 142 -74 77 -76 -77 160 78 125 -81 81 99 -84 84 -86 113 102 149 -90 -91 -92 92 -94 145 162 -97 -98 -99 -100 -101 -102 -103 136 148 174 -107 107 170 140 -111 156 -113 169 -115 -116 -117 -118 -119 -120 -121 144 -123 -124 -125 -126 -127 -128 163 129 -131 152 -133 -134 -135 -136 -137 -138 -139 -140 -141 -142 -143 -144 178 -146 -147 -148 -149 -150 -151 -152 176 -154 -155 -156 -157 -158 175 -160 179 -162 -163 -164 164 -166 -167 -168 -169 -170 -171 -172 -173 -174 -175 -176 -177 -178 -179 -180 -181 -182
leaf_value=-0.016063256074271896 0.014541204423767655 -0.018457188983250796 -0.018131324701646686 0.01811169413873312 -0.022868685675109451 0.0045443317669276208 -0.0058907255769807595 0.016044764553404409 -0.017738900432316351 0.0060732325099089038 0.0016884579682567384 -0.0044359285487591219 0.0024889030529481031 -0.023217538188017861 0.00021601289463291283 -0.012590498553384047 -0.016896710889245773 0.0043016054196180278 -0.0011713210729694364 0.0087104174614731425 0.020413954902740141 -0.010543269786353962 -0.014146093305001472 0.020272958432859388 0.024407237733940514 -0.021666224852946038 0.0089551167188716817 -0.0041490758150368274 -0.026146377795684801 0.0071064459419931184 0.003913224214017675 0.0023775136979655191 -0.013637616571419011 -0.012342499447682695 -0.028415413312220028 0.0039428738487110385 0.0051381025647590376 0.014958649144479599 -0.00040019099929011564 -0.025474988914405996 0.024974223700037809 0.021130336559948348 0.0059084545895330184 0.005348218863035663 -0.035317380829013353 0.0077566110334398603 -0.018059868770178161 -0.013901213606751617 0.012694903160645126 0.02963302639588241 0.001010626214734136 -0.019107871364853951 0.0001848053370150838 0.023468748345410559 -0.00083856719365522784 0.014587730623480864 -0.0058291340618847054 -0.005367627984795403 0.022713109817162968 -0.0062691263851679746 0.010100519945753708 0.021603883311673282 0.0087890437872272468 0.020383182056268496 -0.0092532449282079349 -0.017275460661227465 -0.0005617169939130174 0.010134082778533534 0.0022257685264253035 -0.010663341356150654 0.032014623417925638 0.0026014919156756174 -0.00040818723568887647 -0.009144310004151078 0.0021996067148006772 -0.023734981529206466 -0.00033150000427774887 -7.9027342113606447e-05 -0.017813086341362725 -0.0086901064668561002 0.0090952657631072128 0.0022307363385479727 -0.0061557889596948068 0.0053413620874958306 -0.0064589676508001502 -0.00017711593410267546 -0.0010831150896263152 0.0088835798658890922 0.0040613062971369737 -0.010166415623682583 -0.019626956288087558 -0.003292859388688155 0.023787352507829027 0.029128281324453283 -0.0026356895552406283 -0.013004464190245533 -1.1948550794704547e-05 0.0068000727460307206 -0.024991616368175078 0.00076457964503941808 0.0049571807125018963 -0.026833008693655808 0.0082459792874075045 -0.0068356653641090748 -0.0045888698283093297 -0.0068824297034314154 0.00039772330435132106 0.015132937496057632 0.002897833137079467 -0.0049392242891902992 -0.015104516060974535 -0.02801680777280631 0.0039643332303197993 0.0090447092116856653 -0.018850425110891932 -0.02119358647946426 -0.0096018349869843363 -0.015809912416929341 0.0026416162421612627 -0.017178676940769522 0.00028615716409221463 0.023474122977100033 0.0074626372681152577 -0.018272098198086326 -0.035256080784385864 0.0049520199758055971 -0.0071108482270806151 0.0023554663417443972 0.031367118319722553 0.0017916879447555138 0.011266060974706654 0.02428746909065788 0.015733708482267513 -0.026956576147475191 -0.00083510469848938561 0.022481428535270929 -0.0086633533390248398 -0.0012742203633868132 -0.0012757350785518175 -0.0064929702790330812 -0.016581013773337303 -0.002615524593303881 -0.015709511890811149 0.023934313940579689 0.018472951019426583 0.0041041412575395092 0.00029334266952808465 -0.020622171667556154 0.0086811014019616151 -0.0054438771836108077 0.012449971607185393 -0.015080601775046163 -0.003617842696611335 -0.0014955212453443359 0.0072555716423570553 0.0001859611607004909 0.0015930432581829784 0.026865126978749668 0.0056145039807907341 0.0031741739067620814 0.017153619397777802 -0.0069044740261128721 0.011388692401272721 -0.0080497977677505602 0.021923172398788056 0.029222463424889832 -0.015703291118116115 0.0004957696782797714 -0.017809269782764727 -0.0072424292931258906 0.00030374749070942838 -7.9993022251751322e-06 0.011727948044408017 0.023136582866495968 -0.027811993857337913 0.0047510957888387169 -0.00065090440377060137 0.002713544372066608 0.0032209723956132075 0.018369155492654905 0.031899645902784018
leaf_weight=3.4952516704797727 1.6885404335334926 2.9706526841037002 4.1961575141176573 2.0872460594400764 4.5102777676656842 1.157899079844358 3.5088380835950383 2.5489553231745985 2.2831051759421852 1.284539472311738 2.2836721111088965 1.167123469058424 1.2838742276653645 7.1916662594303489 1.2208812301978458 1.6068402016535408 2.1937658973038197 2.0493779126554719 2.3367703892290583 4.8846766585484147 2.1035226946696635 2.3640844076871881 2.3699723826721293 2.5709158889949304 6.2434816190507245 5.1385560818016511 2.5826424714177838 0.92872995045035933 4.3011687099933642 2.0230642603710285 1.6030222997069419 1.9516267436556516 1.4331081956624991 2.9670617794618002 9.7415794823318702 2.2920729257166412 1.1193836731836171 3.0156546952202916 2.3743900712579418 5.4132707407698035 9.4105591624975187 9.3404406886547786 2.6199689824134103 1.4781019128859032 21.762496533803642 3.0427370686084032 3.9290978345088652 2.9515210799872866 3.2341882660984993 29.718738654628396 2.7572534400969717 5.2162974756211042 2.1646346151828757 2.7892582127824426 0.69234541477635503 3.8059501014649868 2.6255059186369181 2.504664484411478 5.1870295163244 1.2038133144378664 3.3214693497866383 3.0570376515388489 6.9378492832183838 7.888100686483086 2.2260009571909931 2.5919029945507646 2.415744533762342 1.727642467245458 1.2275296775624136 1.5752722760662425 12.538283951114865 1.4464995339512827 2.7287757080048314 1.6159270433709032 2.4159637689590445 4.4853290426544845 1.5205983230844142 1.3959620501846073 3.4662549598142496 2.4673860212787995 1.4747188249602938 1.5577961346134568 2.483956084586679 1.7157779103145063 1.6410902943462122 2.1262563541531545 1.1036955900490308 1.7833459768444293 4.1452013291418552 1.6598746636882422 2.5879534184932709 3.3881743820384145 5.8821864221245033 15.731764608062795 1.4038695953786366 1.6480045542120922 2.1982217933982602 3.7241394240409127 4.4307215511798859 3.3395839007571331 2.3784443065524092 6.1417035339400172 1.4577374327927839 0.8441947246901691 1.9196201004087967 3.1565273604355752 1.5206843744963401 1.9530080100521447 1.3344491515308616 1.5071587627753613 6.1615457921288908 5.7681338749826043 1.0294971819967025 1.897054638713598 3.5199601259082556 4.0177201256155977 2.8580351881682873 1.8870359268039463 1.3715591062791626 4.5992730623111129 2.4850486638024449 4.5209797099232674 2.1280467137694359 3.077706397511065 57.253346692305058 2.0089192902669311 1.53406944591552 1.5358622893690981 6.9306025076657525 2.088969822973012 2.2629305617883801 11.328156336676328 3.1545391459949315 4.6327171921730042 1.4042201153934 2.8716020509600639 1.8999851047992704 1.1851983312517402 1.5763020217418668 1.8032401627860961 3.0071445270441473 3.234589995816342 2.0947621725499657 5.068234046921134 3.2551762722432613 2.3007673388347127 2.0688366433605552 4.3064677556976676 1.1976039018481972 1.8183838287368415 1.3365344586782155 3.386450575664639 1.6221402287483218 1.4572437871247528 1.9242788925766943 1.4411443332210181 1.0603842232376335 4.9363446692004764 2.4371529854834071 2.2331248573027542 1.9567606439813969 1.1514621675014494 1.6540871253237126 3.4894362539052945 6.23063999786973 25.759358272422123 1.792217783629894 1.8118667704984543 2.8025082144886255 1.0423005358316002 1.6588279679417608 1.0727382553741334 0.96706886403262859 6.0182746052742004 10.131366230547421 2.1896688248962164 0.84449642524123225 1.9919168977066872 1.4704852458089588 3.1194665702059865 14.513623607810588
leaf_count=40 38 63 67 14 80 23 39 26 36 35 33 37 15 108 36 38 33 25 17 30 17 43 60 43 63 57 22 11 66 25 27 30 15 42 125 37 20 29 18 88 42 41 23 20 342 29 53 25 20 232 27 49 20 53 35 29 39 28 50 15 24 7 36 38 42 27 27 36 27 21 140 15 27 20 12 94 35 19 45 41 33 37 34 21 21 29 41 22 29 52 23 29 45 215 21 32 17 37 84 40 39 86 22 27 24 40 30 26 29 17 130 69 28 21 42 42 27 28 25 49 26 73 18 54 1075 33 32 12 70 42 25 187 58 63 19 17 28 21 39 31 44 30 35 98 30 37 39 70 27 24 47 98 29 24 41 42 31 79 34 27 24 12 40 25 47 230 16 29 35 16 22 23 16 116 124 34 11 35 29 23 209
internal_value=-0.000135532 -0.0082309 -0.0122355 -0.00149911 -0.0168252 0.0100207 -0.0195558 -0.00408265 -0.00805404 -0.012623 0.00822499 -0.0236568 -0.0261471 -0.00080654 -0.00513671 0.00335049 0.00724769 0.00352904 0.00602874 0.0106224 -0.0192736 0.0166345 -0.00374063 0.00344327 0.00619216 -0.00843197 -0.0281861 -0.0301879 0.011876 0.013662 -0.0252769 0.0142948 0.00402041 5.48755e-05 -0.0160344 0.00745362 -0.00670123 -0.000562971 0.0065634 -0.00657698 0.0111938 0.00356437 -0.00882946 -0.0298145 -0.0324572 -0.0130739 0.014629 0.0155684 0.0118031 0.0233854 0.0141844 0.000784515 -0.00213866 0.00830454 -0.0138844 0.00162214 0.0163262 0.0168668 0.00591397 -0.00291516 0.0207075 0.00838212 -0.0014756 0.0127984 0.00851961 0.00603482 0.0164256 -0.00261369 0.00435365 0.0194841 0.0208147 0.00372404 0.027308 0.00992742 -0.0231906 -0.0130906 0.000908692 0.0115172 0.00212039 0.00932987 -0.0115347 -0.0155955 0.0147882 0.0162373 0.0235285 0.00812847 0.0144455 0.0266205 -0.0105273 0.00575596 -0.00987341 0.00910289 0.0156926 0.0242566 -0.00650533 0.00174226 0.0264604 -0.00498985 -0.0192545 -0.0189518 -0.0135639 -0.0182431 0.0181006 -0.019725 -0.0229649 0.00673625 0.0121206 0.000307162 -0.00373989 0.0151394 -0.00743338 -0.0225385 -0.0329586 -0.00507971 -0.0119415 -0.0140553 0.000786745 -0.00610534 -0.0194945 -0.0111753 0.00803905 0.0177262 -0.00437519 -0.0127746 -0.0337618 -0.00858655 0.00503171 0.0232621 0.0234899 0.0269651 -0.00086874 0.0222792 0.010712 -0.0233147 0.0186375 0.0164303 -0.00082549 0.0188515 0.015231 0.00260903 -0.0119498 0.00679499 -0.010632 0.0193195 0.01373 0.02714 -0.0135404 -0.016582 0.00195847 0.0025036 0.00722274 -0.0105214 0.00625648 -0.0228707 0.00145234 0.0164171 -0.0129134 0.0212635 0.02962 0.0128472 0.0131585 -0.000478386 0.00695257 0.0252927 0.0118676 0.0281607 -0.0118855 -0.0108187 -0.0134768 -0.00264368 0.0118695 0.0120187 0.0094363 0.021504 -0.0260042 0.0239146 -0.0138354 0.0153679 0.0220599 0.0158347 0.0305585
internal_weight=678.859 323.635 201.091 122.544 142.272 43.7523 125.417 27.7633 78.7914 62.1534 16.638 97.6542 87.2211 58.8192 18.9582 16.8542 355.224 172.466 149.748 182.758 44.0197 13.6673 13.8773 50.256 13.1046 10.0232 81.2514 74.3272 172.735 149.568 30.1424 10.6845 18.1337 23.1666 16.3664 143.105 11.1767 5.29876 46.0599 11.6023 34.4576 25.047 15.7066 24.8436 23.3655 8.80115 144.957 139.04 99.8345 39.205 85.2317 14.9904 14.6029 5.62659 6.16969 6.75747 8.86899 70.2413 20.5777 15.3907 49.6636 7.56404 10.4331 11.3969 137.535 109.401 28.1346 34.2981 22.2471 25.9086 24.7941 7.62042 32.4475 75.1025 12.1575 10.3327 5.84733 69.4526 19.4532 11.9092 22.7184 18.4231 49.9994 47.5154 21.4722 26.0432 17.4055 19.8311 9.3615 4.20883 4.61102 14.3655 9.27036 20.4483 5.64986 5.96967 17.1737 5.91791 5.55011 16.9484 12.051 9.67259 15.7896 7.45507 13.6088 10.6738 15.3557 6.92474 6.92424 9.44184 9.48719 8.14252 64.84 8.63769 5.56934 7.14581 6.1795 4.507 8.56323 6.89135 8.24489 6.95698 5.09511 4.23561 62.7682 7.54401 4.29535 43.4841 11.3032 9.01957 5.46034 12.4319 4.32166 5.8536 4.19348 5.62886 3.35772 8.431 4.14722 3.53088 4.34159 6.46878 3.54126 7.93468 5.74022 18.0325 5.53509 6.64324 2.0418 3.60173 2.26526 5.51482 3.88507 5.75841 3.12809 3.54467 7.22193 9.07764 14.9754 7.51723 3.47736 2.436 3.05796 37.0153 9.72008 27.2952 3.3129 6.74063 4.92876 2.0718 3.61184 2.76128 1.65941 7.2458 12.051 7.12601 4.23095 4.07916 6.53872 5.35259 16.2294
internal_count=9164 4872 3016 1856 2364 568 2052 292 1288 1037 251 1760 1684 652 278 312 4292 2589 2238 1703 726 188 272 519 179 87 1557 1462 1616 1363 454 181 311 253 215 2151 191 65 452 224 228 186 145 389 369 119 1315 1245 932 313 769 122 163 87 131 54 102 647 232 182 415 58 76 77 2084 1688 396 536 344 354 290 99 259 1152 137 213 119 1064 321 204 351 258 743 709 297 412 298 276 78 78 48 134 74 279 88 127 191 70 104 225 192 153 278 142 185 110 258 94 95 163 219 87 1243 114 67 98 51 51 133 86 84 120 60 77 1199 117 93 364 145 112 75 228 95 99 72 44 50 164 82 67 73 50 50 146 56 252 84 87 54 46 58 124 54 90 56 59 161 143 174 70 59 47 61 314 72 242 46 93 64 44 48 61 51 143 148 113 109 49 127 50 230
is_linear=0
shrinkage=0.0323284


Tree=17
num_leaves=188
num_cat=0
split_feature=8 10 1 14 14 17 25 15 0 27 26 16 0 13 9 12 22 18 12 18 12 0 16 9 18 9 11 27 8 18 6 4 7 4 20 26 22 16 5 13 2 14 16 7 23 22 20 18 18 11 2 23 5 20 17 13 17 3 21 8 0 21 3 25 18 22 20 26 13 8 23 25 23 27 1 22 8 21 25 16 25 27 3 12 8 1 8 6 0 6 14 25 9 14 8 15 14 22 1 14 18 13 17 19 14 20 0 22 8 13 15 21 8 0 27 18 25 16 13 16 26 14 9 25 18 25 22 5 5 26 21 13 7 14 21 3 6 10 14 0 11 14 8 14 2 2 22 11 1 18 9 20 1 14 7 23 14 18 20 11 13 11 23 22 25 2 5 1 8 26 18 26 15 25 13 14 8 11 2 4 17 20 3 5 7 0 21
split_gain=33.2822 8.37777 11.2219 8.00498 6.57827 5.91076 5.78261 5.03288 5.61478 5.10183 4.8653 6.10967 4.75815 4.63239 4.59369 4.33947 4.33211 4.04251 4.04225 4.00644 3.96607 3.78265 3.59788 3.56592 3.6973 3.29528 3.75197 3.97022 4.83339 4.70835 3.29404 2.95681 2.83237 2.73785 2.70493 2.51739 2.52721 2.48944 2.42038 2.37014 3.99573 3.0109 3.20234 2.63326 2.60819 3.76541 4.64799 3.29282 2.58986 2.30881 2.28766 2.26089 2.25072 2.24714 2.24272 2.12671 2.08736 2.28664 2.08478 2.15558 2.07647 2.06613 2.04774 2.02135 2.00276 1.9068 2.46703 1.95406 3.30952 1.89485 1.89223 1.87884 2.1065 1.86452 1.85306 1.81148 2.93924 1.96678 1.79086 1.78513 1.76772 2.33991 1.76623 1.71639 1.67354 1.63727 1.58538 1.57261 1.56543 1.59058 1.66568 1.54666 1.75879 1.54054 1.49363 1.47462 2.13058 1.42066 1.5476 1.41355 1.4134 1.7625 1.41207 1.34453 1.33028 1.29431 1.29404 1.29306 1.27414 1.23339 1.18268 1.14681 1.13733 1.13548 1.11376 1.10062 1.0671 1.06709 1.06297 1.02434 0.987082 0.973309 0.972249 0.938482 0.899124 0.869945 0.83645 0.762086 0.720898 0.719841 0.714572 0.708038 0.70789 0.707051 0.701901 0.698609 0.690158 0.679937 0.633911 0.627928 0.612637 1.2044 1.12709 0.831932 0.610036 0.605113 0.567146 0.658606 0.539252 0.520068 0.51182 0.493087 0.488481 0.487013 0.486356 0.463066 0.460758 0.459402 0.445624 0.443547 0.433614 0.420506 0.376526 0.340457 0.32535 0.284695 0.254755 0.243592 0.250722 0.23439 0.234337 0.23262 0.232437 0.212005 0.167498 0.163135 0.152713 0.135704 0.118026 0.0876245 0.0710291 0.0703484 0.0583411 0.0522549 0.0494102 0.0406385 0.00717603
threshold=-0.26689833809417174 0.32500000000000023 0.082042246012112865 0.012492603041293579 0.024336298161877674 1.1264583857958586 68.135956589218651 398.70954956046575 0.1698792687095059 0.44431297244560103 -0.6750000000000006 0.0036425689042318779 -0.37799628727230533 0.01016970660267596 -10038.250000000096 0.01143574017708209 0.1018064156010209 -0.20999999999999994 0.0037045177530366964 -1.409999999999999 0.0074959821459681161 -0.099019519923474617 0.009504248101564616 -166.9999999999927 0.37500000000000006 -1266.4999999999952 0.36468791208791212 2.0167164608774266 -0.2837512088286962 -0.96999999999999964 0.88690476190476197 0.64880952380952395 19.500000000000004 0.43452380952380959 3.4106495910674801 0.10000000000000055 0.13681141589265705 0.0028361901479655514 -0.068443649419472216 0.0023642641444013512 1.2135653409090912 0.028757886165014752 0.0025479507542305645 1.5000000000000002 0.023919721300463163 0.33825117353485051 3.9767647738183793 0.42000000000000087 4.2250000000000005 0.22499999999999984 1.2175748886271702 0.021279129262615774 0.0085270492771303292 2.2311697736859597 0.91853462557432441 0.0034722904175842674 0.73641541345300754 0.050061403121075043 -0.011693160138542822 -0.15734332254984693 0.12784066168861022 0.0057284958544158169 0.042617027086401131 106.18186204603502 1.5199999999999989 0.15646763405978867 7.3623445799811842 0.099250000000001407 0.0084015598944114298 -0.102998938130876 0.022198580551121231 19.141687333232827 0.01499710579426783 2.1337077538320135 -0.16088165292135817 0.1503990050315491 -0.14336232106053162 6.4382389724282354e-05 79.162803210255007 0.0027098202833216053 55.9312653465851 2.0459887861529737 0.03825638328844666 0.0048385631650864772 -0.050450472373283366 -0.073662456946039054 -0.48897149479812274 0.39880952380952389 -0.14826718571066536 0.91071428571428581 0.026123651109530677 35.970986698528009 -6383.0000000000209 0.0072531188719956044 -0.32023107167675918 458.42404814740354 0.014653609795063973 0.21289255182981212 0.27808183920575619 0.060628711012659244 -0.51499999999999957 0.0038077513857919048 0.54009111836777823 11583.750000000002 0.0084784845107827456 1.7187029538450219e-16 0.20998055216020031 0.12286347771481496 -0.14950950948575789 0.0044496913374696316 425.81743974370534 0.016383561211331336 -0.09714808957850872 0.019682979481764899 -0.35076120832377705 -0.24500000000000097 24.323108857802207 0.0025971294341300593 0.0069324847574253334 0.0043009235721987544 1.0766499999999974 0.021698918077447952 -11352.499999999947 84.628319403339788 0.42000000000000087 104.70808662759443 0.15299911058581919 -0.058339374141219306 0.14771733429093284 0.90405000000000169 6.4382389724282354e-05 0.011709758251427489 2.5000000000000004 -0.012962937585197924 0.0064217148671869015 0.012447782256881911 0.9027777777777779 3.8499999999999996 1.0000000180025095e-35 -0.19527624575279209 0.20002916666666695 0.0072531188719956044 -0.2028905904913981 0.017662890913079283 1.0100244037794324 1.243597741792851 0.3238299173908149 0.50461250000000002 -0.26163580608789888 -0.16499999999999912 -9205 9.2671508444343136 -0.038773610549340469 -0.0094699134521643285 3.5000000000000004 0.01081232704398394 0.024722030330195727 -1.0400000000000016 1.950297688368025 -0.14999999999999988 0.0052579806052889255 0.10998920454545454 0.0019549968869172489 0.13830403904578156 20.248722008619033 1.0437244184330201 -0.0052399008902267443 -0.20824809053182683 -0.45695332275418293 0.77510000000000201 0.99500000000000022 0.6316500000000006 159.42933860479266 63.621278998056944 0.0053090172211508911 0.021698918077447952 -0.27042427342741482 0.026696832579185557 0.9142826229125196 0.17261904761904764 0.58356755722229769 3.8629813356609719 0.02925571635579655 0.096812376759971799 7.5000000000000009 0.062595742586012651 0.0038636767502207019
decision_type=10 10 2 8 10 2 10 10 2 2 2 2 2 10 10 10 2 2 10 2 10 2 2 10 2 10 2 2 8 2 2 2 2 2 10 2 2 2 10 10 2 10 2 2 2 2 10 2 2 2 2 2 8 10 2 10 2 10 2 10 2 2 8 10 2 2 10 2 10 10 2 10 2 2 2 2 10 2 10 2 10 2 10 10 8 2 10 2 2 2 8 10 8 10 8 10 10 2 2 8 2 10 2 10 10 10 2 2 10 10 10 2 10 2 2 2 10 2 10 2 2 10 10 10 2 10 2 8 10 2 2 10 2 8 2 10 2 10 10 2 2 10 8 10 2 2 2 2 2 2 10 10 2 10 2 2 10 2 10 2 10 2 2 2 10 2 10 2 10 2 2 2 10 10 10 10 10 2 2 2 2 10 10 10 2 2 2
left_child=1 2 7 10 38 19 16 8 12 33 22 14 50 18 93 30 70 87 82 -4 78 171 34 24 35 26 27 28 60 -30 64 120 39 -10 85 166 115 121 -5 40 52 169 -43 58 45 48 56 49 65 100 124 125 74 106 182 -48 139 134 -41 119 -21 88 123 103 99 75 67 109 105 -50 91 -34 97 163 84 80 129 112 -6 -51 81 95 -13 152 -18 -3 -40 156 -54 90 102 -2 150 173 167 116 160 98 155 148 118 -102 -90 114 -16 -69 -11 -31 -83 -67 157 126 -78 -23 165 117 153 -37 -46 -60 -22 -25 -53 183 -1 132 -74 -119 -56 133 -123 158 -38 -77 -58 -85 -29 -24 -94 -47 142 -142 177 -143 -125 -79 147 -39 -14 -103 -93 164 -82 -45 -7 -73 -17 -61 -70 -144 -97 -98 -159 -64 -76 -15 -8 -88 -169 -42 185 -9 -146 -12 -19 -124 -150 -118 -75 -135 -155 -107 -20 -26 -132 -111 -167
right_child=6 3 5 4 20 154 23 21 9 53 11 13 15 63 104 17 32 174 54 25 31 113 137 37 62 -27 -28 136 29 107 -32 -33 71 -35 -36 36 51 146 86 43 41 42 -44 44 47 46 55 -49 69 79 -52 122 61 -55 128 -57 57 -59 59 110 -62 -63 73 -65 -66 66 -68 68 131 -71 -72 72 111 178 151 76 77 145 -80 -81 83 108 -84 135 -86 -87 94 -89 89 -91 -92 92 138 -95 -96 96 161 -99 -100 -101 101 149 -104 -105 -106 181 -108 -109 -110 170 -112 -113 -114 -115 -116 -117 140 127 -120 -121 -122 130 175 144 -126 -127 -128 -129 -130 -131 184 -133 -134 179 -136 -137 -138 -139 -140 -141 141 143 159 -145 172 -147 -148 -149 176 -151 -152 -153 -154 180 -156 -157 -158 162 -160 -161 -162 -163 -164 -165 -166 186 -168 168 -170 -171 -172 -173 -174 -175 -176 -177 -178 -179 -180 -181 -182 -183 -184 -185 -186 -187 -188
leaf_value=-0.019504102111270242 -0.020441134657954291 0.004468921989109885 -0.018470684188767926 -0.0054097283730379008 0.004524930185152428 -0.0018362863569294538 -0.012298781027731869 -0.0003707834400135246 0.021843231643682952 0.00062220079903355129 0.00354124127187859 -0.0079684714029904079 -0.0049017048789582332 -0.010373484620432196 -0.020426564031555933 0.021238944815985553 0.01352315085896061 -0.00093351000519162645 0.0076163420376599983 0.023835313773885279 0.020574450176156417 0.020963392627307318 0.025470315658548605 0.011375500163905214 -0.021495565321098781 -0.015201798202183554 0.025102481694191877 0.0045818541639646064 0.012123834699697749 -0.0019600232975086405 0.003135920227494174 -0.014089042397404192 0.011769415144221078 -0.006006540932475048 0.013944147576620885 0.0065393432160273891 0.0022917958912504581 -0.026533155883241937 -0.0021930509121793618 0.012237553658052038 -0.020358228148841251 -0.011053871690863774 0.020983339445820617 -0.0066771358932180896 0.02318783595557853 -0.0023849128139575978 -0.0049434065763232756 -0.019386627321822628 -0.017035857127527945 0.0080128898457066944 0.010919612929530212 0.0094222194222687954 -0.0032652452249677731 0.0066575934522154195 -0.025575534020129874 0.022529684903633308 0.016217914547599365 -0.015685315399610097 0.014121985888980483 -0.00095930592043256776 -0.0066510662122118017 -0.0091514587928580166 0.00026436575952546479 0.0037037685776307519 -0.0036013950810887194 -0.010871982198149575 -0.0072333211144069171 0.00094479158027636217 -0.011111908393122438 0.0092339701535919163 0.0095182661451418734 -0.024888383002665923 -0.0025408410258553589 -0.011241811785061586 0.0070174374426538039 -0.00082577144202404355 -0.0066289437492837982 -0.019194855765999476 -0.02504103078561163 -0.0187892891872742 0.0020232520512646181 0.0082670211047736978 0.019533201607856952 -0.0025450665066774686 -0.010640530247846645 -0.022829765121688477 0.004595815738253033 -0.0084191629872325639 0.0019492744435013281 -0.0022380072350660666 0.00073529151255441016 0.0013737280861545081 -0.0022712548760432331 -0.0037203936681665458 0.00084743490063682 -0.015355845726414323 0.0008188466729820925 0.0038069000686592027 0.0040268286127864723 0.0012852466770768376 -0.015202007846299843 -0.0023776388866906689 0.027830337067076952 0.00067648914837120633 0.0051137695796676479 0.030460939910950745 -0.025794399409594548 -0.028529955865677997 -0.014681220261474818 0.0016815853415151987 0.0025387574216789309 -0.0075787457615500899 0.013477859966499466 -0.0032459594327971966 -0.035022241044925316 0.0095729197450899767 -0.0016420212330245359 0.0015184313597080932 -0.0010694205829463513 -0.005947421708298639 -0.0016207151713886648 0.00605081928948262 -0.012516289851905617 -0.010055943330924143 0.0020925346743203036 0.00015848143704176587 0.019155098449067459 -0.019281039488689228 -0.00094809732417176448 -0.0026430681715811453 -0.0012406422571806083 0.0092547633353312463 0.027195112099698913 0.0021902885117864716 -0.001640658519461549 0.017614288847015235 0.023636165009926748 0.00098005630305768288 0.015995421483925965 -0.026456908401368311 -0.0052859785425940506 0.020108510000131214 0.0023215510907473214 -0.00023437616083501334 0.0079321514379336062 -0.00051984113012806051 -0.0027993898225002686 -0.0014551592926471575 -0.033290634026227207 0.014590065659370712 -0.017052633963088305 0.0059831447604269125 -0.012590583954566543 0.00026367933069581828 -0.024736513530979391 -0.0022882305553439831 0.0011384975395655245 -0.024804060867545222 0.0030554996595861289 0.026696129204597328 0.00043228924666411685 0.017520709419607101 -0.002393926429175556 0.018104281969127365 0.029379474024552474 0.0023481802278387128 0.00069323720358159242 0.0086011479696706406 0.033683450479959458 -0.0028467326153040458 -0.00016735179834700037 -0.017422257725413927 -0.0025145117790896566 0.025710469283799792 -0.022345076847407119 0 -0.0034146139120851036 0.0061625348417698837 -0.00059452534476583669 0.020783521043117762 0.0089217216792156512 0.0067262247157816165 0 -0.0032389655393416992 -0.012665918419631972 0.014368323069129678 -0.00014805916957710301
leaf_weight=2.6354796364903432 6.1666288170963544 1.8706148061901329 3.5510312253609291 2.1875427765771773 1.5425767078995729 1.7798042707145203 2.6602830425836146 1.1751225758343937 5.2251300979405659 2.1114997565746298 1.8583974726498107 1.2216155184432853 2.1066693142056385 1.6921996660530596 3.4507037783041588 2.7370306956581771 2.8062271922826767 0.76210529310628583 1.1593208285048588 3.4582905201241374 5.4631487280130369 4.4547025673091394 4.1598433572798967 2.4370041424408582 5.8352553211152571 2.7072016391903153 9.6322230976074916 5.5137154310941678 2.9169727787375441 3.0096261948347145 2.5359430313110343 1.8565555410459635 4.4656916661188033 4.2662586346268654 1.7353825978934763 1.4740893794223664 2.0666528842411962 7.2784754950553161 1.7724676541984106 3.5102358646690872 2.2818027217872423 2.5866488963365555 4.6475164107978344 1.2153495270758865 5.4179138434119558 2.244163990020752 2.8092941520735604 4.2264060750603667 3.0086673451587558 1.7574819792062033 4.7423088774085045 1.4000171972438691 4.4357388783246341 1.9792500417679537 5.4103189413435757 5.1969238938763738 2.9037713473662734 2.2289823070168495 2.677190092857928 1.6406713714823116 1.6193115129135547 2.9605327672325066 1.5352330543100823 1.2439693063497532 3.7830244060605756 1.5444931238889683 1.9011059841141094 2.0618727062828865 1.9733653576113277 2.134029295295476 2.8046190505847326 6.2614108193665761 1.5913072451949108 1.6873534321784975 3.4518257449381116 1.8811426907777784 2.3790084160864353 5.564005693420766 5.5425799041986465 2.9488355778157711 2.1643762867897749 1.5011136271059515 4.6274158759042621 1.4673564680851998 2.268970498815178 3.9014636194333416 1.8591763945296467 1.2052632281556723 3.3048919532448009 3.7209849618375292 4.5855660382658341 1.5144092459231626 1.8389046452939513 1.8040118031203745 2.5160127310082343 1.6014083595946411 2.5665876008570194 2.9066158919595173 1.79268118739128 1.0505488892085768 1.6726039256900564 1.5435249730944633 10.451800309121607 1.2658446729183186 1.3641785848885772 23.609899860806767 8.0518820593133551 7.4453454054892063 2.2104469984769812 1.4469053354114296 2.3401078945025811 1.4172157244756816 3.1336969109252086 1.5649729780852792 15.532861704006796 2.2325507709756511 2.2930419361218815 1.8888011770322917 1.990749900229275 1.9993827631697056 2.0745673086494207 1.2427414208650587 1.4578024102374905 1.4777517090551553 2.0457161962985992 1.7274995483458031 2.5330331027507782 2.8301576115190983 1.7907595336437223 1.5939910174347449 1.3860434419475498 2.0960560301318765 11.61018254701048 1.2392737618647531 2.6298168879002333 2.0557516925036907 4.5200377143919468 1.769299319013953 2.1470708129927516 4.1787831811234373 2.8154607284814102 3.4317554030567408 1.5593726877123106 2.8630502056330442 2.3812727704644208 2.5481419432908297 2.7598630320280781 1.7149888128042219 58.105400725733482 1.9639421859756112 1.798843465745448 3.5454274974763385 4.3370372001081687 1.5816816538572305 5.7157721458934247 1.92820902261883 2.0228449543938041 5.0980240423232273 1.9142447523772714 21.891494960524149 2.4839431997388601 3.221093017142266 1.7886855788528917 2.4963448531925678 22.70314487721771 0.8998594209551809 1.593920350074767 3.598273192532365 10.396091909613446 2.516825201921165 1.8589569916948674 2.8191304709762335 1.4096264755353329 4.5139681939035654 3.8825935195200145 1.3918704707175491 1.0549050909467244 1.1926666358485816 1.9618607144802807 5.0812701270915568 1.4643849884159861 2.5142917772755018 1.3350320458412168 1.6487395670264957 2.0664854594506323 1.3929960541427133 0.89345008786767721
leaf_count=37 70 20 57 34 32 26 52 34 25 10 25 38 34 29 74 47 20 19 31 52 53 64 65 50 88 75 45 37 11 16 30 33 38 43 35 31 37 120 15 30 14 34 37 18 64 16 25 56 43 27 17 29 37 32 106 67 56 20 51 18 38 31 25 21 39 21 29 23 35 23 28 107 16 27 29 28 31 69 97 42 32 19 62 30 26 53 15 37 30 30 30 40 17 29 40 21 17 43 13 18 19 19 64 15 29 273 98 89 38 21 22 16 41 20 288 42 39 34 43 25 30 24 26 20 12 29 64 41 15 31 24 22 174 26 30 31 13 15 29 49 26 64 14 21 40 41 38 23 1187 44 14 26 78 23 92 38 37 50 40 279 35 47 40 43 189 17 30 41 120 32 20 49 26 50 111 24 32 33 24 72 30 38 19 22 37 31 27
internal_value=-0.000147105 -0.00868476 -0.0129685 -0.00128109 0.0097666 -0.000318148 0.00596857 -0.0182559 -0.020196 -0.00451816 -0.00819507 -0.0126678 -0.0236994 -0.0189057 0.00535525 -0.0261799 0.00784892 -0.00495559 -0.00401355 0.00460886 -0.00520527 0.00279162 0.00762535 -0.00222511 0.00222274 0.00793109 0.0107282 0.00362946 -0.00525361 -0.0146594 -0.029055 0.00770677 0.00875122 0.0110719 -0.00649159 0.00867812 0.0121416 -0.0130567 0.0200275 0.00965576 0.0145513 -0.0020404 0.00963846 0.0075426 0.00875009 0.0101699 -0.00190389 -0.0015711 0.0121572 0.00531831 -0.00137303 0.0176785 0.0176072 -0.016468 -0.0149736 0.0143063 -0.0120928 0.00030564 -0.00335933 -0.00850552 0.0153454 0.00929171 -0.00775644 -0.0275706 -0.0303895 0.0130701 0.0188542 0.0205688 0.0233647 -0.00678677 -0.00722214 -0.00190297 -0.00658475 0.0043075 0.023141 0.00964215 0.00161905 -0.00742013 -0.019218 -0.00960789 0.0123401 0.014527 0.012928 -0.000121117 0.00276031 -0.015619 0.0231943 0.0104845 0.0121929 0.0153313 0.018692 -0.0119743 -0.000470608 0.0176 0.025613 0.0163254 0.0035296 -0.0127902 -0.0173719 -0.0317322 0.0117943 -0.00126198 0.0232927 -0.0297627 -0.0140604 0.0275279 -0.0215433 -0.0233218 -0.00586266 0.00233266 -0.0150723 0.00718408 0.00557472 0.0157718 -0.0315876 -0.00216055 0.0189181 -0.00835288 0.0184064 0.00664593 0.0158759 0.00183269 -0.00202376 -0.0143954 -0.013195 0.0224903 0.013442 -0.0138399 -0.0217979 0.0128446 -0.00584782 0.000793474 0.0246868 0.0157637 0.0103709 0.0121131 0.0170978 0.0212781 0.010428 -0.0218964 0.0205903 0.00826553 0.0233113 0.0140715 -0.00180511 -0.0152837 -0.0204442 -0.0235265 -0.032341 0.00964261 -0.0122317 0.025954 -0.00870233 0.00182501 -0.0216474 -0.0218776 0.0168449 -0.0192528 -0.00597021 0.0255993 -0.00997423 0.0132535 -0.0217879 0.0146347 0.0276206 -0.00633181 -0.00929408 0.028662 0.0302773 -0.0162984 0.00950159 -0.0149626 0.00467679 0.0228338 -0.0207792 -0.00978424 -0.0329837 0.00275232 -0.00865531 0.0192515 0.00701476 0.0292563 0.00591805 -0.0198204 -0.0110569 0.0124529 0.00178796
internal_weight=659.146 274.497 172.187 102.31 38.809 51.8693 384.65 120.318 110.304 21.634 63.5005 50.0639 88.6698 37.0726 12.9913 79.2463 312.997 10.6098 15.5445 44.3738 16.4794 10.0139 13.4366 71.6529 52.7673 40.8227 38.1155 28.4833 18.4495 13.3719 68.6365 9.39427 296.726 9.49139 7.50746 32.3338 28.0796 18.8856 22.3296 273.83 76.2679 12.0328 7.23417 197.562 178.508 156.987 22.1917 21.5215 134.795 17.2951 9.4235 19.654 64.2351 12.1426 9.69543 8.00622 14.1855 7.76257 19.0543 15.5441 5.0776 29.4595 20.4334 21.5282 66.1005 129.652 42.3142 40.4131 34.1697 5.1427 16.2705 22.8962 18.4305 7.68079 34.7756 87.3379 23.4205 13.6249 7.08516 4.70632 63.9174 53.8929 5.84903 10.0245 5.0752 5.77208 20.142 5.96514 26.499 22.0632 18.3423 13.4659 7.29923 8.17638 18.3696 50.1813 9.87303 12.8889 9.9823 62.3175 12.5887 5.18007 13.7567 20.2842 4.81488 28.1861 10.1634 10.455 3.71156 6.24335 10.8675 5.54156 5.51271 6.01968 19.0184 8.4256 40.3083 6.19305 7.40866 4.67657 7.53772 7.13227 4.24969 12.7526 4.6812 15.4043 4.12434 4.71896 7.20108 9.79568 4.69527 5.98367 13.6768 8.20169 5.53359 3.52311 10.0338 5.92914 3.98598 6.42295 36.0468 9.11027 26.9366 6.29481 5.26865 8.11215 11.7533 8.99346 61.267 3.50747 3.31325 29.7004 6.50141 4.26142 7.49558 8.18962 4.75988 8.52738 3.88761 23.4509 4.08535 5.78768 6.88671 4.03158 26.155 3.48551 4.2542 15.8535 13.9944 4.79863 4.69886 3.99425 3.7909 6.37237 4.6447 2.84967 59.1603 3.48571 3.64921 6.32054 3.04607 26.1242 2.49435 7.48399 3.45253 2.8399 1.79331
internal_count=9164 4156 2583 1573 510 551 5008 2032 1865 208 1063 875 1657 668 207 1591 3828 251 271 433 245 167 188 1180 864 376 301 256 206 116 1340 116 3630 68 108 549 467 316 265 3295 629 117 71 2666 2430 2116 263 314 1853 258 66 319 512 140 171 92 171 106 236 206 90 222 315 397 1310 1787 553 524 431 66 198 335 297 119 290 1234 339 182 129 69 895 724 100 171 46 73 231 121 191 154 124 170 100 104 216 667 120 201 158 1271 189 82 94 376 103 334 108 105 57 93 130 96 72 84 361 148 547 106 107 76 83 135 79 196 49 240 80 75 121 157 85 97 211 126 86 61 50 80 46 65 476 111 365 85 86 110 181 143 1253 63 54 244 110 71 118 145 84 108 75 293 56 64 90 68 218 73 82 176 161 46 72 83 66 75 130 50 1219 72 51 98 53 311 50 110 61 52 44
is_linear=0
shrinkage=0.0323284


Tree=18
num_leaves=183
num_cat=0
split_feature=8 10 1 14 24 14 0 16 26 9 3 16 8 18 1 13 24 16 18 5 4 2 22 24 0 10 3 4 18 25 17 9 10 22 5 24 21 5 0 5 13 15 23 1 20 20 18 16 6 1 4 15 5 8 1 18 5 27 16 9 27 1 9 0 4 4 20 28 3 24 15 1 9 0 19 16 16 14 24 21 28 27 21 10 4 18 4 10 2 14 13 22 17 13 28 8 25 24 10 18 27 20 22 25 22 12 10 3 3 11 4 5 13 3 4 20 16 25 16 10 3 8 6 2 15 17 18 14 13 4 2 4 5 0 8 4 15 14 4 26 25 8 18 1 5 20 25 21 17 5 15 17 25 20 24 13 20 3 6 19 14 15 20 20 12 22 8 23 3 2 1 20 14 26 24 9 8 9 27 15 15 5
split_gain=28.469 7.26315 9.70437 8.55036 7.96699 6.85559 6.24245 5.26606 5.74274 5.15412 5.09482 4.90373 4.74804 5.19607 4.25434 4.19856 5.46213 4.03394 7.6552 5.50904 4.49611 4.0137 3.98795 3.87145 3.69027 4.04609 3.76193 3.66535 3.5346 4.56994 3.46338 3.28128 3.24846 3.14775 2.9463 2.92375 2.87137 3.67502 3.07427 2.64656 2.64362 2.4877 2.43115 4.41658 3.02171 2.32203 2.56246 2.45558 2.71106 2.32088 2.31676 2.29961 2.23544 2.21802 2.19918 2.18142 4.07013 2.89012 2.1737 2.16318 3.97595 2.80143 2.14019 2.23304 2.04505 3.49845 2.28351 2.17498 2.0696 2.01873 1.99865 1.98327 2.00375 1.95926 1.88379 1.86031 1.82608 1.70817 1.69375 1.65241 1.64246 1.63176 2.61591 1.62675 1.61173 1.56954 2.15962 1.56546 1.55232 1.48919 1.48324 1.41179 1.4026 1.38142 1.37416 1.35531 1.33404 1.46839 1.32434 1.29325 1.26933 1.23778 1.23327 1.21878 1.20812 1.54761 1.1936 1.15496 1.11678 1.10771 1.08872 1.02924 1.00309 0.996027 0.990429 0.987658 0.972796 0.962723 0.961928 0.956843 1.15398 0.920992 0.880715 0.876843 0.859664 0.858413 0.841382 0.831222 0.821446 0.796431 0.715116 0.69928 0.688958 0.658254 0.657527 0.639591 0.634046 0.618289 0.613511 0.610833 0.56163 0.550129 0.517264 0.509762 0.504911 0.500694 0.497644 0.487904 0.482202 0.477244 0.436633 0.434115 0.426965 0.408948 0.469084 0.405717 0.390342 0.385648 0.382239 0.365038 0.314414 0.314316 0.27479 0.256873 0.249125 0.206236 0.206027 0.205331 0.205324 0.199886 0.197678 0.189197 0.164327 0.153644 0.141895 0.130624 0.103661 0.0866637 0.0782632 0.0410032 0.131031 0.0327359
threshold=-0.23628884605021536 0.32500000000000023 0.082042246012112865 0.012492603041293579 -62.728158020449357 0.024336298161877674 0.15079969291222176 0.0036425689042318779 -0.74999999999999811 -10038.250000000096 0.019335528137760519 0.0057599946239424472 -0.10235994364934735 3.5949999999999993 0.011998061746566592 0.01016970660267596 -2490.9795814330323 0.0042168835276338301 -0.91499999999999992 -0.043489010960424172 0.70833333333333348 1.2135653409090912 0.13403629874778777 -756.36768440777882 -0.37799628727230533 0.17499999999999985 0.036538447914141924 0.01785714285714286 -0.3449999999999997 17.337078147025576 1.2703592956727736 -3452.7499999999877 3.9500000000000006 0.33412585217983903 -0.0016735985678502094 -1318.2620116526321 0.0065774241082169347 0.018102591963809481 -0.31364430102483692 0.029903287977518071 0.01003737909127834 150.87651822737149 -0.024697831653639143 0.089173189146862911 1.9747891816455776 1.4444913346882757 0.020000000000000465 0.0025346787023560959 0.21626984126984131 0.129550760496458 0.52976190476190488 225.57146544330172 0.021837651354238766 -0.27747726852272542 -0.011090640328447142 1.1499999999999997 -0.025326904670794178 0.65431983477106137 0.0071386141179208785 -1298.249999999998 2.0167164608774266 0.10246428490679994 -8793.0000000001073 0.40626897287248614 0.49404761904761912 0.28373015873015878 1.717422279986992 0.88333333333333341 0.015193774699603294 -467.87496232779415 305.57317941226967 -0.073662456946039054 -4986.7500000000227 -0.17374562126519674 1577.999999999993 0.0040043200358744991 0.0022805911146115475 0.0084784845107827456 -65.098369870964774 0.00050624784410613366 0.9833333333333335 1.3411173632683016 -0.0074615431218959518 0.29999999999999993 0.74007936507936523 2.9349999999999992 0.43452380952380959 1.2999999999999983 0.9810915264839265 0.019163448338918792 0.0065210304547269294 0.15695114105944288 0.93881709263600543 0.014822380731963727 0.81666666666666676 -0.43887181451323637 59.316739907621781 -660.70802032123311 0.10000000000000099 0.30499999999999977 -0.37675502597209037 1.6620777537724458 0.12145779511729145 35.970986698528009 0.33837998339682901 0.0062086832631318093 0.15000000000000027 0.01095082900578063 0.035935883444439265 0.1719833333333334 0.3353174603174604 0.13593965299033775 0.015145111838976027 0.036987012118003627 0.94246031746031755 2.1275748023762052e-16 0.0017447738986184271 49.345481630260117 0.0023952214617733716 0.34999999999999981 0.040307241207404844 -0.052694775084263838 0.29166666666666674 0.98531282426590561 178.84113658632279 0.97614063821249319 -1.1099999999999992 0.018274956146307895 0.010323959592524926 0.35912698412698418 1.2544847032285353 0.18849206349206352 -0.028562932865463294 0.19980336983642569 -0.049028237464450501 0.43849206349206354 392.63834653992808 -0.0057388204867775397 0.69246031746031755 -0.2499999999999982 48.999618149525674 -0.28153113869625951 -0.51499999999999957 -0.076516707011325277 -0.029534893418326099 3.4748329526263322 92.896162294406423 0.0094187759740442818 0.79452160539018224 -0.03964888443255115 293.6189289322561 0.51509595072833092 30.797083825331658 2.1275748023762052e-16 -14.493168966092506 0.0058726322642938577 2.5579061180673475 0.034859348184108997 0.71626984126984139 3889.7499999999905 0.039857834242323982 303.14680340370387 2.0088165613172295 2.5531045430084123 0.0025796318309099535 0.15161321772399508 -0.096538314726119054 -0.041614062925635402 0.039562399084859513 1.1102095017054168 0.12344900530279114 2.3998281277188105e-16 -0.044576288741434593 0.750000000000001 -38.867635126449009 -1026.2499999999952 -0.26226074447704839 -3357.2500000000023 -1.0389204540771053 249.11851526547051 323.85863779971356 -0.020563851647558026
decision_type=10 10 2 8 10 10 2 2 2 10 10 2 10 2 2 10 8 2 2 10 2 2 2 8 2 8 10 2 2 10 2 10 10 2 8 8 2 10 2 10 8 10 2 2 10 10 2 2 2 2 2 10 10 10 2 2 8 2 2 8 2 2 10 2 2 2 10 10 10 10 8 2 10 2 10 2 2 10 8 2 10 2 2 10 2 2 2 10 2 10 10 2 2 10 8 8 10 8 10 2 2 10 2 10 2 10 10 10 8 2 2 8 10 10 2 10 2 10 2 10 10 8 2 2 10 2 2 8 10 2 2 2 10 2 8 2 10 10 2 2 10 10 2 2 10 8 8 2 2 10 10 2 10 10 8 10 10 8 2 10 8 10 10 10 10 2 10 2 10 2 2 10 10 2 8 8 10 8 2 10 10 10
left_child=1 2 4 7 6 71 24 9 30 69 40 33 13 36 34 16 -10 18 19 51 27 54 108 73 70 100 53 152 98 -30 159 -23 128 59 78 -12 38 83 118 -36 -8 -21 62 55 125 46 121 48 -47 173 101 -14 181 93 -6 56 76 58 80 88 61 84 63 -40 65 157 -67 92 -69 95 -1 72 162 -18 155 -59 144 -11 -7 102 96 115 156 104 -61 86 -37 147 138 163 -77 -28 -66 114 -78 -3 97 -58 -29 106 131 129 -46 -99 105 113 161 150 -13 124 -54 145 -95 153 -27 -70 -82 -39 -2 -85 140 -31 174 -105 -96 158 -63 -106 176 -17 -125 -26 -68 -25 -48 -111 -114 172 -4 -94 -121 170 -74 -100 178 -75 -93 -73 -108 -107 -55 -120 -20 -38 -155 -57 -83 -19 -45 -9 -33 -98 -5 -53 -122 -42 -43 -130 -103 -52 -90 -118 -84 -22 -101 -15 -32 -56 -44 -109 -181 -49
right_child=12 3 11 5 21 14 10 8 15 77 35 22 17 175 -16 50 23 64 20 41 49 31 -24 133 25 26 91 28 29 45 32 160 -34 -35 39 85 37 117 42 -41 165 166 43 44 79 47 134 52 -50 -51 169 89 110 107 177 74 57 75 -60 60 -62 126 -64 -65 67 66 132 68 81 -71 -72 87 142 111 -76 90 94 -79 -80 -81 116 82 137 119 -86 -87 -88 -89 141 -91 -92 146 139 112 109 -97 99 103 143 122 -102 168 -104 123 127 149 148 179 -110 135 -112 -113 136 -115 -116 -117 171 -119 151 120 164 -123 -124 130 -126 -127 -128 -129 167 -131 -132 -133 -134 -135 -136 -137 -138 -139 -140 -141 -142 -143 -144 -145 -146 -147 -148 -149 -150 -151 -152 -153 -154 154 -156 -157 -158 -159 -160 -161 -162 -163 -164 -165 -166 -167 -168 -169 -170 -171 -172 -173 -174 -175 -176 -177 -178 -179 -180 180 -182 -183
leaf_value=-0.016713658537113499 0.0023889381957748496 -0.0003815026814571575 0.0058702385037994282 0.00089401840422927072 -0.021049794589058014 0.022365327463698164 -0.0089157986521745877 -0.00055929297509506911 0.018888736597788395 -0.020140474315291371 0.009102779478701948 0.014235110897312423 0.019566785860606412 -0.020840156255847394 -0.021791747599129174 -0.0057362143311172481 0.0060909222866239081 0.022108607491558997 -0.014330717800780074 0.004938873126510054 -0.021247964906399127 -0.01194484602473787 -0.024548211346683686 -0.0028893207286336694 -0.0040812778319534908 -0.033173064556970083 0.0095198543568565351 0.030670133698532179 -0.016946136522718751 0.007074321614700489 0.0032469964403892388 0.023434305682140253 -0.0094470163147548098 0.021200255182382013 -0.020126568805442221 0.001351831777195866 0.0014070988524108763 0.0034484640282073566 0.013638158387823673 0.011951960665584703 0.0051244103766619198 -0.0042185872352902363 -0.0031600306426241278 0.01768684588240239 0.00028467170293161896 0.011272251035016558 0.027659074394075899 0.0041755630069605278 -0.020323110796646438 0.0095114461393419527 -0.032984180230349221 -0.017877956756514005 0.0064798251694286567 0.01101645173700906 0.010430802460421227 -0.001270159116860218 -0.0033083154591329279 -0.018438090079966059 -0.0090917498209875137 -0.0070724470345345887 0.012394008328186564 -0.0023001026282636265 0.024719354087109686 -0.015351793750564953 0.014579448761693686 -0.018149168388742407 -0.0041326062172506312 -0.0024266696462744608 0.0066723293759751298 -0.0052294840107901894 0.0061307164030426613 0.031073359676293176 0.0025822230206259999 -0.029410935577823746 0.0093388816070555016 -0.0086825881516621722 -0.012383776215352141 0.006437775337121413 -0.0041659145850671264 0.00050408246562512276 -0.011948194635573797 0.0044792576876384995 -0.00049216017312578731 -0.0082924324256249942 0.014712785372866964 0.0019055822706959867 -0.029965283637730496 -0.00022107764259963106 0.0015710998163657418 0.0074014857421036868 0.015076851339707388 0.0020739059786060113 -0.011069807120451766 0.0083186054827374626 -0.0029096220020370469 0.028750572244505425 0.0046614196588388142 0.0018353142190433356 -0.002942725120395642 -0.01222573536820259 -0.011655010254654595 -0.016782687883674898 -0.026193494098125387 0.0016822902043277838 -0.0093101146334259935 -0.0088249203464021864 0.022356239230544868 -0.015495032846458695 -0.0060974439718987951 -0.0097569670919236164 -0.011652928654166951 -0.0012509526800954835 -0.016764672566936582 0.00091717722171599043 -0.00042151402970015174 0.028833249891935555 0.010534308381751201 -0.016018762197278959 -0.0014237881607585031 -0.00061062632312107999 0.0020539414799931851 -0.012139950018337693 0.0068485797693300264 0.030813289365772278 0.017551452178624964 -0.0055772141915704874 -0.023267899592111695 0.0086541188147519921 0.0038504384151040955 0.012954478607979776 0.0010623995792995466 0.014480922254588878 0.012007808729151541 0.016558156880095754 0.0053747362776540193 0.0062050877738643942 0.0034299103187335422 0.0044160659180563994 -0.010719838488106263 0.0031504654849832097 0.01752433538343345 0.00046177993373260485 -0.01453807770608394 0.011393015811321362 0.00047843548434626495 -0.0026094424811690074 -0.015207131971655909 0.0048291759167187883 0.00015960783558979303 0.0062813554229483263 -0.0041996139127649379 -0.02242117264532863 0.0011821367054034402 0.028652702908696353 0.0031356266641385639 -0.0183100363727965 0.021231429177126629 0.0022529666718932744 -0.0014439352248843795 -0.017954702795714206 0.0017552418999364331 -0.0070532800405582168 0.017937710738922166 -0.0011634217915228689 -0.0097726150746336102 0.022046394278382543 -0.029287161973919406 0.028159843369804052 -0.00059180450022045883 -0.0031950278488692163 0.024380218512442185 -0.0010893296352371493 -0.013713730494632901 -0.0027723242454977043 9.0172613563478985e-05 -0.0024764792113834964 -0.0040208535774935482 -0.00031367153942384735 -0.021682151385901099 0.0027432151612303652 -0.0054276154259190997 0.022717430680926198
leaf_weight=2.9550980459898684 1.8603611071594039 1.8632165994495151 1.2286358233541235 1.6931910021230576 4.1890907166525722 5.6235248800367117 3.0459203235805044 1.9813305884599679 4.0878098253160715 3.8538332292810074 2.2986677289009094 2.6969951502978793 3.5542045067995804 6.1005396526306868 5.4510648883879176 1.595212448388341 1.242071574088192 3.9814988044090596 2.3737857704982153 1.8693603025749315 3.4781575649976721 1.5481446497142322 8.946138749830423 1.3903648089617555 1.3044896228238942 53.850333540700376 2.7547954879701129 13.500267703551801 3.3802574062719932 2.1104520242661238 0.5531474519520998 7.6253285072743866 2.4894007965922356 6.9608841836452475 3.4802884720265883 2.4706700993701807 1.1181950187310707 2.6504555456340304 1.8635253272950647 1.4459893554449079 3.9290230646729469 1.7445529960095871 1.7200893107801669 1.8535219701007042 2.0382424946874371 1.6801265617832566 11.397170252632348 2.0575230773538351 4.233536780346185 2.0572240203619003 14.745860565919427 1.7597841871902349 4.1045583561062813 1.1860482487827524 0.85719744395464659 2.4904217943549138 1.2921046353876589 2.4211727371439329 1.7479883991181839 4.5521177072078052 7.8305198391899458 3.4434666149318209 5.3633906887844187 2.242315829731524 2.3916871910914761 4.8306050114333612 2.3949512224644431 3.1983263399451962 5.0085372468456617 1.6673329225741316 7.2685512676835069 12.51997869089246 1.3700456432998183 8.4395027002319551 2.1075811730697751 1.8399279378354547 1.8311475822702021 1.7697098832577465 2.1163554256781936 3.9702628869563332 1.5680239778012031 4.3845358900725859 1.5836247047409417 2.5555298160761586 3.017897049896419 2.2770833671092978 8.3770326599478704 2.1141294948756686 0.98916575545445073 3.2695098537951708 2.7522427272051573 1.3263869201764462 3.4330518133938313 0.90123719722032491 1.6746098343282936 6.8033649260178191 1.2224877513945087 2.7920013824477854 2.4218515339307487 2.3944852380082011 1.5428313435986627 2.5817374838516121 9.3034413475543243 1.7837059348821664 1.3767204787582148 1.1303201941773293 4.4246979155577719 4.6684707165695727 2.4123628372326493 2.8898292686790228 2.958085373044014 2.2706035403534797 2.2090086862444882 2.1498246528208247 1.0888838609680522 27.008485094644129 1.1499142562970521 3.1859827721491456 1.7909992542117832 2.0148237217217666 1.383092047646642 1.5087864715606003 2.4731138153001666 14.794443421065806 4.7734003262594342 1.1378045389428733 8.41678932122886 2.4595083631575112 1.7244418077170838 1.6880920520052312 1.1720416750758875 2.6739278621971607 3.0175447398796669 1.6876631421037016 3.7682434106245628 1.3738662321120498 0.82270735409110773 2.005248822271823 1.6287675453349946 3.5221492210403085 3.8976535391993821 1.6287984466180203 1.9967249725013996 2.7108890512026838 1.395406527910384 1.5786136090755469 2.840134009718895 2.330937515012919 1.2563180830329654 0.79527396429330011 0.91393254511058319 4.4090079963207245 1.9408854059875009 14.121450040955095 1.786172586493193 4.737630101852119 7.5951527878642082 2.235060503706336 0.72052013874053944 1.9216819405555723 1.4160916074179102 1.6069213282316921 2.3132519358769059 1.8548051742836831 1.1282480489462612 4.4452223340049386 8.6760039296932501 4.7601400818675765 1.2874865308403967 1.0741507299244393 3.4585377080366015 1.2121844203211365 1.8031192002817986 1.8228412335738537 1.0657872725278132 1.5494171138852824 0.65935125760733881 0.66317756474018341 3.1038830010220413 0.75149526819586743 1.1642838856205342 4.1854845127090794
leaf_count=33 26 24 25 21 80 56 30 32 62 83 34 15 37 72 99 20 18 53 30 17 45 38 142 35 28 1126 22 99 51 31 30 124 24 36 69 39 15 25 43 17 29 19 39 64 33 21 109 27 52 23 300 19 34 40 23 36 21 31 28 38 37 23 69 32 22 45 20 29 41 32 43 140 15 172 26 25 25 33 37 43 25 31 25 36 20 12 130 17 32 25 30 29 43 7 25 79 29 36 25 45 32 51 120 18 22 29 87 102 32 42 31 36 71 29 19 234 23 56 18 29 40 25 42 267 82 15 125 37 28 28 27 67 35 22 30 34 20 15 22 37 57 40 35 33 31 28 44 34 18 27 18 60 22 229 24 66 49 20 18 21 19 31 28 28 13 18 93 71 24 16 65 27 20 23 19 33 19 28 40 37 22 35
internal_value=-0.000147412 -0.00722468 -0.0110519 -0.000803642 -0.015725 0.0102558 -0.0186082 -0.00735356 -0.0117648 0.0078408 -0.00422217 0.000118392 0.0063241 0.00228818 -0.00444013 -0.0172268 -0.00526326 0.0100082 0.00520237 -0.0100895 0.0102993 0.0045983 -0.0144354 -0.0134866 -0.0225661 -0.0248234 -0.0267183 0.0130488 0.015164 0.00862914 0.00521076 0.0148337 0.014086 0.00559598 0.00613365 -0.0149773 0.00374309 0.0106314 0.000965911 -0.00962544 0.0103945 -0.0223167 0.00262203 0.000813882 -0.0118608 0.0121556 0.0193163 0.00323653 -0.0104646 -0.0101574 -0.0258611 0.00629096 0.0102564 -0.0289437 -0.012776 0.0043276 0.00639025 0.0110832 0.0141517 0.000973033 -0.00370345 -0.0111084 0.015752 -0.00194214 0.0153203 0.00407368 -0.00708586 0.0179252 0.0203463 0.0192866 -0.00304941 0.0203807 0.00385303 -0.0201495 -0.00826808 -0.00584463 -0.00566379 -0.012494 0.0160575 -0.0175306 0.0158192 0.0218888 0.0105461 0.0143908 0.00350804 -0.0202433 -0.0242352 0.025653 0.01227 -0.00484849 0.00589277 -0.00253654 0.00244335 -0.0312462 0.00196256 0.0241702 0.0178082 0.0226561 0.0259837 0.00745848 0.0011637 -0.00631341 -0.022481 0.0245442 0.0185134 0.0211473 0.0136818 -0.0087989 0.00603927 0.00689144 -0.00244507 -0.0235831 -0.00589136 0.0235554 -0.0325924 0.0263792 -0.00224899 -0.00918516 -0.014899 0.00278654 0.00762223 -0.00294225 -0.00321686 0.027209 0.0130648 0.00864216 -0.0191179 0.00080461 0.0222944 0.00557235 0.0292285 0.00930646 0.00602779 0.0108873 0.0241934 -0.00410359 -0.0123523 -0.00573863 -0.00424853 -0.00520994 0.0134014 0.0187688 -0.0097816 0.00615903 -0.0162114 -0.0269839 -0.0112475 0.0286842 0.0194139 -0.00251668 0.00587227 -0.019095 -0.00993058 0.0257548 0.0268885 -0.0148023 0.0175286 0.0183933 0.0145556 -0.0136126 0.0215026 -0.00217787 0.0145562 -0.0141438 -0.00582639 0.0179982 -0.027235 0.0253524 -0.0142776 -0.0319247 0.0222748 0.00745079 -0.0109697 -0.0185669 -0.0102691 -0.0190966 -0.000708133 0.00875482 -0.0192294 -0.0139169 -0.00247988 0.0203438
internal_weight=642.584 306.748 190.576 116.172 133.365 42.4555 117.066 73.7161 57.7587 15.9575 26.8436 57.2111 335.836 163.024 18.1172 43.6692 20.6966 172.812 94.4183 22.7282 71.6901 16.299 14.0555 16.6088 90.2226 79.999 74.4777 64.3319 60.0172 41.3842 14.0895 10.5896 10.1865 43.1556 12.6662 15.4235 155.374 41.7533 113.621 4.92628 11.4202 12.2899 105.56 96.0912 19.0238 38.004 18.7847 19.2193 5.91366 7.35822 22.9725 10.4383 13.3057 67.5564 5.70947 77.0674 67.7318 48.9696 41.9562 36.1947 27.2608 19.4303 9.46923 4.10584 78.3936 16.4597 10.2431 61.9339 52.587 10.3339 10.2236 24.3383 7.37321 13.5308 9.33563 7.01334 18.7622 5.62354 7.73988 15.3119 40.2082 49.3887 17.3717 35.9168 7.57001 13.1248 10.8477 16.965 8.93391 6.8841 4.59217 6.92132 9.34689 58.8722 12.5429 8.66658 36.2781 21.8343 18.633 14.4438 5.52125 7.15253 11.3417 20.5422 24.9375 21.1012 8.51043 8.68423 5.10936 10.7117 7.06264 12.2887 3.93295 19.1756 54.9392 32.017 3.93012 5.83644 8.06037 10.9793 8.42382 3.61924 5.93339 17.7502 6.44801 3.71185 11.8603 3.83623 7.69708 3.2833 15.9665 3.97842 5.4125 3.07803 15.1654 4.2637 3.03172 5.39199 2.8574 6.9552 5.91248 6.0765 3.36677 5.13274 6.21938 10.0181 4.16652 14.8509 5.68102 1.92559 2.09998 6.20001 4.31467 17.0258 15.9076 7.22805 11.9797 6.21656 2.57404 3.90301 9.04142 2.82941 4.00644 3.61459 2.51134 8.37425 10.4206 6.48458 3.86922 15.82 4.4477 2.3621 3.38674 5.301 3.46027 7.64996 1.2125 1.52038 4.82397 6.58425 1.91578 6.24301
internal_count=9164 4872 3016 1856 2364 568 2052 1288 1037 251 292 652 4292 2589 278 812 373 1703 984 238 746 312 189 311 1760 1684 1557 655 603 446 225 181 172 463 179 215 2484 668 1816 86 77 129 1712 1568 293 395 195 200 73 91 439 109 127 1462 131 1275 1147 829 743 427 243 206 144 75 719 173 100 546 444 135 76 290 99 254 128 86 318 116 93 196 715 415 140 587 58 181 169 191 184 72 55 95 102 1243 208 103 640 369 157 271 127 123 153 348 412 353 165 219 47 183 65 236 98 297 1145 275 75 81 104 175 139 56 106 312 107 97 148 59 148 48 294 95 55 57 139 76 91 60 47 80 86 137 50 58 110 200 73 174 105 56 58 78 52 268 253 102 80 73 82 53 143 60 49 47 53 47 112 99 75 316 97 50 45 68 64 105 49 51 79 161 59 62
is_linear=0
shrinkage=0.0323284


Tree=19
num_leaves=183
num_cat=0
split_feature=8 10 1 14 24 14 0 16 26 16 8 7 25 16 4 9 18 3 22 22 10 0 1 2 15 18 18 24 13 9 25 21 0 22 6 3 3 0 20 22 10 4 0 8 25 13 4 5 3 9 27 1 17 9 17 17 7 25 17 14 4 20 26 1 5 14 0 9 14 7 15 2 4 7 1 1 22 14 16 4 7 3 8 21 10 22 3 26 27 0 10 21 21 18 1 11 19 18 25 25 3 3 14 18 17 10 8 18 5 20 1 15 17 12 13 25 23 25 20 16 22 3 6 18 22 7 22 17 9 6 6 17 11 7 5 7 0 4 18 0 25 1 16 14 5 18 18 26 20 16 21 22 9 0 24 15 6 21 26 8 21 10 26 8 15 25 13 23 7 13 20 25 17 6 13 0 17 21 14 21 21 3
split_gain=25.7995 5.71378 9.2106 8.28772 7.56358 6.4772 6.42945 4.67341 4.67228 4.92241 4.48136 5.22197 4.61153 4.73947 4.68637 4.21643 4.13688 3.82029 3.79079 3.75863 3.578 3.63048 3.54243 3.5095 3.48067 3.37651 6.0683 3.19174 3.07146 2.93419 2.73474 2.79612 3.30372 3.14648 2.72849 2.90971 4.59961 2.70958 2.69683 2.90525 2.86296 2.9185 2.66726 3.19539 2.88078 2.63739 2.53011 2.52932 2.43442 2.30449 3.35957 2.69871 2.2267 2.55108 2.21731 3.59897 2.16627 2.16058 2.11142 2.04639 2.02973 2.02189 1.93744 1.92477 1.88626 1.86713 1.85039 1.79628 1.75352 1.7453 1.72644 1.70542 1.69377 1.61937 1.60237 2.66865 2.20105 1.58735 1.58723 1.57617 1.56789 1.55284 1.5476 1.54442 1.49824 1.46118 1.39789 1.35514 1.32286 1.31155 1.34782 1.30147 1.52418 1.24303 1.50088 1.49226 1.35933 1.22734 1.19585 1.19351 1.19091 1.17956 1.17807 1.15596 1.11049 1.30402 1.10945 1.10669 1.05326 1.04646 1.02775 1.01395 1.01154 0.994554 0.955271 0.946962 0.937856 0.907156 0.897571 1.35112 3.06618 1.91876 1.06033 0.986801 0.928348 0.896256 0.879018 0.853852 0.846815 0.830425 0.818175 0.752871 0.716448 0.673069 0.667737 0.654233 0.646215 0.616022 0.596524 0.59646 0.592488 0.560467 0.551555 0.54756 0.521138 0.478676 0.456299 0.455603 0.427654 0.42605 0.423336 0.408006 0.379432 0.377464 0.371918 0.366185 0.356067 0.345419 0.345369 0.33844 0.32337 0.310007 0.284128 0.281004 0.278992 0.271734 0.257652 0.228695 0.226154 0.22253 0.210388 0.184782 0.167851 0.152092 0.124037 0.102013 0.0786159 0.0723119 0.0690457 0.0702799 0.0341289 0.0286779
threshold=-0.23430687253537311 0.32500000000000023 0.082042246012112865 0.012492603041293579 -62.728158020449357 0.024336298161877674 0.18954820936639119 0.0057599946239424472 -0.76345000000000407 0.0036425689042318779 -0.10235994364934735 2.5000000000000004 24.78411292633352 0.0058330216844442598 0.95039682539682546 -10224.500000000064 3.5949999999999993 0.019335528137760519 0.33412585217983903 0.13403629874778777 0.17499999999999985 -0.37799628727230533 0.011998061746566592 1.2135653409090912 171.51287544092779 -0.91499999999999992 -0.42499999999999977 -2618.5169423180519 0.010258719754622522 -3452.7499999999877 39.177707989982125 0.0079457309305549523 -0.29493683932091797 0.34034329448253092 0.94642857142857151 0.015320621258506891 0.012447782256881911 0.36290523430932159 1.0283463300339748 0.16160599542179235 0.4000000000000013 0.85912698412698429 -0.062479584800203207 -0.14513607083490129 65.225310045596515 0.0010556064186856642 0.2678571428571429 -1.0000000180025095e-35 0.036538447914141924 -1298.249999999998 2.0167164608774266 0.10246428490679994 0.83696164055386635 -3520.2499999999741 1.2357536019731563 1.8383370548673577 13.500000000000002 96.639059179726118 0.42788202309786466 -0.032336734912734165 0.021825396825396828 1.6156303834816625 0.6316500000000006 -0.073662456946039054 0.001349830410455666 0.0072531188719956044 -0.096348447266125889 -4986.7500000000227 0.0084784845107827456 9.5000000000000018 422.98786587062921 0.9810915264839265 0.49404761904761912 14.500000000000002 -0.079246669310844828 -0.11694133457142546 0.11782426897077299 -0.044576288741434593 0.0040043200358744991 0.74007936507936523 13.500000000000002 0.040307241207404844 -0.25226371587777413 -0.0083069728548723059 1.2999999999999983 0.17074552440541482 0.042886772861182559 1.1638000000000004 -0.37675502597209037 0.33932599923225132 0.29999999999999943 -0.0013928641268526885 0.00088237129771562295 -0.77000000000000035 -0.21302459928972697 1.0625000000000002 1081.4999999999966 -1.6200000000000025 44.840851249204022 81.889061198560768 0.018962905613187486 0.035935883444439265 0.004836928736080188 2.4900000000000007 0.49604091755404989 0.4499999999999999 -0.22253233733332053 1.6650000000000003 -0.020879539730117632 4.0762107563867279e-16 -0.047181568756429086 331.4634194336121 1.1922362401190634 0.0065673085485300209 0.004291932386525363 90.12841146891823 -0.0067440678594100625 94.625571896268596 2.434992552528029e-16 0.0034627466315079835 0.34054155381698165 0.025481793438777298 0.86309523809523825 2.145 0.32578379000583652 9.5000000000000018 0.15161321772399508 1.4134057893896028 -1.0000000180025095e-35 0.91865079365079372 0.85119047619047628 0.71245252409259763 0.066604166666666589 1.5000000000000002 -0.037428716538621891 7.5000000000000009 0.30032858472727669 0.18849206349206352 -0.024999999999999464 -0.17550614329837425 63.359489878652418 -0.10484477083018416 0.0049820431318544503 -0.015743631837950186 -0.010360266483606438 -0.51499999999999957 0.21499999999999989 0.14999999999999949 3.897999172459198 0.0050973864570859019 0.0094187759740442818 0.17375120159104648 -2421.7500000000214 -0.24239469218173518 -612.08427104216662 291.52960423800465 0.91865079365079372 0.0017749899629692092 0.15000000000000394 -0.050450472373283366 0.016040039817958544 0.29999999999999943 0.4749999999999997 -0.40110184827863421 333.92742355151182 81.889061198560768 0.009364688178558617 0.018636683997180662 8.5000000000000018 0.014217734118760978 2.0088165613172295 81.889061198560768 0.90358550081043287 0.67261904761904778 0.0060870225452865356 0.0075259184008704691 0.34579786342036106 -0.01739495102097793 0.013466992470944477 0.0064217148671869015 0.0011529675896536642 0.035093377660894355
decision_type=10 10 2 8 10 10 2 2 2 2 10 2 10 2 2 10 2 10 2 2 8 2 2 2 8 2 2 10 10 10 10 2 2 2 2 8 10 2 10 2 10 2 2 10 10 10 2 10 10 8 2 2 2 10 2 2 2 8 2 10 2 10 2 2 10 10 2 10 10 2 8 2 2 2 2 2 2 10 2 2 2 8 10 2 10 2 10 2 2 2 10 2 2 2 2 2 10 2 10 8 10 10 10 2 2 8 10 2 10 10 2 10 2 10 10 10 2 10 10 2 2 10 2 2 2 2 2 2 10 2 2 2 2 2 10 2 2 2 2 2 10 2 2 10 10 2 2 2 10 2 2 2 10 2 10 10 2 2 2 8 2 10 2 8 10 8 10 2 2 10 10 10 2 2 10 2 2 2 10 2 2 10
left_child=1 2 4 8 6 63 20 18 47 15 11 66 13 25 34 65 30 126 49 101 88 73 46 62 116 97 109 28 -11 -25 56 32 69 42 35 36 45 74 100 82 163 158 93 44 89 -14 117 77 57 71 51 79 98 115 -15 -56 70 91 -37 -36 -47 -38 152 67 -48 140 110 170 -17 -32 172 143 128 -22 75 -28 -76 -3 114 -51 131 -50 160 -78 150 154 87 141 137 108 -91 -23 164 113 -95 96 106 -12 -33 102 -29 -9 -94 173 -68 127 -96 -59 155 -27 -2 -97 -49 174 159 156 -19 -7 123 120 121 -120 153 124 -60 -73 -8 -106 -58 136 -102 -35 -63 -53 -31 -24 -124 -1 178 -112 -10 -46 -80 -4 -100 -69 -104 -108 -114 -18 -65 175 -6 -121 -45 -44 -54 -141 -42 -62 -40 -136 -55 -41 171 -149 -127 -83 -143 -160 -5 -93 -13 -26 -34 -110 -72 -92 -101 -180 -170 -74
right_child=10 3 7 5 23 22 17 19 9 27 12 16 14 54 -16 68 149 24 -20 -21 21 48 135 29 103 26 37 38 -30 134 31 52 33 80 59 58 61 -39 39 40 41 -43 43 85 86 60 64 112 81 50 -52 133 53 162 55 -57 72 107 118 -61 78 132 -64 84 -66 -67 104 145 -70 -71 176 125 181 -75 76 -77 83 -79 142 -81 -82 167 -84 -85 -86 -87 -88 -89 -90 90 177 92 99 94 95 111 -98 -99 144 138 130 -103 146 -105 105 -107 147 -109 151 -111 139 -113 148 -115 -116 -117 -118 -119 119 122 -122 -123 129 -125 -126 166 -128 -129 -130 -131 -132 -133 -134 -135 161 -137 -138 -139 -140 157 -142 168 -144 -145 -146 -147 -148 165 -150 -151 -152 -153 -154 -155 -156 -157 -158 -159 169 -161 -162 -163 -164 -165 -166 -167 -168 -169 180 -171 -172 -173 -174 -175 -176 -177 -178 -179 179 -181 -182 -183
leaf_value=-0.0032047237361929413 -0.0087042201988052261 -0.01709420775860919 0.0050327065005465171 0.0010353683134532651 0.01185317113502965 0.0039808697798311317 -8.8413145740393571e-05 0.014410095827597232 0.001469782929655692 0.01678762195072183 -6.1683246711623487e-05 0.029879323644103391 -0.0097559560279005895 0.026734372565879475 -0.01649279525541605 -0.02075622220837017 -0.001392038208034274 -0.0050503676299113931 0.022480970095706744 -0.023798960846956513 -0.015234546891327125 -0.024696354428180505 0.00057373237530039447 -0.011522948739566606 -0.0036927252554220156 0.0011956339238197581 -0.015646939123763911 0.013625059431096181 -0.015449179055823504 0.0010110292822728018 0.0050963984651532087 -0.0010506705105031127 0.01013883135768355 -0.023495702051035908 0.0088167166245093458 -0.0037004090326847659 0.0054364914163916684 0.011526614825756598 -0.032600867738536495 0.014785717871503838 -0.00058402218040221336 0.010691092603458777 -0.0069101457594282264 -0.00092395572706128548 0.0016536036060996484 -0.0037979163530415493 0.020706217537871927 -0.0025990812729617058 0.0068395991843762461 -0.0071467726203113917 0.010834583856239033 -0.001334491122743325 0.019118324908567012 0.0005611079966868983 -0.016510782204990512 0.015608022733634982 -0.014961654999322664 -0.032424573020670366 -0.01040850865582625 -0.016763644190971424 0.029093611096337485 0.00029757726390124953 -0.020552559659501379 0.030046620342017563 -0.0054037808035987322 -0.0056387829037224963 0.0020344355746960033 0.0024475897304041491 0.0063420834203256667 -0.021429401125712674 0.0026255093667895491 0.023513927696522087 0.014606026878110264 0.0053592922336944109 0.0046843555817760911 0.013935522596673473 0.0027951557164430309 0.0062887895069531734 -0.0062877715375012052 0.014426705343539825 0.0062826441165908017 -0.017150623188361209 -0.0014042287388277089 -0.027436692005740133 -0.00065480114745358438 0.0047187063107858862 0.010375460774448841 0.007144931709488299 -0.01077081092121219 -0.012696637099346941 0.011017013325908653 -0.0057627797330366331 0.0046878093559171285 -0.0052262443959021363 -0.0013604653530107876 0.008427857056856055 -0.0032721510234911726 -0.02336907006543815 0.027136600971890499 0 -0.014133447062509397 -0.0065080825176288175 -0.021704624965161894 0.0013567349257198218 -0.027961797208656391 0.0010802794207712947 0.0020198264556152059 -0.00021743006625990602 0.0042235322801572397 0.024309952057872099 0.015017497178350542 -0.011751113205812016 0.024205017506980758 -0.011370425750540853 0.0023245605126886574 -0.0046445647063696645 0.016108173331478178 -0.01719785688158108 0.023472637227286805 0.0044256772492664393 -0.012154289260221421 -0.0018424412209943775 0.0071775737326140584 0.015375236213505719 0.007795440242211708 -0.0061932281429592367 0.018637566821791383 -0.00064284178606950669 0.0038159191669436985 0.016312932315378174 0.0058185364847542333 -0.00052896756334512064 -0.02217964012644871 -0.022132519850211581 0.02638597880426519 -0.023955145046562942 -0.0077503990601854207 0.014576809768730287 -0.0076842888335809595 0.0053978808807508376 0.02532711638542939 -0.0028762778166134435 0.0079020183696303752 -0.010939439928833686 0.0053197767572534908 -0.014163741486889835 0.00058817907568590468 0.028253870731316182 0.0010300919307373215 -0.020115854934932183 0.0047747264636930466 0.00092826566785386786 -0.0031998540250786399 0.028643391833427255 -0.021158187393101501 0.0055382542520107684 5.9526208461243458e-05 -0.0069306753656205701 -0.025209195742293668 0.0054195463663714912 -0.0034961886051049409 0.0036548247785180067 -0.016108128827947425 -0.000796502935475699 0.01116412786543722 0.0021767407157618117 0.0049985052592934594 -0.00036208648048061446 -0.021139988062192933 -0.0013615476606651223 0.016687286495034721 0.0037682659875483753 0.0064369235952712626 -0.026534180401412782 -0.00021413958243567301 0.023712051962363923 -0.0031380780170221327 0.00087613033572777016 -0.00018133172006336783 0.010766038719289306 -0.0029904895047139289 0.0018500755087015246
leaf_weight=1.4121792376972733 3.0081447651609778 2.3870089212432504 1.2433270430192354 1.6918538687750699 0.98897449392825365 1.5848826402798324 3.7792225014418381 2.7188885547220698 1.7917836154811064 3.7295351615175596 3.1518283113837242 7.7184769636951387 2.1287868209183243 5.855706303380428 2.4988112282007924 3.9146607643924645 2.2442931216210118 1.3967040777206423 7.4292886089533559 8.700608062092213 3.1335179917514306 6.7054935125634101 1.1227507484145451 1.5013596983626492 1.6709894696250556 3.0715672201476973 2.2266036765649915 1.4865876222029317 1.9656913205981252 2.0266825817525387 1.9419532110914568 2.1491887895390418 1.2558427923359006 4.0367190167307845 3.6588915893808007 2.8278878238052121 4.4022566974163038 3.1996196508407584 18.267253804020584 2.0600923569872975 0.94652071595191767 1.4947123159654436 1.2614350588992231 1.4520776905119417 1.328786512836811 3.1506172493100193 5.8690576427616161 1.3731501586735229 3.8061797637492409 4.4861680865287843 7.6043457202613345 2.4414284266531459 3.3193956408649683 0.96848752163350393 2.908284873701632 4.9514951519668102 2.8091714284382761 45.35481022996828 2.9468548307195297 2.6902609243988982 11.761037752963601 1.7016100380569694 3.6508507267571986 12.483690663240852 2.4073426919057965 1.8219637409783898 1.8789404383860517 1.3488653870299461 1.75235034013167 6.2635976248420775 1.5081746904179465 4.5142420865595341 2.0676764361560349 6.883014714345336 2.3502218797802987 3.6291536195203689 1.3437808416783816 3.4604619657620788 2.0658912993967524 3.0120946746319532 1.6122602270916102 2.6282594073563819 2.3282120246440234 8.3032139814458752 1.9692785404622544 2.0700236046686769 1.4365010866895307 1.6521356515586365 2.1993936793878666 2.0540970377624026 1.3845130549743774 0.73823161609470778 1.0438033719547055 1.8322752043604875 1.3811666513793248 2.2548034563660617 1.3466814784333099 6.367081387434153 7.5309040588326743 0.92770180851221162 1.7949244100600483 2.3223141524940729 7.1240063663572073 1.7740003466606138 7.5870333034545148 2.0605025431141266 1.4499562242999644 1.2046098709106434 2.1469495482742804 6.5727359536103904 1.7721303263679145 1.220477665774524 4.7708467012271285 1.9072320461273191 2.6702805478125802 1.3486618157476185 2.2357114916667316 2.2797509059309959 6.8971648323349637 2.1594738103449265 2.5834122011438003 3.7603893745690584 2.5424951631575805 2.1001852750778198 2.011316248215735 0.78847043961286523 4.6100890189409256 1.5484350696206091 2.2175399130210263 3.9064353760331869 1.0720455851405857 2.0904219234362245 4.0740834027528763 8.9967303117737156 5.308102620299902 4.1520153246819973 2.5288889240473509 2.7264445871114731 0.75783639494329769 1.0307850651443033 5.0798638202250004 2.5564801581203938 2.4370094947516918 1.5179588254541139 3.6130040432326487 1.9082285473123217 0.83216589130461205 11.844157151877877 1.3092124089598653 3.8336064508184791 2.320791511796414 1.4482794227078546 0.89513396378606802 33.779179983772345 5.9688879363238829 1.5968725606799123 1.2590850181877611 1.6182086216285823 5.7360001583583653 2.6401380584575298 1.3515178458765138 2.0837895888835192 3.0902890097349882 1.0710108568891876 1.6668304391205309 1.0874739009886987 0.80683015193790197 1.196108331903815 4.1153603149577975 0.88874072395265091 2.1981930341571569 0.89894293248653412 2.7782804593443871 5.5871487716212869 1.371080446988344 7.4610444554127753 1.3447474683634935 1.7074514050036667 0.52360333688557137 1.3229120722971854 1.4823688091710208 1.4406446777284143
leaf_count=32 43 57 17 21 27 41 29 15 31 52 43 76 25 54 35 86 17 19 36 142 39 176 36 38 26 27 32 19 32 31 34 33 14 54 43 32 41 21 320 23 19 25 24 25 31 38 63 19 39 38 37 16 61 26 48 35 38 829 43 20 118 21 81 140 39 32 43 15 33 86 17 82 31 37 20 29 18 39 28 20 30 56 41 137 17 28 28 34 39 28 15 42 40 18 40 46 32 70 137 33 46 32 218 12 110 31 26 11 39 49 41 15 83 22 40 14 37 36 81 27 22 39 22 17 10 20 23 21 35 24 16 36 44 132 81 63 23 73 26 29 62 36 22 30 43 35 19 245 21 70 34 36 23 275 81 33 31 29 144 30 24 34 50 40 30 18 35 16 63 29 28 24 38 75 30 128 30 32 38 38 30 26
internal_value=-0.000164548 -0.00694617 -0.0103628 -0.00115182 -0.0149778 0.00988405 -0.017866 0.000538748 -0.00766907 -0.0115057 0.00613616 0.00211082 0.00974992 0.00179211 0.0133482 0.00417416 0.00447882 -0.0014185 0.00585938 -0.013844 -0.0213961 -0.0230469 -0.00468376 0.00466221 -0.0114802 -0.00397172 0.00169192 -0.0165376 0.00398303 0.01395 0.00586371 0.00347107 0.000544336 0.00289382 0.014505 0.0157294 0.00740503 -0.00795453 -0.0196583 -0.0224633 -0.00697839 -0.0149829 0.00528249 -7.7065e-05 0.00498997 0.0139576 0.00528112 0.00807866 -0.025354 0.000645636 -0.00423957 -0.0110539 0.0125641 0.000330104 0.0160608 0.00227024 0.0154753 -0.027228 0.0196683 -0.00411517 0.0169706 -0.00900944 -0.0119339 0.0197374 0.013747 0.0160095 -0.0118652 0.00338409 -0.0131337 -0.0154874 0.0222059 0.0123278 0.0015137 -0.00335624 -0.0127824 0.00100913 -0.0182283 -0.00607258 0.0201201 0.00334173 -0.013172 -0.00511977 -0.0289021 -0.0235874 0.0248954 -0.0137585 -0.00604261 -0.0101628 0.00133721 0.012084 -0.00134992 -0.0150007 -0.00713222 0.0125303 0.0152819 0.0176143 0.0209228 -0.0177726 0.0197443 -0.0117327 0.00251946 0.00603497 -0.0165027 -0.0202119 -0.0178759 -0.0209196 0.023222 -0.0316699 0.0163336 0.0192575 0.00104168 -0.000975833 0.017586 -0.00177962 0.0239376 0.0114799 0.00946067 -0.0107266 0.0208228 0.0221915 0.00933517 0.0162875 0.025021 0.00588681 -0.00282624 0.019096 0.0126537 -0.0248184 -0.00849365 0.00942786 -0.00754298 -0.0187399 -0.0179311 -0.0190695 0.0200615 -0.0205706 -0.000365547 0.00979688 0.00256207 0.00862157 0.0217371 -0.0143154 0.00146112 -0.00492243 0.0230586 -0.00955501 -0.0198886 0.0253986 0.021449 -0.0162761 0.0277785 0.0198579 0.0072353 0.0277196 -0.0187931 -0.000702169 0.0162121 -0.00175339 -0.0218591 0.0266865 -0.0314441 0.0232498 -0.0136891 0.0118232 0.0073319 0.0270113 -0.000944078 -0.0146241 -0.0166507 -0.0236171 0.0136405 -0.0014859 0.0268707 -0.0242244 0.00767261 0.0216784 -0.00028838 0.00890267 0.00813197 0.00953792 -0.0193728 0.0129542
internal_weight=623.988 300.368 187.178 113.191 130.595 41.3367 114.14 56.5827 71.8541 58.5535 323.62 155.765 167.855 53.9313 113.923 14.3606 135.261 21.0539 42.8409 13.7418 93.086 86.748 17.4158 16.4549 12.6646 40.2158 30.6969 44.1928 5.69523 10.9199 129.183 107.298 84.0194 75.8138 111.425 105.075 37.0317 21.0526 38.4976 34.1441 12.1971 9.06597 68.0744 41.1233 31.6323 26.8538 12.141 13.3007 76.7315 35.4116 26.5408 18.9364 23.279 9.98592 13.7155 7.85978 21.8847 69.1009 68.0437 6.34915 24.725 10.178 5.53496 23.9209 8.2764 8.69361 20.5042 7.14714 5.66701 8.20555 13.3497 8.87083 8.53503 10.0165 17.853 5.85576 11.9972 5.84747 21.5744 7.49826 7.7394 7.63055 21.947 9.64699 16.7738 9.49099 12.5716 11.1351 6.33802 19.0606 5.14606 22.5415 15.836 26.9511 22.417 20.5847 17.1094 9.51891 13.2931 12.532 4.35356 5.0412 8.99998 9.03214 13.0749 11.196 15.7628 46.5594 13.9146 9.6443 7.42927 3.47528 7.45321 4.53416 17.0715 5.92714 3.63242 3.86463 65.2158 58.1574 13.241 10.6576 44.9165 7.05836 4.95817 6.10954 8.38931 9.13547 5.02671 8.97782 2.86697 6.12714 5.77569 11.4382 9.41857 5.27477 5.07138 4.13862 3.53205 4.42112 6.87165 9.483 4.5029 2.76129 11.1439 3.25709 7.95617 14.3816 6.08006 6.0779 14.8045 11.0563 1.88411 35.9387 7.42097 2.85831 4.57848 2.64899 7.57126 14.4012 19.6188 7.39189 4.05878 3.1311 3.304 12.9316 1.5953 3.82437 8.15421 6.62474 3.89005 1.63717 10.4968 7.25814 2.62692 9.60799 2.85292 3.09196 2.77422 1.84652 5.59773 3.50832
internal_count=9164 4904 3043 1861 2391 568 2076 652 1293 1074 4260 2557 1703 583 1120 244 2210 221 463 189 1855 1711 278 315 169 446 333 830 84 184 2123 1832 1437 1317 1085 1022 407 257 746 665 280 217 1197 691 557 301 179 219 1635 427 243 206 395 182 137 83 291 1524 615 63 276 106 131 290 102 125 347 99 119 120 161 184 130 76 236 61 175 96 238 58 120 111 385 155 191 134 222 194 144 335 75 684 508 506 440 422 361 113 213 412 81 47 277 113 205 162 329 840 260 76 142 61 123 66 188 106 56 77 583 513 142 120 371 70 53 137 52 131 73 69 62 90 65 148 146 99 45 105 135 99 93 160 50 47 180 50 237 289 104 87 174 203 50 302 106 57 92 58 192 148 344 115 76 63 96 263 55 72 129 173 49 66 114 101 44 167 47 47 109 76 93 57
is_linear=0
shrinkage=0.0323284


Tree=20
num_leaves=190
num_cat=0
split_feature=8 10 27 10 16 16 19 5 16 4 17 23 19 4 16 13 17 7 4 24 24 8 7 23 20 0 21 18 15 5 17 27 3 18 11 27 8 14 7 27 18 5 20 7 16 21 25 25 5 20 21 27 8 17 10 15 7 17 21 21 4 0 27 20 8 11 24 23 4 8 27 7 27 16 24 14 10 20 2 27 2 15 23 11 8 8 0 24 18 3 17 23 15 16 1 3 21 27 16 21 21 15 0 15 18 3 3 6 15 18 14 16 24 10 15 23 13 3 5 17 13 20 2 1 4 28 7 20 16 9 19 24 16 13 16 5 2 20 9 16 14 11 13 6 4 13 5 8 20 17 6 16 27 11 18 10 27 22 3 13 22 9 25 11 25 5 18 2 23 27 25 10 15 1 20 5 5 10 16 18 24 4 2 16 5 7 24 15 15
split_gain=20.4944 5.49497 8.95325 6.69589 6.48426 5.04623 7.18634 8.25214 7.0125 8.15479 5.04577 4.67977 4.87103 4.50291 5.10725 4.0071 5.29548 4.73382 3.7018 3.64778 3.34971 3.29761 3.03561 4.37027 3.00729 2.97441 3.1487 2.84561 2.77718 2.77623 2.52534 2.49336 2.41836 2.45127 2.2976 2.28655 2.20102 2.15706 2.96006 2.54104 2.62638 2.48578 2.24006 2.09751 2.08449 2.05678 2.78671 2.53295 3.5241 2.19045 2.10175 2.04252 1.96753 1.9665 2.60058 1.95479 1.9138 1.87984 1.97046 1.87255 1.85698 1.8332 1.81154 3.18228 2.32314 2.75885 1.7825 1.76334 1.75449 1.73227 1.70132 1.67652 1.62782 1.60919 1.6085 1.59632 1.58905 1.58831 1.55943 1.7096 1.51266 1.48977 1.4415 1.42652 1.40716 1.36962 1.32385 1.80435 1.3201 1.30671 1.30025 1.29996 1.29211 1.27472 1.54908 1.26493 1.21264 1.18716 1.12924 1.38339 1.12157 1.12056 1.11765 1.10177 1.25828 1.1003 1.09876 1.08981 1.07953 1.06673 1.02842 1.02139 1.02081 1.71087 1.18809 0.971199 0.935637 1.34471 0.914067 0.912651 0.893119 1.40576 0.88431 0.864894 0.861492 0.860367 0.855545 0.851192 0.82048 0.812956 0.806023 0.797351 0.792886 0.774416 0.743684 0.880809 0.740924 0.739348 0.707679 0.656595 0.694686 0.654963 0.632748 0.605855 0.605836 0.601535 0.587758 0.579857 0.578985 0.572535 0.567352 0.552167 0.524259 0.485428 0.47207 0.464164 0.458448 0.436677 0.420297 0.419007 0.417963 0.409541 0.365619 0.357687 0.327456 0.318082 0.314354 0.29938 0.27473 0.269154 0.250162 0.242723 0.20916 0.199083 0.185172 0.166473 0.353994 0.154717 0.140089 0.118741 0.0956535 0.0821399 0.0706495 0.0598126 0.0584569 0.0347705 0.0190796 0.011057 0.00343315
threshold=-0.24784926477353117 0.32500000000000023 -0.68761259657655904 0.19999999999999987 0.0031863203432271532 0.0057599946239424472 3154.4999999999877 -0.028562932865463294 0.0025034805201910866 0.79166666666666674 1.4854097917030586 0.0002503047083329824 10599.000000000024 0.77182539682539697 0.002469284603349311 0.0023642641444013512 0.42788202309786466 2.5000000000000004 0.39484126984126988 -794.40239789423754 -1066.4545118353806 -0.27553682647927791 8.5000000000000018 0.0022235484527539655 1.8966477667575907 -0.14826718571066536 -0.01309537567094393 0.15499999999999939 448.96028106842738 -0.058339374141219306 0.61556111913354827 -1.285385195628937 0.0074617875432204809 4.2250000000000005 0.82527916666666667 -0.37675502597209037 -0.29778234430334516 0.013129800021310341 4.5000000000000009 -1.3571625414605266 -0.99499999999999911 0.010109665784781676 3.0544003297111531e-16 12.500000000000002 0.0039102442384864097 -0.00045974334238269016 23.245576382958376 39.177707989982125 0.11079941041712228 0.58354843548031965 0.013038932113227266 -0.83734598548891559 -0.13691933910337825 0.61414669268964206 0.30000000000000021 86.091044229386782 13.500000000000002 0.50405425401662762 0.0035056311207861683 -0.0032001615279987346 0.68055555555555569 0.035808767951625138 0.5418992507682846 5.0028149524946173 -0.047501790536802084 0.16508636363636489 -421.36572577836688 -0.019025798588355011 0.33928571428571436 -0.28153113869625951 0.36760551431517813 17.500000000000004 0.70798651215817654 0.0041733780394124708 -287.98072051580783 -0.015743631837950186 0.24999999999999986 3.4245329280920851 1.0353573345917724 0.44431297244560103 1.1065853609987342 485.82761768257063 -0.007187415803949381 0.75044999999999995 -0.26689833809417174 -0.4529302944975217 -0.17920526158481345 -193.2252012933225 -1.0400000000000016 0.0099466093111387297 0.37644109406863341 0.019819987546653709 86.091044229386782 0.0090835071655648979 0.30575517464424312 0.049592789343634924 -0.0074615431218959518 -0.34172810618811467 0.0085373285823304914 -0.0043293707958781949 0.0038636767502207019 148.87002283118883 -0.31364430102483692 238.49427597696928 -2.9499999999999988 0.0099121499061252966 0.03825638328844666 0.79563492063492081 541.94948950596302 2.7749999999999999 0.031051846705962467 0.0017129232846876889 -101.30512620471193 0.19999999999999987 217.52378627959163 0.019522029566093838 0.009364688178558617 0.0055206691995808412 -0.082692530392293559 1.0059853837092498 0.0078624520779762164 2.9324482268713767 1.1124030180083995 0.79317954696868764 0.74007936507936523 0.78333333333333355 4.5000000000000009 5.4205267967860964 0.0095915767008417311 -4378.50000000001 159.25000000000367 -69.061409857344898 0.0046623390815375958 0.0020994212426928296 0.0071386141179208785 0.059326821952419014 1.1969803779916572 2.1275748023762052e-16 -5136.5000000000346 0.0051355602064504348 0.0047032561154179498 0.085202941176470717 0.0036574333342880897 0.23214285714285718 0.29166666666666674 0.0058726322642938577 -0.023771014229944983 -0.28617943010075436 9.2671508444343136 1.2479715727936178 0.48611111111111116 0.0021019604123002386 -0.56896470416721512 0.36468791208791212 0.95000000000000118 0.17499999999999985 0.72146513646643817 0.086392826840126655 0.01095082900578063 0.0083276250120815389 0.16160599542179235 -1298.249999999998 65.225310045596515 0.085202941176470717 79.162803210255007 0.003969952863756788 -2.9499999999999988 0.98531282426590561 0.022764839317136357 -0.13827339064245606 58.234052608921175 0.24999999999999986 323.85863779971356 -0.040350651410716414 1.1598950855248602 0.047545338101325892 0.072580039710713709 0.24999999999999986 0.0022805911146115475 -0.71999999999999964 -53.939255198230008 0.72023809523809534 1.2385396026348205 0.0038116888615160132 -0.01728900929458493 1.5000000000000002 -603.3620592984654 418.60548124259009 189.26828164926226
decision_type=10 10 2 8 2 2 8 10 2 2 2 2 10 2 2 10 2 2 2 10 10 8 2 2 10 2 2 2 10 8 2 2 10 2 2 2 8 8 2 2 2 10 10 2 2 2 10 10 10 10 2 2 10 2 10 10 2 2 2 2 2 2 2 10 10 2 10 2 2 10 2 2 2 2 10 10 10 10 2 2 2 10 2 2 10 10 2 10 2 10 2 2 10 2 2 10 2 2 2 2 2 10 2 10 2 10 10 2 10 2 10 2 10 10 10 2 8 8 10 2 10 10 2 2 2 10 2 10 2 10 10 10 2 10 2 10 2 10 8 2 10 2 10 2 2 8 10 10 10 2 2 2 2 2 2 10 2 2 10 10 2 8 10 2 10 10 2 2 2 2 10 10 10 2 10 8 10 10 2 2 8 2 2 2 10 2 10 10 10
left_child=1 2 3 43 30 6 13 24 110 22 11 12 21 14 74 16 31 25 -7 20 78 35 72 60 143 107 52 36 69 -12 57 153 108 37 84 152 51 42 129 146 112 70 66 126 -29 47 49 56 53 -47 81 138 -27 125 142 93 95 58 85 -33 82 86 64 73 130 -66 173 -14 122 106 71 83 -10 -64 171 -16 -35 118 79 179 170 92 -24 90 109 -3 87 -43 -60 -71 158 163 -48 -31 -95 97 154 -44 99 162 -51 -75 -94 104 161 115 134 131 116 -20 -9 -76 113 -41 -115 -77 117 -19 -37 -23 121 -88 145 -96 -74 -49 165 159 -57 -39 137 -17 -46 -61 135 -5 -114 -18 -21 149 -141 -15 -55 -8 -73 -28 -40 -45 -65 -70 -143 -127 -6 -2 -58 -124 -72 -104 -42 -106 -111 -52 -56 186 177 -1 -145 -139 -25 -80 -63 -4 -85 -34 -131 -107 -177 188 -92 -13 -138 -98 -169 -91 -128 -26 -59 -176 -50
right_child=15 4 5 28 10 18 7 8 9 -11 29 19 67 141 75 17 62 32 34 27 -22 119 23 168 185 26 68 44 -30 55 -32 59 33 76 -36 77 -38 38 39 40 41 61 45 147 132 46 50 48 164 100 103 -53 -54 54 98 128 96 91 88 133 -62 80 63 148 65 -67 -68 -69 139 89 156 144 124 101 111 105 -78 -79 169 -81 -82 -83 -84 172 -86 -87 120 -89 -90 183 178 -93 102 94 123 -97 181 -99 -100 -101 -102 -103 157 -105 127 175 -108 -109 -110 160 -112 -113 136 114 -116 -117 -118 -119 -120 -121 -122 -123 155 -125 -126 151 184 -129 -130 174 -132 -133 -134 -135 -136 -137 180 167 -140 140 -142 150 -144 166 -146 -147 -148 -149 -150 -151 -152 -153 -154 -155 -156 -157 -158 -159 -160 -161 -162 -163 -164 -165 -166 -167 -168 182 -170 -171 -172 -173 -174 -175 187 176 -178 -179 -180 -181 -182 -183 -184 -185 -186 -187 -188 -189 -190
leaf_value=0.0093501476573231192 -0.00087947820077529878 -0.00047050296681020544 0.0003655047810239854 -0.033536424125200665 -0.0067493240738058851 0.0074918703622420492 -0.0016172401263685149 -0.020069170669868703 0.031291013106329181 -0.02006904797634685 -0.013503811027008714 -0.0020997182075187673 -0.0071499737302983327 0.016189187413303864 0.0020561650539956903 0.016818968907998836 0.0051564742604567554 -0.0015639630276420822 -0.030343020137400117 -0.0094125558261052688 -0.025986235977735465 0.010446428593821642 -0.0085575205353527976 -0.015955862714686693 0.011249817611426946 -0.0093206988083868927 0.01223898763826264 -0.018750298618700253 0.0033088575247242702 -0.0014315694221641838 0.024148901304531643 0.005502347717761806 -0.0013099061715813728 0.0057731862893565938 0.0042309355059851209 -0.0027414770520890783 -0.0067014256527226273 -0.0023665394381575536 -0.0022858525499859675 0.020173237708796678 0.0048743901130397557 0.0095874680710648537 0.0016836849615704638 0.018390155461104857 0.013890922118299395 0.013254617140987243 -0.0038266248949525247 -0.0062460552742628567 -8.9232412625894501e-05 0.0038384125197468565 -0.010050338971639115 0.029797758623386746 0.016698952603709658 -0.0012162742692397308 0.017669418738972636 0.0068727127147925797 0.012754072866041659 0.0016980284129800038 0.0090474637540134042 -0.022216957525219821 0.027128728062189938 0.0099549129318611315 -0.0031427812289329259 -0.01736191813497311 0.013278067489905074 -0.016752922845939648 -0.017271749856854635 0.019629227555227335 -0.028758595791188491 0.010796150820416165 0.0096232121046782269 0.0091925971516163742 -0.0035456605213595354 0.022801486842811046 0.0050528354423092442 -0.011495788336940097 -0.020141741633488582 0.001336238150430914 0.015983655870245649 0.0087734921360878553 -0.017990326438840194 -0.0023924866638861892 0.012293621892578059 -0.005053537997747529 0.0013954023698992213 0.024361269714753504 0.019391804414126204 -0.016721778062515607 -0.013398966007924989 -0.013297490052154276 -0.0055107862658480278 0.0074354393838103197 -0.00023863108670366082 0.030533931678427054 -0.0054777191232585898 -0.001028968250798491 -0.0010895192843357433 0.027118921626834758 -0.0099056433928543935 -0.007381096847555866 -0.017706062855357446 0.00069746425951511531 0.0018806345855331059 -0.009714526575492587 0.020577227234538621 -0.032409763380415541 -0.0014708523428387567 -0.0069330814567961181 -0.0023301750056049491 0.0027541435264298699 0.0016646776082251216 -0.014451421353561932 -0.011842816406003945 0.0083373568138221284 -0.013299831709075144 0.0096963626988383293 -0.0017188830018944222 0.025562406699711281 -0.034191444196902933 -0.0082557842885881919 -0.002768996687129491 -0.0039237117743662411 -0.014712340957944407 0.012211070807021891 0.014104689647772893 -0.0018286736049567883 -0.001137530952311526 -0.0032058722466168552 -0.013336292886654154 0.0036763271740946797 0.0019335248067653766 -0.0033992607435583788 -0.0046761644358944291 0.00095674544572774416 -0.00076814168616586823 -0.0037844773635304727 -0.0007574149152051135 0.0036399016315925049 0.007910128983826958 -0.012357346262502785 0.0046997710144484521 0.006882770808824391 -0.022717422673594025 -0.0019677501965840076 -0.0063358288708204955 -0.0041239260966850263 0.015193541414969642 -0.00076850388924210597 -0.00013280501163288387 -0.0021094414948389035 -0.0092890637132963805 0.017405117534882983 0.0086681401367915013 0.014588000620776096 -0.0014172152919401024 0.0016256329048618993 -0.0044151636468566192 0.025260129695662201 -0.0083156215241750788 0.00010945041744939842 -0.010745484642260489 0.0039093621218709209 -9.9477469280843104e-05 -0.018467610885597327 -0.00021437229861119258 -0.0039803647213574704 -0.026618123022851294 0.026854932187597984 -0.00038840947352380316 0.00049294832511840691 -0.0023801899730282873 0.016305100072102331 0.0039757629856421138 0.0097244159744025831 0.022140935810678705 0.0033093551857966584 -0.010714773948666937 0.017585179046705181 -0.029623390595634898 -0.018463718764282124 0.0074245102662758734 -0.013007148478285577 0.0066197771692729553 -0.00070364719680341141 -0.016020320977710761 0.00054715049538927587 -0.0014131927761353294 0.0026820749394054072 0.0017224550625041201
leaf_weight=0.83916977280750671 2.5886898101307443 3.0231821089983013 1.4488055687397721 30.262083224952221 1.0926911593414845 3.8810530388727811 1.92740849405527 4.4304311815649262 17.803267727140341 3.1869083344936362 1.8542167050763962 1.6418746598064888 2.2060091737657785 2.6772789619863024 1.5128804855048681 4.8835208239033809 4.4412798914127043 1.767057025805111 14.042852747254083 1.2348394766449926 4.8607010631822076 2.3552390467375579 3.3480161335319254 3.1559691801667205 0.93424221128225216 2.4176542274653912 1.8966105226427346 2.5900774849578729 2.4129924960434428 2.4094137242063907 8.3118088692426664 2.8118445575237265 1.3735795179381969 1.8115918580442656 2.2865497581660739 1.7129333466291559 1.6795480959117437 1.5987284751608966 1.4512726981192825 5.130856729578225 1.7744007874280314 1.8809152040630577 2.9568548500537863 2.8827480394393206 2.1776984483003621 2.5174188930541259 1.0106556061655307 1.1626045051962162 0.73244137596338876 2.1589428768493235 1.972079620696604 5.9787988890893722 3.3412999790161875 2.1023999918252256 3.255264543928206 0.76521375868469421 2.4048215206712484 0.55725004523992538 1.6146773169748483 6.0551656642928711 4.6540076062083244 0.95496504846960195 3.800337866414341 1.9790104627609242 3.7436613989993921 2.1782699078321457 3.734549186192452 2.0443544276058665 8.8163620973937196 0.98136686813086171 1.7966085644438856 1.7365528410300606 3.2262449711561194 7.8641459578648192 2.4280125773511845 1.1269213734194665 3.7291330182924867 1.2768555749207724 1.9426183700561526 1.9474492229055611 4.5310116708278656 2.1852704603224984 3.6402005888521716 1.9267197470180684 1.6868856158107508 4.7198111414909389 7.1773890806362015 2.5288254842162177 2.865673734806478 2.3253059089183812 2.1921827336773267 1.4237869977951048 1.966647690162058 5.2703200513496977 2.7421381371095777 2.6266587357968083 1.5348504260182365 7.2250784458592561 2.6658737501129508 2.0374467624351364 4.1487155389040709 3.352273004129529 1.4926888998597956 1.9959875494241703 3.9695096644572905 13.214107638690614 1.7127094296738494 1.5566256232559679 1.9602815574035037 2.0783959031105033 2.455128232948482 3.1858143052086234 1.6760471053421486 1.9993100818246605 1.7737059909850357 0.92183059267699707 1.4189813705161221 9.3143415725789964 16.601320389192537 1.6876511648297308 2.8916869862005123 2.2130008293315768 1.9784366842359307 2.3487469796091318 2.7974313795566559 1.2755500338971617 0.92786274757236276 1.3996930597349999 1.5199848311021922 2.7158060125075263 2.7313847802579394 1.3105220878496764 1.8099691187962887 1.4316815556958316 0.99920012895017762 2.0857797265052787 1.2509959703311322 1.9830977190285946 1.5918572889640947 1.4507994074374431 2.243482481688261 1.0691629061475398 9.3441815013065916 1.2194809690117807 1.8553682924248276 1.7605961700901387 6.4045273177325717 1.8269423288293181 3.3666371488943696 1.5576116517186154 1.0556471957825122 2.201110833324492 1.1588401766494012 2.7608207501471043 3.0728131886571646 1.7332922872155903 1.6325721861794589 26.041102123446763 1.5568740013986824 1.2848839145153759 2.3110249750316143 1.1976444125175469 1.3942969813942907 2.7381372647359967 1.3980870814993975 0.6375117115676403 7.0455067828297624 25.751771303825084 1.6960478909313677 1.8266804069280622 0.96874755155295134 2.1411419818177819 1.8134770989418028 1.8209092793986199 4.0880542728118598 0.89946570899338008 1.5457196123898027 4.9039655281230807 10.015352265909312 2.3542082495987411 1.199027054011822 1.5864416863769291 3.000175602734088 0.90875802375376213 2.5320442067459226 0.80003975890576839 0.63250466668978267 1.1443849131464956 0.6311164041981101
leaf_count=34 31 30 30 752 36 41 18 61 88 38 57 22 33 38 33 83 36 28 237 32 117 28 41 44 8 36 24 42 31 27 116 19 25 18 12 32 32 23 22 78 24 41 31 35 16 16 20 18 17 26 46 71 24 26 51 39 17 11 27 92 12 25 34 24 45 30 81 14 139 39 28 41 35 54 42 32 75 29 20 38 48 25 29 33 26 72 106 44 54 61 29 19 29 80 38 30 30 57 39 29 54 21 17 23 63 279 24 24 31 24 23 75 28 37 26 23 28 171 301 30 43 34 24 23 12 22 22 18 34 40 31 23 41 18 18 30 20 18 23 32 33 24 121 14 23 29 95 24 35 11 20 51 16 19 35 29 24 487 24 24 31 27 25 51 18 24 93 211 19 29 20 27 12 29 73 26 53 78 151 28 24 17 34 22 69 40 34 22 27
internal_value=-4.51025e-05 -0.00647033 -0.00994691 -0.020843 -0.000574204 -0.0048967 -0.00122387 0.00521001 0.0109481 0.0157346 -0.00521912 -0.00943182 -0.0178225 -0.0126393 -0.0173476 0.00538205 0.0115477 0.00327555 -0.0165147 -0.000446455 -0.0109992 -0.0227227 0.0199565 0.0070977 -0.015985 -0.00726174 -0.0120081 0.00889592 -0.026073 0.00913042 0.0124689 -0.00450882 0.00508172 0.0039785 -0.0211353 -0.0270689 0.0173996 0.0046717 0.000539241 -0.00199016 -0.00434089 -0.00767556 0.0074438 0.00267142 -0.0059786 0.00862575 0.0129834 0.00382777 -0.00184575 -0.00271269 0.0160705 0.0226171 0.00635986 -0.00765065 -0.0116337 0.0139645 0.0116303 0.00382076 0.0100609 -0.0124991 0.0165616 0.00022976 0.0154962 0.00605021 0.0191023 7.72438e-05 -0.00763525 0.0087619 -0.0171531 -0.0280075 -0.013845 -0.0167213 0.0267864 0.0130238 0.00216403 -0.0255874 -0.0126937 -0.0301134 0.00140889 -0.00754073 -0.0111252 0.0199743 0.00276267 -0.0199812 -0.0242289 0.017533 0.00580693 -0.00619753 -0.00485897 -0.00416776 -0.0235689 -0.0087408 0.0216649 0.0182425 0.0220356 0.0181307 -0.000491053 0.022083 0.00126146 0.00761918 -0.0115769 0.0179582 0.0228606 0.00314789 0.00765457 -0.0279091 -0.0302249 0.00791915 0.0165672 -0.0264318 -0.0143591 -0.00729617 0.00723911 0.0120857 -0.00331456 -0.00181764 0.0194055 0.021888 -0.0321782 0.00240015 0.0105526 0.0143084 -0.00253727 0.00431449 0.0068093 0.00749046 -0.0092298 0.013652 -0.00646581 0.0147001 0.0218093 0.0128365 0.00719392 -0.0188776 -0.0314135 -0.0321852 -0.00393959 0.0230298 -0.000645681 -0.0227524 -0.00473128 0.0107467 -0.0200004 -0.02187 0.00197448 0.00617281 0.0122367 0.0137842 -0.0109035 -0.0263244 -0.00189429 0.0129489 0.00159376 0.00970227 0.00733796 -0.00997691 0.00405715 0.0243575 -0.0023631 0.0176526 -0.00594553 -0.00546078 0.0145688 -0.0153787 0.0137377 0.00480048 -0.024677 0.024809 -0.0129957 0.0123754 0.00618073 0.0132738 -0.000839379 0.00674831 0.0178251 -0.030349 -0.00661005 0.0158297 -0.027514 -0.0159075 0.00522703 -0.0108684 0.0257047 -0.0120058 -0.014651 0.0100327 0.0001757 0.020705 0.00134012
internal_weight=607.187 277.737 173.168 51.3345 104.569 121.834 95.5471 62.3203 50.3937 43.5081 78.6822 61.7722 30.1359 33.2268 28.4247 329.45 79.8402 249.61 26.2868 31.6363 14.5735 25.8855 40.3212 16.4942 11.9267 34.9468 27.1961 17.0628 41.6882 16.91 25.8868 15.6482 214.663 200.202 22.4057 21.8426 10.485 194.662 79.8794 70.3324 62.4766 49.4467 114.782 9.64628 6.57775 107.853 53.3412 54.5119 33.1043 8.82508 44.5162 8.8055 5.75895 25.4387 20.7995 15.0558 21.4075 17.575 12.2233 10.2987 11.6422 23.1465 64.192 20.3624 43.8296 5.92193 6.92904 4.25036 21.4372 39.2752 26.3001 22.8709 23.8269 15.0168 9.20377 19.2209 5.54072 19.5911 9.71283 5.94353 6.45472 32.6964 6.98822 19.279 20.1192 7.74299 16.6918 4.40974 4.48035 4.21543 15.5388 5.35168 30.5111 12.7706 10.3612 12.8086 8.59893 10.1819 9.35288 6.68701 6.30766 11.2164 29.5004 11.8198 9.82381 17.708 35.0598 7.75067 14.4607 18.4323 6.88556 5.61383 13.0299 8.90387 3.77302 2.04875 12.5004 11.0814 18.3143 4.04289 12.2821 9.39039 7.36894 5.09089 6.02368 4.63927 4.93659 6.65409 2.2852 9.54697 37.9077 6.19404 3.98767 7.48685 33.3471 32.3479 4.12607 35.1763 2.8267 14.0683 3.69428 4.80209 11.4466 10.1924 3.59192 3.65721 7.8558 4.70969 5.34565 10.374 2.12481 3.47666 2.25153 5.34951 5.47763 3.71173 3.42918 27.5338 3.33127 5.25439 4.38942 3.16972 4.64956 3.92789 7.66561 1.47668 8.26499 30.735 4.85202 3.7693 1.92371 3.58995 3.7402 3.19449 7.94825 15.6593 2.44519 6.26752 12.2075 3.99608 2.45002 3.12129 28.7519 3.23406 3.45991 1.73428 1.18975 5.23244 1.36356
internal_count=9176 4575 2833 1185 1742 1648 1277 575 402 318 1328 1030 519 702 620 4601 752 3849 371 511 254 472 280 145 173 511 381 257 977 298 414 179 3338 3080 330 414 158 2987 1238 1080 963 750 1749 208 99 1614 875 739 522 96 779 126 60 382 291 241 217 298 183 129 82 361 573 168 405 75 135 47 321 946 389 337 135 109 174 446 93 362 137 88 93 578 70 273 318 102 268 85 81 122 228 115 553 168 141 118 99 88 144 105 80 75 533 201 178 413 824 130 258 292 84 117 213 141 63 55 227 199 333 58 183 140 106 61 47 91 149 105 73 158 330 106 57 110 800 782 72 299 55 215 65 82 147 125 64 53 117 59 59 150 44 73 52 50 52 53 52 504 48 87 55 73 76 96 140 58 107 263 63 49 45 57 45 54 135 358 79 122 180 50 44 47 245 83 91 48 45 95 44
is_linear=0
shrinkage=0.0323284


Tree=21
num_leaves=178
num_cat=0
split_feature=8 10 1 24 0 14 14 26 16 7 8 16 9 22 25 18 1 0 10 9 23 3 24 13 5 22 9 26 9 11 22 4 8 14 17 21 5 0 6 8 11 4 4 26 23 16 11 3 17 13 16 12 23 27 18 27 7 0 27 26 26 12 9 6 25 7 8 20 13 14 3 16 5 1 21 28 14 26 7 27 25 11 26 22 18 8 27 14 7 14 7 5 11 18 15 28 23 16 13 3 27 16 15 25 22 27 17 8 25 25 26 8 15 4 11 20 0 23 27 25 22 14 27 22 20 20 3 24 4 24 3 22 12 27 6 5 19 6 5 20 1 1 0 16 25 26 17 14 3 22 25 9 18 8 3 15 9 4 0 25 10 1 9 16 13 5 26 22 20 21 15 6 9 27 10 7 13
split_gain=18.3603 4.57243 7.1695 6.56135 8.07176 6.21443 6.29334 4.66351 4.14951 3.96527 5.22105 3.95367 3.82614 3.43368 3.28034 3.26092 3.1463 2.90632 2.8347 2.80306 3.06439 2.64885 2.50788 2.79728 2.36364 2.35628 2.85808 2.83221 2.36002 2.22329 3.39015 2.22152 2.19756 3.01968 2.17877 2.17387 2.12777 2.12433 2.105 1.90595 1.87005 2.89672 2.12902 1.80868 3.29271 2.58896 2.17607 1.78668 1.78521 1.77864 2.19696 3.17085 2.43648 4.38702 4.19005 3.62295 2.88842 2.49059 3.25152 3.16529 3.0927 2.30415 2.26429 2.1222 2.10782 2.04418 2.25881 2.00476 1.74713 1.73896 1.72788 1.66161 1.6291 1.60951 1.60607 2.21416 1.58816 1.55487 2.04348 1.53434 1.52726 1.50296 1.50212 1.49555 2.41484 2.17726 1.46597 1.44741 1.42176 1.39083 1.30378 1.26086 1.2447 1.24153 1.20556 1.10366 1.04998 1.61154 1.03629 1.00044 0.984746 0.959664 0.954203 0.950848 1.63942 0.92892 0.921729 0.899485 0.898374 0.897446 0.871637 0.859268 0.852182 0.848238 0.846477 0.835057 1.29809 0.824736 0.822165 0.799245 0.786517 0.736039 0.729105 0.711578 0.70618 0.67154 0.844003 0.650025 0.757656 0.637182 0.615879 0.608638 0.58737 0.58574 0.580451 0.579095 0.558732 0.529624 0.503512 0.498389 0.47886 0.903813 0.465461 0.451371 0.43809 0.432319 0.428187 0.418889 0.407206 0.401866 0.37914 0.368387 0.353584 0.342588 0.327714 0.323023 0.435694 0.300496 0.287194 0.284265 0.274731 0.216375 0.209505 0.204945 0.165486 0.15621 0.136978 0.136824 0.134644 0.124793 0.0846117 0.0453971 0.0326724 0.0295883 0.0252609 0.0222274 0.00464242
threshold=-0.23430687253537311 0.32500000000000023 0.082042246012112865 -62.728158020449357 0.18954820936639119 0.012492603041293579 0.024336298161877674 -0.76345000000000407 0.0057599946239424472 5.5000000000000009 -0.42674439786569784 0.0036425689042318779 -10224.500000000064 0.13403629874778777 52.484692179533049 0.68000000000000249 0.011998061746566592 -0.37799628727230533 0.17499999999999985 -1266.4999999999952 -0.024976606668740294 0.036538447914141924 -2618.5169423180519 0.010258719754622522 1.0000000180025095e-35 0.16160599542179235 -1.0000000180025095e-35 1.0745000000000025 -14269.749999999971 1.0324750000000018 0.15589512299988273 0.2678571428571429 -0.047501790536802084 -0.15449739277179855 0.77407978561134494 0.0097279793841131851 -0.014144248528608792 -0.29493683932091797 0.18452380952380956 -0.30428357079235169 0.28708333333333347 0.31547619047619052 0.77976190476190488 0.59515000000000129 0.027207379967720827 0.0016494157257523703 0.12287696969696964 0.01057837488799203 0.832525171186841 0.0069324847574253334 0.0058330216844442598 0.0023959729904460031 -0.0043215246332707893 0.36760551431517813 0.5650000000000005 0.35342772142276729 1.5000000000000002 0.19275611131040862 -0.54432237647206239 0.69999999999999762 0.95000000000000118 0.0023462569591863758 -5754.2500000000173 0.95039682539682546 40.519010107380929 3.5000000000000004 -0.10743214720912085 5.9424846822646833 0.0032945467404216825 0.0072531188719956044 0.030568494184462201 0.0059236601397269729 0.001349830410455666 -0.16088165292135817 0.010575798751863099 0.81666666666666676 -0.044576288741434593 0.10000000000000055 1.5000000000000002 -0.22750074462377426 24.78411292633352 0.079057017543859631 1.8499999999999999 0.1888194463098157 -0.2200000000000015 -0.055235294890899005 1.8502795283626177 0.018393434310707103 20.500000000000004 0.0084784845107827456 14.500000000000002 -0.024926904813606484 0.28708333333333347 2.0299999999999998 181.8213102321013 0.8500000000000002 -0.0043215246332707893 0.0046268025793409122 0.0046598477124341594 0.035935883444439265 -0.37675502597209037 0.0063139551757786785 448.96028106842738 69.54826491527821 0.12503710602682216 0.2737354309099192 0.59785345599868689 -0.049383222222191041 96.224969144349643 35.494554451136487 1.099999999999999 -0.27042427342741482 293.6189289322561 0.43055555555555564 0.031818181818181912 1.9083249191976825 0.41252219386339678 -0.012837930353203684 -1.3135902556699504 39.177707989982125 0.1485656716594326 0.024565795950977475 1.9489049254228086 0.14619050536534642 4.6590573419142851 3.6719574482988784 0.018087219796971098 -1684.456959046671 0.83531746031746046 -1127.7763269302461 0.0092816043781484853 0.12310038198737823 0.0015744867740330557 -0.67332464581319018 0.66865079365079372 0.024597770434841574 2625.9999999999968 0.18452380952380956 -0.015706086872158128 1.838199517701701e-16 0.048138657722156759 0.10043345873865929 0.50940701369140895 0.0020247133826800713 67.484667294521827 0.93779999999999764 0.72244140438238402 0.028507308970851578 0.019444720403373004 0.14080170800511557 63.359489878652418 -4378.50000000001 2.180000000000001 -0.25226371587777413 0.024510566714138499 454.32252350472078 -4028.7499999999768 0.48611111111111116 -0.25738057150190735 46.856067944212704 0.29999999999999943 0.011998061746566592 -10224.500000000064 0.0085373285823304914 0.012680687667940669 -0.034031451779876813 -0.62499999999999989 0.12405359268855175 1.8547431428775585 0.010866007006365199 113.00061021990322 0.96626984126984139 -10157.500000000016 -0.94089566231236044 6.4750000000000005 8.5000000000000018 0.012398813678612029
decision_type=10 10 2 10 2 8 10 2 2 2 10 2 10 2 10 2 2 2 8 10 2 10 10 10 10 2 10 2 10 2 2 2 10 10 2 2 10 2 2 10 2 2 2 2 2 2 2 10 2 10 2 10 2 2 2 2 2 2 2 2 2 10 10 2 10 2 10 10 10 10 10 2 10 2 2 10 10 2 2 2 8 2 2 2 2 8 2 8 2 10 2 10 2 2 10 10 2 2 10 10 2 2 10 8 2 2 2 8 10 10 2 10 10 2 2 10 2 2 2 10 2 10 2 2 10 10 10 10 2 10 10 2 10 2 2 8 8 2 10 10 2 2 2 2 10 2 2 10 10 2 10 8 2 10 8 10 10 2 2 10 10 2 10 2 10 10 2 2 10 2 10 2 10 2 10 2 10
left_child=1 2 3 4 17 7 74 24 19 34 152 12 69 99 32 37 31 90 100 20 142 39 23 -13 76 26 73 28 -27 30 160 130 33 91 -6 36 81 137 -23 93 41 -22 96 46 45 147 77 112 108 50 52 62 55 57 61 70 -57 58 59 67 121 -55 63 162 86 79 71 133 92 150 138 87 -33 -24 75 114 -3 125 -79 158 110 -34 83 113 85 -85 -58 88 109 -14 -1 -2 144 103 -77 153 97 -43 -32 -10 135 -26 -83 104 167 161 -42 143 140 -67 151 -100 -41 -62 -7 -80 -117 -66 -48 -73 -21 -61 -111 -40 159 -39 -127 -30 145 -12 -8 -70 -64 139 -76 176 148 -16 -35 -54 -47 -142 -4 -60 -17 -129 -56 -45 -133 -138 -9 -38 -11 -75 -116 156 -141 -46 -51 -89 -5 -50 -52 -121 169 -120 -128 -20 -96 -49 -150 -65 -131 -125 -103 -18 -19
right_child=14 5 8 29 9 6 16 11 13 10 129 22 89 -15 15 68 175 18 21 120 40 38 25 -25 101 27 -28 -29 127 -31 98 72 35 49 -36 -37 80 43 123 47 106 42 -44 44 157 48 118 164 105 65 51 -53 53 54 146 56 64 -59 107 60 82 -63 132 171 117 66 -68 -69 131 -71 -72 119 -74 95 134 94 -78 78 115 -81 -82 102 -84 84 -86 -87 -88 124 -90 -91 -92 -93 -94 -95 168 -97 -98 -99 111 -101 -102 174 -104 -105 -106 -107 -108 -109 -110 122 -112 -113 -114 -115 154 116 -118 -119 165 163 -122 -123 -124 173 -126 126 166 128 -130 172 -132 136 -134 -135 -136 -137 149 -139 -140 155 141 -143 -144 -145 -146 -147 -148 -149 170 -151 -152 -153 -154 -155 -156 -157 -158 -159 -160 -161 -162 -163 -164 -165 -166 -167 -168 -169 -170 -171 -172 -173 -174 -175 -176 -177 -178
leaf_value=-0.013112928780541676 0.0046075677714194196 -0.016406139440722847 -0.015452022374695363 0.022656752188012809 0.022730079837908739 0.002676922633731493 0.0036077921465026211 0.0018522326830638955 0.013640208516059894 -0.025948666540302225 0.017841956989349813 0.016037147924932098 -0.019549377274011518 -0.02297434061687146 0.0023638161392140044 -0.0010406814886795681 -0.0032223898124299124 0.013251793141159603 -0.00082453555320166443 -0.016795523462288454 -0.014902691016831768 0.01420401374698131 0.00086999988512650756 -0.01500498954757396 -0.0023388789333469921 0.02090451161749262 0.0043057950960304842 -0.019925393846803974 0.0060275687718134999 -0.014784602185299619 0.0072183101018117278 0.019109578736665588 0.016336884841819169 -0.0017858186781553272 -0.0038095940107820843 0.013454133447003351 -0.0017252606055810638 -0.012943055676505673 0.002853488550861235 0.012520856349335543 0.026365166324309481 0.021543118468803083 -0.010023245477049691 0.0024196200439267285 -0.014849055794861917 0.023977217474281855 0.0036624921965795966 -0.018578985403240898 -0.010150644597144352 -0.0029684292639694802 0.017297393287456275 -0.0073051510122367066 0.0010437718561686516 -0.024256157713039357 0.00014295017006443365 -0.013365793900433607 0.023070645941222063 -0.0079218766926011982 0.0037958480474812217 -0.019349384660296919 0.020925977145897799 0.0055038214886766806 0.027339068697899208 -0.012661871855469265 0.0059060724286524174 -0.0015376811799261297 -0.013249492121294682 -0.0047934011633986575 0.0019133247336295201 -0.0057039597973811062 0.0026227559886299818 0.0063384023076917826 -0.0053341665918491725 -0.032990310328739392 -0.010045047692887846 0.011216380261229779 0.0071445677893733715 -0.0091855932211568365 -0.00030691639471207836 -0.019639778866342127 0.0021224899720024967 -0.013902597103682062 -0.0084387145099063844 -0.0059602891391916137 -0.01516932056192905 0.020110426611144133 -0.00069681976593718509 -0.012695642840380236 -0.0041331134166501405 0.0051707977807643876 0.0054704947166925736 -0.018601567557803074 -0.0086687958944774886 0.0013984257782646363 -0.011205212421286392 -0.00099222708976662364 -0.0014012096215365081 -0.0035563318339724126 -0.017853608771165222 -0.0059161668359074817 -0.010219700754742165 0.023694166022684614 0.0062646780097701509 -0.03131565604323093 -0.017437167914539121 0.0097491393906113492 0.0038807036950036784 0.0013685575832487714 -0.00052610484117349685 0.021380239948496811 0.0010944011650628443 0.0039729870145934739 -0.0066367680914327151 -0.00039980851091373854 0.031908343139035664 0.026892452887207759 -0.0022948730137687312 -0.011977872848866844 -0.001674142867580919 -0.014064247056838617 0.004021840041093982 0.00099049310115320588 4.6736267650820426e-05 -0.0027831331722982374 0.0072165788445426055 -0.0082154000659995594 1.1108754777453311e-05 -0.016695703340437084 0.0049711329493400654 -0.0026770965846248233 -0.015145450847934025 -0.001243614680201425 0.006841324739074779 0.0011728387901046692 0.0063530319047677532 -0.0046488581835341927 -0.0074310546727950066 -0.015496593029287291 -0.024972207933339204 0.0043315554647229016 -0.0065183438621853503 0.012761639887771016 0.0011172845326971363 0.028423332306783528 0.017107283178456265 0.0016015906447450624 0.017691590518251255 -0.013102450734910807 -0.003282554753212492 0.0056638844323109666 0.023854366673387094 -0.024652962570238066 -0.0028391260771919507 -0.0034862416335215431 0.0063035314280309894 0.0030890567051836074 0.027227167287935426 0 0.0094022555104533324 0.0013466687837811052 0.0038363029902674806 0.0012993663587635678 0.0024187607271236029 0.0001879893959765763 -0.00045692908890767513 -0.018594365416497685 0.012770578967349766 0.0097938792029140798 0.00030563641221382208 -0.001373230901239289 -0.021961624462152003 -0.0015470238176125333 0.0012795854771200483 -0.018101595509682121 0.0032862942415824632 -0.022353453331393099 0.0011922066550093913
leaf_weight=3.1036868412047607 2.0687428452074528 2.2534264288842678 2.3543888714630148 6.1476363213732856 6.0081274881958979 2.2095789387822213 0.97209928371012422 1.6346903811208884 2.6522819176316252 5.4349132440984249 2.3324316004291177 3.4991955421864978 3.7515473440289488 8.0830243867821974 1.1669901427812863 1.3420617021620302 1.4652307648211707 1.844247830566019 0.99599844589829389 3.4686099132522932 2.8689755517989424 1.5313951913267363 1.7376026408746827 1.9060027822852132 1.2758276909589765 2.2728061671368769 2.4067170061171117 4.1486602216027668 1.3339419420808543 1.5771905910223711 1.2734147189185012 5.5638097780756652 3.0059148157015505 1.8179623167961834 3.5307391621172428 4.1649539917707434 1.4300675718113778 2.2177940048277405 1.5372276958078144 2.1685849139466877 7.5246945042163116 10.692233643494548 2.0611652256920925 1.3491106792353122 2.1805693623609832 16.732623421587061 1.2495483821257947 7.2857055654749239 2.4082673573866482 1.1227480089291932 2.530144888907671 3.0880519002676001 1.4750232840888298 6.0382372792810184 2.0131007619202128 2.571119653061035 9.4236700860783476 3.2105612494051448 2.0710257552564171 3.700588600710037 7.8027671072632128 2.2308095311746001 20.447403879836205 1.5313441026955845 2.1541851293295622 1.8023143461905515 2.488075202330946 2.3988071591593316 1.3820752222090984 1.7162103690207002 3.7761253751814365 1.3999926312826563 2.291859220713377 15.598857120610775 1.1587870824150734 2.7952354876324526 3.21094713360071 1.5326193002983908 2.0599616440013051 3.23367238882929 4.2404134217649707 1.838316544890404 2.7271957090124479 3.722686942666769 2.8780656736344081 4.0837590070441365 3.1516290064901105 1.7539606597274571 2.2956212619319549 1.7181653496809302 6.4940876998007298 2.9861474875360718 1.75446708407253 1.0515083223581303 1.5135784526355567 1.5695546530187119 3.1676291115582016 2.1655963826924554 3.2253494570031758 2.1705051530152559 2.1611159397289148 4.6780809862539172 1.7009549811482427 44.779707699315622 3.1630408177152276 2.5779494289308786 4.0191711075603962 1.9927164576947713 1.8566123358905304 15.18996028089896 1.5986209507100282 1.0863109608180823 1.3200746066868303 2.1717021679505706 10.609502222388979 4.4243761994875968 1.3245115168392656 2.1279290784150353 1.4607371864840386 2.1538688885048036 1.0096207065507767 2.0331359980627894 1.8793597444891919 1.7057030210271471 1.3596784286200998 1.2733519561588766 1.1365800807252529 3.3225158215500414 1.0870579332113264 0.99759737215936217 2.6226710677146912 1.8025230178609462 4.6591464187949887 1.9566186470910896 1.0954921729862688 0.91705731442198191 1.3224961608648311 3.6246332842856646 3.9630556069314498 2.5416835779324236 1.7842136099934571 1.8870309954509137 1.8646668065339325 17.306866186205298 1.7073004152625797 0.94068618863821019 2.6236634980887175 1.5375530440360305 1.7166373133659352 1.4864323437213895 4.9218370621092618 5.6758866002783144 1.8067975640296934 1.3536823289468909 2.6907520829699942 1.896247500553726 12.389499857090408 1.860064531676471 1.1658635912463067 1.2103032311424611 2.7535986490547657 1.3752997163683174 2.830156369134782 1.143556624650955 0.86791192367672998 4.4172642640769473 1.1170924287289379 1.1494903094135223 1.0665803849697111 1.1106007564812896 8.4862091606482846 1.6855332795530555 1.1858292799442987 2.6163642797619109 1.3845805954188106 3.6476678429171443 0.84332775650545944
leaf_count=38 23 56 33 108 24 27 23 30 15 79 23 51 87 144 23 20 41 56 26 70 46 14 36 32 22 43 38 127 13 38 20 63 31 25 40 41 17 37 22 66 31 81 28 32 36 315 29 198 39 14 19 33 31 75 32 20 82 32 29 68 83 31 216 17 32 23 32 31 26 32 35 28 39 288 30 28 40 18 29 49 35 35 42 39 37 23 29 29 40 33 37 58 33 8 38 32 36 42 93 34 41 90 11 973 110 37 42 24 34 246 27 19 37 29 93 86 14 22 41 40 31 36 18 21 19 19 18 96 19 20 56 45 32 27 17 26 30 63 48 34 36 32 19 187 27 19 17 23 42 32 63 86 13 32 39 22 156 31 41 35 44 22 29 39 34 66 29 28 16 36 136 33 24 55 12 59 19
internal_value=-4.1475e-05 -0.00589812 -0.00902552 -0.0132096 -0.0160166 -0.000588797 0.00909782 -0.00644012 0.000782248 0.0016179 -0.00976365 -0.0104662 0.00382334 -0.0131538 0.00543677 -3.06575e-05 -0.00552155 -0.0202472 -0.0222601 0.0058463 0.00896308 -0.0239436 -0.0151657 0.00346255 0.00934663 -0.0180444 -0.0237814 -0.0051692 0.00534608 0.00512905 0.00978047 0.00437628 0.00746449 0.00855999 0.0145127 -0.00162879 -0.00642981 0.0037044 -0.00359413 -0.0259829 0.0123683 0.00508324 0.0101789 0.0056213 0.00981971 0.0133719 -0.00151358 -0.010478 0.0162698 0.0092647 0.0107853 0.0176473 0.00820023 0.010756 -0.00547875 9.46356e-06 0.00775326 0.0136235 0.0148931 0.00940714 0.00182813 -0.0169632 0.0204167 0.00394987 0.0127411 0.00269802 0.00594605 0.0175805 -0.0100985 0.0153561 -0.0135615 0.0087556 0.0125151 -0.0272713 0.0189171 0.0213891 -0.00516817 0.00533982 0.0119536 -0.0113222 -0.0129379 0.00644234 0.00720959 0.0102143 0.000860364 0.00967224 0.0182521 0.0118121 0.0148997 -0.012776 -0.00243069 -0.0110868 0.00459002 -0.0289196 0.00177872 -0.0296385 0.0141285 0.0174463 -0.00736574 0.00603034 -0.000233884 0.0183447 -0.00588898 -0.0296105 -0.00844135 0.00057049 0.0212926 0.0249596 0.0200557 0.0175114 -0.0187895 -0.0130121 0.0055471 0.0173745 0.0265847 0.01769 0.0218278 -0.0043479 -0.0130064 -0.00575534 -0.0123696 -0.0144823 0.0194528 -0.01186 -0.00317726 -0.00584628 0.00282446 -0.00531569 -0.00944084 0.0122424 -0.010767 -0.0145084 0.0248546 0.0205573 -0.00302255 0.00781454 -0.0161262 -0.0119614 -0.0211452 0.0220947 0.0217395 0.0047573 -0.0109254 0.0267912 0.0128112 -0.0137319 0.0134543 -0.00847141 -0.0185504 -0.00117006 0.0209583 -0.0221633 -0.0230227 -0.0316518 0.0291491 0.023428 0.0249147 -0.0111717 0.00517461 -0.00931075 0.0195943 -0.00733863 0.0135453 -0.0115456 -0.016396 -0.0166187 0.0103084 0.0073767 -0.00898121 -0.0174018 -0.0204863 -0.0107271 -0.00102518 -0.0160528 0.0219804 -0.0204513 0.0123289
internal_weight=591.021 285.535 178.109 124.007 107.943 107.425 39.7028 67.7226 54.1026 21.2964 11.7576 54.9197 13.7425 12.9058 305.486 83.555 16.5633 86.6468 77.0491 41.1968 36.7185 71.2833 41.1773 5.4052 12.8029 35.7721 22.6664 13.1057 8.95701 16.0635 14.4863 11.4504 221.931 198.276 9.53887 23.6551 19.4902 62.5548 7.39069 63.8926 32.4995 20.9556 18.0866 57.7631 35.5493 31.5087 22.2138 12.7529 28.622 193.221 155.022 36.7718 118.25 89.2648 12.9058 28.9857 19.4285 76.359 73.1484 51.7778 29.1199 8.26905 33.6837 8.57718 16.8574 38.199 32.6767 22.6579 21.0002 8.27274 9.55714 30.1886 7.85567 20.2597 23.1395 20.8852 5.46437 15.0863 9.34147 5.52228 12.945 6.54519 23.3862 20.659 10.6845 7.80645 12.5753 25.4912 21.1673 5.46971 9.59777 5.05489 4.80383 51.1397 5.37539 18.5221 16.0255 12.8578 5.58508 4.82279 5.76575 7.33849 3.53927 50.0882 5.30853 6.36152 11.5439 21.3706 22.2605 18.8716 8.70458 4.31166 3.48866 9.97447 15.5098 7.80885 5.74889 4.28211 7.12755 4.69742 4.47823 5.73372 17.0693 5.85929 4.32394 5.74482 3.52702 6.6842 5.35026 4.51586 3.59477 16.1964 25.1066 20.2591 2.25428 3.60463 14.8143 4.79162 5.78102 18.3025 20.4039 3.67124 4.21906 19.3779 3.04936 4.2632 4.63676 2.88666 12.0054 2.80893 6.55653 7.10595 7.24171 16.9525 13.3003 16.8274 14.9312 4.04063 2.28861 2.96426 8.90123 3.78357 5.3603 3.29743 9.26422 5.878 2.25367 2.14549 2.58016 8.39631 10.2028 3.21688 2.18343 4.32207 6.06266 5.1129 2.68758
internal_count=9176 4902 3042 2390 2068 1860 569 1291 652 223 159 1071 245 193 4274 1500 281 1845 1770 459 358 1628 826 83 220 743 426 317 190 322 284 181 2774 2491 64 283 242 1109 112 1516 306 233 187 1023 637 570 386 371 515 2410 1757 379 1378 1085 155 293 185 930 898 658 357 106 346 98 165 653 549 301 391 125 108 517 102 388 288 241 96 250 147 104 165 77 253 211 99 62 111 410 327 120 75 81 80 1145 82 352 159 123 132 49 142 124 46 1137 164 98 73 240 417 287 130 112 103 112 159 129 100 54 136 107 101 104 264 98 83 103 66 147 134 67 79 311 248 270 47 101 285 86 73 243 383 68 52 216 47 115 49 55 223 62 93 103 92 320 132 212 190 67 55 64 152 61 48 79 268 107 47 54 54 234 178 50 44 76 102 100 75
is_linear=0
shrinkage=0.0323284


Tree=22
num_leaves=182
num_cat=0
split_feature=8 10 19 14 14 26 27 10 25 4 5 16 14 13 3 16 25 17 19 21 3 5 9 1 1 5 18 1 24 14 22 11 20 16 24 21 21 5 7 27 3 16 1 4 21 5 5 9 7 10 0 1 8 4 26 11 10 26 21 19 16 4 25 7 0 22 14 16 24 15 27 2 22 1 20 11 25 8 2 1 2 10 24 1 3 7 7 25 15 9 7 15 21 6 5 22 11 5 12 14 20 24 16 21 21 27 8 27 4 13 21 26 23 0 4 0 0 15 7 18 7 5 15 13 2 5 14 24 21 3 27 7 18 19 15 18 22 23 12 21 13 5 7 23 23 1 22 6 19 13 9 10 17 18 4 5 21 13 10 6 13 11 6 21 19 7 2 22 22 15 3 13 8 1 11 20 17 14 11 15 8
split_gain=16.5304 4.41594 6.12271 5.95752 6.24652 4.29136 4.2788 7.93147 5.5055 8.04908 6.41115 5.91422 4.511 4.38718 4.29176 3.76619 3.2382 3.69336 3.74228 3.68831 3.2149 3.99976 3.43441 3.01613 3.00352 2.99445 3.65236 2.93182 2.92532 2.7314 2.66673 2.59352 2.31974 2.55958 3.50761 3.98191 3.3464 2.29944 2.28607 2.25378 2.71588 2.17931 2.16745 2.1542 2.13089 2.11918 2.24019 2.09325 2.09793 1.97414 1.9536 1.92823 1.88036 1.9719 1.86503 1.83182 1.7606 1.7549 1.72582 1.72858 2.04894 2.63774 2.587 2.57014 3.29366 2.27247 2.92415 2.30069 2.14976 1.8645 2.44296 1.94197 1.79021 1.77205 1.75161 1.67397 2.27452 1.91217 1.65897 1.63915 1.59811 1.59682 1.51681 1.50984 1.50758 1.45508 1.43054 1.41837 1.41319 1.3762 1.37148 1.3189 1.29448 1.27931 1.27338 2.1067 1.25792 1.23602 1.21143 1.19083 1.1742 1.16544 1.13271 1.1184 1.03479 1.01748 1.00695 1.00083 0.974174 0.961844 0.93088 0.895831 0.892948 0.889476 0.887516 0.875599 0.863858 0.858801 0.854278 1.28383 0.84744 0.811208 1.19415 0.795245 0.789711 0.787968 0.785578 0.760164 0.845167 0.723697 0.72284 0.619208 0.604382 0.593035 0.575274 0.561325 0.552918 0.522341 0.512871 0.501304 0.48756 0.475839 0.474244 0.466474 0.44165 0.431959 0.427857 0.414183 0.405835 0.379579 0.370385 0.334173 0.32919 0.318563 0.312032 0.310497 0.310178 0.258237 0.255643 0.254789 0.219486 0.218267 0.215483 0.200554 0.18173 0.173566 0.141409 0.135063 0.13425 0.223689 0.13073 0.125846 0.111756 0.0995158 0.0925784 0.085657 0.0853568 0.0804267 0.0770969 0.0700396 0.0478295
threshold=-0.23430687253537311 0.32500000000000023 3154.4999999999877 0.012492603041293579 0.024336298161877674 -0.76345000000000407 -0.68761259657655904 0.19999999999999987 66.332758273241708 0.79166666666666674 -0.029253921205690533 0.0025034805201910866 -0.018746813716887769 0.0087060026964437473 0.01095082900578063 0.0043635065774239191 45.263306942449944 0.82009237130061086 647.00000000000375 0.0085098059145486422 0.029495082930114411 -0.027260392350475112 -2905.2500000000205 0.30575517464424312 0.011998061746566592 0.013918916535973437 2.6749999999999994 0.18172876304023847 -55.723663739350307 -0.015743631837950186 0.069224871610205616 0.29888333333333289 1.4250909833528169 0.0035528294049973768 -660.70802032123311 -0.0058028801444870428 -0.023022510558231676 -0.068443649419472216 6.5000000000000009 -0.11062904219422225 0.015976120052296709 0.0030590398520713067 0.23983997033483398 0.0059523809523809529 -0.0029438789087311563 -0.0016735985678502094 0.029903287977518071 -11777.250000000016 10.500000000000002 3.9500000000000006 0.024916390302891837 -0.073662456946039054 -0.047501790536802084 0.95039682539682546 0.45180000000000048 0.62998750000000048 0.25 1.2499999999999984 0.020426043989381863 5499.2500000000136 0.0050973864570859019 0.49404761904761912 21.76967370846981 1.5000000000000002 -0.12384852333610701 0.16256764852948336 0.025685632213473007 0.0027421388355274687 -877.29766103893041 308.53396071767168 0.13210331972971828 1.2245967715501325 0.1018064156010209 -0.02382266073411243 1.4444913346882757 0.16508636363636489 17.872038317498006 -0.046796350079888353 1.1229703988475426 -0.040350651410716414 1.3115048149437292 1.2999999999999983 -177.9448949990549 0.1082589939247547 0.0059323341695666091 12.500000000000002 20.500000000000004 19.141687333232827 323.85863779971356 -12818.250000000071 8.5000000000000018 448.96028106842738 0.0068551552437789995 0.51785714285714302 0.074991305485444651 0.14080170800511557 0.15000000000000022 0.072580039710713709 0.0024849661430178987 0.029279451782744607 0.92775965547556749 -65.098369870964774 0.0032828314387264956 -0.010852036150812648 -0.00078289284932303571 0.31663236303140785 -0.2635552647286154 0.2737354309099192 0.18452380952380956 0.0065210304547269294 0.0033243913710799826 0.73885000000000123 0.017329928203461357 0.3061944372956476 0.41071428571428575 0.65442904310828853 0.32807877183037354 164.88034355161233 13.500000000000002 -0.3449999999999997 18.500000000000004 -0.027475502798284642 275.43222201688593 0.011398850805624637 1.1102095017054168 -0.010360266483606438 -0.0010645465733872537 -446.85071786439369 0.0073972377056868996 0.035935883444439265 -0.038916222935193999 5.5000000000000009 2.7749999999999999 1914.0000000000221 131.88940041073207 -0.56500000000000028 0.17651210077551052 -0.0077031464471181135 0.0052581691773987771 0.004085073586601041 0.005957791563509591 -0.012598659525140441 4.5000000000000009 -0.0015089137507994785 -0.0077031464471181135 0.36533125589456344 0.34693443407026497 0.16468253968253971 2658.7500000000141 0.0061306881066659586 -1.0000000180025095e-35 0.099999999999999936 0.97614063821249319 -0.65500000000000103 0.38293650793650796 0.082525823384432942 0.0094187759740442818 0.0053090172211508911 0.15000000000000027 0.62500000000000011 0.0053430414902853642 0.32057500000000033 0.57341269841269848 0.015716783748657485 436.49999999999187 19.500000000000004 1.2274993664121299 0.16479734117117578 0.12310038198737823 87.512361155819306 0.040307241207404844 0.012398813678612029 -0.30269068410106026 -0.163177804072934 0.088960921052631578 2.148270855697143 0.8282956284234132 0.0089133900710457754 0.070710784313725544 458.42404814740354 -0.13886192847044435
decision_type=10 10 10 8 10 2 2 8 10 2 10 2 10 10 10 2 10 2 10 2 10 10 10 2 2 10 2 2 10 10 2 2 10 2 10 2 2 10 2 2 10 2 2 2 2 8 10 10 2 10 2 2 10 2 2 2 8 2 2 10 2 2 10 2 2 2 10 2 10 10 2 2 2 2 10 2 10 10 2 2 2 10 8 2 10 2 2 10 10 10 2 10 2 2 10 2 2 10 10 10 10 8 2 2 2 2 10 2 2 10 2 2 2 2 2 2 2 8 2 2 2 10 10 10 2 10 10 10 2 10 2 2 2 10 10 2 2 2 10 2 8 10 2 2 2 2 2 2 10 10 10 10 2 2 2 8 2 10 10 2 10 2 2 2 10 2 2 2 2 10 10 10 10 2 2 10 2 10 2 10 10
left_child=1 2 6 5 51 38 7 85 9 10 56 13 132 -12 88 39 30 19 57 20 21 37 41 27 45 137 -27 32 117 -16 -2 86 79 34 -34 -36 -35 -18 -3 40 -14 99 100 141 103 101 -47 116 174 -40 83 93 53 58 -55 82 -8 97 59 60 62 74 78 64 -64 69 67 136 112 71 118 72 -65 -68 -62 76 92 -78 87 171 102 155 153 84 -24 106 -11 105 111 -29 -75 154 178 135 109 -96 -80 -19 168 161 -31 -6 -30 115 130 -45 142 163 -58 172 -106 -10 145 -60 -81 148 176 134 131 -120 146 -69 -123 152 177 147 -43 -86 165 -110 -52 157 -13 -105 -9 -5 -67 -17 -50 170 -119 -32 164 -66 -99 180 -102 -21 -20 -72 -25 -74 -91 -39 -77 156 -53 -71 179 -76 -95 -23 -127 -46 -1 -129 -133 -97 -70 -170 -22 -7 -38 -57 -49 -121 -4 -59 -54 -87 -63
right_child=16 3 47 4 24 23 8 28 14 31 11 12 15 -15 29 25 17 18 44 125 139 22 50 150 -26 26 -28 89 80 42 43 -33 33 36 35 -37 94 55 49 -41 -42 126 -44 52 107 46 -48 48 138 -51 104 81 75 54 -56 173 108 124 113 -61 61 68 63 65 143 66 73 121 98 70 149 -73 151 90 159 91 77 -79 96 114 -82 -83 -84 -85 127 158 -88 -89 -90 123 -92 -93 -94 160 95 167 -98 144 -100 -101 120 -103 -104 133 110 -107 -108 -109 129 -111 -112 -113 -114 -115 -116 -117 -118 140 119 175 -122 122 -124 -125 -126 162 -128 128 -130 -131 -132 166 -134 -135 -136 -137 -138 -139 -140 -141 -142 -143 -144 -145 -146 -147 -148 -149 -150 -151 -152 -153 -154 -155 -156 -157 -158 -159 -160 -161 -162 -163 -164 -165 -166 -167 -168 -169 169 -171 -172 -173 -174 -175 -176 -177 -178 -179 -180 -181 -182
leaf_value=0.0061801495671629158 -0.013385528333092794 -0.010052793657454736 -0.00058261701087494895 0.015717798661231713 0.018566674567380363 0.0020516396436955639 0.0068797601870238803 -0.010869209377987049 -0.0038163287841126558 -0.029451962817716192 -0.02592807553556916 -0.016324064037963677 0.015551619708316857 0.01121058175799957 0.0048379372558550043 0.019276378180106746 0.010043244825186778 -0.023472980398614188 -0.0016116977809322662 0.0042720969593564315 -0.01892602589261461 -0.021107180582552183 -0.00353388430224739 -0.026649879416725888 -0.020255694904801072 -0.021672966062022327 0.013575643528722569 0.018625205761883062 -0.017534588173878218 0.0019850528556436854 0.0021847050683510894 0.0057132752375961011 0.017886470217674977 0.010574284558519885 0.014118740929380534 -0.024336708016633807 -0.0047020593105568083 0.0065822919857239691 0.021394333661092328 0.028288155720052496 -0.012574368403048474 -0.0046726334162444736 0.0048867228657807054 -0.0091931716389588563 0.0030298231401805196 -0.019137956769244183 0.010956496493866544 0.0032525326725128573 0.0050399266706667367 -0.0048020550817872831 -0.0038520715430894938 0.031298308560353143 -0.015438190643950645 0.0084524790101826348 -0.018571235359949104 -0.0006846470024126567 0.0021593165159140356 0.010965250798899239 0.0059439247708993389 -0.0087383632413552629 -0.013118478575549628 0.013502215022674601 0.013521991911385365 0.00043572157727880925 -0.022116840816076472 0.014873011986281976 0.022620866539091178 0.0019887621514249588 0.0059961641437318216 -0.0026050191611125643 -0.013637505415908658 -0.003189411632559138 0.0046523198126211546 -0.010144897967169414 0.013128117122710684 -0.020933750642396852 -0.003699183076405565 0.022033506773545469 -0.0060171161234541604 0.006008058816613363 0.010677124200941789 -0.0016905678486083702 -0.024555890418467782 -0.0043977291892161648 -0.00051568670613666814 0.003675477073773381 -0.00013098136799609062 -0.021173591213596563 -0.0094263552800638167 0.010718809845938527 0.010719810666301652 0.0055885272798862169 0.0069554091296318826 0.0010974628529866397 -0.015911404767431827 0.00027463983236292205 0.017306648287456473 0.0064281906512152383 0.00097363463952436318 0.0033840169095590107 -0.032602966877574142 -0.0039980572346558305 0.0063686926320768861 0.0010317896271552207 -0.013625679274283415 0.0093450323819893235 0.0074008999390949423 0.017497241135898761 -0.025324286455278136 -0.027416335685094266 0.0061073788078197947 0.016924876961198133 -0.0084945359985464531 -0.014462602197097333 -0.014569031830890372 -0.0072225428501397878 0.0058608870347550508 -0.00014407394525716916 0.011229797848113244 -0.00053752895338557752 -0.00026645508028512249 -0.020094460998958921 0.0023513405145317214 -0.01217378197714313 -0.0080442987236364234 0.0063222215848485024 0.015459085476489371 0.027586150232113624 -0.00052272125770142733 -0.0011445025407557836 0.014014352304307837 0.021933048802486154 0.0023233585397890253 -0.017282373267534526 0.0051594468509002104 -0.0016334152151553567 -0.0015209826303859836 0.0015148700590872995 -0.010981605702437652 0.00078332683438909264 -0.030013815715127335 -0.014576833844001314 -0.014935616042286182 -0.0016963122887828632 -0.0068408570326250881 -0.0026903403035891302 -0.0036379242556708424 0.028400085265019928 0.013986278742422607 0.0012979213171354382 -0.0015670046754120094 0.029083123807369014 -0.0030374648345943348 -0.0051032495075529032 -0.00112733589638654 0.0044794343517647562 0.0052445237615717233 0.0074181853471372494 0.017237910973652525 6.696096816601361e-05 -0.01246085295021437 -0.0026263968937080681 -0.0033863477201950213 -0.0072387151533415276 -0.0036837122952660304 0.0025395273752965896 0.0029604384069410578 0.014438342613741221 0.0076166046364705186 0.028488301395047894 -0.0020816398956292736 0.017883305631681261 0.0025786034355420946 0.0079304056894993844 0.025486131753947129 -0.011866425564969932 -0.014069668879161539 0.00035786924529442629 -0.0016689634881186786 -0.0021327628448526122 0.0012549113795343343
leaf_weight=0.61423529824241974 2.9576715561561278 2.4180082250386468 0.93334024958312456 2.2050357670523226 4.959940766915679 1.7575182318687441 1.4305735919624538 1.6009796503931277 1.5941039607860172 10.204030899330972 5.1485694749280801 2.8532564430497507 5.6498028114438004 2.8300950075499713 2.2039872016757789 3.1773192211985588 2.7930951886810353 12.232744624838235 1.4988024821504953 2.4197490969672799 4.5975493122823528 3.5565339219756407 1.394851246848712 7.3931394694373012 4.9939544573426238 5.0593929262831807 1.8724138811230657 3.5562949050217867 3.2110057631507507 0.81565784267150121 1.3722835499793293 1.9503659456968296 3.7266032109037042 1.7860697358846653 1.6128837261348961 4.07842566072941 0.82096299156546626 1.3331066803075375 7.4838836630806309 18.38146802131088 2.6416460508480668 1.0345734693109991 1.178597742691635 2.3579605389386398 0.91945141367614069 3.1283239470794815 1.3416264271363614 1.4004305461421589 0.9787529171444479 2.5932385064661503 1.6765408893115816 10.21498375199735 3.0785115836188224 2.2027301127091041 2.0785851329565048 1.2055965140461924 1.3050477001816041 1.433943580836057 1.2791616898030036 1.9274106174707402 2.6532327793538562 2.3709100354462862 3.0016342690214515 2.9820198426023188 2.6266706511378288 2.8321980349719587 6.7668631048873067 2.8594181733205941 2.7805791655555394 2.557308601215488 2.2469553221017118 2.0434917956590644 2.1702039232477572 3.051043910905717 2.4686118625104427 2.6007038610987356 3.161130134947598 5.6076179193332774 1.8303074957802885 1.1425705887377255 2.3921804511919618 1.8280167244374741 7.0738479085266572 1.3895759787410487 1.1139746224507714 0.96678646234795429 2.0453702397644511 2.9759405665099621 2.575206964276731 0.91489006904885106 3.0662585194222629 1.7978401924483476 2.4720860738307238 0.92385251820087466 2.1627506464719763 1.03392062895 2.1048244060948491 1.3240841850638392 2.5449288785457602 2.4555212762206793 17.315086654620252 1.8217766992747781 0.85899888118728984 1.9713231623172776 2.9079698752611858 3.0125530203804374 1.9106602249667028 6.3757119076326489 7.3007289301604015 14.390264784917234 1.4798201462253926 3.148025211179629 1.8198352055624125 1.7578903092071412 1.8900242289528248 2.0082081016153097 2.062942435964942 0.63145777396857994 2.3169965669512749 1.2719109635800117 1.0457259798422445 6.2465995904058165 2.3887119572609663 1.2933538649231193 1.689589259214699 1.6687777675688251 2.7780087292194358 15.232725959736859 1.1103377514518786 1.8848782889544962 3.5311819380149245 6.9189031310379487 1.4198736138641832 3.4338283203542233 1.4301981399767099 2.0064778029918697 2.3128367848694324 3.253701289650051 1.1590072233229873 1.6109078526496885 29.756296697538346 2.1164820403791955 2.9518212201073766 2.2572076441720119 2.2493266351521006 1.3713871426880357 1.54606473725289 4.8941137497313321 2.4286719402298331 1.7205986916087566 1.1609599506482462 18.570934406481683 0.99715064838528633 1.4266615742817519 1.4798253439366815 2.0962147321552065 2.1992222722619763 2.0674673030152917 2.965397042222321 2.2072396771982312 1.4470176193863151 2.0189266996458173 1.3853293657302854 0.88195941224694252 0.52782272454351187 1.0869797701016057 1.7387108150869606 1.0972517132759092 3.8216802086681154 22.86419490724802 1.5665021045133469 2.0110473362728953 1.2520479867234922 1.1103144399821747 5.4588283868506551 1.4064050586894152 1.6045251432806251 1.2230856772512195 1.5088602788746355 0.99112975690513849 1.2372798863798373
leaf_count=32 45 38 21 21 58 24 34 41 41 145 72 58 40 44 33 11 42 211 33 39 73 52 28 137 100 76 9 57 100 29 16 15 53 28 16 100 29 35 157 100 63 16 24 34 39 69 18 31 28 25 30 109 52 33 22 13 14 33 28 39 28 35 38 32 23 33 63 40 31 25 31 24 18 34 24 37 30 60 27 22 34 17 125 16 8 32 20 44 35 24 30 19 25 8 48 14 28 22 29 40 358 36 23 28 48 27 39 101 111 300 31 62 21 26 50 25 39 24 51 26 37 70 28 29 21 27 59 330 20 29 71 86 14 57 42 28 24 35 19 27 735 41 76 23 37 25 41 105 51 24 28 214 22 29 19 30 33 32 30 25 42 32 18 10 17 22 29 37 24 208 47 23 30 31 80 23 31 19 25 18 25
internal_value=-4.93353e-05 -0.00564812 -0.00876017 -0.00040073 0.00913034 -0.0061886 -0.0105487 -0.0181018 -0.00659791 -0.00175443 0.00339371 0.00834443 0.0129489 -0.0133366 -0.0172804 0.0163462 0.00523627 0.000957062 -0.00667824 0.00507248 0.00175908 0.00460472 0.00947354 -0.0100688 -0.00558548 0.00159563 -0.0107624 -0.0057323 -0.0243443 -0.0231477 0.00789226 -0.0210892 -0.00918192 -0.0126175 0.00133048 -0.0121815 -0.0178449 -0.00846593 0.00910981 0.022679 0.00549289 -0.00440337 -0.0262534 0.00849937 0.00326278 0.00419093 -0.00922817 0.0101757 0.0172885 0.015139 0.0147016 0.018923 0.009067 0.0103029 -0.00710086 -0.014038 -0.0152529 -0.0153676 0.010958 0.0115015 0.011977 0.017668 0.00876513 0.0107138 -0.00505013 0.0124698 0.0046278 -0.00414684 0.0207678 0.0166409 0.00787395 0.0223422 0.0246781 0.0144296 -0.000140327 0.000119642 0.00554974 0.0143384 -0.0041402 0.00573641 -0.0026586 0.0239867 -0.0189815 0.0195011 0.0215871 0.00504581 -0.0256945 -0.0110066 0.00326919 0.010389 0.000385377 -0.0110751 -0.00648545 0.00234758 -0.0214805 -0.00282002 0.00871142 -0.0195655 0.0239809 -0.012445 -0.0284871 0.013189 -0.011845 -0.00534111 0.00164156 0.000762256 -0.00478798 0.0132284 -0.0192591 -0.0249796 -0.00718581 0.0112712 0.00259419 -0.00725745 -0.00771967 0.00367376 -0.00517209 -0.0278773 0.0126058 0.000474965 -0.0298563 -0.0112724 -0.0149855 -0.00368555 0.00179524 0.0202244 0.0103449 0.0237499 0.0251374 -0.0220749 0.00900359 0.0160974 -0.01185 -0.0128077 -0.00456424 0.0104452 0.00985605 0.0140328 -0.00503524 -0.0141876 -0.0294794 -0.0101676 -0.0112991 -0.0173756 -0.00114114 0.00851547 -0.0311862 0.024426 0.0100571 -0.00956758 -0.024716 0.0275841 0.00618536 0.00103119 -0.017634 0.0269321 0.0288789 0.0031188 0.0140585 0.00967049 -0.00964223 -0.0180513 0.00242907 -0.00341854 0.00223353 0.0266773 0.0201016 0.012062 0.0256445 0.0267451 -0.0169846 0.015093 -0.0014095 0.00570063 0.0236151 -0.0098869 -0.0123708 0.00910856 -0.0136317 0.00121289 0.012031
internal_weight=576.743 279.977 174.238 105.74 39.1664 66.5733 160.64 50.809 109.831 78.4085 64.2088 52.2875 44.3089 7.97866 31.4225 40.0357 296.765 115.524 39.6707 75.8531 65.4851 57.7101 42.7675 54.0781 16.2456 13.3628 6.93181 45.524 39.8811 24.1051 181.242 14.1998 38.7623 31.9612 9.41791 5.69131 22.5433 14.9426 12.4951 26.6729 8.29145 11.8436 21.9011 178.284 19.518 11.2517 4.46995 13.5978 8.99702 10.0771 30.924 22.9208 174.795 153.089 4.28132 12.1495 11.9212 20.1528 148.807 145.77 143.843 46.1399 97.7029 85.4213 7.88551 77.5358 29.5239 16.6398 38.8108 48.0119 22.2453 25.7666 23.7232 12.8842 7.32908 21.7066 15.8282 8.76875 12.2816 6.80116 6.46219 16.3384 9.83362 21.3284 19.9389 10.9279 12.2494 8.34645 7.31734 6.76169 6.1173 5.87837 7.05946 6.58238 20.7572 4.29392 3.93513 15.8062 32.0114 8.03098 20.7225 6.78172 4.07 11.3408 9.59551 5.37051 6.00454 8.17712 10.4907 16.4633 4.38779 4.74213 6.79941 3.03705 3.03259 5.93568 4.60081 33.4189 18.2777 4.99531 19.9069 11.4947 8.63531 3.20539 4.34662 10.368 3.81258 18.544 17.43 9.18561 5.20772 13.2824 4.27313 5.40515 3.03118 4.21151 5.14503 6.43102 2.13776 7.77496 30.3878 3.48877 4.09388 4.88388 3.57341 4.97958 18.8612 7.31386 3.92747 3.96755 8.5541 20.7411 1.91204 2.75977 4.08053 14.5104 12.4142 4.62478 4.92331 4.67585 2.37087 5.57546 3.05411 1.80141 1.14206 16.3197 8.65761 2.13117 29.4665 26.6859 6.16405 3.76857 2.07301 2.31591 6.85926 2.67832 2.53787 2.65703 4.58737 1.95792 3.60819
internal_count=9176 4902 3042 1860 569 1291 2793 1243 1550 890 710 522 406 116 660 334 4274 2101 687 1414 1225 1078 803 1071 281 131 85 906 999 522 2173 180 774 655 169 116 486 275 220 203 103 199 489 2128 344 181 87 249 158 182 604 288 2071 1804 55 233 188 343 1749 1695 1656 475 1181 1021 84 937 322 195 398 615 327 288 264 127 77 267 192 90 160 119 157 189 189 424 408 244 165 105 138 132 64 75 102 99 458 99 55 270 292 124 465 94 123 194 180 61 164 150 154 359 79 103 106 54 72 109 91 842 272 100 436 138 98 75 73 189 75 380 372 140 101 172 72 85 83 49 57 46 47 147 759 57 125 46 59 85 399 144 84 55 165 232 46 64 56 172 142 57 80 49 50 84 45 49 49 352 115 51 263 232 120 47 59 44 111 49 52 52 77 50 60
is_linear=0
shrinkage=0.0323284


Tree=23
num_leaves=199
num_cat=0
split_feature=25 19 20 22 13 10 7 14 3 10 8 25 20 3 17 8 10 17 25 5 22 15 24 15 22 9 18 18 16 0 8 26 21 21 21 25 27 27 12 22 16 22 1 14 23 12 8 13 21 15 23 15 24 15 3 8 10 6 11 25 11 5 28 0 25 25 16 13 19 1 18 2 0 2 23 5 0 20 18 10 1 11 13 5 24 11 28 6 8 3 10 27 10 22 22 27 15 24 1 18 10 27 11 19 19 18 5 9 24 15 20 27 25 25 18 10 17 16 2 20 8 16 27 16 11 12 15 23 18 20 23 16 3 18 14 23 0 17 1 26 13 8 11 14 17 1 6 20 24 24 13 21 9 2 24 6 15 8 25 11 5 19 13 6 5 14 1 27 6 20 14 14 22 28 6 24 13 5 24 7 5 26 13 11 25 14 23 3 23 6 2 25 19 10 5 15 5 24
split_gain=12.8821 4.63329 5.08227 3.25673 3.43171 3.18105 4.77988 3.01388 4.59317 2.87284 3.94066 2.97787 2.87545 2.75445 6.07249 4.81469 3.8285 4.72496 3.19708 2.60584 2.48046 2.47497 4.0627 2.46818 3.38138 3.66891 2.9814 3.19738 2.9708 3.17845 2.40755 2.33583 2.13574 2.12299 2.05358 2.02073 1.99492 3.16893 3.16196 2.06454 1.993 1.9842 2.01507 1.95237 1.89324 1.83098 1.74853 2.37211 1.92111 1.71337 1.67046 1.58052 1.85372 2.50974 2.06739 1.97401 2.70261 1.66123 1.90107 1.88364 1.55113 1.4806 1.45518 1.44184 1.43951 2.22723 1.53449 1.43138 1.42864 2.64318 3.51256 2.38717 2.26331 2.05566 1.99043 1.8944 1.48363 1.30966 1.30539 1.28941 1.26904 1.25025 1.24565 1.23424 1.21623 1.23404 1.21003 1.20799 1.47405 1.18018 1.17907 1.15733 1.13536 1.13468 1.1308 1.10794 1.10783 1.1537 1.10603 1.09083 1.08956 1.07998 1.0542 1.32025 1.04922 1.03382 1.03025 0.972484 0.970972 0.964423 0.962937 0.932117 0.920743 0.899802 0.89862 0.924659 0.895031 0.891812 0.87086 0.803634 0.803324 0.802602 0.802204 0.795717 0.781441 0.757645 1.09542 0.872987 0.706825 0.686844 0.673862 0.655762 0.643159 0.957607 0.635315 0.633719 0.633685 0.638596 0.631793 0.629049 0.737874 0.626731 0.611817 0.609387 0.602387 0.59249 0.581103 0.554654 0.547116 0.536603 0.596134 0.503209 0.487098 0.481406 0.479921 0.460555 0.455886 0.902028 0.454772 0.439363 0.580172 0.429984 0.42992 0.417123 0.444506 0.414431 0.407446 0.37057 0.338395 0.315508 0.303146 0.287427 0.266032 0.258753 0.231635 0.215948 0.175772 0.174822 0.167874 0.163003 0.1605 0.152828 0.143086 0.140602 0.117698 0.11377 0.112358 0.0950232 0.0888683 0.0757479 0.211945 0.0709482 0.070087 0.0694247 0.0490351 0.0437091 0.0421592 0.0276612
threshold=57.814958495865248 3154.4999999999877 1.7272325143838543 0.1018064156010209 0.0050153958372501648 1.3749999999999996 13.500000000000002 0.0077891809884162175 0.033265854067869041 0.39999999999999974 -0.37124664232088811 84.988289282446573 1.4250909833528169 0.012855374804439422 0.5763883420749033 -0.41645741599105018 0.32500000000000023 0.51509595072833092 84.29044321549496 0.0082087317840517943 0.1018064156010209 54.596080146211101 -1359.7590016880583 117.03171525428174 0.14236277294239466 -1543.2499999999889 0.25499999999999995 1.1499999999999997 0.0042803460871901301 0.11801406079575096 -0.26689833809417174 -0.95000000000000095 -0.012043544699685436 -0.0018333854248792079 -0.01739495102097793 91.520654354845576 -1.3571625414605266 -1.2809672547660684 0.0027146441144288631 0.12509705084241091 0.0027606227161529997 0.34627650821268857 -0.14293423657805196 0.024722030330195727 0.01576494480035218 0.011012217065730278 -0.32302599036687163 0.0028840127554099516 0.010295572917420672 409.28623920031538 0.01576494480035218 473.94019422019591 -81.254781890202509 385.8686719132715 0.025342744135208987 -0.1956941971287374 0.10000000000000007 0.64087301587301593 -0.27361111111111119 25.520741559870263 0.18735000000000002 0.10415280419856245 0.8500000000000002 0.38592061138054973 92.522232923583189 121.14950247981599 0.0053872593529113669 0.0092723656564706013 375.49999999999005 -0.0070545862371196857 1.4900000000000004 1.091270229648013 0.060220231939017828 0.93467226051323327 -0.0097058782027175643 0.10224532110914321 0.10632711802637353 2.6106141852970088 0.87499999999999922 0.10000000000000099 -0.054780733285406218 0.10400641025641032 0.0082557996710991583 -0.065228641372830506 -334.45530044233288 0.58119666666666669 0.81666666666666676 0.67261904761904778 -0.047501790536802084 0.046243909084610277 0.59999999999999887 -0.73476853349934335 0.10000000000000001 0.13040634589579772 0.16160599542179235 -0.77236972550905258 122.13895775368012 -2618.5169423180519 0.016031198769626002 0.57500000000000207 0.050000000000000037 -1.2617987784100662 1.0625000000000002 877.50000000000011 1363.499999999993 -0.96999999999999964 -0.032816235218752147 -823.75000000000898 -647.00126554377368 178.84113658632279 2.7299227130847412 2.843741154810683 46.856067944212704 41.167567394294714 0.37999999999999995 0.4000000000000013 0.6869711224608116 0.0027098202833216053 0.97737036154467349 2.5266241092384738 -0.13445836612767045 0.0024114069539048241 -1.0903784904950242 0.0042047368946493413 0.085202941176470717 0.012064120261732793 395.10899436401763 0.043851479149786161 -1.0849999999999989 5.5452918767066679 0.0010103385090267649 0.0042917523861820935 0.01801252453596586 1.5199999999999989 0.016736594867639901 0.035607062705047106 -0.0025212940314630057 0.53704899625243907 0.04372011172701263 -0.13619999999999874 0.0014402002329940078 -0.21301114157885356 0.1184659090909092 -0.034261759858665246 1.0766980803777271 -0.036777191351104958 0.48214285714285721 3.4479921913265974 -316.84784323854905 -816.67125128012572 0.0026375449132810783 0.0053309523021349845 -1097.5000000000043 1.1057916856357599 -41.927579755275957 0.21626984126984131 383.66331821234201 -0.28153113869625951 87.242456651351389 0.69653333333333334 0.020196870385599034 1803.000000000002 0.0039023879237614282 0.22023809523809526 -0.078589899292217977 -0.00045547416674900082 0.16811207159088251 1.0652319302517699 0.74007936507936523 4.0762107563867279e-16 -0.026955760922324847 0.028757886165014752 0.11892323333591409 0.71666666666666667 0.67261904761904778 -218.94865881249044 0.004623936873630048 0.070845765437930988 -825.13092633054146 9.5000000000000018 0.071890485934470685 0.76079999999999981 0.0053831502434596142 1.5420500000000008 96.639059179726118 0.0068343790741608465 -0.025633734391526494 0.0099466093111387297 0.021537703092714636 0.69642857142857151 1.047589104593398 70.769754099868678 4423.5000000000045 0.20000000000000015 -0.021526619170913194 231.3909936951853 0.0076856043008609607 -233.83359874241935
decision_type=8 10 8 2 8 10 2 8 10 10 8 10 10 8 2 10 8 2 8 8 2 10 10 10 2 10 2 2 2 2 10 2 2 2 2 10 2 2 10 2 2 2 2 10 2 10 10 10 2 10 2 10 8 10 10 10 10 2 2 10 2 10 10 2 10 10 2 10 10 2 2 2 2 2 2 8 2 10 2 10 2 2 10 10 10 2 10 2 10 10 10 2 10 2 2 2 10 10 2 2 10 2 2 10 10 2 10 8 10 10 10 2 10 8 2 10 2 2 2 10 8 2 2 2 2 10 8 2 2 10 2 2 10 2 10 2 2 2 2 2 10 10 2 10 2 2 2 10 10 10 10 2 10 2 10 2 10 10 10 2 10 8 10 2 10 10 2 2 2 10 10 10 2 10 2 8 10 8 8 2 8 2 10 2 10 10 2 10 2 2 2 10 10 10 8 10 10 8
left_child=20 2 5 50 60 6 9 8 106 10 49 19 -13 15 16 90 93 18 -18 -11 44 -10 96 24 26 28 63 -28 29 101 31 -22 94 -19 -29 67 62 43 51 136 124 42 135 -38 104 46 -12 -48 159 -2 107 52 53 57 129 -55 117 59 61 91 81 113 -32 172 66 182 156 142 69 73 72 75 110 -60 143 82 -72 163 83 80 187 114 189 -41 108 120 -21 109 132 102 168 -39 100 196 -24 112 97 -23 -84 -98 -82 -26 103 139 165 -34 144 -4 -62 -75 -71 167 179 -59 115 119 -109 -57 -97 -5 -86 153 188 176 -25 126 127 141 173 -54 -43 -93 148 -134 -123 174 137 -40 -20 -61 -141 -17 -9 -74 -3 -81 -80 -116 195 -83 -151 158 -46 -95 -47 -103 171 -158 -127 160 -49 -52 194 -30 -165 -1 -100 -77 -6 -64 -78 -8 -16 -37 -42 -171 -105 -79 -106 -85 -162 -110 -66 -161 -184 -68 -124 -53 -44 -70 -191 -126 -99 -128 -87 -89 -15 -132
right_child=1 7 3 4 13 -7 64 35 21 11 45 12 -14 14 23 125 17 33 138 86 30 22 32 40 25 -27 27 34 77 -31 36 -33 105 -35 -36 128 37 38 39 78 41 130 122 -45 152 154 47 48 -50 -51 161 79 54 55 -56 56 -58 58 68 89 84 -63 169 -65 65 -67 185 -69 71 70 76 -73 74 87 -76 111 170 177 146 145 92 149 98 95 85 162 -88 88 -90 -91 -92 131 -94 121 -96 118 99 192 166 -101 -102 155 -104 123 178 -107 -108 116 181 -111 -112 -113 -114 -115 147 -117 -118 -119 -120 -121 -122 134 186 -125 191 151 193 -129 -130 -131 197 -133 133 -135 -136 -137 -138 -139 -140 140 -142 -143 -144 -145 -146 -147 -148 -149 -150 150 -152 -153 -154 -155 -156 -157 157 -159 -160 183 180 -163 -164 164 -166 -167 -168 -169 -170 175 -172 -173 -174 -175 -176 -177 -178 -179 -180 -181 -182 -183 184 -185 -186 -187 -188 -189 -190 190 -192 -193 -194 -195 -196 -197 -198 -199
leaf_value=-0.022801017549151457 -0.026678052209354628 -0.0073839322763816877 0.017494997492371774 -0.0035792630409916502 -0.03218379669761446 -0.020401919215894775 0.027123771474686982 0.01431839515485527 0.02050556699040483 -0.019882127067703943 0.011122950599751224 0.023588268185552857 -0.0072059757677046532 0.007200809632533103 -0.0016946029062694661 -0.01956492930456279 0.016564153083253527 -0.00062833461639715893 -0.018327287872213292 0.015864928204989345 0.010146119644562445 0.0021687358967479252 -0.012734376246020538 0.010835656487003907 0.0046769516088328283 0.013604776562831905 0.020879225960241166 0.0090614752304199707 -0.0037126958598635109 0.012209156777650467 -0.0039387280642858534 -0.018060752157551069 -0.0017055904955391758 0.027067823974282163 -0.016738751718024057 0.0060661285525520593 -0.020963635360792543 0.0097302981842384215 0.0069608404752256403 0.0056161116431759379 -0.0021113024740856971 0.0080820121496795998 0.0029137622552587949 0.0039926330946816087 0.011783609681174445 0.017105132735208965 0.011029098193296073 -0.025778341329077983 0.0085310342679357602 0.0028774935893421719 -0.01437288208489047 0.015451938386665642 0.024493621089796865 0.012766631475366046 -0.0040696139729364802 -0.0071238983603473978 -0.022206437215170301 0.023896531715059222 -0.0095262299334219445 0.00064203910745608023 -0.0074591415770040165 -0.0029897245280661234 0.0033163599014937183 0.0038177661203781946 0.00034395721594582821 0.015351193149188832 0.0018930920664594871 -0.012934015429451133 0.0035808658238979363 -0.0066802571887221666 -0.0076510923029415069 -0.012620321118497686 -0.0034604924003511419 -0.012883928905125549 -0.00044232036628031088 0.0019760351585953679 0.003037296685787394 -0.0037521247514827895 0.010814579594634721 -0.017029499101001707 0.0046796947218400164 -0.0012199062862654302 -0.0076724469293187993 0.00057564055408870318 -0.022585291631108697 2.199901308347942e-05 -0.0068191380999643066 0.00088730965565414629 -0.0052914757589433339 -0.0030362134846257378 0.00050195930922515282 -0.012970147188659728 0.0087640417526758298 -0.0073884233983680919 0.007897826715514665 0 -0.010087157709799352 -0.0022596899057240731 0.01561198523918486 0.010876084748553432 -0.017763288703016029 0.00052919148088554561 0.00091744227605676954 -0.00911813312150213 -0.0030569331459358853 0.023778645679489493 -0.022991616480730215 0.0083854646876685285 0.00026403625685069126 0.0065418848850565718 0.011744851477774909 0.0082311714818935188 0.010058839112739342 -0.00035640866243406263 0.0022493467480273668 -0.0075317209643487081 -0.0077419562359987088 0.01095598244074724 -0.024999373278386135 0.01586816023198229 0.0016841507593021406 0.00012370266401327105 -0.0036760350238382623 0.010870981346994392 0.00036503676366338568 0.0056613288826297013 -0.00028319152246983299 0.0037484091311939306 0.024562141735100875 0.00048467124702339365 -0.0093746752885482867 0.0038968813317305931 0.023805512616779066 0.00014028184848833688 -0.022647701951652624 -0.010015834029549855 0.013847622305454459 -0.0094183608247464679 -0.0016231012357879584 0.0026372517568360654 0.025625740252104939 -4.8537043155576009e-05 -0.0029464044767667087 -0.029764221786658551 0.010006964766563079 0.0013923851673452573 -0.0047795978518230253 -0.015105388095242261 -0.0059778959383854965 -0.0015447984140948294 0.019832612637450578 0.012370451852186623 -0.0029161707952288958 0.0069238600802862841 -0.0012012804419016363 -0.021146498215909294 -0.0062583199035799427 0.013103886550044529 -0.0090719476257385846 0.003305763095826815 0.0028334854961696893 0.0016413957572924093 -0.0058281273299013335 -0.001862470598767725 -0.029253333972320987 -0.0031331551751754795 -0.0013723008538624188 -0.013952498772419351 -0.0029091538459618655 0.0041715947124534762 0.018512649762665572 0.0021698562547878132 -0.019989265831016095 -0.0050720897960978674 0.0095080629787347923 0.025446618889384518 0.0011964400922594228 0.0055232900997940768 0.0059473188102167947 -0.011547260519471712 -0.0059869770802502041 0.014650359495420383 -4.7007715424509882e-05 -0.004953819565117 -0.014779531597211744 -0.0066423561357202201 -0.032772665395727277 0.0024252686202431315 -0.0038671530376359563 0.02579132623259478 0.0034387918939608698 -0.0088303184846035103 -0.023711027224189139 0.0080161033597920279 0.0084292680561222546 0.010179582561070646 -0.00023207541212230058 -0.00079260116613081688
leaf_weight=3.7588681429624549 7.9564549224451167 0.71899855043739058 4.8280650763772428 1.6625849446281842 16.504380681552 2.9277989026159039 8.7479633088223654 2.1753168292343612 4.7098753871396211 3.4170136698521691 2.3799014985561397 7.7758524650707823 2.5081434808671474 0.68314355122856685 1.7459796518087403 4.9593128929845962 1.996759673580528 3.5482907537370911 5.030932751018554 2.5573963895440111 1.9900342621840534 1.826383448205888 2.5460741128772497 1.2680689124390512 1.0954711213707922 1.8546685334295059 7.154959984123705 2.9846586510539055 2.0256992764771047 4.9030683152377605 1.7140720719471563 5.0140871200710526 1.466410396620631 8.8548581660725159 3.3595295585691929 0.77128890529274829 3.9789579985663277 3.5730952816084027 1.4888988090679052 1.3685915200039769 1.1917980909347603 1.4903028272092336 0.52921863226220967 4.1118748812004924 2.6332687325775623 3.1643739561550319 1.9173370203934634 5.6114010037854296 1.0185479354113329 1.7023294344544408 1.6227397937327617 2.6726894299499682 13.152099094819279 1.7964727580547322 2.4710770808160296 1.6794031760655324 5.1126942927949131 8.0394863854162359 3.4043829217553059 1.5046366099268222 1.4999553849920628 2.4534193947911254 2.3461336600594214 3.4918821342289448 0.68857196532189791 2.2168859769590199 0.59435558412223943 1.989974819589406 1.6569526502862597 2.6797258388251235 2.1426457064226252 1.6132078827358771 2.1640222202986497 1.3394721206277638 4.4500506473705128 0.99563844781369626 3.7634247876703739 0.88130636885762104 1.8603825140744441 2.3249098937958479 1.6274807886220504 1.5498816315084694 2.8459419868886462 1.0618312559090588 4.4409354072995484 0.93691829219460487 1.5289322165772317 1.4845690671354534 1.9343777671456397 1.9190829871222366 1.1834848523139943 3.2692607939243299 1.5981936091557143 1.175620889756827 1.9368916749954221 1.686907853931183 1.3087491085752847 1.0076996311545388 1.6608188273385169 2.1446943832561374 2.8844326236285269 0.95222312957048227 3.7094381395727387 1.4160000495612615 0.96844114642590284 5.6250985302031022 5.9825579698663196 4.0289598340168578 1.106917513534426 2.6546696126461029 2.4320454113185406 1.4978503193706272 1.3368854615837333 1.7147906562313444 1.686407240573317 1.5412192847579715 3.3608362674713135 3.6239616544917226 6.4595027603209019 3.2458466226235032 1.1521428022533635 1.437193557154387 1.1255428455770147 1.9470933796837924 0.69610306806862343 0.9042508378624915 0.99035632936284068 1.6270447261631487 8.0941910911351425 1.5228358488529909 1.1230826545506714 1.6978164389729498 9.3931114263832551 2.1452030683867624 5.0426469845697284 1.6051589506678281 3.6907354798167971 1.5215933499857781 4.351595239713788 2.4963916339911583 21.19931468507275 2.2082321620546272 1.7987830657511947 6.4987732237204909 0.66633223555982113 1.9021294089034189 1.8359898328781126 2.0563088385388255 1.4756424510851456 1.0384854953736056 4.558312067296356 1.087848976254463 1.9413528786972154 1.6131043196655808 1.3368451092392195 4.8088156031444669 1.7854569312185051 1.8856295077130187 1.1713469093665478 0.82375993765890576 1.1623967429623006 1.6380852498114107 1.528335061855614 1.1767100421711862 15.040758291725064 2.8855609539896241 1.2969209388829765 2.124083187431097 1.1990617420524348 2.2114710733294487 3.2686456628143787 1.2005317695438851 4.4171134177595377 0.91672096867114305 1.0347728244960306 7.8031935668550414 1.4908766001462934 0.70790805900469422 1.3137321667745712 1.2765589742921291 1.0198123231530192 1.4829406845383344 0.68882408645004067 0.97565558971837163 2.18780253874138 0.86283325590193272 16.345703275408578 2.4139356953091919 0.59957468789070845 7.7161551909521204 1.7452570144087074 1.0199084011837838 4.6386495400220156 1.1964852660894392 1.3726366385817534 1.4296973655000327 0.64977042935788631 1.2763459719717505
leaf_count=52 243 24 55 27 347 44 165 20 54 74 48 73 40 25 22 152 24 34 102 25 24 40 44 37 14 37 42 25 20 32 32 129 39 55 47 20 59 40 33 14 34 35 32 38 29 67 31 107 20 30 29 22 182 45 26 41 85 79 43 15 25 36 35 37 12 30 31 52 26 41 39 15 30 15 43 25 33 28 18 28 23 25 38 22 84 18 33 17 20 31 11 43 17 36 38 23 22 22 21 41 57 13 34 13 30 77 128 22 17 42 24 22 22 41 42 24 25 37 90 53 16 32 15 29 18 32 37 15 90 15 22 31 135 34 97 40 46 21 37 25 331 40 37 52 22 38 38 35 16 16 94 30 29 38 29 88 25 28 27 27 25 20 34 28 264 34 31 42 15 31 40 33 74 36 34 126 33 20 21 23 21 36 31 23 69 31 336 24 15 101 20 37 98 17 35 30 19 22
internal_value=-8.4761e-05 -0.00432183 -0.00599185 -0.00859072 -0.00978337 0.0014096 0.00331938 0.00444884 -0.00114296 -0.00254105 -0.00843399 0.00688071 0.0161391 -0.0117223 -0.00897655 -0.019884 0.00234334 0.00923202 -0.00524167 -0.00689124 0.00548035 0.00534386 -0.000170035 -0.0134236 -0.00857829 -0.0146487 0.000959346 0.00979473 -0.0175138 -0.00318418 0.00629035 -0.00931076 0.0115683 0.0207455 -0.00567709 0.0147019 0.00691934 0.00591019 0.00676588 -0.00388134 -0.0208478 -0.0233869 -0.0266184 -0.0108995 -0.00673934 0.000695312 -0.00500196 -0.00984993 -0.015449 -0.0220754 0.0047706 0.00823395 0.00916082 0.00760837 0.0186993 -0.00523586 -0.0108015 0.00890141 0.0059292 0.0139374 5.73809e-05 0.0162823 0.0176869 -0.0106919 0.0149565 0.000508868 0.019338 -0.000569075 0.00360942 0.000483712 -0.00610386 0.00970626 -0.0134966 0.00750922 -0.019357 0.0129282 0.00823299 -0.0242368 -0.00944407 -0.00136282 0.00447023 0.00596844 0.0172325 -0.0134842 -0.00717603 -0.0123236 0.00812045 0.0111267 0.0142452 0.0169341 -0.0292708 0.000107595 -0.00460641 -0.0115406 -0.00423922 -0.0164928 -0.0124092 -0.0174783 0.00268169 0.0018162 -0.0111383 -0.014622 0.0182552 0.0200671 -0.0137634 0.0196714 -0.0190943 0.00992145 0.00487419 -0.00292951 0.00327574 -0.00344929 -0.000478322 0.0206534 -0.00159555 0.00503861 0.000898288 0.00464614 -0.0213704 0.0105117 -0.0188431 -0.0150365 -0.0304043 0.00243907 0.00205018 -0.0039965 -0.00760997 -0.0119299 0.0217127 0.0225915 -0.000923718 -0.00795382 0.0171588 0.0204839 -0.019311 -0.00244501 0.00853673 -0.00189776 -0.013158 0.0227381 0.0238678 -0.0155727 0.00876263 -0.0261149 0.00211353 -0.011848 0.00448571 -0.00995703 0.00315778 0.0137396 0.0167773 0.0059119 0.00696359 9.74929e-05 0.0135008 -0.0186989 0.022227 0.00520307 -0.00308933 -0.0196217 -0.0220405 -0.00962197 0.00162067 -0.0263207 -0.0279653 -0.0183307 0.0114339 -0.0104837 -0.0310246 0.0209088 0.0140336 0.0254857 -0.0173335 0.000634116 0.00576746 0.0230759 -0.00603682 0.00129433 0.00255097 -0.00896775 -0.00240076 0.0122368 -0.0117329 -0.0014446 -0.0132565 -0.00423915 -0.0318415 0.0128212 -0.000840025 0.0223369 0.0237395 -0.0073205 -0.0222485 0.006363 0.00713224 0.00855946 0.00599175 -0.00803685
internal_weight=563.913 320.628 270.303 199.661 184.182 70.6428 67.715 50.3247 34.5784 46.8562 29.0688 17.7873 10.284 153.322 120.29 33.0318 34.3839 23.7824 11.3793 7.50334 243.285 27.2105 22.5007 85.9063 56.6008 33.4466 23.1541 13.4991 31.592 11.7596 229.784 7.00412 11.5745 12.4031 6.34419 15.7463 222.78 208.705 200.614 23.5879 29.3056 26.3215 22.4318 8.09083 13.5012 19.41 14.9088 12.5289 10.6116 9.65878 15.4787 177.026 161.603 144.457 17.146 12.2125 10.4161 132.244 88.021 44.223 30.8598 12.2077 14.0749 9.65498 20.8589 5.78208 15.0768 5.96407 75.8133 52.6605 27.3993 23.1528 18.2246 25.2611 13.1128 21.5396 9.17472 19.8324 16.8867 15.4238 11.1967 17.339 16.922 13.1903 13.5208 9.43097 4.08633 21.8567 17.8626 35.6828 18.8869 8.54017 6.11011 10.6015 4.48297 11.8217 10.9262 7.47273 5.80368 3.45344 4.51191 6.85651 33.7638 30.0543 8.9266 7.09151 7.36789 12.2179 4.08981 3.99414 5.11177 4.61757 3.67528 9.75428 10.1924 6.44965 7.3898 5.30336 8.14641 4.90843 5.59308 9.26857 18.6 4.85397 2.98408 14.1449 10.9814 8.79459 9.7822 14.6749 3.88973 4.96708 15.9282 11.5383 6.47984 3.83173 6.70123 3.01049 9.38253 25.2003 23.6957 7.16755 3.9741 8.6628 1.38533 4.22704 3.69637 3.74272 4.38991 7.14668 5.5968 3.16345 4.57462 2.78873 4.50122 5.76104 13.6196 3.67109 2.0756 9.59303 7.79361 3.26083 3.83789 18.2432 16.2175 6.64443 2.95774 3.11972 17.7034 12.3608 7.03207 9.9485 6.16309 1.68801 2.22657 10.0147 2.90688 1.58921 2.28217 2.33839 2.18221 2.58986 3.5652 1.79942 2.87663 1.45719 17.4712 5.08663 1.12879 11.1184 9.46141 1.71601 5.64635 2.18684 2.30955 2.91427 1.33291 2.39943
internal_count=9176 5741 4837 3422 3271 1415 1371 904 649 916 671 245 113 2690 1967 723 499 252 163 132 3435 475 421 1468 791 544 247 114 507 147 3240 153 198 89 72 255 3087 2863 2766 350 677 585 506 97 195 398 302 254 223 273 151 2416 2207 1984 223 208 163 1776 1151 625 581 156 224 133 455 142 313 109 995 654 302 341 190 352 125 326 112 360 250 209 143 316 237 194 265 187 58 309 252 511 373 114 97 247 82 180 223 160 90 63 80 115 480 446 137 116 174 102 78 57 65 89 67 120 181 104 47 78 113 80 100 203 398 75 92 350 261 207 146 197 79 74 232 169 129 108 100 54 139 371 356 192 57 82 46 66 56 77 63 135 110 89 58 74 96 101 251 53 59 203 153 49 87 312 292 86 52 67 362 192 73 198 96 56 68 157 46 48 51 45 46 53 112 50 100 62 351 46 47 147 121 55 120 54 53 47 44 44
is_linear=0
shrinkage=0.0323284


Tree=24
num_leaves=191
num_cat=0
split_feature=25 19 20 4 15 10 7 22 13 3 17 10 17 25 25 20 16 12 10 6 6 5 11 27 15 10 20 9 26 15 5 21 6 1 22 0 2 24 1 12 27 23 5 17 27 7 25 13 21 21 25 27 23 16 18 27 10 23 12 27 1 18 10 9 28 18 23 21 13 22 25 15 11 7 28 16 22 25 7 10 17 25 12 11 14 16 10 25 3 25 24 22 18 23 19 25 1 14 17 4 13 20 15 25 2 25 25 5 0 4 20 24 10 9 9 9 25 18 18 23 1 25 23 4 17 19 28 16 0 27 24 18 18 16 25 23 25 20 24 6 26 5 22 12 20 2 16 1 26 13 2 2 16 19 2 5 19 27 23 11 5 12 20 10 24 21 14 5 9 4 25 12 4 22 27 11 25 16 4 18 17 25 4 25 5 1 25 5 24 0
split_gain=12.4312 4.72768 4.33545 3.88003 3.05311 2.83647 4.12116 2.82348 3.23111 3.0324 5.48915 4.06027 4.75346 3.66718 3.13559 2.60885 2.80703 2.37875 3.51693 2.34278 2.26042 3.08872 2.31914 2.18879 2.81667 3.37714 2.7284 2.18485 1.99502 1.95674 1.94694 1.91552 1.90757 2.24635 2.413 1.875 3.50826 3.43384 3.14447 2.56531 3.76054 2.49499 4.4242 2.40889 2.30786 2.05192 1.82364 1.81581 1.7689 4.1849 2.97977 2.95217 2.50796 2.50486 2.14432 2.07569 1.76199 1.73255 1.73253 1.71574 1.66981 1.67414 1.6013 1.58649 1.57599 1.55735 1.53545 1.50641 1.46956 1.45348 1.43693 1.43412 1.40171 1.34371 1.31591 1.71828 1.31538 1.55767 1.30743 1.2492 1.24821 1.2158 1.98277 1.21394 1.1811 1.16699 1.16087 1.15206 1.13052 1.28622 1.1134 1.1117 1.09305 1.08879 1.06804 1.05757 1.28263 1.17351 1.01948 1.01451 1.00346 0.996787 1.07971 0.97681 0.954369 1.47524 1.31702 0.934294 0.917617 0.917074 0.916421 0.878594 0.86566 0.864254 0.897049 0.854176 0.851855 0.803487 0.794225 0.788652 0.842575 0.774128 0.760072 0.759354 0.753255 0.696567 0.657372 0.649594 0.638268 0.633284 0.626525 0.625786 0.636558 0.597455 0.580987 0.562491 0.560545 0.556891 0.539183 0.532449 0.523234 0.49453 0.47397 0.45966 0.455669 0.417624 0.41206 0.408383 0.408098 0.406444 0.392807 1.61605 1.44724 0.667948 0.534266 0.381675 0.366786 0.342723 0.311733 0.300293 0.288805 0.279115 0.277939 0.262628 0.262235 0.230314 0.21863 0.214203 0.213349 0.213109 0.207667 0.19436 0.189628 0.182132 0.182105 0.172158 0.171083 0.167495 0.161075 0.133134 0.0982257 0.0967278 0.0966942 0.0624086 0.0563328 0.052199 0.0517611 0.0478061 0.0315573 0.000933826
threshold=57.814958495865248 3269.9999999999914 1.7272325143838543 0.49404761904761912 54.596080146211101 1.3749999999999996 13.500000000000002 0.1018064156010209 0.0050153958372501648 0.012855374804439422 0.5763883420749033 0.32500000000000023 0.51509595072833092 96.224969144349643 79.800624903349714 2.5118777907456376 0.0034338367669891814 0.011244983588521872 0.60000000000000109 0.93055555555555569 0.097222222222222224 0.015411984426383809 0.82527916666666667 -1.3571625414605266 385.8686719132715 0.10000000000000099 3.0939480991706954 -7026.7499999999936 0.3688499999999984 119.83589365285776 0.14771733429093284 -0.0018333854248792079 0.27182539682539691 0.29472381230936368 0.13403629874778777 0.18954820936639119 1.0091802267409935 -952.35376356956272 -0.16861481485425825 0.0025371802053384481 -1.2809672547660684 -0.003578354863156163 -0.027013212391863491 0.74080501753455497 1.8502795283626177 14.500000000000002 48.368763289377668 0.010621991629387173 -0.0031356730354218372 -0.0047710618587256661 24.323108857802207 0.63481908099012296 0.0074953705173334004 0.0025479507542305645 1.1499999999999997 -0.98737147715547102 0.29999999999999993 -0.0015089137507994785 0.0058162638650486364 -1.1774498274947385 -0.163177804072934 0.42000000000000087 0.39999999999999974 -4569.7500000000136 0.65000000000000002 4.9000000000000012 0.01576494480035218 -0.0084829417005526913 0.0021505456268785298 0.12449678579744337 67.484667294521827 422.98786587062921 0.18735000000000002 10.500000000000002 0.88333333333333341 0.0045923343874604353 0.14097429387305757 40.184226042416206 1.5000000000000002 0.60000000000000042 0.93881709263600543 87.242456651351389 0.0052801516125456091 0.10400641025641032 0.041118445155317589 0.0053872593529113669 0.39999999999999908 45.987407291220848 0.0064852385955417461 17.872038317498006 -511.43662946163255 0.13040634589579772 0.30499999999999977 0.0065721913158519616 3539.7500000000441 68.135956589218651 -0.12533554852468901 0.034631932853224877 0.78543872829871753 0.69246031746031755 0.0075301196377380039 1.9825305710935452 485.82761768257063 37.05117500808462 0.92998514298824597 50.108631061494442 41.462318582450095 -0.0043341098761808796 -0.27954321770398266 0.31944444444444448 1.8599992370938858 -519.34685299736691 0.30000000000000021 -1364.2499999999925 -231.50000000001361 -823.75000000000898 90.647082849906511 -1.6950000000000018 0.26500000000000062 -0.0024478850090136057 -0.10333090108230041 86.802698310525699 -0.026388236998368172 0.80357142857142871 0.60915811679327148 6797.0000000000082 0.91666666666666685 0.0024114069539048241 -0.35684922586001977 -1.0389204540771053 -46.52372542316396 0.37999999999999995 -0.9250000000000006 0.0014895267004451636 83.30430568746776 0.017329928203461357 92.896162294406423 3.0665957705276177 -719.87517517291133 0.7242063492063493 0.40564999999999968 0.0065799359346411243 0.17679046691892628 0.005076415000793289 0.61472042636843272 1.2898946414492205 0.0075403980558111832 0.085428596993557551 0.3688499999999984 0.0039023879237614282 1.0421301716575588 1.0349487417699395 0.0027606227161529997 2887.0000000000268 1.2480610134436405 0.020827107480609345 1803.000000000002 1.042142747036108 0.030433521381833532 0.42155250000000039 -0.054935168584469722 0.0091328220386818395 3.0797239042612001 0.20000000000000015 -2355.4801869111357 -0.02590077425697301 0.016736594867639901 -0.077325175428029178 -3576.7500000000246 0.041666666666666671 23.245576382958376 0.011337195372903374 0.45833333333333337 0.16319871595993271 0.94524371403668661 0.14995526315789462 50.469233242748544 0.0032537810744412395 0.56547619047619058 -0.16499999999999912 2.1117432766420272 18.50389845623306 0.64087301587301593 44.447715616461949 0.05802430881961896 0.20703551442988535 71.014575838264378 0.0076856043008609607 -432.13724694911053 0.021992316066007492
decision_type=8 10 8 2 10 10 2 2 8 8 2 8 2 8 8 10 2 10 10 2 2 8 2 2 10 10 10 10 2 10 10 2 2 2 2 2 2 10 2 10 2 2 10 2 2 2 10 10 2 2 10 2 2 2 2 2 8 2 10 2 2 2 10 10 10 2 2 2 10 2 10 10 2 2 10 2 2 10 2 10 2 10 10 2 8 2 10 8 10 10 10 2 2 2 10 10 2 10 2 2 10 10 8 10 2 10 10 10 2 2 10 8 10 10 10 8 10 2 2 2 2 10 2 2 2 8 10 2 2 2 10 2 2 2 10 2 10 10 10 2 2 8 2 10 10 2 2 2 2 10 2 2 2 10 2 10 8 2 2 2 10 8 10 10 10 2 10 8 10 2 10 10 2 2 2 2 8 2 2 2 2 10 2 10 10 2 10 10 8 2
left_child=23 2 5 84 -5 6 17 66 72 13 11 91 14 79 -13 16 -6 18 20 29 58 22 -22 63 35 26 68 -28 -19 122 94 -14 56 60 -35 37 38 117 157 40 140 163 148 183 104 74 69 139 49 52 53 55 87 -50 -54 108 92 -58 73 -30 61 86 70 135 -21 126 115 -45 107 -27 184 -70 83 -2 137 -76 90 -78 -57 113 124 85 -83 116 110 178 -34 123 -73 -90 -47 187 -12 -59 -18 149 177 188 130 159 -84 102 -48 -53 106 170 141 -26 -52 121 -3 -36 128 136 -115 -4 131 -25 -117 -69 -121 -61 -17 185 -55 162 150 155 -80 -110 -44 132 -9 -91 -20 -1 169 -46 -85 -15 -39 -40 -127 -118 -65 -140 -119 -31 -43 -74 151 152 -62 154 -152 173 -68 -37 -88 -16 -135 -95 -112 -41 -66 -77 -129 -139 -154 -10 -106 -116 -51 -93 -124 -111 -89 -97 -8 -87 -148 -82 -180 -38 -23 -42 -166 -11 -98 -114
right_child=1 3 7 4 15 -7 81 8 9 10 32 12 31 47 99 19 30 28 134 64 21 62 -24 24 25 46 27 -29 59 147 -32 -33 33 34 111 36 43 39 44 41 48 42 98 67 45 76 101 -49 50 172 51 103 54 80 -56 78 57 93 -60 109 65 -63 -64 144 164 -67 156 119 71 -71 -72 88 95 -75 75 165 77 -79 112 -81 181 82 100 138 -86 179 158 176 89 133 -92 127 -94 161 -96 96 97 -99 -100 -101 -102 -103 -104 -105 105 -107 -108 -109 129 175 125 -113 189 114 171 118 143 146 -120 120 -122 -123 174 -125 -126 142 -128 166 -130 -131 -132 -133 -134 160 -136 -137 -138 167 145 -141 -142 -143 -144 -145 -146 -147 180 -149 -150 -151 153 -153 168 -155 -156 -157 -158 -159 -160 -161 -162 -163 -164 -165 186 -167 -168 -169 -170 -171 -172 -173 -174 -175 -176 -177 -178 -179 182 -181 -182 -183 -184 -185 -186 -187 -188 -189 -190 -191
leaf_value=0.0055648642450769562 0.018264036196928041 -0.0013571928167549019 0.016355214025665619 0.017634363784730361 0.012366226520787288 -0.019774118587017178 0.023295321911531587 -0.0059121582718444157 0.00017882909398896847 0.0070001152351694016 0.0047951284638302841 0.016870128271328194 -5.5662938760616074e-05 -0.031212575680800866 -0.019603080680750291 0.0074736874020151552 0.0024559347196414618 -0.01174096371367553 -0.001445081584290473 0.0077377033536772414 -0.030049342130800034 -9.1011995705989075e-06 0.0025871429504951866 0.0043245768722608427 0.0060722270558052028 0.0034395713625367426 0.010308070675750647 -0.019587582425472011 -0.0081454940659789875 0.0016467047906722531 0.0035487569047831318 0.02664545136102562 -0.017093714167163081 0.010893858286463961 0.0038297025889077949 -0.017077666403711465 -0.02332591655282058 0.0011707348256474958 0.0028568228130674369 -0.018614656397432764 0.026162340023403733 0.00028619839161530376 0.022324856253256468 -0.012206222867690212 -0.011137381714375756 -0.020487164398192224 0.015872829931977892 0.0032764933713047774 -0.017244549539324465 -0.0015506917778674079 -0.0054612978910213283 0.008489620098440032 0.0099649021481935402 -0.0001666560383778893 -0.01567389428118476 0.0024093569286785048 -0.0090049315848449892 0.019799495115337521 -0.011623549902737052 0.0099917034232052272 0.0053732417364120927 0.010054034929957517 0.011606438768393536 0.003293396663820967 -0.0007441719678205035 0.0041276061185171993 -0.013907448478601944 0.014446334908106526 -0.005805968928126435 -0.024216173729565246 -0.016962183279465498 -0.0037331305692858033 0.010825833385735882 -0.0050243719082033794 -0.0050018424824904836 0.0045404011976538155 -0.0086280838583062767 0.013760814525931444 0.0020357809352067715 0.01099150628503855 -0.0069002834611833494 -0.013487440841903979 0.016934526378628811 -0.0010779131087750248 -0.0039456236800401116 -0.0061150144511815377 0.0095441807126282179 -0.0059326633397785806 -0.00139703719418549 0.00074888578252136598 0.0021392865097849198 -0.0020349985250669102 -0.019141956745294626 0.0043831623533270424 -0.026660516221803529 -0.001603355711795051 -0.0044892528735590298 0.0034317125715563786 -0.0018653506439197647 0.0029112789498021746 -0.0054296373536130314 -0.0093948921789239973 -0.0064291011873623561 -0.0099007094137950769 0.0029032513894717603 -0.0026589776583955346 0.013668908541198182 -0.013741215601559685 0.014476562557408373 0.0024352854168257173 0.028951522665072636 -0.018400330597725483 0.0006107980990169051 0.010587312262748259 -0.0099796590236466715 -0.0067161816173671573 0.012455347374371704 -0.019035159278318951 0.008489101499782872 0.0077702093474272087 -0.0098622912437293792 -0.0082006579991041658 -0.012410284457878343 0.0012863130282523769 0.019506586642819946 0.0080297288962339532 0.00035989934095410772 -0.0020376973695071642 0.030517113684871561 -0.0031138282515348098 0.00086579934577359595 -0.013125200983509534 0.0099669330333489632 0.0034768012307042971 0.016566753751290433 -0.010722382332740645 0.0027170653102062715 -0.0030895862805600917 0.019592833243085812 -0.0016424049894321628 -0.016965158138611169 -0.012388699631189451 -0.0071449967694372073 -0.0031843269264145357 0.023225969726720044 1.3885474537115913e-05 0.0036064350605595494 0.022375857764561118 -0.018529415431039163 -0.0036409845871219967 -0.028180733779091392 0.0039037112849890305 -0.01970187734802455 2.0519057006902763e-05 -0.00075029124305367901 -0.0068531725791666116 0.0012833834085746298 -0.00030092326996959798 -0.0035379003599180932 -0.001088115173416625 0.025976250825130789 -0.0068340564022904126 0.0045952723398197974 -0.0011749153071821154 -0.0021166446885337513 0.024025072302542444 -0.021510386477105046 0.0076438196393910102 -0.0029760467675445531 -0.017849853140172532 0.024621445040011982 0.0014453093323557001 -0.020271265492582988 0.0090909192298765651 -0.00025217111936604036 0.02447130476438774 0.0031607786514786587 0.0087959654649893901 -0.00081492598401268859 0.0025983122636529382 -0.0033744170862772681 0.00075301378930467638 0.0070443888622440821 -0.0048686171078847753 0.0079113856468554563 0.0044566477066681166 -0.02020572113930454 -0.00040769722481529805 -0.021954261356071248 0.0044488981623533206
leaf_weight=1.2590093621984118 3.4698996320366877 1.3475885465741146 4.7110642176121473 4.0510911662131539 1.0873903026804352 2.8000117549672714 9.3126877602189797 2.3648328715935381 0.64241711888462205 0.66492184856906422 1.1751261968165607 1.7496279082261033 3.5767174363136283 17.125296562444426 5.6464111800305545 1.4095556875690816 0.8310007993131866 1.348827902227639 1.8095921911299218 1.8274162688758213 9.7736175265163165 1.0994641561992469 2.09356668079272 1.1289593144319949 1.8280409113503995 1.4169886326417316 1.1550156790763138 4.3960369722917667 1.1663342509418715 1.8410627152770755 2.2851521335542193 9.019673824310301 4.1925899917259724 5.6925246221944672 1.1117266323417423 2.6354684624820939 4.3856480419635799 1.7445638300850981 1.9207549355924154 2.7840465083718327 7.2377822529524583 1.3287214953452355 7.0440278025344005 2.5063714990392336 1.4098988920450239 3.9071987811475992 2.3726621987298127 1.1378368167206634 1.8940144055522967 1.3586193127557629 2.6743854414671659 2.1522314557805649 3.457166973501443 2.6327847917564196 3.3316840622574091 3.0026839952915969 2.5297869015485039 4.02318174019456 2.4714592727832496 1.0973447388969346 1.3530135992914569 3.2443630429916084 3.0760303232818842 2.8018945218063882 1.3697090577334159 1.7503759935498227 1.5966467298567288 3.6239066449925312 2.045084927231076 8.0090570063330215 3.6523701418191195 1.6328695919364715 1.5755257708951824 2.1472242621239275 2.1850613495334965 2.8944958727806789 3.1410396727733314 3.0160514013841748 1.4025205341167701 1.2348258760757733 1.67004542471841 2.2257556766271582 3.2916092379018664 1.7124281935393808 1.1698558367788781 0.8361587505787611 0.88235524483025052 0.81443008733913358 2.5430562384426585 1.573067306075244 2.3703334443271142 0.72286930214613521 2.9339536493644118 1.1455214661546054 8.727085770107804 1.049861942417919 2.3958144434727728 1.778689775150269 2.2337966980412611 2.1963080186396837 1.038174142828211 2.1072326214052737 1.2257780958898363 3.0282301194965839 1.5629730392247427 1.8945953715592612 2.402970049995929 1.82719017565251 5.5031291930936277 1.2989812148734925 6.2489310943055862 3.2062432505190372 1.5578570161014789 2.0836906228214502 1.7329073674045532 3.951486084610222 1.8090827055275442 2.9782552663236848 3.3978907912969589 2.0667411107569942 2.3007151316851333 1.6644877353683112 1.7470733467489501 2.1970832459628591 4.3370991963893175 0.83500472828745909 1.447237386368214 1.538391424808651 27.141948640812199 1.3650005161762147 2.0080486270599023 3.2308878805488348 1.3519440987147415 1.9315702728927178 3.446121683344245 1.0070346342399714 0.81576925748959173 0.72691083699464798 4.0392841673456124 1.0917315073311318 1.9399370197206733 1.8844315614551308 0.73757444508373737 1.2447709990665314 9.1644659535959345 1.3736838428303597 0.63829471729695775 4.5863558268174529 2.7885704422369599 1.1021711383946238 18.630233727395542 3.1176830269396296 22.024464232847102 0.96407703589647908 0.98855703370645542 1.2781651131808756 1.6137991547584531 1.801407355815172 0.87105750106275082 1.5285182874649761 8.3251436627469886 1.3757434119470415 2.1513797892257571 1.6760604437440632 1.1358830891549594 4.3022255962714571 5.0099917538464069 1.3744418397545817 2.2943635582923845 5.0068040606565773 10.951520752161739 1.0491898157633839 2.1437291614711285 0.67989755980670452 1.9528483506292103 4.9472226512152702 1.1605170820839703 0.95043375808745612 1.3877243567258113 0.53929406497627386 0.73267439752817154 1.5743346139788625 1.4732643072493372 2.5864640381187201 1.0295491600409148 1.8344206009060142 2.7045315504074097 0.62438629101961851 4.5377114028669876 1.1155736837536094
leaf_count=34 86 32 55 46 19 44 172 36 29 25 41 20 35 353 100 37 14 25 40 35 227 31 27 38 19 26 10 76 31 36 35 55 91 37 38 26 42 24 18 39 97 26 116 37 21 44 52 23 24 39 35 18 43 32 48 38 38 26 64 13 18 39 46 45 34 15 29 46 33 117 81 19 30 37 32 31 40 34 30 14 16 60 60 34 18 30 23 18 25 18 14 15 53 18 199 30 34 37 28 14 43 36 23 35 27 42 42 28 96 37 73 47 30 45 41 35 31 48 12 38 25 43 27 28 59 31 32 33 373 29 36 52 32 16 26 16 18 12 87 16 23 26 14 30 145 16 41 62 45 25 426 26 381 30 19 24 20 27 22 29 128 33 37 20 33 35 99 50 39 165 123 24 14 35 34 86 43 21 19 28 6 28 43 29 18 20 48 19 91 25
internal_value=-7.74526e-05 -0.00428802 -0.00597181 0.00478063 -0.00106269 0.000998169 0.00284934 -0.00837255 -0.00948904 -0.0113862 -0.00855909 0.00221699 0.00932489 -0.020034 -0.00542178 -0.00500698 -0.0144383 -0.00263875 -0.00683317 0.00280484 -0.0112775 -0.0162482 -0.0250034 0.00544652 0.004494 -0.00282293 0.00397485 -0.0117537 0.00844207 0.0106511 -0.0191874 0.0206961 -0.0128196 -0.014809 -0.000386936 0.00622565 0.00183582 0.00871114 0.00612504 0.0100614 0.0123411 -0.000392997 0.00604364 -0.009474 0.00884347 0.00175398 -0.0135166 -0.0278349 0.0138398 0.00522909 0.0166887 0.0200321 0.0112269 0.00168928 -0.0036525 0.0225794 -0.00113577 0.00648321 0.0025054 0.0134683 -0.0169959 -0.00291913 -0.00071891 0.016547 -0.00929784 -0.0191144 0.00418324 0.00109954 0.00908711 -0.0202366 -0.0092144 0.0125293 0.000104921 0.0108327 0.00961009 0.0146171 -0.00670107 0.00333311 0.0261309 -0.00453645 0.00874227 0.0138407 0.00125307 0.00575237 0.0179997 0.0184007 -0.0111298 0.0180316 0.0155091 0.0180128 -0.0142244 -0.0121104 -0.0132136 0.0135499 -0.024132 -0.00679828 -0.0107724 -0.0151514 0.0155302 -0.0130769 0.0115129 0.0010504 0.00882195 -0.00189014 0.0160145 0.0198955 0.00303843 -0.00568472 0.00621048 0.0177897 0.0206816 -0.0134993 0.0279297 -0.00845185 0.00161142 0.0091933 -0.00174704 -0.0114178 0.00076602 0.00775259 -0.00174578 0.000541263 -0.00346685 0.0211778 0.0144948 0.023253 -0.0201351 -0.0155023 0.0295027 0.0110883 0.0191604 -0.00715108 0.00187301 0.0215627 0.0122495 -0.00375531 -0.0139438 -0.00435656 0.0133931 -0.0300049 -0.0119739 -0.00698981 0.00084851 0.00775591 0.020386 0.0166156 -0.0156398 0.0191487 -0.0150972 0.00614964 -0.0207241 -0.0144925 -0.0169361 -0.0260352 -0.0271334 -0.000537068 -0.00956339 -0.0134451 0.00497993 -0.0173388 0.0237298 -0.00211583 0.0259367 -0.0155027 -0.0160107 0.020281 -0.0192734 0.00428096 -0.018709 -0.0164941 0.0231581 -0.00723567 -0.0174639 0.00595737 -0.00927989 0.0224449 -0.00194699 0.00575645 0.0210391 -0.00324065 8.56912e-05 -0.0046951 0.00485148 -0.0204367 0.00632586 0.0242681 -0.0184614 0.00569392 -0.0194901 0.00386896
internal_weight=551.528 313.442 265.395 48.0465 35.5562 68.4968 65.6968 196.899 181.628 151.111 119.19 34.2359 23.7173 31.9205 11.1209 31.5051 12.9306 45.5921 34.0689 18.5744 28.8132 20.7246 11.8672 238.086 223.854 42.3888 27.2571 5.55105 11.5232 11.5369 11.8432 12.5964 84.9542 71.7709 10.0105 181.465 67.8516 113.613 50.3818 108.135 88.2718 19.8633 15.4032 17.4698 45.9449 25.3277 15.1317 19.3549 84.5873 23.5354 61.0518 48.9436 20.0331 12.1083 6.78885 43.7631 13.1833 9.07423 8.08858 10.1744 61.7604 9.19037 8.85741 14.2324 7.03754 52.57 15.2709 10.4977 21.706 9.42605 5.78138 18.0508 30.5171 5.61712 12.893 9.38178 12.4346 6.15709 34.2206 12.5656 10.2143 20.1047 6.55554 17.1269 12.4903 13.5491 5.946 13.2442 16.0057 14.3728 6.27753 10.5186 4.10908 6.54445 9.55809 13.3902 10.7125 8.71222 11.2859 9.37124 4.32978 5.70567 3.59844 5.18046 20.6172 14.4091 6.20816 3.65523 9.54252 9.00804 11.3205 4.31797 31.2179 11.3308 4.86579 12.0604 10.0015 5.47818 7.34938 7.99136 4.36746 2.76183 5.10948 11.2693 6.96988 9.97289 50.8196 9.22932 28.5445 6.86813 9.05208 6.94766 3.71678 11.8298 5.25571 2.26604 6.46499 3.51125 7.1254 18.217 3.6845 3.80519 1.57258 3.05385 11.9664 5.41297 4.34922 6.42742 4.11729 2.6777 49.3724 28.7895 25.6718 20.5829 19.6188 2.68093 3.21045 4.43688 1.75341 7.17493 10.2567 2.52126 8.40031 4.46011 5.21012 7.19672 6.54838 2.10135 24.3188 5.64922 12.5145 2.7821 3.50235 1.40277 3.69992 6.2462 1.97495 2.0003 12.1737 1.37545 1.37097 3.24438 2.86099 6.97211 2.12901 9.0722 3.84041 1.28931 6.93353 2.67343
internal_count=9176 5741 4877 864 659 1417 1373 3460 3309 2723 1995 503 253 728 163 613 267 918 683 346 617 430 254 3435 3195 626 372 86 235 196 248 90 1492 1283 122 2569 861 1708 644 1575 1265 310 251 217 591 313 254 392 1218 350 868 709 297 159 91 656 209 115 187 210 1161 175 176 240 150 986 151 146 286 143 130 239 586 123 181 98 132 74 496 336 135 455 163 318 205 292 136 206 206 187 58 250 94 77 213 268 213 162 180 143 103 111 75 53 278 192 86 47 160 179 187 85 458 322 110 102 181 133 47 109 63 56 98 145 91 155 971 206 403 125 152 120 68 162 66 50 212 83 137 369 47 44 45 61 190 103 95 98 71 55 939 464 438 475 445 74 49 53 45 129 144 51 110 59 115 66 132 62 420 194 150 65 53 50 61 123 61 51 234 58 47 44 62 71 49 117 81 44 125 55
is_linear=0
shrinkage=0.0323284


end of trees

feature_importances:
delta=260
vega=249
gamma_x_morning_spx_rv_annualized=231
VIX_21d_pct_change=213
morning_vix_change=210
atmf_iv_30dte_intraday_pct_change=199
morning_spx_range_pct=190
rom_roll_std_30d=182
VIX_5d_pct_change=181
iv_term_slope_5d_30d=181
atmf_iv_1dte_percentile_252d=176
spx_1d_returns=170
days_until_next_pce=167
vix_z_60d=166
spx_252d_rv=162
atmf_iv_10dte_intraday_range=152
spx_5d_returns=150
leverage=148
theta_x_atmf_iv_5dte_percentile_252d=142
VIX_VIX9D_ratio=141
morning_spx_rv_annualized=138
vix_front_curvature=136
front_roll_yield=133
distance_from_max_63d=129
entry_bid_ask_spread=129
atmf_iv_5dte_percentile_252d=114
gamma_x_dte=71
prior_day_strategy_drawdown_max_5d=66
win_rate_30d=37

parameters:
[boosting: gbdt]
[objective: lambdarank]
[metric: ndcg]
[tree_learner: serial]
[device_type: cpu]
[data_sample_strategy: bagging]
[data: ]
[valid: ]
[num_iterations: 2000]
[learning_rate: 0.0323284]
[num_leaves: 201]
[num_threads: 4]
[seed: 20260827]
[deterministic: 1]
[force_col_wise: 0]
[force_row_wise: 0]
[histogram_pool_size: -1]
[max_depth: -1]
[min_data_in_leaf: 22]
[min_sum_hessian_in_leaf: 0.001]
[bagging_fraction: 0.984967]
[pos_bagging_fraction: 1]
[neg_bagging_fraction: 1]
[bagging_freq: 5]
[bagging_seed: 4042]
[bagging_by_query: 0]
[feature_fraction: 0.96048]
[feature_fraction_bynode: 1]
[feature_fraction_seed: 18928]
[extra_trees: 0]
[extra_seed: 2987]
[early_stopping_round: 0]
[early_stopping_min_delta: 0]
[first_metric_only: 0]
[max_delta_step: 0]
[lambda_l1: 0.00706265]
[lambda_l2: 3.52762]
[linear_lambda: 0]
[min_gain_to_split: 0]
[drop_rate: 0.1]
[max_drop: 50]
[skip_drop: 0.5]
[xgboost_dart_mode: 0]
[uniform_drop: 0]
[drop_seed: 32588]
[top_rate: 0.2]
[other_rate: 0.1]
[min_data_per_group: 100]
[max_cat_threshold: 32]
[cat_l2: 10]
[cat_smooth: 10]
[max_cat_to_onehot: 4]
[top_k: 20]
[monotone_constraints: ]
[monotone_constraints_method: basic]
[monotone_penalty: 0]
[feature_contri: ]
[forcedsplits_filename: ]
[refit_decay_rate: 0.9]
[cegb_tradeoff: 1]
[cegb_penalty_split: 0]
[cegb_penalty_feature_lazy: ]
[cegb_penalty_feature_coupled: ]
[path_smooth: 0]
[interaction_constraints: ]
[verbosity: -1]
[saved_feature_importance_type: 0]
[use_quantized_grad: 0]
[num_grad_quant_bins: 4]
[quant_train_renew_leaf: 0]
[stochastic_rounding: 1]
[linear_tree: 0]
[max_bin: 255]
[max_bin_by_feature: ]
[min_data_in_bin: 3]
[bin_construct_sample_cnt: 200000]
[data_random_seed: 4782]
[is_enable_sparse: 1]
[enable_bundle: 1]
[use_missing: 1]
[zero_as_missing: 0]
[feature_pre_filter: 1]
[pre_partition: 0]
[two_round: 0]
[header: 0]
[label_column: ]
[weight_column: ]
[group_column: ]
[ignore_column: ]
[categorical_feature: ]
[forcedbins_filename: ]
[precise_float_parser: 0]
[parser_config_file: ]
[objective_seed: 30075]
[num_class: 1]
[is_unbalance: 0]
[scale_pos_weight: 1]
[sigmoid: 1]
[boost_from_average: 1]
[reg_sqrt: 0]
[alpha: 0.9]
[fair_c: 1]
[poisson_max_delta_step: 0.7]
[tweedie_variance_power: 1.5]
[lambdarank_truncation_level: 5]
[lambdarank_norm: 1]
[label_gain: 0,1,3,7,15]
[lambdarank_position_bias_regularization: 0]
[eval_at: 1,3]
[multi_error_top_k: 1]
[auc_mu_weights: ]
[num_machines: 1]
[local_listen_port: 12400]
[time_out: 120]
[machine_list_filename: ]
[machines: ]
[gpu_platform_id: -1]
[gpu_device_id: -1]
[gpu_device_id_list: ]
[gpu_use_dp: 0]
[num_gpu: 1]

end of parameters

pandas_categorical:[]
