tree
version=v4
num_class=1
num_tree_per_iteration=1
label_index=0
max_feature_idx=28
objective=lambdarank
feature_names=VIX_21d_pct_change VIX_5d_pct_change VVIX_5d_pct_change days_until_next_pce entry_bid_ask_spread entry_bid_ask_spread_pct entry_bid_ask_spread_pct_wd_rank gamma_x_dte gamma_x_morning_spx_rv_annualized iv_at_strike_minus_atmf iv_at_strike_minus_atmf_x_VIX_VIX9D_spread jobless_claims leverage morning_atmf_iv_pct_change morning_spx_directionality morning_spx_rv_annualized morning_vix_change prior_day_strategy_drawdown_max_5d rom_roll_skew_30d rom_roll_std_30d spx_10d_returns spx_1d_returns spx_252d_rv spx_5d_returns spx_realized_skew_21d theta_x_atmf_iv_5dte_percentile_252d vix_pcr_21d_avg vix_z_60d win_rate_30d
feature_infos=[-0.52839210998206809:4.8438162544169607] [-0.46669080376538741:1.6965317919075145] [-0.32030341620065339:0.85349160517591693] [0:44] [0.049999999999999822:30] [0.0053050397877982946:1.9748427672955975] [1:8.5] [0:0.033556061189271305] [0.00050198565975699322:0.029708705204148592] [-0.040643324853528728:0.35516611695907097] [-6.5795764598266988:0.58289359397191487] [152144:6161268] [12.51586456957032:1073.1554712918908] [-0.33382759238393778:0.8768424828297523] [-0.99475890985327808:0.99778270509972999] [0.17917490989228085:8.150433863579746] [-17.640000000000001:24.859999999999999] [0:30374.000000000073] [-5.4772255750516701:5.0258428426019996] [7.1417041269969607e-17:24.825182971967418] [-0.23386323847009061:0.19052471618843292] [-0.11984050283657066:0.093827657101993367] [0.067700138624190859:0.34896258123526319] [-0.1796662632195084:0.17397425583266291] [-3.020948396923655:1.8366420072588208] [-7575.2480668325461:0] [0.33857142857142858:1.6957142857142857] [-2.0836522372647459:6.9859947436689716] [0.46666666666666667:1]
tree_sizes=9643 9701 9656 9632 9662 9643 9675 9638 9626 9673

Tree=0
num_leaves=89
num_cat=0
split_feature=28 9 5 8 9 5 9 7 9 18 19 0 15 7 28 27 15 15 26 11 11 23 2 2 26 15 21 26 2 9 15 11 10 8 2 26 18 0 9 0 5 2 0 11 24 2 4 12 5 26 11 18 2 27 24 27 11 6 16 15 5 6 8 4 0 27 8 8 12 4 7 2 17 19 5 8 12 10 11 16 17 16 9 8 12 12 0 27
split_gain=421.311 109.465 23.0931 18.2389 17.3764 13.61 9.05076 7.30051 7.05943 6.79437 6.02266 5.97414 6.79355 5.62532 4.90406 4.78551 4.57047 4.18208 4.37519 4.17302 4.06367 4.03723 3.84631 5.03248 3.86965 3.60598 4.4417 3.59795 3.47382 3.43665 3.74891 3.37792 4.58255 3.29399 3.25572 3.22536 3.36447 3.21772 3.16796 3.11013 3.6592 3.03041 4.64564 3.00613 2.97366 2.97016 3.58634 3.25948 2.9528 2.94446 2.98142 2.90739 2.90405 3.0965 2.88272 4.54388 3.14119 2.87297 4.61162 2.76978 2.70894 2.93789 2.58028 2.56229 2.55483 2.88455 2.54011 3.37497 2.45982 2.45182 4.03767 2.42266 2.36451 2.32909 2.31325 2.45899 2.30081 2.6334 3.2002 2.29431 2.19274 2.19198 2.17929 2.16003 2.15565 2.83759 2.08432 2.04382
threshold=0.88333333333333341 0.0036980978235526961 0.018018018018018011 0.0035326991212765346 0.017107112905878009 0.18907646474677267 0.00031438101048740513 0.0034294039932936714 0.026313274272929846 -3.1400513953747815 2.2736152168454429 -0.13392839280176852 0.58718038960987251 0.0028234949058728036 0.95000000000000007 -0.20379791385415977 1.4900018847833845 0.92597085777809041 0.47880952380952385 351090.50000000006 707992.50000000012 0.0090667971300751899 -0.078012523253094421 -0.11576498250008398 0.44309523809523815 0.74742446197944601 -0.011911935854488296 0.41785714285714298 -0.07133095226500745 0.026992405184539912 1.4790912201445654 198691.00000000003 0.05945511769204271 0.0037352443628961693 0.05550701429833705 0.40309523809523823 -1.7555983285617958 -0.40239575956310164 0.032558117015578189 0.07610024721894583 0.066666666666666777 -0.054337334074932624 -0.11698723395504616 174284.00000000003 -0.30834894887279657 -0.03031780359707725 0.20000000000000015 106.12527000504365 0.15879481459929526 0.42642857142857155 193967.50000000003 -4.5308838699185587 0.10802711645338704 1.4684678022808535 -0.93642349005668923 1.965248659777181 199642.50000000003 3.2500000000000004 0.29000000000000009 0.34310885625181459 0.074074074074074181 3.7500000000000004 0.0040544759199648102 0.19999999999999987 0.053971941095874561 0.36503853026702165 0.0072537368576002714 0.014331519319493396 458.69905824759275 0.20000000000000015 0.0012376746544835928 -0.020991622876300017 1885.5000000000111 11.221383608242066 0.028169014084507091 0.0077861803293603872 139.43853708465329 -0.053150093536331107 216649.00000000003 0.12999999999999992 57.000000000016378 -0.16999999999999901 0.012477055253034818 0.0024591655239283171 303.04880828970602 148.95770505327974 0.68350960840311747 2.1850830022009697
decision_type=10 10 10 10 10 10 10 10 10 10 10 2 2 10 10 2 2 2 2 2 2 2 2 2 2 2 2 2 2 10 2 2 8 10 2 2 10 2 10 2 10 2 2 2 2 2 10 10 10 2 2 10 2 2 2 2 2 2 2 2 10 2 10 10 2 2 10 10 10 10 10 2 10 10 10 10 10 10 2 2 10 2 10 10 8 8 2 2
left_child=1 2 15 5 9 13 51 17 11 20 14 71 -13 54 39 37 45 -6 -19 33 82 -21 23 24 -11 26 -17 35 38 30 52 -18 -33 -16 -30 36 -24 -1 -10 41 -41 -8 44 -27 -43 46 74 -48 81 66 -51 -5 53 73 -2 59 -57 -47 60 68 61 -59 -9 79 -25 -66 -49 -68 -56 -61 -71 -7 -39 -12 -4 -76 87 -78 -79 -29 -54 -15 84 -36 85 -3 -31 -20
right_child=3 4 16 6 7 8 10 62 28 22 29 12 -14 48 19 25 31 18 76 21 -22 -23 27 64 -26 43 -28 63 34 86 -32 32 -34 -35 83 -37 -38 72 -40 40 -42 42 -44 -45 -46 57 47 49 -50 50 -52 -53 80 -55 55 56 -58 58 -60 69 -62 -63 -64 -65 65 -67 67 -69 -70 70 -72 -73 -74 -75 75 -77 77 78 -80 -81 -82 -83 -84 -85 -86 -87 -88 -89
leaf_value=-0.012533757246666499 0.061511525001503954 0.044350215594009895 -0.018575657579713301 0.021722842745721064 0.045474567404774492 0.0043159768402747699 0.034528110979785281 0.014700285437579657 -0.023082970273760658 0.053916850331752988 0.037352607852132187 -0.033204979653272786 0.031473481872545443 0.012429819765221171 -0.0078933955097166084 0.013489595424234063 -0.039691229650598729 -0.01480976372481076 0.053138305664727888 0.03748067721779668 -0.036923756211695545 -0.025204904053865489 -0.037032884748190262 0.046500885883906995 -0.034825051986708398 -0.013455342365145411 -0.041120638112726295 -0.025429951359940344 0.047079457323669159 0.059187588957995661 -0.027442311061085231 0.044043871421224623 -0.052240919824583634 0.036606719165027911 -0.012735436956731776 0.044019248846227696 0.029301245386002241 -0.066542440617139986 0.026774381202380963 -0.04302594695511535 0.010536168957975243 -0.049616061063586563 0.018358439061601648 -0.059465076349589509 -0.00071232000013842281 -0.044611940928042035 0.023273906798585778 -0.05603941889652457 -0.0081697520911728112 -0.061846024279437202 -0.028088485808249776 -0.040843793368950526 -0.036057175689679193 -0.016927031840233236 0.038578598049696301 -0.012714474824267996 0.032563260950569869 0.035829419261084669 -0.049293217413726241 0.047289905499207689 0.026736801793600145 -0.029593013623505998 -0.022650910461617442 -0.032370929107646017 -0.037156967732919884 0.036948019908187441 0.04403479933419694 -0.034249505562285072 -0.017358305072913041 -0.018999913413497174 0.054904589856086143 0.051089437536558327 -0.017195216208091481 -0.02208444845655878 -0.013711166396909074 0.054296273371227478 -0.032063141327717294 0.049641182179060266 -0.0077167329962421734 0.012511998008026071 0.028962514226670479 0.044939643363040488 0.033597595274882229 0.033917578497568455 0.026021462400191143 -0.010339510026156032 0.0027755534951107428 0.010179666160913195
leaf_weight=2.1660584993660441 17.908280635252595 1.4501428073272187 3.2596973814070216 1.2821938064880667 13.228742312057873 3.5906536187976599 5.3904193472117248 4.511276903562246 2.997672304511072 0.64473851211369027 28.464180312585093 9.2542403787374479 3.2757416218519202 6.9474051082506785 2.7902942746877732 2.394903693348172 1.70997302699834 5.1205994174815741 5.9577692612074333 2.2246452821418634 2.9080679388716808 4.4887063247151673 3.1737588690593834 3.6284044403582794 5.6756258304230869 2.7681683390401295 26.434115501120687 5.3844497236423177 17.973335923627022 9.0756638804450613 1.7517733019776631 3.2802514620125294 0.75505706667900074 22.124972362071276 2.7763962447643271 1.9396662921644745 1.6104805390350514 68.49792977864854 5.0329525917768478 4.3507068329490712 3.3510923394933343 3.183842028491199 10.607957224827254 35.653411714360118 4.9508607452735358 39.763964615762234 1.5372943081893051 0.76615284895524682 3.9800282754003993 6.2021026553120491 16.574958162149414 4.9803969147615126 1.6822835966013365 1.698076516855507 2.4030936900526276 3.5387946888804418 6.4516050983220339 1.0570262880064563 6.3637596648186436 126.79554995149374 2.651552245952189 6.0585701786912978 7.2736881133168936 34.743519931915216 1.5432467926293614 1.2941178176552055 2.1026167999953036 1.1250011352822182 2.0667483573779464 2.3547720778733483 1.8635431639850137 3.6136093549430397 1.9549870081245888 0.8674478717148294 1.1805810090154412 1.8422497143037615 1.6134959552437065 2.900837122462689 2.7720265975221992 4.2755160108208656 1.157659664750099 7.1979116466827699 5.093470894265919 2.9700557682663202 5.0775198373012236 12.316085236612707 1.3216699603945006 2.9084260137751698
leaf_count=24 149 60 108 40 327 38 183 141 24 28 854 84 33 143 41 30 58 130 187 68 110 114 123 152 252 44 380 213 141 176 37 115 12 571 27 79 49 1043 39 138 102 71 399 606 212 1112 45 17 31 162 555 137 41 43 39 31 70 45 196 1123 135 204 242 1205 42 53 82 30 33 37 28 36 59 8 31 68 25 74 76 173 38 159 181 29 229 449 25 107
internal_value=-5.94849e-05 -0.0295003 -0.0459389 0.0314323 -0.00112644 0.0378743 0.0183851 0.0186691 0.0195377 -0.0112776 0.0210788 0.000626052 -0.0157815 0.0430249 0.0129569 -0.0563254 -0.0307034 0.0278897 0.0164116 0.0240174 0.00543752 -0.00340995 -0.0183364 0.001 -0.023593 -0.0480049 -0.0364073 -0.0232084 0.0311041 0.0320843 0.0257069 0.00319984 0.0233224 0.0314803 0.0387486 0.00348534 -0.0137841 -0.0637959 0.00768169 0.00177539 -0.0197736 0.00890466 0.00101944 -0.0563348 -0.021122 -0.0328904 -0.023185 -0.0291972 0.021212 -0.0325076 -0.0379894 -0.027247 0.0287245 0.0322572 0.0453905 0.0432818 0.01633 -0.0387129 -0.0235276 0.0452137 -0.00562565 -0.0185813 -0.00810775 -0.0273112 0.0254467 -0.00217628 -0.000168814 0.015419 0.0125726 0.0462789 0.0142858 0.0291071 -0.0652806 0.0353227 0.00355213 0.02787 0.0265594 0.00897639 0.0220099 -0.00846001 -0.00842947 0.0296752 0.0110379 0.0113207 0.00442224 -0.00367084 0.0525231 0.0400397
internal_weight=721.883 373.146 236.1 348.737 137.046 232.992 115.745 46.2869 51.4847 90.7588 109.482 19.7342 12.53 181.508 63.4635 139.87 96.2308 34.5019 21.2732 31.6286 26.8453 6.71335 63.9135 12.7861 6.32036 67.2506 28.829 51.1274 31.7504 46.0188 35.6214 5.74528 4.03531 24.9153 23.7198 6.72391 4.78424 72.619 8.03062 31.8349 7.7018 24.1331 18.7427 38.4216 8.1347 90.4855 34.5907 28.3081 18.1253 26.7708 22.7771 6.26259 33.8696 31.0297 163.382 145.474 9.9904 55.8949 16.1309 135.484 9.76715 7.1156 11.785 44.4035 6.46577 2.83736 3.99377 3.22762 4.46984 131.014 4.21832 7.20426 70.4529 29.3316 6.28253 3.02283 16.1526 7.28636 5.67286 9.65997 2.83994 14.1453 23.9372 5.74645 18.8437 13.7662 10.3973 8.8662
internal_count=15460 9868 5161 5592 4707 2294 3298 1309 451 3398 3121 191 117 1843 1899 2186 2975 926 599 794 1029 182 2369 527 280 1060 410 1842 260 1222 1021 185 127 612 197 251 172 1126 63 1105 240 865 682 650 283 2790 1098 891 333 846 717 177 984 905 1510 1361 101 1692 580 1260 384 249 383 1591 247 95 129 112 72 1188 65 74 1102 862 207 99 469 175 150 386 79 302 919 56 738 509 201 294
is_linear=0
shrinkage=0.039871


Tree=1
num_leaves=89
num_cat=0
split_feature=9 5 8 5 10 8 16 13 5 8 2 2 23 1 24 14 14 24 14 24 20 9 13 1 1 28 25 7 10 25 9 7 23 16 15 19 27 22 9 3 23 17 13 14 11 14 11 1 24 19 20 14 8 27 3 22 9 0 0 24 17 17 9 23 20 5 28 13 23 3 0 24 2 7 9 9 10 15 15 0 5 9 8 2 25 11 17 11
split_gain=1166.91 185.019 123.531 41.705 24.637 24.5966 22.2481 21.9546 26.4517 21.6153 22.3658 23.137 18.9666 21.9528 18.9175 18.7754 18.611 18.1613 17.6806 17.8662 16.9801 16.4352 15.8732 16.4903 16.0036 15.5591 15.9392 15.4993 16.5147 18.0515 15.4654 17.6458 17.6413 16.881 17.0617 15.5111 14.3471 23.241 14.0285 13.7215 15.897 13.3708 13.3378 13.2549 14.8248 16.8736 21.686 13.0259 12.9614 20.1929 13.6819 13.2943 12.7413 12.5294 13.3273 14.3981 13.2165 13.805 12.0963 12.0546 12.6845 11.8016 11.6336 12.6008 13.3912 12.3356 11.5808 13.6008 11.3791 11.2772 22.9082 19.6142 14.1802 11.2653 11.1351 11.0631 10.8264 10.7689 18.2466 11.0449 14.4948 19.0978 14.9005 10.6725 15.4737 18.5243 14.3337 12.7571
threshold=0.0017644547059118903 0.011236309692895238 0.0044529126188461244 0.044108450645506454 0.11850852824877085 0.0082557996710991583 3.8299999999999996 -0.0091362433551777072 0.27122980969134819 0.0051580923501168838 -0.034320007811617974 -0.041589379409630527 -0.02496842498626883 -0.0084413634443409862 -0.18924020031562719 0.69334943926456982 -0.34849576674277433 -0.99178221293645241 0.6993692930669938 -0.54418016945095682 0.059061692483451507 1.0000000180025095e-35 0.0020469639666682586 -0.15712272270455188 -0.020642515379357514 0.91666666666666685 -915.34691460363103 0.0019881708407543694 0.038954087171440284 -211.08032177894009 0.026619170347515018 0.0012376746544835928 0.026731189223507149 -1.0849999999999997 0.7943968101131903 6.874831274942501e-16 2.1850830022009697 0.12543407655195662 0.026619170347515018 2.5000000000000004 0.0080581482114054932 3807.9999999999895 0.0086161033838282348 0.61490623475838169 188920.50000000003 0.11854212860314145 179959.00000000003 0.41836468546730127 -0.0067098513197185444 1.9715010318652899 -0.0065906194073336857 0.73030186519448437 0.0021584596444174575 2.1850830022009697 23.500000000000004 0.10150794253760505 0.0094954886806329509 -0.14362847103988055 -0.40239575956310164 0.64798331594985437 3088.0000000000132 1236.2499999999911 0.026313274272929846 0.01081232704398394 -0.00080491089077872047 0.20067114093959734 0.71666666666666667 -0.010316973095293889 0.01591465183675023 6.5000000000000009 0.15242650957589046 -0.17325000290184414 0.016196442216801946 0.0027404941316885351 0.012750378703847003 0.020263275186401492 0.0010234601859757258 1.1040893010687356 1.0390985293202666 -0.040256401465315721 0.079999999999999988 0.0053771318077173455 0.0026442250986984457 -0.034320007811617974 -223.27111132089689 181452.50000000003 284.99999999999096 243553.00000000003
decision_type=10 10 10 10 10 10 2 8 10 10 2 2 2 2 2 2 2 2 2 2 2 10 10 2 2 10 10 10 10 10 10 10 2 2 2 10 2 2 10 2 2 10 10 2 2 2 2 2 2 10 2 2 10 2 2 2 10 2 2 2 10 10 8 2 2 10 10 10 2 2 2 2 2 10 10 10 8 2 2 2 10 10 10 2 10 2 10 2
left_child=1 36 4 17 7 6 12 8 20 21 11 22 73 18 -10 43 38 -4 39 -20 30 -3 23 -11 -24 26 48 52 29 42 31 32 83 34 -32 -34 58 -38 61 40 -14 -28 -29 44 45 46 -7 53 49 -19 51 76 -9 54 55 -46 -57 -58 -1 60 62 -15 63 64 -18 -66 67 -25 -65 70 -60 72 -72 -5 -21 -41 -51 78 79 -54 81 -81 -82 87 85 -85 -87 -2
right_child=2 9 3 5 -6 15 -8 27 14 10 -12 -13 13 16 -16 -17 59 25 19 74 -22 -23 24 66 -26 -27 41 28 -30 -31 33 -33 35 -35 -36 -37 37 -39 -40 75 -42 -43 -44 -45 47 -47 -48 -49 -50 50 -52 -53 77 -55 -56 56 57 -59 69 -61 -62 -63 -64 68 65 -67 -68 -69 -70 -71 71 -73 -74 -75 -76 -77 -78 -79 -80 80 82 -83 -84 84 -86 86 -88 -89
leaf_value=-0.011871152173184234 0.002117510049857631 -0.018861737164313854 -0.041021064529745445 0.058865077717376479 0.048403558487976943 -0.026195614398907892 -0.034641022522481239 0.044952968884307984 -0.031307319354479807 0.043616794288293674 -0.029891551369437941 0.056046069633823983 0.049166195676051266 -0.011039716314178081 0.017675398373163984 0.030994952932487742 -0.0063298813957034213 -0.047454956573406572 -0.065064075945241787 -0.026297928237940169 -0.024316749711450127 0.037497976499838756 -0.037268209668724073 -0.061492058852354342 0.03010180820519448 0.02978147869855334 -0.02039205553063211 0.040610036027551637 -0.003885016485249717 0.04877049474285209 -0.017459657169721522 -0.0057256917304065354 0.038542427960016661 0.038901465160193396 0.031504712455733087 -0.026395424556062464 0.0025523405815457783 -0.064561608842876039 0.031959648321178043 0.027276001730014196 -0.019309740428764835 0.017762786091316492 -0.0055621235416956922 -0.040125400288025075 0.035158932251851509 0.063823471985730892 0.063722880752181868 0.041252674533475878 0.024247405830718036 -0.00015773711053234358 0.038072174386989906 0.064143119761452053 0.039924119482041331 -0.045226372328914209 0.072279330956312879 -0.01560687542930317 0.043269297987729098 -0.0027912022547320913 -0.05780628997117708 0.066579527263301366 0.045210844887311523 -0.059542159571177193 -0.02777268960403001 -0.044755826000263892 0.039469592903838502 -0.021080747153159687 0.0052242974482975746 0.027844916337243359 0.027233156342625086 -0.063398740796354228 0.03337480550234953 -0.059269222309677468 -0.034842737666548967 -0.00079495235791969771 0.037903976806386949 0.052572341156650895 -0.046464333464690984 0.046612288145420629 -0.03049632171629121 -0.030196575700161484 -0.035883574184795881 0.048059872485400709 0.017471622772261206 0.070289460742565563 0.044838572922006582 -0.0029125602489204075 0.040764787311809013 0.04152056178792693
leaf_weight=9.149115361273287 50.941693820059299 13.976178686134515 22.367756370455027 26.916247643530369 71.694961641915143 12.857608200982218 12.433030366897581 132.61475390568376 27.1380087537691 12.001205144915728 159.01889439672232 8.3901872131973487 7.4236034378409412 24.708762092515826 22.80740899592638 31.552131677977741 22.738897617906325 14.030729636549948 6.1171701848506954 6.7993884757161167 12.252611543983219 19.179374387487769 42.151336470618844 10.233403213322161 6.2161095440387717 20.011316295713186 118.72885762155056 15.066399775445459 36.28694824129343 37.035866498015821 19.366008346900344 45.798022979870439 7.8733664229512241 135.8019591383636 26.386493097990751 20.486790839582682 16.760565496981144 15.628478100523351 7.4816302582621566 133.74091979768127 17.80399351939559 16.363553233444691 27.967558274045587 13.128267360851167 13.263524536043404 11.585159063339232 6.0581232383847228 9.7149806618690473 35.958776800427586 30.966419622302059 14.888518687337635 3.7001797072589389 56.859118439257145 11.581906139850615 3.416991325095295 111.12711181864142 13.198601033538578 44.234363358467817 111.84090914856642 6.200739447027444 14.207429647445677 11.776573207229374 14.270206619054077 10.407681763172148 38.20691938884557 5.9823589436709872 29.711691201664507 3.4328656643629065 4.9308022744953623 304.4328425982967 11.637485650833701 11.606413716915993 7.9020005427300921 6.0513542070984832 10.669464230537413 35.461216820403934 10.638717886060471 40.083211090415716 9.2179273888468725 5.7713484689593306 12.742905598133801 28.241084329783916 22.840245237573981 9.0203000456094724 70.212007997557521 41.846295230090618 16.387284938246012 17.405980233103037
leaf_count=28 184 80 174 173 219 124 76 337 100 96 1396 67 49 160 75 236 143 129 22 53 61 113 263 88 59 152 1019 75 186 151 46 270 15 422 80 97 49 72 39 947 104 142 139 109 88 107 60 85 285 259 117 30 274 69 47 880 140 330 417 42 106 85 55 62 273 23 226 30 38 1121 37 40 38 55 45 197 88 147 25 29 41 151 91 38 254 153 83 80
internal_value=-5.03164e-05 -0.0410026 0.0160828 0.00607121 0.0258281 0.0112852 0.017347 0.024106 0.0186125 -0.016562 -0.0202813 -0.00659084 0.0189437 0.0163857 -0.0089067 0.00213732 0.00518059 -0.00671529 0.0246271 -0.00780501 0.0215228 0.0136927 -0.0118093 0.00272723 -0.0284384 -0.0037753 -0.0065529 0.0308579 0.0183443 0.0284342 0.0227587 0.0168331 0.0212586 0.0318443 0.0107354 -0.00808427 -0.0561911 -0.0299968 -0.016841 0.0285811 0.00102002 -0.0157245 0.0106817 -0.00151892 0.00064826 0.0264844 0.00292022 -0.00318144 0.00467673 -0.00481697 0.00523337 -0.00564908 0.0355513 -0.00543985 -0.00287792 -0.00440562 -0.00758431 0.00788955 -0.0580252 0.0135029 0.0103587 -0.0270784 0.00509402 0.0108982 0.0183876 0.031134 -0.00870975 -0.0387473 -0.021364 -0.0589553 -0.0493786 -0.0188008 0.0055491 0.0479067 0.0127351 0.0326658 -0.0122784 0.0283861 0.0229028 0.0268716 0.0160597 0.0345715 -0.00167608 0.0253207 0.0317335 0.0178916 0.00945442 0.0123112
internal_weight=2807.12 793.269 2013.85 993.702 1020.15 706.047 424.328 948.452 523.724 304.311 271.156 112.137 411.895 378.928 49.9454 281.719 160.912 287.655 218.016 23.586 473.779 33.1556 103.747 55.3792 48.3674 265.287 245.276 424.727 116.357 80.0698 461.526 279.972 234.174 181.554 45.7525 28.3602 488.958 32.389 43.967 194.43 25.2276 135.092 43.034 250.167 237.038 30.5009 18.9157 206.537 110.183 74.2246 60.1938 45.3053 308.371 196.822 185.241 181.824 168.56 57.433 456.569 116.945 110.744 36.4853 96.5369 82.2667 66.9282 44.1893 43.378 13.6663 15.3385 447.42 142.987 31.1459 19.5395 32.9676 17.4689 169.202 41.6051 175.756 135.673 126.455 69.5956 34.0124 35.5832 205.814 137.466 67.2539 58.2336 68.3477
internal_count=15460 4220 11240 7417 3823 5022 2747 3604 1958 2418 2225 829 2671 2443 175 2275 1026 2395 1417 120 1783 193 762 440 322 2221 2069 1646 551 365 1722 1174 904 548 126 112 1802 121 284 1297 153 1161 214 2039 1930 291 184 1639 908 623 494 377 1095 1554 1485 1438 1350 470 1681 742 700 245 594 539 439 296 344 118 100 1653 532 115 75 228 98 1144 347 758 611 586 312 180 132 792 528 274 236 264
is_linear=0
shrinkage=0.039871


Tree=2
num_leaves=89
num_cat=0
split_feature=9 10 4 5 9 18 9 2 5 5 13 1 6 15 26 1 3 25 18 13 0 0 3 2 13 26 12 24 9 19 0 17 0 26 14 9 1 2 2 1 3 24 10 12 10 9 25 2 24 2 0 2 14 11 9 21 1 0 21 9 16 3 0 25 2 11 11 0 0 12 18 2 2 1 0 26 14 0 0 13 9 2 19 18 26 0 0 25
split_gain=724.898 157.945 76.3363 45.497 37.0937 36.3883 26.7285 22.5278 19.9323 19.8755 19.8393 19.9437 17.5328 18.9405 16.8689 18.7709 16.7406 16.4767 15.7311 14.2073 13.6124 16.6935 14.8116 17.6655 13.4462 26.2213 13.3644 13.1341 16.3643 13.1005 14.5222 12.7734 13.4228 12.4681 11.9321 11.6887 11.6407 11.6073 13.2172 12.4357 11.5294 11.5109 11.306 10.7947 18.1765 14.2193 13.9567 10.7768 21.4267 10.6696 10.2963 10.1181 10.0228 12.1829 9.71171 9.38502 9.33565 10.2309 10.6616 10.3539 11.707 9.15093 9.08289 9.01166 10.1322 11.4808 10.3991 9.60117 8.89587 8.77354 8.76881 8.73654 13.6605 19.0439 10.1319 9.54281 9.11086 8.72299 8.67277 10.2462 11.1994 8.66447 8.66014 8.99448 8.64635 8.61527 9.33267 9.82694
threshold=0.0031078679835647165 -0.011221562436954912 0.17499999999999985 0.18907646474677267 0.020263275186401492 -4.2208870798067695 0.023685632958335517 -0.03031780359707725 0.089674078586658587 0.026607669616519083 0.0020469639666682586 -0.020642515379357514 3.2500000000000004 1.5111847553730922 0.4576190476190477 -0.0035762698859276294 19.500000000000004 -2319.4863517334093 1.0000000180025095e-35 -0.10279250657738968 0.10508391345057812 -0.40239575956310164 2.5000000000000004 0.037910240620819609 -0.0030479583664979044 0.87690476190476196 209.57689127444908 -0.76488734152596283 0.0048221188592107592 2.8774735981201807 -0.14885118281552537 254.49999999999821 0.051954441072461062 0.55547619047619057 0.48894519030242922 0.0051339653916462067 -0.079330369956906663 0.034546014262038634 0.011889289802732185 0.060547837040100701 4.5000000000000009 -0.084956420789823586 0.0065803341214042159 294.44073199732111 0.015404904087419909 0.0070836092259069791 -160.05496593741046 0.095501787357264015 -0.024807557523944753 -0.050147322685800071 0.10744930759827044 -0.061439796757695668 0.80931499439786125 200993.00000000003 0.010416522652657205 -0.0034049398357926526 -0.19398493692449484 -0.11942866735681711 0.0070057033109061093 0.026619170347515018 -0.44500000000000023 6.5000000000000009 -0.16509799201620837 -1864.0458216297072 -0.035869570854038739 193967.50000000003 201365.50000000003 -0.17394147922768496 -0.37728226842552881 389.48193258807788 -3.719767342626175 0.042202434634599946 -0.023883023089714902 -0.0016297824655322477 0.19697035387678877 0.52357142857142869 -0.1495869007843271 0.20443181358247933 -0.058663870447164083 -0.011818006256254896 0.029973885798961344 0.16736526102153562 2.7311738817250285e-16 -5.1083253395369992 0.54738095238095252 -0.28640990707205299 0.65442904310828853 -398.13674620491389
decision_type=10 10 10 10 8 10 10 2 10 10 10 2 2 2 2 2 2 10 10 10 2 2 2 2 10 2 10 2 8 10 2 10 2 2 2 10 2 2 2 2 2 2 10 10 10 10 10 2 2 2 2 2 2 2 8 2 2 2 2 10 2 2 2 10 2 2 2 2 2 10 10 2 2 2 2 2 2 2 2 10 8 2 10 8 2 2 2 10
left_child=1 20 3 6 8 31 9 10 16 55 14 40 13 47 15 -7 52 -15 34 -8 21 -1 23 -22 37 -26 29 28 -28 30 -10 32 -3 62 56 -29 -36 38 39 77 -12 -18 -40 44 81 -45 -46 -9 -49 -13 -33 -32 -4 -54 -30 -2 -5 58 -58 60 -59 -34 -16 -35 65 -65 -67 -68 -21 -37 -31 72 73 74 78 -76 -73 -11 79 80 -70 -39 -61 -84 -75 -6 87 -87
right_child=2 5 4 18 85 7 19 12 26 24 11 49 -14 17 33 -17 41 -19 -20 68 22 -23 -24 -25 25 -27 27 35 54 70 51 50 61 63 36 69 -38 43 42 -41 -42 -43 -44 45 46 -47 -48 48 -50 -51 -52 -53 53 -55 -56 -57 57 59 -60 82 -62 -63 -64 64 -66 66 67 -69 71 -71 -72 76 -74 84 75 -77 -78 -79 -80 -81 -82 -83 83 -85 -86 86 -88 -89
leaf_value=-0.00078028495674809808 0.020493571342598903 0.050787945846064296 -0.010221140094959009 -0.03783310457695515 -0.012791518583340879 0.047477552473941718 0.0069103290895053482 -0.045003295801757187 0.032395184142082117 0.017740079570188434 0.00065394747592674202 0.062637992490386263 -0.010439715775789957 -0.033411963139284344 0.015857904070257115 -0.043513226387756697 -0.0051068518094503166 0.068174411720147196 -0.049157340426478228 -0.0067534306577678267 0.02701589868036966 -0.058363986211438998 -0.045300912192814999 -0.055224989629903749 0.038041288731888653 -0.031022542259198489 0.063883514667676861 -0.0092549513499432055 -0.057966567849559558 -0.020300244424113666 0.0068411635162367755 -0.050865205758534288 -0.035296485259317861 0.055478984161811393 0.021514108172288451 0.04364875967549553 -0.040169452307639957 0.053042574766161865 0.047482440758952124 0.059547275991094099 -0.046588933728203302 0.055335949297888605 -0.015248221056455184 -0.010719768593376257 0.016016382036960847 0.051865638121001263 -0.057296098800746466 -0.041523266133941882 0.036871878355152758 -0.014358338765092111 0.028481698869315203 -0.04506494512172101 0.073840429443265534 -0.0036371726330435292 0.0017826110180662014 -0.018526920764550318 0.052068539798843898 0.021049368020990115 -0.0075514553303967068 0.049969857848518581 -0.042963174227323563 0.045476647134679582 -0.050350126494999953 -0.058868233874703864 0.058496146122252117 0.05057721365502333 0.018896408977268235 -0.025122985784675873 0.044077201249077352 0.0066357855651018637 0.036799053794243565 0.047073750324587979 0.058791143704012304 0.026802727091757652 -0.016681610213226301 0.045459366908498611 0.015668786341916 -0.026127890005310034 0.063369521632282502 0.054315385361746599 -0.020545353854723388 -0.0072732879573526414 0.040847761607730897 -0.030258847937643607 -0.030668485526221256 0.031244339816962431 0.0039026465658110357 0.01091374486019917
leaf_weight=8.3969643674790841 14.81327331624925 21.564038885757331 288.20177506562322 5.2910434156656256 12.696876563131807 20.95980630628765 23.401480900123715 104.07818357879296 6.9624318182468405 167.91961871646345 10.35211551748216 5.2367059383541346 67.411399194970727 4.7762712314724922 4.1260741632431772 4.0999181158840647 8.7264105873182434 4.8571620509028417 9.7728491201996786 6.2269409522414199 10.427438741549851 234.36805675504729 103.32129289302975 6.5270649534650138 136.65616468898952 9.1024513207375986 3.9372178474441171 10.658129582181571 7.2685211058706045 5.6496251821517971 8.0733147896826285 5.8635234441608173 5.9649835564196092 4.6461324375122777 6.7249649520963457 47.249532891437411 15.767300594598053 16.116861149668697 5.0024768784642211 10.872128814458845 37.267765762284398 11.134190617129205 34.100615728646517 6.4875453673303118 9.0331461690366286 42.849106026813388 7.1592174917459479 16.144763149321083 8.1049897950142604 5.7171985954046232 4.2535268291831017 21.126217763870955 4.7996907960623494 8.6784435436129552 9.9268242195248657 27.643952588550746 17.728287409991029 7.1877347119152573 6.3004941679537287 9.5675486698746699 11.362956147640942 3.2097293585538864 13.416455635800956 5.6074446761049321 3.8572853095829478 5.4815414100885382 12.780220620334143 19.552482919767503 8.1514493562281114 13.329287253320215 15.208824185654519 24.090525638312101 73.176012607291341 7.5689719319343594 7.9297916963696462 7.2685784585773945 39.125442750751972 7.2577248662710181 36.399762691929936 19.680242154747248 8.3618943430483359 4.7476537935435763 4.515160171315074 6.6799829415976983 8.6085913032293302 118.96682934463024 43.017539961263537 56.635384256020188
leaf_count=28 127 197 2747 21 66 170 101 1076 75 903 94 48 633 41 39 23 84 20 38 18 33 1173 471 49 736 40 22 106 51 31 75 48 43 41 23 377 74 102 30 76 283 130 166 79 36 229 29 158 80 53 24 141 35 96 66 292 101 22 27 31 61 29 137 48 31 40 84 188 30 91 134 110 251 20 23 37 161 33 135 64 34 20 23 38 31 807 260 312
internal_value=4.98814e-05 -0.0318503 0.0155161 0.0234042 0.00572743 -0.0145222 0.0267032 -0.0185909 -0.000691008 0.021209 -0.00697277 -0.0251594 -0.0272187 -0.0353621 0.004304 0.0321889 -0.006287 0.0179585 -0.00174002 0.0368331 -0.050879 -0.0563869 -0.039642 -0.00482977 0.0236317 0.033662 0.0113247 0.020679 -0.00675332 -0.00380368 -0.018317 0.0210011 0.0337549 -0.00579559 0.00343759 0.0288517 -0.0215669 0.0189061 0.0140881 0.0185168 -0.0363107 0.0289098 -0.00689406 0.0313506 0.0148242 0.0435656 -0.0166117 -0.0394148 -0.0150936 0.0227868 -0.017351 -0.0306821 -0.00863611 0.0246079 -0.0237901 -0.0048048 0.011723 0.0160429 0.0364037 0.00337119 -0.0180602 -0.00626895 -0.0346136 0.0040078 -0.0012619 -0.00694733 0.00102121 -0.00762417 0.0396511 0.0356137 0.0211399 0.0408711 0.0454644 0.0359361 0.0432445 0.0131135 0.0278231 0.0158709 0.0494455 0.0350172 0.0113702 0.0392612 0.0226416 -0.00105973 -0.00360751 0.0187932 0.0206533 0.0247289
internal_weight=2335.27 762.371 1572.9 870.65 702.247 399.33 769.752 358.474 470.93 499.762 153.101 58.5738 205.373 137.961 94.5274 25.0597 321.541 9.63343 100.898 269.99 363.041 242.765 120.276 16.9545 457.305 145.759 149.39 92.3695 21.1326 57.0204 36.162 40.8558 30.7388 69.4676 91.1255 71.2369 22.4923 311.546 225.153 186.049 47.6199 19.8606 39.1031 86.3935 37.0569 49.3367 16.1924 128.328 24.2498 10.9539 10.1171 29.1995 301.68 13.4781 17.1953 42.4572 68.6332 63.3422 24.0288 39.3134 18.5507 9.17471 17.5425 51.9251 47.279 43.4217 37.8142 32.3327 246.588 60.5788 20.8584 240.361 177.145 103.969 87.7917 15.1984 63.216 175.177 72.5933 36.1936 16.5133 20.8645 20.7627 11.1951 16.1776 231.317 218.62 175.602
internal_count=15460 5382 10078 4372 5706 3628 3913 3287 4261 2898 1279 478 2008 1375 801 193 3092 61 459 1015 1754 1201 553 82 2479 776 1169 713 139 456 291 341 269 608 421 574 97 1703 1208 1012 377 214 196 495 187 308 65 1314 238 101 72 216 2878 131 117 419 324 303 128 175 83 72 176 432 391 360 312 272 914 468 165 896 625 374 323 60 271 936 263 128 64 122 92 61 51 1445 1379 1119
is_linear=0
shrinkage=0.039871


Tree=3
num_leaves=89
num_cat=0
split_feature=9 4 5 5 9 5 15 5 16 9 5 0 22 3 16 4 0 18 1 26 0 9 19 6 1 28 3 4 19 19 21 1 13 8 15 16 8 19 23 19 19 26 6 7 9 0 17 5 19 23 1 13 26 9 0 4 0 5 17 22 25 21 14 26 3 8 26 14 18 14 28 7 19 3 20 21 21 8 18 17 25 0 14 26 0 4 21 16
split_gain=528.151 107.21 65.289 37.4094 34.5023 18.2494 17.2743 17.1593 18.3059 16.9904 15.437 14.0288 21.6404 17.41 16.8391 13.5927 13.3169 13.2895 12.8312 12.1017 11.699 11.1592 11.2894 10.846 13.1474 10.8321 10.4054 10.3142 10.3743 11.6861 9.28036 10.2594 9.21844 12.5737 13.2786 12.8638 11.6362 18.4849 9.13443 19.9238 10.0295 9.12603 9.68467 9.08625 12.4659 13.799 9.67481 9.19406 13.702 14.1736 8.98709 8.90569 14.2064 8.73034 8.53309 8.49162 8.48113 8.39959 8.32347 8.98602 10.427 8.23518 7.8644 7.72664 7.71959 7.70588 7.48835 7.44892 11.3391 7.41527 10.5665 9.43658 9.54696 10.0787 8.86211 11.4766 9.46155 8.92092 8.63359 7.27224 7.26875 7.2465 7.19894 7.11355 7.07237 10.1304 9.72657 7.07097
threshold=0.0012297505421339924 0.20000000000000015 0.011236309692895238 0.089674078586658587 0.018540947353742915 0.13783604065735727 1.6076063692900047 0.02739726027397257 -0.12000000000000009 0.051604707386173003 0.35455278001611612 0.10508391345057812 0.12510885120040097 6.5000000000000009 -0.69000000000000028 0.049999999999999968 0.43453225291677028 3.3173106601604707 -0.20958691111626829 0.95238095238095266 -0.40239575956310164 0.0080594129804434245 0.9843377797638867 2.7500000000000004 0.036665757463267619 0.68333333333333346 19.500000000000004 0.9750000000000002 2.3419919113401337 5.0291374155245414 0.0044222248239201853 0.21434073475934826 0.011486231422778605 0.0070285324474250845 0.34053286237770525 0.10500000000000044 0.0019440872426518875 1.9267500320669637 -0.0054549980266083145 3.5463154656910056 7.4550732149143464 1.2250000000000003 1.7500000000000002 0.0015881946103294216 0.036544650466526836 0.22945563539282102 12.499999999990907 0.11582225416217512 2.2442407277333756e-16 0.0017801694445828133 0.17205443871668816 -0.0030479583664979044 0.4969047619047619 0.016937726642284424 0.12743863168128491 0.10000000000000003 -0.14885118281552537 0.072859986728599918 3999.7499999999905 0.24148186877944636 -259.5779715410178 0.0009089501335964868 -0.48922280964630915 0.48071428571428571 11.500000000000002 0.0018912981025237337 0.45333333333333342 0.69334943926456982 -4.7009211584497663 0.27089292900099221 0.55000000000000016 0.013893431908343643 2.2893195191902489 7.5000000000000009 -0.011631953998461729 -0.0031557731586273059 -0.0082451942470460598 0.0051580923501168838 -2.5614387351848209 1.0000000180025095e-35 -211.08032177894009 -0.019795482773376723 -0.17793739941931161 0.58095238095238111 0.6055757688839134 0.30000000000000021 -0.0044435864742569655 -0.87
decision_type=10 10 10 10 10 10 2 10 2 10 8 2 2 2 2 10 2 10 2 2 2 10 10 2 2 10 2 10 10 10 2 2 10 10 2 2 10 10 2 10 10 2 2 10 10 2 10 10 10 2 2 10 2 8 2 8 2 8 10 2 10 2 2 2 2 10 2 2 10 2 10 10 10 2 2 2 2 10 10 8 10 2 2 2 2 10 2 2
left_child=2 4 11 6 7 43 9 8 -2 21 15 20 51 14 -14 83 17 38 61 32 -1 22 57 30 25 -25 -23 41 -29 62 31 -20 36 34 -34 79 37 -17 39 55 -40 42 -5 44 45 67 -47 48 -45 54 -16 52 -13 -21 -50 -7 -27 -3 59 87 -61 -4 -30 -51 -42 -44 -26 -6 -69 70 -24 72 -71 -74 78 76 -76 -77 82 -35 -58 -82 -72 -9 -67 -86 -87 -38
right_child=1 3 18 27 5 16 -8 10 -10 -11 -12 12 13 -15 50 19 -18 -19 23 53 -22 26 69 24 66 56 -28 28 29 -31 -32 -33 33 35 -36 -37 58 -39 40 -41 64 -43 65 47 -46 46 -48 -49 49 63 -52 -53 -54 -55 -56 -57 80 -59 -60 60 -62 -63 -64 -65 -66 84 -68 68 -70 71 74 -73 73 -75 75 77 -78 -79 -80 -81 81 -83 -84 -85 85 86 -88 -89
leaf_value=-0.0048664605233628795 -0.026567164279347265 0.026257462232491265 0.06506956475980194 -0.020598463256194178 0.040924793431150137 -0.061645863880682633 0.01646107124869051 0.062791813850622352 0.014570494126575781 0.061343890758109164 -0.059764342922180892 -0.03203868416503923 0.027215328946476689 -0.060768075743877097 -0.063720862910020951 0.016256599921706937 -0.030609428422253084 -0.036751203707280106 -0.042610676487646895 -0.034272126304278373 -0.055431309923010173 -0.0072007697082318977 0.059426346551876091 -0.05464341117382672 0.004775367025158391 -0.01873450999881068 0.034905892850833217 -0.025597296134841893 -0.025576222098577683 -0.046016741641312982 -0.011061130128858314 0.026666541173437298 -0.035424953532831559 0.050802597570978367 0.039059840240511574 -0.041823007528594698 0.02953457104237002 -0.052511927849680534 0.031465134929066732 0.044029526083480396 0.026116803345957829 -0.025854585342439295 0.064235262287329398 -0.036002337391062116 0.053873979894930715 -0.014082458261199684 0.03513896609344936 0.052184231697070149 -0.029794641371415069 -0.0031415768491426127 0.00028687218478976593 -0.035060132677666563 0.03518307337073999 0.035863226151790988 0.023831591052924272 -0.0040045710438946624 -0.0024633925222661323 -0.040157540782530678 0.053865001250743956 0.030927233817110114 -0.049509002880950677 -0.0041395060758519136 0.034400255316091512 0.046120575567300537 -0.038858138428763532 0.021981377813666346 -0.051702885820210515 -0.020214874022629961 0.044618971385462482 -0.048820209227709563 -0.034137278801365557 0.028907977099899382 0.025748190882211294 -0.033413952799486835 -0.020528976338817076 0.022436079525703562 0.033740934080170586 -0.025128570034584116 -0.050187257472336572 -0.024758280093045169 0.049721782986033927 0.0016971918377217494 0.026552930543950783 0.012754118830630587 -0.049007766444728505 -0.0080113704005754759 0.067026379249774032 0.012175074790703826
leaf_weight=7.7403341960161915 33.943750862963498 13.606586420908572 4.3471933975815755 9.3203055150806886 114.86168370954692 5.7277335040271344 39.096081064082682 14.592816829681398 34.271305615082383 4.7819008957594624 4.0161486603319636 8.069937709718948 8.0962420161813515 48.847900147549808 10.350188377313314 14.228323712944986 8.5749524999409896 6.0772077571600667 57.13582648197189 12.611854203045366 193.41415699524805 154.96018320973963 2.6381102912127963 5.2984572099521747 4.7616762332618263 18.69385938346386 9.6570746731013042 20.774590050801635 4.0129438675940099 4.3733695596456519 29.539901647716761 3.3939370554871848 3.8014731034636489 6.3184089325368413 66.515003971755505 7.4393980558961621 45.891978105530143 10.606414534151552 100.79226333135739 11.316366178914903 5.245269473642109 7.5192826185375443 6.0423458106815806 7.1690169982612124 58.655163694173098 15.767708821222188 10.231079023331402 12.572207883000372 10.360289897769691 6.0215296559035769 5.0604040287435046 11.663044136017559 12.206211233511565 3.3525304161012164 8.2047181930392963 13.158766042441128 22.31767790671438 3.6052425019443026 8.3590684253722412 3.6943093072623014 7.0273271016776544 6.4860795829445124 18.496328927576542 27.504384346306324 5.8764602728188038 131.86669687274843 15.064012854360042 8.3937970325350779 8.2194440886378271 37.49548246152699 6.838949054479599 3.4540651049464932 6.4598310217261341 14.040347469970582 7.7051822803914574 6.8530906839296213 13.911492479965089 52.317337404005229 21.161740748211741 2.6840963792055854 12.076099708676338 8.63825280405581 5.2473666742444021 6.9397835899144402 5.4038323219865587 8.6540970019996166 3.7032642439007732 208.41584202460945
leaf_count=28 436 129 16 76 520 23 417 75 361 25 22 42 27 308 59 45 32 35 667 124 1190 1562 10 72 72 193 101 174 24 25 315 32 35 57 421 63 347 34 451 50 28 41 24 37 225 73 65 55 54 38 34 60 37 18 44 66 182 30 67 32 34 49 135 158 31 1109 176 32 51 446 76 55 86 179 76 57 122 625 184 30 117 67 46 34 30 46 46 1458
internal_value=4.56351e-05 0.0113959 -0.0359159 -0.00141088 0.0199035 0.0279673 -0.00862166 0.012638 -0.00588076 -0.0113278 0.0156084 -0.0472912 -0.035171 -0.047212 -0.0185712 0.0163674 0.0169413 0.0197599 -0.0173554 0.0146789 -0.0535084 -0.012344 -0.018788 -0.0199497 -0.0098041 -0.00127629 -0.00466299 0.0117969 -0.00455617 0.0116873 -0.0296455 -0.0385835 0.016096 0.0275586 0.0348788 -0.00363154 0.012731 -0.0132356 0.0222582 0.00266707 0.0275018 0.0163311 0.0183079 0.0339397 0.0380524 0.0320633 0.00533247 0.0214347 0.0146669 0.0218366 -0.0428594 -0.00764636 0.00822408 -0.0190345 -0.00594163 -0.0222249 0.00346546 0.0117983 0.0151104 0.0138266 -0.021459 0.0242369 0.0234152 0.0372316 -0.00806589 0.0206856 -0.0381083 0.0373069 0.0118833 -0.0217722 -0.0157628 -0.0330231 -0.0368713 -0.0145464 -0.0176564 -0.0104161 0.0142525 -0.0194988 -0.0349501 0.0279048 0.0132291 0.0300957 -0.00755312 0.0471351 0.0188013 -0.00462797 0.0151541 0.0153455
internal_weight=2056.64 1563.44 493.201 623.997 939.44 444.73 403.83 494.71 68.2151 364.734 426.495 305.448 104.294 72.3547 23.5068 422.479 156.769 148.194 187.753 400.946 201.154 359.952 195.335 176.92 86.85 67.0243 164.617 220.167 47.6572 26.8826 90.0697 60.5298 384.982 86.7584 70.3165 16.4419 298.223 24.8347 142.117 30.2029 111.914 172.51 164.991 287.961 216.129 157.474 25.9988 71.8321 59.2599 52.0909 15.4106 31.9392 20.2761 15.9644 18.565 18.8865 61.7259 17.2118 273.389 265.029 10.7216 10.8333 22.5093 33.5259 11.1217 155.67 19.8257 131.475 16.6132 178.123 116.673 61.4497 57.9957 20.5002 114.035 80.7871 21.6167 59.1704 33.2481 9.00251 43.032 20.7144 12.0863 21.5326 149.628 17.7612 12.3574 254.308
internal_count=15460 11717 3743 5956 5761 2068 4226 3693 797 3809 2896 1785 567 428 120 2874 716 684 1958 2765 1218 3784 2121 1893 879 631 1663 1730 358 184 1014 699 2623 606 456 150 2017 79 649 139 510 1372 1331 1352 966 741 138 386 331 294 93 139 79 142 98 89 559 159 1938 1871 66 65 159 196 59 1255 248 603 83 1962 1196 766 711 265 1186 880 198 682 306 87 366 184 122 109 1231 122 92 1805
is_linear=0
shrinkage=0.039871


Tree=4
num_leaves=89
num_cat=0
split_feature=17 28 8 19 0 22 3 3 20 0 24 19 19 1 26 15 10 3 0 8 13 6 15 16 7 26 15 10 23 10 3 10 20 1 24 16 11 1 26 24 22 1 27 15 6 11 0 1 11 1 11 1 23 24 1 23 18 17 16 19 26 7 26 13 24 28 23 23 13 3 1 13 8 23 21 0 19 24 0 1 10 11 22 21 0 16 24 20
split_gain=363.221 134.663 35.7643 31.5202 16.7817 19.4213 17.5305 13.7357 15.5114 13.4385 12.975 22.4857 15.9949 15.329 14.8027 13.5513 19.1747 13.4125 13.0496 12.9411 12.7139 12.5062 12.0705 11.6513 11.5375 11.2307 10.5971 10.5685 10.3259 12.0473 15.0192 16.5252 16.5164 9.95397 9.93346 9.7841 11.0946 11.001 9.47766 8.90032 8.57215 8.46989 8.28289 10.5015 9.73312 7.85951 8.27376 7.76125 10.6691 8.64991 7.71992 10.1899 14.4639 7.64779 7.63283 7.46239 8.38031 7.93096 8.0913 7.20496 7.18839 8.63278 7.65488 14.1875 11.3505 9.72759 11.0866 7.08065 6.97737 6.87784 7.65798 8.19129 6.8275 11.7337 10.6677 7.44963 12.1554 6.92437 7.08408 6.82055 9.26338 10.3078 9.10905 19.664 7.83891 6.80007 10.1198 6.74744
threshold=22497.500000000069 0.88333333333333341 0.0026964396602092333 2.3019010291940485 0.10508391345057812 0.12510885120040097 6.5000000000000009 18.500000000000004 0.019080066414226108 -0.40239575956310164 -0.14222408479651402 1.5118310693761658 1.6234445328882161 0.12118100927135834 0.43928571428571433 0.43123946543955366 -0.0056879800593161193 13.500000000000002 0.081172522536638217 0.013340694390214018 -0.0030479583664979044 5.7500000000000009 0.45587694861538613 -1.7549999999999988 0.0015881946103294216 0.41785714285714298 1.2089586982773626 0.0086842674578333969 -0.11305926769154472 -0.011221562436954912 2.5000000000000004 -0.0023583188940684047 -0.0083931397844324001 0.067308873639973857 -0.82302698090126281 -0.77000000000000035 211675.00000000003 -0.011291542055991975 0.50023809523809548 -0.76488734152596283 0.15173789485689049 -0.15540494841675298 -1.3105943198389463 0.34555987513992492 7.7500000000000009 938137.50000000012 1.0312633969990725 -0.10564574855645752 187900.50000000003 -0.053726331966357448 196832.50000000003 -0.07301613487305357 0.0063474155646714445 0.11973558715422893 -0.032920719376301637 -0.036085170576644225 -3.1802198646006978 5949.7499999999827 -0.95999999999999897 2.9342103315873103 0.40666666666666673 0.0079741239762559733 0.47071428571428581 -0.0021257560935665771 -0.90540340429239585 0.68333333333333346 0.026731189223507149 0.0049784143304048021 0.0096217184818474539 3.5000000000000004 -0.11560893013921984 0.0066341337248889696 0.0078740905987284473 -1.0000000180025095e-35 -0.0087086363766978297 -0.17186526687247924 1.65025182097265 -0.080712286542772751 -0.024414518298877082 -0.031761713678113639 0.032575911569908314 242481.50000000003 0.12983658541068643 -0.0065572557984442384 0.046049781208620473 4.1350000000000007 -0.58971371397840822 0.048320529504899297
decision_type=8 10 10 10 2 2 2 2 2 2 2 10 10 2 2 2 10 2 2 10 10 2 2 2 10 2 2 10 2 10 2 10 2 2 2 2 2 2 2 2 2 2 2 2 2 2 2 2 2 2 2 2 2 2 2 2 10 10 2 8 2 8 2 10 2 10 2 2 8 2 2 8 10 2 2 2 10 2 2 2 10 2 2 2 2 2 2 2
left_child=1 3 7 10 9 20 26 24 -9 -2 12 22 14 15 -1 -13 -17 -16 40 28 38 45 -12 -23 34 -21 -7 -14 -4 87 72 32 -32 35 -3 54 37 -37 -6 -36 -19 -26 44 -44 -41 46 55 48 -25 -49 51 -45 -53 -18 -24 56 -5 60 59 -59 61 -57 63 -62 -64 66 -66 -38 -60 -67 71 -71 74 -74 -31 76 -76 -77 -79 80 81 -52 83 -81 -85 86 -51 -30
right_child=4 2 19 21 5 6 -8 8 -10 -11 11 13 27 -15 17 16 53 18 -20 25 -22 23 33 47 41 -27 -28 -29 29 30 31 -33 -34 -35 39 36 67 -39 -40 42 -42 -43 43 50 -46 -47 -48 49 -50 85 79 52 -54 -55 -56 57 -58 58 68 -61 62 -63 64 -65 65 69 -68 -69 -70 70 -72 -73 73 -75 75 77 -78 78 -80 82 -82 -83 -84 84 -86 -87 -88 -89
leaf_value=0.033988414813080924 0.00040401402351973375 0.05627591558871109 -0.050633885947633045 0.014008106269418076 -0.020496470222257264 0.0012543079803909293 -0.058129101181236362 -0.01967683754445073 0.040054785410098048 -0.05301648838597077 -0.046725637731106474 0.035333709939336634 -0.039543800645264651 0.043996256060069135 -0.032312711021364529 0.045480885712018179 -0.03360296136426643 -0.015321624481247808 -0.040534356123846864 0.041389279826929304 -0.039880530368795249 0.042154914758033721 -0.056862484374855908 -0.027300462629159184 -0.013827618717883341 -0.052814629234071243 -0.062206046975831562 -0.0096211385965265812 0.033744841374353823 0.042231449199155106 0.023072908834120276 0.015902226201351545 -0.038837416414739735 -0.044759487128677812 -0.013810586039509893 0.0079526463220766074 -0.011256466117308258 -0.060230615394978301 0.035608161581934278 0.017855818499291 0.053076609091641018 0.022132535264241884 -0.015148395265421126 0.048508682381580119 0.064553216537511351 0.043203934200692455 0.034835972882037561 -0.024706308768300309 0.034899646221405775 0.038685574600999514 0.023528178510297738 0.019854079470419356 -0.048767105845819468 -0.0033868517396391106 0.0079017248330480339 -0.04629609436215839 -0.042409194688958742 -0.055156132419575808 0.048078301811384762 0.016474497578203844 0.036739566222638735 0.03190344735380219 -0.045578422646428918 -0.01158023033968438 -0.039935240068708196 0.02170524927765987 0.01963966586565899 0.049284586227982395 0 0.03132253572089469 -0.010585905493908638 -0.018529609942327094 -0.029223128809030739 0.050117608461039714 -0.024583398181808411 -0.04089801968451031 0.054440154500891971 -0.028118927764634188 0.018328636048612356 -0.032742334508307602 0.041589799854944196 -0.028812430201699865 0.052775590791437461 0.0098585529066950953 0.058804210842185949 -0.036801432533690309 0.0022537712876123349 -0.015615629417878106
leaf_weight=11.512624657247214 7.7267459854483596 29.233255630359054 3.8777723349630824 5.4364435505121973 7.2485578358173433 17.485091956332329 38.93623984977603 19.140176285058264 10.475580619648097 164.82791045773774 22.748650527559221 13.548961370252071 76.547302273102105 14.465122382156549 29.755683314055204 8.7722326144576055 24.491467447951436 4.0090698404237655 5.3135373014956704 2.3733128532767287 9.5877241864800435 17.318933153524995 7.696790536865592 5.0194880869239595 12.084520632401107 8.458295648917554 5.2049915045499793 25.45531337801367 53.094768857583404 4.9961597956717005 10.746210137382151 350.42679954320192 17.847019243985415 11.496563341468571 6.5440965183079234 11.517468123696743 4.0175493750721207 5.258193997666246 12.893643354997037 10.624938052147625 9.0999062424525601 65.620390990749002 7.9479809273034325 8.8258177675306815 24.142167849466205 5.4766412135213605 8.1892886795103532 16.218015935271978 25.811186403036118 15.431999721564351 19.587140640243891 15.355161802843215 6.8458076640963546 29.476581598632038 4.3468451388180238 12.243543125689026 15.729370923712848 3.7770737353712329 12.519631663337346 4.7177291568368682 18.654035829007626 2.4996182024478921 11.446803025901316 19.435366648249328 20.828019507229332 19.734388427808881 6.251520928926765 10.968544242903588 7.6481726877391383 16.170090299099684 70.985086662694812 7.4145453069359091 4.4859633669257164 7.6326918024569732 6.7711105793714506 21.423979539424177 5.2570094615221024 12.001380024477836 8.7943038418889117 7.0174014903605011 24.263196039944887 8.2849713750183565 51.692869823426008 8.2057195007801074 15.366642288863657 4.9276792313903561 54.342096707783639 4.5700036743655792
leaf_count=140 28 122 16 47 38 80 287 106 50 1160 250 182 899 153 342 73 319 53 73 18 57 169 83 41 55 95 50 344 346 32 70 2870 128 146 27 120 80 54 34 45 80 311 41 34 74 61 91 127 192 154 83 70 26 438 42 117 188 45 124 75 247 32 133 216 246 216 47 93 87 180 723 84 36 63 45 136 32 86 62 27 101 35 215 48 50 56 472 37
internal_value=8.50475e-05 0.0071842 0.0177748 -0.00534394 -0.0432515 -0.0292173 -0.0419451 0.0276172 0.00151804 -0.0506109 -0.0144933 -0.00672191 -0.0225654 0.00674404 -0.00607685 -0.00040561 -0.00828107 -0.0158387 0.0106956 0.0111456 -0.00260639 0.00206077 -0.0223868 0.0117621 0.0300084 -0.0314377 -0.0137106 -0.0321471 0.0120675 0.0125769 0.0103585 0.013519 -0.0154726 -0.0121546 0.0342855 -0.00332255 0.00823763 -0.0138356 0.0152743 0.0312146 0.0320527 0.0164765 0.032659 0.0289763 0.0505985 -0.00294758 -0.00395791 0.00733597 0.0245399 0.0014184 0.0311334 0.0129195 -0.00149353 -0.0172458 -0.0335779 -0.00524613 -0.0277912 -0.00316947 0.0163621 -0.0157311 -0.00592231 -0.0325297 -0.00381193 0.0120971 -0.00780908 -0.00465422 -0.0260226 0.0329511 0.0300471 0.000430083 -0.00402609 0.0154998 -0.00637589 0.0205209 -0.0119903 -0.0172112 0.0101375 -0.0250838 -0.00835733 0.0352838 0.0236783 0.00774806 0.0425065 0.0247667 0.0421744 0.00719317 0.0104641 0.0297321
internal_weight=1876.65 1612.74 874.015 738.725 263.911 91.3562 61.6263 351.258 29.6158 172.555 330.498 168.805 161.693 90.7544 59.6908 76.2892 62.7403 48.1782 18.4225 522.757 29.7299 408.227 78.0506 139.069 321.642 10.8316 22.6901 102.003 511.925 508.047 450.383 379.02 28.5932 55.302 243.937 43.8054 31.7618 16.7757 20.1422 214.704 13.109 77.7049 208.16 173.393 34.7671 269.157 263.681 121.75 30.8307 90.9198 165.445 31.0268 22.201 53.968 12.0436 255.491 21.1658 234.326 28.6626 8.4948 205.663 14.7432 190.92 38.0894 152.83 141.384 27.0795 14.9861 20.1678 114.304 94.5697 23.5846 71.3626 12.1187 59.2439 54.2478 12.0281 42.2197 20.7957 134.418 52.1353 27.8721 82.2826 30.5898 23.5724 74.7018 69.7741 57.6648
internal_count=15460 13726 5592 8134 1734 546 417 1520 156 1188 3964 2033 1931 1165 688 1012 830 548 206 4072 129 4170 868 1211 1364 113 130 1243 3959 3943 3560 3068 198 618 998 472 347 174 72 876 133 366 849 730 119 2959 2898 1042 233 809 689 130 96 757 125 2807 235 2572 331 120 2241 149 2092 463 1629 1496 293 173 211 1203 987 264 492 99 393 361 77 284 148 559 219 118 340 125 98 682 626 383
is_linear=0
shrinkage=0.039871


Tree=5
num_leaves=89
num_cat=0
split_feature=7 8 8 18 3 0 3 0 12 22 2 19 14 20 10 24 10 12 0 3 12 24 12 7 22 25 18 25 11 15 21 14 22 12 26 0 3 7 25 4 11 4 26 2 0 13 25 25 4 10 3 0 13 0 25 18 8 12 19 18 14 27 15 2 14 11 12 27 27 2 3 26 22 3 0 14 0 0 10 21 2 27 21 20 13 20 20 13
split_gain=280.081 94.5568 23.6194 22.9981 16.4886 15.7614 20.4024 14.4358 13.7215 13.0101 12.7194 19.7398 12.2627 11.6321 12.4133 11.5939 11.469 13.1389 11.1311 10.9037 10.2479 12.8979 10.1975 12.133 13.6045 10.0021 9.9788 9.96491 10.284 9.89802 9.6528 9.28924 10.2964 9.30423 10.2898 9.0543 10.2369 8.86699 8.83644 8.6971 12.2994 19.489 8.61709 9.90973 10.0726 10.883 8.80802 8.57923 8.44351 8.38379 8.22131 9.91108 9.8282 10.0073 9.67509 10.257 8.77657 8.67203 8.23275 9.57003 8.17287 8.14346 8.10788 9.93838 8.09952 8.09495 8.06545 8.03096 14.5856 7.91723 12.0213 7.78391 7.75201 11.1441 8.0136 7.67473 7.62867 7.52336 7.44887 8.55294 9.87219 7.59521 8.28951 7.4332 7.4013 7.74469 7.27478 7.18026
threshold=0.01689998316866826 0.0051990004119700011 0.0026964396602092333 -3.912420501029013 13.500000000000002 0.10508391345057812 2.5000000000000004 -0.35484806346947789 238.92959209967574 0.12510885120040097 -0.03031780359707725 0.43162937567655196 -0.18696769735324362 0.030035227851094141 0.0086842674578333969 -0.83814270793391599 0.0048033535276508152 207.22508381104123 -0.40239575956310164 19.500000000000004 463.70258810609681 -0.83814270793391599 505.86517777184093 0.001444003643038912 0.12375604819003698 -207.04830606573319 -1.8456042006263493 -376.86638172929662 172325.50000000003 0.67834199639179016 0.0033281265599109937 -0.28231556962260607 0.26870368970385877 107.61012162872109 0.41785714285714298 0.19697035387678877 6.5000000000000009 0.011012217065730278 -347.59791541789917 0.2999999999999981 211675.00000000003 0.32500000000000023 0.36928571428571438 0.18001813747440967 0.046049781208620473 0.067789061625006877 -1258.8343835322532 -46.054391150585523 0.14999999999999999 -0.044335876851556044 23.500000000000004 -0.065433069072352787 0.0027773012714022998 -0.40239575956310164 -1476.688931504121 -3.746576935894844 0.016706417536683889 339.2795289006159 2.7611480101819454 -3.3877657315040559 0.37926112940640283 -1.2667857047456634 0.64304671725524487 -0.084928380967497483 0.10849240134620337 351090.50000000006 418.70995528505586 -1.3105943198389463 -0.94634492283973948 0.13075891719963653 16.500000000000004 0.56023809523809531 0.21755945701039955 13.500000000000002 0.26828337776820271 0.0086297329317877799 -0.22481582818955173 -0.11698723395504616 -0.28709337544965957 -0.014743719076646953 0.14945952959432532 -0.98514647348961248 0.016214183808603736 -0.0027274135325981437 -0.053093619011375263 0.012370926589978183 0.011594862837667088 0.0020469639666682586
decision_type=8 10 10 10 2 2 2 2 10 2 2 10 2 2 10 2 10 10 2 2 10 2 10 10 2 10 8 10 2 2 2 2 2 10 2 2 2 10 10 10 2 10 2 2 2 10 10 8 10 10 2 2 10 2 10 10 8 10 10 10 2 2 2 2 2 2 10 2 2 2 2 2 2 2 2 2 2 2 8 2 2 2 2 2 8 2 2 10
left_child=1 2 12 48 10 8 71 64 18 69 31 -12 -1 15 -15 -14 27 -18 -2 22 21 26 23 67 -25 38 29 28 -13 86 -22 33 39 -5 -35 36 -11 42 60 -33 -41 -42 -30 44 -44 -46 -47 -26 65 -6 51 52 53 -51 -55 -56 62 84 59 75 -19 -10 -54 -64 -4 -3 78 -17 -69 70 -8 -7 73 -70 -75 -53 -59 -62 -23 -80 81 82 -81 -31 85 -57 -9 -36
right_child=5 3 7 4 49 6 9 20 61 35 11 16 13 14 -16 19 17 25 -20 -21 30 66 -24 24 47 -27 -28 -29 37 83 -32 32 -34 34 87 -37 -38 -39 -40 40 41 -43 43 -45 45 46 -48 -49 -50 50 -52 58 56 54 55 57 -58 76 -60 -61 77 -63 63 -65 -66 -67 -68 68 72 -71 -72 -73 -74 74 -76 -77 -78 -79 79 80 -82 -83 -84 -85 -86 -87 -88 -89
leaf_value=0.033735125839745875 -0.0020859192526340269 0.025333285168108809 0.015797109198025034 0.032014372995148817 0.028429485774410183 0.039602678625592233 -0.051646200448727843 0.015662143121269546 -0.042830050372779219 0.014925527760848125 0.042739925493221372 0.021923238141346883 0.038005209560950166 -0.014673588155127898 0.044900907390593124 0.057560070958585119 -0.028553854133577004 0.023907318846127991 -0.050250230797275607 -0.0338004349960064 -0.028815887757920274 -0.044949873891374309 -0.028120737849580673 0.057654487736093024 -0.020381237013340586 -0.015991379301763309 -0.056815855050757348 -0.0425937534841535 0.026562878373131669 -0.00083365876365903535 0.016661672495187792 0.011256200105581633 0.03305067804477 0.043289721546266154 -0.01308374546486012 -0.057835499367734272 -0.049276520703054577 0.034636949071137735 0.054084100056206584 -0.039927596664986728 -0.043644095330256268 0.036689516056000238 -0.017468607063253868 0.0005123236151495902 -0.054592792105324098 -0.057109236705977243 0.047633093362168477 0.022237962723657186 0.0021370212864983079 -0.056522379088088555 0.037022181024713233 -0.022606049192786588 -0.052920102236565361 -0.040052975482660472 -0.050518345422337387 -0.025484604867026649 0.057493600442286699 -0.042804838837478799 0.0067592610780787951 -0.02431527756008079 0.018943474141996632 0.064834221469192377 0.067731700960574931 -0.021808136319297611 -0.041776570438550778 -0.019690249289686344 0.043936200048964591 -0.025794284184755451 0.041143007419297765 0.021769507574931221 0.025390455093919951 -0.01809137373720374 -0.0082930812163600817 0.022514025312663621 -0.031695543187271268 0.036129634409613531 0.02982233883067802 -0.061742625995431392 0.03960249182033164 0.030990442960016899 -0.02092853547774871 0.011228018356937357 -0.029811696609749704 0.043490726266075953 0.06109401222080893 0.048090366818259046 -0.045288529334944448 -0.047316273559691958
leaf_weight=130.5672044288367 8.1777544915676099 59.333660827018321 5.2939271777868298 5.2580738645046941 17.261634015478194 9.2093710582703334 9.5533799249678868 4.3071383712813249 1.5733200833201406 7.0702751614153376 8.0070086978375894 8.3979617245495302 26.510328404605389 6.2832614164799443 38.596262324601412 9.5165371522307378 29.447277495637536 13.369608286768203 154.33809127472341 8.4570149546489102 18.253250090405349 3.0200538244098425 9.1214621812105161 5.0935818850994101 30.492755781859159 20.721001634374261 5.2512062676250926 43.379936717450619 4.5032858327031127 16.373026739805937 12.084898641332982 40.362013432197273 16.420446867123246 3.1922612693160763 22.487084517255425 31.6583550311625 8.2916660849004966 3.7667575087398282 8.3398492652922851 17.123529803939164 7.5162753760814693 12.274714965373276 32.551842941902578 15.316119304858146 37.445200929418206 1.7966903224587438 3.1000560745596877 9.6481559481471759 98.439377647824585 2.2775324918329707 8.5731532182544452 5.7382381837815037 7.6868320824578467 3.0954382093623272 2.0894614476710549 3.8321124427020532 2.1903248950839034 3.4617584384977818 32.248067961074412 59.281794123351574 2.9305704273283482 2.6148408968001595 2.3967100903391838 7.3963930718600732 12.738589904271064 6.8436098657548419 15.839247558265923 9.9129020757973176 44.076635612174869 8.3195156902074796 4.5484130978584281 5.8473287504166356 9.3426539916545135 12.757237296551468 6.2290298715233794 8.3151989653706533 5.756225052289663 4.1175892502069464 21.47976291552186 58.246093476191163 12.370640078559516 194.43484215717763 3.5507001671940079 9.1324017886072415 18.490155938081447 4.8450737781822681 9.6093632262200099 17.763042373582721
leaf_count=618 28 540 40 33 150 43 66 56 23 24 81 98 112 36 176 35 365 152 1274 48 101 27 30 22 156 300 36 662 59 141 71 470 146 42 222 256 76 33 111 184 84 108 373 207 441 22 39 43 1060 34 123 59 119 40 17 41 16 44 366 814 35 55 22 95 83 59 120 59 218 24 20 32 55 67 18 61 72 41 153 514 120 1623 23 73 231 76 96 222
internal_value=7.39795e-05 0.00661184 0.016499 -0.00353381 -0.00730098 -0.0388621 -0.0246394 0.0098508 -0.0460053 -0.0337562 -0.0121399 -0.0177925 0.0239727 0.0182893 0.0364613 0.0137266 -0.019965 -0.00757455 -0.0478512 0.00949035 0.0114979 0.0134098 0.0120688 0.0148115 -0.00202956 0.00493674 -0.00653851 -0.0264305 -0.0197574 0.000410234 -0.0106194 -0.00268957 0.00462978 -0.0167804 -0.0229044 -0.0456388 -0.019785 -0.0233882 0.0201225 -0.0014618 -0.0154259 0.00587038 -0.025813 -0.0285269 -0.034485 -0.0473164 0.00772079 -0.00999088 0.00958754 0.00211063 -0.000467539 -0.00243811 0.00996012 0.020454 0.0250595 0.0306017 -0.0132514 0.0356583 -0.00992975 -0.0173052 0.00561485 0.0236108 -0.0229786 0.000989 -0.024734 0.0205764 0.0163066 0.0231203 0.0189382 -0.00847758 -0.0265906 0.017083 0.025171 0.0301871 0.00439581 0.0119725 0.00182733 -0.0283158 0.0147667 0.0154373 0.0134584 0.0151489 0.0273424 0.0152009 0.0469092 0.0154793 -0.0262812 -0.028465
internal_weight=1748.93 1497.73 758.59 739.141 574.524 251.202 84.4983 401.985 166.704 69.4416 379.588 237.191 356.605 226.038 44.8795 181.158 229.184 78.9259 162.516 154.648 383.953 353.614 146.191 137.069 45.2345 49.4786 44.6731 150.258 106.878 39.4219 30.3381 142.397 93.697 48.7005 43.4424 47.0203 15.3619 98.48 28.7576 77.2765 36.9145 19.791 94.7132 90.2099 74.8938 42.3419 4.89675 40.1409 164.617 194.936 177.674 169.101 63.518 43.8478 41.5702 38.4748 19.6703 36.3853 105.583 73.3352 20.4178 4.18816 17.4799 9.7931 18.0325 66.1773 308.941 91.835 82.3185 22.4213 14.1018 15.0567 72.4056 63.0629 18.9863 14.0534 9.21798 7.04816 293.102 290.082 268.602 256.232 61.7968 25.5054 27.1673 8.67719 13.9165 40.2501
internal_count=15460 13539 4970 8569 6910 1921 541 3277 1380 466 4530 3019 1693 1075 212 863 2938 1004 1302 751 3154 2982 703 673 221 639 402 1934 1272 366 172 1511 992 519 486 356 100 1174 339 846 376 192 1141 1082 875 502 61 199 1659 2380 2230 2107 807 555 521 481 252 464 1300 934 228 78 236 117 123 599 2580 452 417 110 86 75 358 303 85 120 116 76 2460 2433 2280 2160 537 214 348 117 152 444
is_linear=0
shrinkage=0.039871


Tree=6
num_leaves=89
num_cat=0
split_feature=9 28 5 9 5 0 9 3 3 7 7 2 7 21 26 8 9 2 5 26 23 15 10 16 0 15 27 0 15 7 15 2 14 5 2 20 18 15 23 0 21 10 5 0 15 23 14 11 10 19 0 2 9 8 5 14 23 15 15 2 16 2 2 0 18 8 3 21 3 10 24 27 6 16 16 2 0 14 14 24 14 20 26 6 14 14 27 24
split_gain=254.989 54.6896 27.2647 18.9396 19.4533 17.5996 17.1924 14.7574 13.3193 12.8924 13.3329 12.5171 12.3362 10.5743 9.81133 9.38117 8.94762 14.8439 8.59847 17.8705 8.49753 11.7449 9.00765 8.459 8.14187 10.1168 22.1132 8.08974 8.00874 7.91585 13.1065 12.8696 8.60318 10.2667 7.69806 9.22721 13.7861 12.4333 9.00093 13.467 11.1664 9.19147 8.43745 8.44945 8.39443 9.27592 9.1098 8.62782 10.241 8.93529 7.90382 11.3548 14.1259 10.9846 7.41212 7.22447 7.96818 9.66072 10.1402 7.089 7.06882 11.2444 11.6678 9.89781 7.66119 7.50322 7.03569 7.01306 7.25309 14.5812 7.0353 9.42597 9.90212 8.99452 7.01034 6.97759 9.51903 6.97396 6.88127 8.62916 6.85994 6.74526 6.7078 6.68031 6.57695 9.24228 9.77979 9.41107
threshold=0.0012297505421339924 0.88333333333333341 0.011236309692895238 0.026619170347515018 0.28759398496240612 0.10508391345057812 0.017107112905878009 2.5000000000000004 23.500000000000004 0.0012376746544835928 0.0060610628137627749 -0.034320007811617974 0.0026952814102639204 0.010162809466745084 0.56261904761904769 0.0031874113652108752 -0.00052564651191880352 -0.041589379409630527 0.10000000000000006 0.45333333333333342 -0.025765297353516733 1.3649434810674259 0.0088419550447337517 -0.4649999999999998 0.13070758114322203 0.71383711018742524 2.1850830022009697 -0.40239575956310164 0.47127697237288041 0.0028234949058728036 0.82578347434284161 -0.024730886944545335 0.87318888517204896 0.095238095238095219 0.54684653308641962 -0.011631953998461729 -3.1802198646006978 0.64819510689640059 -0.0021472844634396466 0.11478399556202769 -0.0065572557984442384 0.027429947412239322 0.0426669700762317 0.32807877183037354 0.92053606252945286 0.033695064256556558 -0.64907841046889703 198691.00000000003 0.0017643351951979163 3.6452286345882929 0.43453225291677028 0.10976977245600673 0.012839888087850223 0.01418495074881468 0.01020434726018488 0.47136184857423918 0.010948473563538343 0.3911287646171776 0.76999181707183906 0.085709592813687299 0.26000000000000073 -0.11576498250008398 -0.073134516880083641 -0.24935180406453131 -2.9986607729476451 0.0070558073202368439 1.0000000180025095e-35 0.0063940990593799327 5.5000000000000009 0.025129095990881641 -0.43992929280380866 -1.2799454740678977 7.7500000000000009 0.83499999999999919 1.4150000000000003 -0.12657758721488807 -0.077008597752710115 0.73030186519448437 0.54050199033888668 -0.60609637508786018 0.13538204555727112 0.0080542270120210775 0.63714285714285734 3.7500000000000004 -0.34370532778609059 0.20347973288580481 1.0846312090011365 -0.26831825859288055
decision_type=10 10 10 10 10 2 10 2 2 10 10 2 10 2 2 10 10 2 10 2 2 2 10 2 2 2 2 2 2 10 2 2 2 10 2 2 10 2 2 2 2 8 10 2 2 2 2 2 10 10 2 2 10 10 10 2 2 2 2 2 2 2 2 2 10 10 2 2 2 10 2 2 2 2 2 2 2 2 2 2 2 2 2 2 2 2 2 2
left_child=2 6 5 4 9 27 8 78 34 15 -11 16 -8 24 -15 67 -4 23 -13 -20 -17 -22 -23 75 -9 26 -26 -1 -25 32 31 -31 33 -5 35 36 -2 -38 39 41 -41 74 43 54 46 -46 -44 48 -48 60 77 52 53 -52 -40 56 -56 -58 -59 -12 61 -49 -63 -62 -64 -65 -42 68 69 -3 -70 72 -72 82 -37 76 -18 -39 79 -7 -71 -33 -73 -35 -85 86 -86 -88
right_child=1 3 11 29 -6 7 12 13 -10 10 59 18 -14 14 -16 20 17 -19 19 -21 21 22 -24 28 25 -27 -28 -29 -30 30 -32 81 -34 83 -36 38 37 50 42 40 66 -43 44 -45 45 -47 47 49 -50 -51 51 -53 -54 -55 55 -57 57 58 -60 -61 63 62 64 65 -66 -67 -68 -69 70 80 71 73 -74 -75 -76 -77 -78 -79 -80 -81 -82 -83 -84 84 85 -87 87 -89
leaf_value=-0.0052959977448408004 0.0065562494385818775 0.050812373657929344 -0.026457608608409455 0.042319143101722086 -0.026255616783271821 0.02567259261406769 0.018780621203748894 0.0030960455618043769 0.050706333939421692 -0.025713683432926984 0.015451277805805682 -0.0315573433875872 -0.0073388728851606615 -0.048263959606806565 0.019639790830920795 0.047520783980874344 0.062169287452380942 0.061390488368540316 0.053752101165554018 -0.036765165955488469 0.011036664225035749 -0.061460345540526977 0.01186354413596784 -0.010374950372645422 -0.047847886019126054 -0.05898246921519202 0.052873675315068425 -0.048432766854568259 0.033008568426713389 -0.014752306968134574 -0.027741373123056627 0.0015795554360759788 -0.019433689472786658 -0.011214699991900196 0.066614439328222877 0.035684107272737457 0.017595194813614826 -0.045171707990349128 0.051011821127621211 0.016272238181495362 0.023132558280124574 -0.027787164145366774 -0.041807584209340089 0.054396866249839075 0.042418385862503641 -0.018189713389688073 -0.040050151640092208 -0.043746182803701995 0.028167646137819843 -0.039554250095463699 0.050876505941046771 -0.052641561820437638 -0.052789940001899356 -0.046230913028701387 -0.034379009191386291 -0.044244494571732018 0.060504736088064733 -0.028902006390352605 0.015118482547039092 -0.031509722185308939 0.037036874869049399 0.049370934055269537 0.025590865918397893 0.0038629072801596178 -0.015501522921844018 -0.057363722269287654 -0.049450262081838843 0.039815885847000361 0.032303244175704349 -0.030833275460878065 -0.003592000303456798 -0.005389819217565219 0.057352858684902759 0.025540189123848037 -0.015715548800147635 -0.039915106462326148 -0.042216817046848057 0.018144679487297283 0.04991845423073752 -0.046132983023595441 0.02793820593167156 0.057832155201508667 -0.048380222327515529 0.037709850094364034 0.015802643712836326 0.030921176397677216 0.01275641938912442 -0.062040426869394899
leaf_weight=7.5145681872963896 28.642560026608407 24.64246510528028 18.651685588993132 62.089293593540788 21.105565330944955 5.716304399073123 95.716767475008965 6.1961856363341203 6.3354348205029956 25.643743620254099 42.062934316694736 70.682472888380289 40.685565572232008 4.6541534662246695 10.600451250094919 9.3041390106081945 2.7687694085761905 6.3563843425363293 5.9258583374321443 7.6308483630418777 217.57989686727524 6.2078890297561866 4.3132297191768885 13.137297664768996 11.936663875356318 29.55431583430618 4.5821377336978903 133.89231680938974 13.34263654053211 9.2448595110327023 11.454297464340923 4.7633299622684744 5.8577705938369027 8.3751837722957116 2.0194954313337794 33.943698255345225 9.0297883152961713 42.514088212512434 2.0286705810576668 10.891663506627085 2.3623492550104848 4.788320690393447 9.5095738153904659 2.2648745216429225 12.783969228155913 5.5492303650826207 3.8617297308519509 6.0174096450209538 22.811808140017092 11.999308176338671 8.8648353954777139 7.0388386417180291 4.1343176718801251 2.0796849615871897 20.772576363757253 17.451491084881127 3.1456947866827241 19.053939556702971 14.308759889565406 5.5375340525060883 3.2019151234999326 10.406768947839728 11.65894746780395 4.5025560185313216 18.004982222802958 9.723136503249405 11.722527887672184 32.63635060749948 19.736703580245376 6.2698783725500089 7.5053343810141095 24.467505948618058 9.1574908830225468 11.048206742852924 4.582148414105176 12.422352503985165 2.3025515098124769 2.7571567622944704 4.9303732067346564 4.5258512310683718 5.8472746191546321 12.610025784932075 7.4107440654188386 44.450503751635551 37.634133585728705 50.262011989951134 4.7588466908782721 5.5031637866049987
leaf_count=28 362 123 166 340 163 25 867 36 90 194 431 1062 442 42 52 98 29 49 55 106 2077 58 37 137 87 260 13 1190 142 70 88 39 23 34 20 430 105 624 14 98 14 54 134 20 157 62 62 73 306 120 109 85 30 27 321 267 40 272 188 46 28 92 155 58 271 139 154 180 107 31 31 158 36 56 75 188 24 75 13 39 25 80 37 230 162 265 28 30
internal_value=1.94422e-05 0.00860427 -0.0287324 0.0156127 0.0109192 -0.037602 -0.00119765 -0.0228124 -0.00545657 0.0126471 -0.00264827 -0.0156999 0.0109698 -0.030788 -0.00134848 0.0155556 -0.00303913 0.00567312 -0.0259932 0.00285806 0.0105961 0.00902585 -0.0315684 -0.0026251 -0.0392771 -0.0450229 -0.0193585 -0.0461742 0.0114852 0.0243568 0.00741302 0.0227667 0.0272782 0.0285975 -0.00642267 -0.00686013 -0.0169141 -0.0257407 -0.00302928 0.00949661 -0.01366 0.0229168 -0.0071412 -0.017395 -0.00086569 0.023922 -0.00500497 -0.00145644 0.0178986 -0.00836803 -0.0316342 -0.0117356 0.00773365 0.0315349 -0.019724 -0.0218498 -0.0148109 -0.00343766 -0.00996618 0.00978929 -0.00229658 0.00584724 0.0135957 -0.0237673 0.000634756 -0.0380625 -0.0368822 0.0234217 0.0187107 0.0333494 0.0118058 0.00486006 0.0300944 -0.00498957 0.029434 -0.0240018 0.0144885 -0.0411726 0.0124198 -0.00613703 -0.00225091 0.0428176 -0.0157782 0.0228739 0.0249123 0.019005 0.00634313 -0.0276174
internal_weight=1641.97 1264.65 377.324 737.48 480.477 224.103 527.167 82.6964 390.764 459.371 73.2442 153.221 136.402 67.5239 15.2546 386.127 68.9817 50.33 84.2392 13.5567 237.405 228.101 10.5211 43.9736 52.2693 46.0731 16.5188 141.407 26.4799 257.003 38.0725 26.6182 218.931 213.073 384.429 382.409 105.061 76.4187 277.348 68.2907 24.9765 43.3142 209.057 79.026 130.031 18.3332 111.698 102.189 26.6735 75.515 67.3889 22.1177 15.0788 10.9445 76.7611 74.7325 57.281 36.5084 33.3627 47.6005 63.5157 46.0881 40.0707 17.4276 29.6639 14.2257 14.0849 148.722 116.086 36.7596 79.326 59.5893 16.6628 42.9265 38.5258 17.4937 5.07132 45.2712 15.1725 10.2422 12.1172 17.3734 31.8783 150.984 142.609 98.1582 47.8961 10.262
internal_count=15460 11717 3743 5277 3888 1785 6440 567 5131 3725 671 1958 1309 490 94 3054 735 569 1223 161 2270 2172 95 520 396 360 100 1218 279 1389 277 189 1112 1089 5041 5021 1417 1055 3604 825 266 559 2779 1122 1657 219 1438 1304 368 936 950 251 166 136 1102 1088 821 500 460 477 816 591 518 225 426 197 168 784 604 179 425 318 67 251 505 241 53 699 77 64 56 119 195 749 715 485 220 58
is_linear=0
shrinkage=0.039871


Tree=7
num_leaves=89
num_cat=0
split_feature=9 4 5 5 5 5 0 22 3 9 16 24 12 16 24 14 18 0 25 10 27 12 11 10 2 9 22 18 11 2 4 18 9 4 21 25 24 9 8 25 17 23 2 16 3 12 23 9 10 23 11 19 25 12 9 9 18 12 22 23 3 11 10 17 7 19 10 25 0 18 12 19 17 27 12 24 20 0 18 20 14 5 14 21 12 5 17 16
split_gain=207.503 42.4817 21.0364 19.8268 18.1795 22.0804 14.562 19.1604 14.1125 13.3524 13.1469 10.9789 10.296 10.2155 9.89772 9.60501 9.13011 9.98779 9.0048 9.04087 8.95947 8.77081 8.50107 8.23233 7.97811 7.9499 7.88857 7.7718 7.62072 7.50526 8.2475 7.95538 7.91212 8.13899 7.74736 9.78354 7.46649 7.17581 9.07355 8.98278 8.93554 7.15029 6.96028 6.79901 6.70074 6.5724 6.5131 6.49884 8.08032 6.28693 6.62229 6.27672 6.2138 6.21087 6.1939 6.22487 6.18228 6.1754 7.5538 7.3986 6.0998 6.0073 5.9682 7.3307 7.81691 10.1291 9.71826 17.1337 5.93477 11.086 5.9327 6.3393 5.88893 6.5615 6.4764 5.87284 6.8974 7.49283 6.72 5.86394 6.26042 5.84897 5.83006 6.86284 5.76512 7.81117 7.00112 5.71305
threshold=0.0012297505421339924 0.17499999999999985 0.027472734820181911 0.089674078586658587 0.18056426332288414 0.02739726027397257 0.10508391345057812 0.12510885120040097 6.5000000000000009 0.026313274272929846 -0.90500000000000014 -0.29131434032303088 197.62527877657263 -0.38999999999999962 -0.17325000290184414 -0.16444202108324449 -1.525040415221008 -0.40239575956310164 -223.27111132089689 0.038954087171440284 -1.1975974244471883 237.73835129306266 223868.00000000003 0.019896787390384942 -0.081535658502806072 0.0092804318103783933 0.12098327668458007 -4.9151336269923389 199746.50000000003 0.060653711206392187 0.62500000000000078 -2.0266971880416955 0.10124810913970765 0.9750000000000002 -0.0077337689607582241 -2080.1932308996802 -0.087434227697855013 0.00031438101048740513 0.017245782695495659 -24.711140043957588 2094.2500000000168 0.0051142947627942368 0.016196442216801946 -0.60500000000000032 12.500000000000002 297.12231343868677 -0.038435189206752866 0.033816117552134796 0.049443339791088413 0.045131915762401283 3190466.5000000005 3.6080348682235868 -32.22213652464665 433.91641165486402 0.029644469825884995 0.03445146469320929 -5.4772255750516514 209.57689127444908 0.21563005317854408 0.0078265836117690241 10.500000000000002 206051.00000000003 0.015087150585026864 675.75000000000011 0.0018899492098817499 2.7311738817250285e-16 0.044298065326727754 -69.449395227816851 -0.092422365953311422 -3.6868311820457897 334.00444546486818 1.5402747007747508 152.74999999999639 -0.92587215002065915 132.78576011531493 -0.53174060665273981 -0.0045791972881860646 0.048971532202257258 -1.9718688263361321 0.03921664241380541 -0.1115256859643166 0.11320754716981132 -0.71931345894257148 0.004514536159049288 147.76816558244946 0.037735849056603842 8577.2500000000018 0.58000000000000107
decision_type=10 10 10 10 10 10 2 2 2 10 2 2 10 2 2 2 10 2 10 8 2 10 2 10 2 10 2 10 2 2 10 10 8 10 2 10 2 10 10 10 10 2 2 2 2 10 2 10 10 2 2 10 10 10 10 8 10 10 2 2 2 2 10 10 10 10 10 8 2 10 10 10 10 2 10 2 2 2 10 2 2 10 2 2 10 10 10 2
left_child=2 4 6 12 5 21 16 36 42 20 11 -11 44 -12 -4 25 17 -1 19 46 28 -2 41 29 -18 27 45 -7 -6 32 -31 34 33 49 35 -32 -8 38 40 -39 51 53 43 -9 -3 -27 -17 48 68 50 -5 81 -28 -22 -15 -56 -54 58 61 87 -57 -48 79 64 66 -66 67 -64 -25 -70 -19 -72 74 -74 -46 84 77 -77 -79 80 -20 -16 -29 -84 85 -75 -87 -59
right_child=1 3 14 23 9 15 7 8 -10 10 13 -13 -14 54 37 18 24 70 62 -21 22 -23 -24 47 -26 26 52 82 -30 30 31 -33 -34 -35 -36 -37 -38 39 -40 -41 -42 -43 -44 -45 72 -47 57 -49 -50 -51 -52 -53 56 -55 55 60 -58 59 -60 -61 -62 -63 63 -65 65 -67 -68 -69 69 -71 71 -73 73 75 -76 76 -78 78 -80 -81 -82 -83 83 -85 -86 86 -88 -89
leaf_value=0.00071041173074395676 0.010172201528796818 -0.00568717252463922 -0.027076193817111006 0.0013788106882512276 -0.033557872975533073 0.033630951992174023 0.014357306705213959 0.034378647720847533 -0.049162003666672449 -0.063413028830313772 0.057169454791992272 0.0098105589661554981 -0.016013574681482866 0.042270074079110632 -0.042627784017678944 0.041152573553042131 0.049017933775668418 -0.046340566469877269 -0.020781767426545982 0.029245858503156343 -0.020664934628448296 -0.025572207051424895 -0.047836429726097564 0.043739670925700087 -0.034612004042030083 -0.019580632432006747 0.039249689610878061 0.032725311426771091 0.035603596649182626 0.030221730388381267 0.032337893535920363 -0.052637199575007718 0.055219661262102863 -0.032199713972225485 0.065737789056948687 -0.043674963554445251 -0.032452234507934309 0.035171851592847428 0.033229075588898614 -0.04079779854696864 0.019181544560839456 -0.038763719411189078 -0.033254572706447855 -0.022739294004001164 0.039689926226359036 0.030625988590305745 -0.042909589698240068 0.046693886379346322 -0.013479520955725211 0.044691173650589174 -0.049609963175560851 0.029383663525714993 -0.015615769768580715 0.043842166695366724 -0.028698478371178292 0.042897667818304133 0.033547801619402726 0.028220570307130675 0.017835698762525075 -0.011429571472184152 -0.016908290696119908 -0.0036775111087284105 -0.012792527203905127 -0.025229552260550899 -0.047508178279225932 0.012517713852797045 0.042378208468678104 0.034661393312039934 0.043291044664948611 -0.019957800445551649 0.054598454743833465 -0.04612088306992216 -0.053277129386228472 -0.040558238729858545 0.0038236321857579737 -0.048798327025300375 0.037790038958942604 -0.0084792488488078313 0.036559777308609848 -0.021879050777111449 0.036801173023542709 -0.0027923561720219771 -0.028909513833519255 0.027068782972197971 -0.056646998079420516 0.05633703501446187 -0.036740764010771379 -0.002605949786596771
leaf_weight=7.8686839416623107 19.881802240386605 176.19227398652583 40.306563121732324 89.49454786349088 3.4869576897472125 14.815395430661736 25.336777130141858 7.4924135357141495 36.412756246514618 5.3668239563703537 10.908039583824573 7.468052917160092 104.96876993961632 6.9363035485148457 21.213690137024972 6.3031072225421658 3.1400762600824237 138.84080585511401 2.9350275322794905 25.340734700672328 3.9450541296973842 23.452334761619568 16.461508450098336 14.603434245102106 3.6221459768712512 7.9242952503263977 106.78508188016713 5.2065774463117114 7.5159353632479906 31.410339293070138 5.1053607724606991 3.8513750433921805 3.6564624756574622 12.681962177623062 2.8748821560293445 5.133073540404439 6.6006435938179484 13.045096835121511 6.4796311045065513 2.7821237072348586 8.4669328937306982 6.1671517696231595 10.365744195878504 5.50222320482135 15.454069086350499 8.1068975180387479 13.218243138864638 13.548608020879326 11.425747834146021 4.8099530003964892 3.9824978336691848 2.6994298994541159 6.9469216950237742 5.1629091817885637 7.5065791606903085 6.2110975421965122 9.012369826436041 26.714209252968431 8.729488459415732 21.236298952251673 4.3955892212688923 11.914930331520734 21.485557718202472 6.1310791298747054 5.3989157266914871 21.052694207057357 30.920884111896157 26.938232026062906 7.8426155541092148 9.3677535159513408 1.7897727806121104 1.6663242476060984 3.2156375013291827 4.3021743101999146 16.835433554835618 3.8905652845278373 11.03732556384057 12.722345923073588 8.563061451539399 2.8986978046596041 60.672821534797549 8.3269397048279625 13.044340602122253 4.4431443987414232 4.0764637682586899 4.0192588306963444 1.5915592918172476 14.491888293996452
leaf_count=29 243 2047 613 883 34 138 119 25 390 30 53 35 1734 31 335 43 19 1475 29 177 37 376 108 134 49 43 688 53 45 275 36 34 8 176 46 63 52 166 46 44 93 54 97 44 196 55 74 87 118 34 30 27 40 25 39 36 63 227 52 204 33 74 162 39 33 149 168 172 79 78 17 35 45 54 235 77 153 152 64 32 516 68 143 53 67 62 30 114
internal_value=5.47678e-06 0.00787926 -0.0269119 0.000190164 0.0151762 0.018029 -0.0331996 -0.0204249 -0.0337059 -0.00119132 0.0129969 -0.0212311 -0.00547716 0.0253567 -0.0117087 0.020478 -0.0406017 -0.0426413 0.0161647 0.0080343 -0.0174361 -0.00914381 -0.0281558 0.00965831 0.00418757 0.0279241 0.032336 0.0114171 0.0131678 0.00506449 0.0181908 -0.00403743 -0.000478545 -0.00246229 0.0107578 -0.00563571 0.00441337 -0.00176419 -0.00960098 0.0212039 -0.0166531 -0.00632426 -0.00922154 0.0100066 -0.00123181 0.00571601 0.00270833 0.0227122 0.0149018 0.00141949 -0.000892674 -0.0262287 0.0357705 0.015796 0.0109529 -0.0013066 0.012063 6.0253e-05 -0.0135606 0.00751753 0.0180364 -0.0246476 0.0219589 0.0162214 0.0187055 0 0.0249455 0.0135911 0.0252098 0.0089131 -0.0450555 0.00543841 0.00788373 -0.000208037 0.0212543 0.00338778 0.0118992 0.000170403 0.00972672 0.031473 0.0340269 -0.031615 -0.00317406 -0.0143409 -0.0182631 -0.00116988 0.028998 0.0173612
internal_weight=1556.15 1204.19 351.959 586.658 617.534 526.002 248.638 91.7106 59.7731 91.532 48.7925 12.8349 366.869 35.9576 103.32 482.668 156.928 150.166 306.383 127.949 42.7395 43.3341 31.7366 219.789 6.76222 176.285 138.776 37.5095 11.0029 163 48.375 16.9647 114.625 110.969 13.1133 10.2384 31.9374 63.0138 47.1866 15.8272 40.707 15.2751 23.3604 12.9946 261.9 16.0312 102.608 56.7882 43.2396 98.287 93.477 32.2401 122.744 9.10796 25.0496 18.1133 15.9593 96.3051 33.8627 62.4424 10.6067 25.1332 178.434 111.927 105.796 26.4516 79.3447 48.4238 31.8138 17.2104 142.297 3.4561 85.7079 53.4184 32.2895 50.2028 36.2133 25.176 21.2854 66.5065 63.6078 29.5406 22.6941 17.4875 13.9895 9.91299 5.61082 41.2061
internal_count=15460 11717 3743 6997 4720 4160 2351 727 556 560 257 65 4916 192 1392 3541 1624 1556 2265 965 303 619 224 2081 68 1276 889 387 79 1585 454 179 1131 1123 145 99 171 779 569 210 523 116 166 69 3182 98 788 496 409 947 913 430 791 62 139 108 103 745 200 545 69 148 1300 723 684 182 502 334 291 157 1527 52 1135 704 431 659 446 293 216 577 545 403 249 196 213 146 92 341
is_linear=0
shrinkage=0.039871


Tree=8
num_leaves=89
num_cat=0
split_feature=5 4 5 2 12 2 22 5 5 0 3 7 8 26 4 20 5 8 15 21 16 11 21 16 26 0 2 4 10 2 21 13 0 0 22 0 15 8 10 19 13 13 0 2 20 24 0 2 5 0 12 19 12 2 5 4 8 22 22 4 15 19 25 10 22 19 19 8 28 15 8 22 3 20 7 12 20 10 5 8 24 10 21 19 23 19 15 15
split_gain=149.082 57.6745 21.1443 18.4034 13.9343 13.1235 11.4412 11.3939 11.7481 10.2338 27.2196 10.1951 10.172 9.51651 9.11461 8.36304 8.31788 8.65585 7.50514 7.50066 14.3067 7.28934 7.25585 9.73315 7.25216 8.09628 7.04983 7.83624 6.96643 9.02543 6.89154 6.86124 6.80997 7.92677 6.76915 6.49799 6.48689 6.48517 6.47373 6.45804 8.17251 6.45696 6.38125 6.55415 7.53145 6.2563 8.9785 6.12307 6.64624 8.86126 6.5599 6.03868 8.02168 10.7241 7.6901 8.58671 6.0378 5.85195 8.55429 6.12789 5.83968 5.77938 5.78444 7.83768 6.60273 6.20486 5.57227 5.52532 7.34612 6.9393 5.53318 5.46922 5.45398 5.65767 5.78555 5.4146 6.81018 5.40098 6.99784 5.36574 5.34829 5.26166 5.08418 4.96284 11.3166 8.59246 7.12634 5.99532
threshold=0.018018018018018011 0.17499999999999985 0.093143752259308432 0.12615204538791439 227.87767435316542 -0.03031780359707725 0.13428514194328967 0.02739726027397257 0.18907646474677267 0.1718466367616848 2.5000000000000004 0.0084044896951664134 0.0022673085831043092 0.38595238095238099 0.9750000000000002 0.011346606820430318 0.5020325203252034 0.0082557996710991583 0.35177904377202579 0.010501824054278132 -1.6449999999999994 181452.50000000003 -0.0034049398357926526 0.83499999999999919 0.61547619047619062 0.27461696339076896 -0.024730886944545335 0.80000000000000016 0.0018644578778141236 0.018826214288250823 0.0022986391471688798 0.020905621636543862 -0.14885118281552537 1.0312633969990725 0.14895337283211291 -0.29997369495960841 1.4900018847833845 0.0087070095342909725 -0.00039594477613105321 1.616191288767195 -0.068462525167906449 -0.10279250657738968 -0.40239575956310164 -0.14851871750167919 -1.0000000180025095e-35 0.1791245155738099 -0.12219312732698799 -0.043501418478373625 0.11582225416217512 -0.083077002079749315 243.12877428777381 1.9497151755990145 184.06211853402922 -0.041589379409630527 0.019455326558034839 0.60000000000000042 0.0018912981025237337 0.16165193214689103 0.17786685789053633 0.2999999999999981 0.97858096983154719 1.2455107357571489e-16 -196.30747045227687 0.05945511769204271 0.12098327668458007 3.095880844768742e-16 1.4510140449755953 0.0098351724066775021 0.8500000000000002 0.52665346355299636 0.012897319683517211 0.34673009691076134 13.500000000000002 0.0098118589781194272 0.0082537308874373102 339.2795289006159 -0.012731685575352423 0.053327583360417825 0.070755110554860348 0.0096422896968941796 1.0082537030696714 0.041233270218724825 -0.00099186268173384585 2.8774735981201807 0.021454325308351011 2.3169456509854007 0.58356755722229769 0.52665346355299636
decision_type=10 10 10 2 10 2 2 10 10 2 2 10 10 2 10 2 10 10 2 2 2 2 2 2 2 2 2 8 10 2 2 10 2 2 2 2 2 10 10 10 8 10 2 2 2 2 2 2 10 2 8 10 10 2 10 10 10 2 2 10 2 10 10 10 2 8 10 10 10 2 10 2 2 2 10 10 2 10 8 10 2 8 2 10 2 10 2 2
left_child=3 7 4 9 36 15 24 38 12 11 -11 42 18 -12 26 31 32 -18 30 -15 -21 -20 23 34 25 -5 27 -4 80 -30 -9 75 -16 -34 -23 -10 37 51 -2 40 -39 -24 -1 44 -44 57 -47 48 49 50 -43 52 54 -54 -3 72 60 59 79 -41 66 -37 64 -64 -63 -65 -25 -28 69 -69 -71 -60 -56 -74 -75 76 -6 78 -51 -59 -7 -38 -55 84 85 87 -85 -53
right_child=1 2 14 6 5 28 -8 8 35 10 13 -13 -14 19 16 -17 17 -19 21 20 -22 22 41 56 -26 -27 67 -29 29 -31 -32 -33 33 -35 -36 61 81 39 -40 45 -42 47 43 -45 -46 46 -48 -49 -50 77 -52 83 53 82 55 -57 -58 58 71 -61 -62 62 63 65 -66 -67 -68 68 -70 70 -72 -73 73 74 -76 -77 -78 -79 -80 -81 -82 -83 -84 86 -86 -87 -88 -89
leaf_value=-0.0053383826284990384 0.027456958154009656 0.046529697570022385 0.00011955634598922575 0.024820153109476439 -0.025613850018314437 -0.051522650606201675 -0.034484788474262715 -0.022842210435843373 0.034232286353741197 0.038329404952505773 0.032854862134892575 0.03029169496642516 0.013751958909155903 -0.048914519638782128 0.020803220518690716 -0.017653391963396454 0.036732342871666136 -0.026892038760004313 -0.0075645933448143547 -0.05837185805017954 0.03477110363973536 -0.035378685526769982 -0.0092028994954079495 0.028174502011051601 0.044357331799158413 -0.034742300599351336 0.024186210372710733 0.057824810726666863 -0.041301275993773146 0 0.034369556390763022 -0.03013476747214433 -0.043981705416342928 0.0077688507355507591 0.015910727650524936 0.04118784098571298 0.013604714123364191 0.031579806645003927 -0.019775032500557895 0.020977611003880313 -0.013815137036944985 -0.046544979298332914 0.031374571584367045 -0.043625646097078488 -0.05020505131717759 -0.0474917467903729 0.034656780181165713 0.04522335162845198 0.046278922580810254 0.050130492726665324 0.011879368308908664 0.031240960083473889 -0.043020697192510018 -0.0029956634749468392 -0.040618627826527122 0.023513277643868433 0.055862737005314446 -0.016658152376505392 -0.033285795667476054 -0.048437547409463315 0.049798138242592938 0.052276403203835871 -0.027921469225743421 0.041346027485843477 -0.0071650258118033218 -0.01397448885684198 -0.029127431619661161 0.048263667942675267 -0.02647910990004522 0.022437674988421245 -0.043026564450882474 0.019853311739555325 -0.038031674085697804 -0.017166444979163718 0.060852372348493514 -0.028715313946261239 0.046742304522180166 0.06107161898740579 -0.013874475805948095 0.063901475613699923 0.019400962616417095 -0.052283168774727849 0.050282594287764118 -0.043623880866485887 0.040834373038632306 0.01413189904677219 0.00033355498500913156 -0.034580283238625643
leaf_weight=8.3692971020936948 5.5318948337808278 2.3053122386336318 79.031254132278264 7.7106030327267963 2.2548467088490751 25.833912326022986 10.709854069165884 9.0100719779729825 7.4038051366806021 10.707252637483178 3.0330555140972129 3.1538297180086365 314.17921450827271 27.125449043698609 4.7634733077138689 32.256445948034525 9.7500503920018655 4.8765717092901459 8.3812325410544855 4.5936245545744896 5.4340108297765237 7.6326151192188254 4.7684397865086785 4.7950286138802785 8.2036843504756671 6.3947464227676392 73.008011371828616 3.6764168534427872 15.697305109351872 17.677881273441017 4.975544372573494 4.0801456645131102 17.349954342003915 6.2080554142594329 8.1910116001963598 3.7412446755915871 43.067490841262043 9.1940702069550735 22.135047893505543 2.0295785311609533 18.655259693041447 4.8709133155643949 3.9664512705057859 136.91901289019734 2.8713586553931227 2.8615078954026103 6.2797119701281172 64.696160169318318 15.736409287899731 4.5289943702518949 7.2477984111756095 2.4162445096299043 3.8874154649674884 4.2717090630903831 26.729314341209829 4.9365409929305306 9.3653215710073692 2.0037188837304738 19.213308724574748 21.195518517866731 4.8124769963324061 4.4917396232485753 27.066404793411493 5.3821174828335616 7.6258470984175801 7.2133243409916767 5.5182613059878349 6.6756503470242041 8.7749208528548461 4.4116020789369941 3.3885555462911725 3.4100196808576575 4.4895460698753578 2.8948960406705737 2.6413626465946436 2.2298397086560717 12.185263830237092 6.290233325213193 5.9841697709634909 2.9480105927214026 1.6188862714916457 1.752469646744429 7.5961564779281607 6.2042755959555498 15.572366231121121 28.458914029411972 62.090928975492716 12.224593212828038
leaf_count=34 85 15 751 49 30 510 133 46 40 42 13 25 2942 327 56 421 47 42 47 53 29 35 29 28 41 58 680 36 250 350 30 70 282 61 30 23 604 77 387 40 297 24 29 1535 42 63 93 305 76 30 42 36 59 74 278 41 44 21 313 321 21 18 234 28 57 59 35 57 103 58 64 34 65 35 33 56 198 25 32 36 16 21 98 75 143 329 781 178
internal_value=5.6162e-05 0.00563265 -0.00247667 -0.0287383 -0.00760566 -0.0195718 -0.00100338 0.0147689 0.0160184 -0.0331595 -0.0174119 -0.0382653 0.0180962 -0.0324828 0.00751922 -0.00496561 -0.00889921 0.0152306 0.0257687 -0.0380812 -0.00801123 0.028174 0.0301413 0.015335 0.0151526 -0.00212243 0.0114823 0.00288944 -0.0321791 -0.0195587 -0.00203651 0.014597 -0.0214856 -0.0302877 -0.00882121 -0.000156391 -0.0033188 -0.0056231 -0.010064 -0.014547 0.00122114 0.0353007 -0.0397538 -0.0417246 -0.00305655 -0.0218944 0.00804519 0.0372843 0.0255274 0.013832 -0.0118502 -0.00139791 -0.0118331 0.0123234 -0.0205692 -0.0246086 0.0309872 -0.027351 -0.0145637 -0.0420877 0.0147266 -0.00492933 -0.00850243 -0.0158863 0.0152641 0.00979537 -0.002179 0.0188087 0.00172226 0.0191738 -0.00611129 -0.0250191 -0.0312667 -0.00566628 0.020609 0.026004 0.0350006 0.032421 0.0139701 0.0315395 -0.0470969 0.010683 0.0312123 0.00350456 0.0119957 0.00133078 -0.00376619 -0.0231761
internal_weight=1475.85 1236.65 655.079 239.192 433.165 113.835 33.0189 581.575 553.908 206.173 50.8934 155.28 490.984 40.1861 221.915 53.0065 42.9481 14.6266 176.805 37.1531 10.0276 162.819 154.438 40.3147 22.309 14.1053 178.966 82.7077 60.828 33.3752 13.9856 20.7501 28.3215 23.558 15.8236 62.9245 319.33 274.51 27.6669 87.7907 27.8493 114.123 152.126 143.757 6.83781 59.9414 9.14122 109.355 44.6585 28.9221 12.1187 186.72 59.7523 15.7553 43.997 41.6917 24.4911 50.8002 27.5751 23.2251 15.1258 55.5207 51.7794 39.6618 12.1176 12.5954 10.3133 96.2587 23.2507 14.4758 7.80016 22.6233 36.7551 10.0258 5.53626 16.67 14.4401 16.8034 10.5132 4.95173 27.4528 44.82 11.8679 126.967 58.6721 43.0998 68.2952 14.6408
internal_count=15460 13050 8298 2410 6061 1901 281 4752 4280 2129 464 1665 3821 422 2237 775 488 89 879 409 82 803 756 193 148 107 1749 787 1126 600 76 354 399 343 65 459 4160 3535 472 1295 374 563 1640 1606 71 921 156 534 229 153 66 2240 698 231 467 452 128 765 404 361 84 419 396 321 75 87 63 962 282 179 122 347 411 133 68 284 228 87 62 57 526 625 172 1542 686 543 856 214
is_linear=0
shrinkage=0.039871


Tree=9
num_leaves=89
num_cat=0
split_feature=9 8 28 8 0 16 15 15 3 9 2 7 9 8 15 11 17 8 9 27 10 20 23 28 15 4 13 27 23 5 24 24 14 17 10 0 15 13 14 24 11 2 2 2 0 10 5 20 5 24 16 10 0 17 9 15 14 15 18 27 24 14 11 1 20 20 1 15 11 18 9 16 4 27 14 27 27 24 13 2 9 13 15 16 4 1 18 7
split_gain=137.027 36.3723 14.1593 11.8891 18.9692 12.1752 11.0458 13.319 9.76401 9.67494 12.8187 9.87684 9.34141 13.6427 10.9025 10.1328 9.03626 15.4455 8.80828 10.9816 8.30587 7.90479 12.0093 6.76349 6.75184 6.70099 6.74036 6.65835 6.94644 6.60124 6.50269 8.23469 6.443 9.78235 6.16411 8.18307 6.10883 6.06663 6.05491 6.57215 6.0433 5.93484 5.77212 9.50741 9.53079 6.68239 5.99038 5.20669 5.18552 6.26708 6.40543 6.70681 6.53295 6.01696 5.60309 6.90477 6.41581 5.20724 5.97648 6.94233 6.75985 7.47555 6.09429 5.90818 7.10697 5.30242 5.19017 7.2518 5.72095 5.09166 5.06688 5.84985 5.36891 5.89737 5.43195 7.20232 7.10139 6.83942 5.92842 8.62364 5.03582 9.38573 8.36653 8.17065 7.54645 5.02216 8.80849 6.64957
threshold=0.00021723863652305111 0.0026964396602092333 0.88333333333333341 0.0072537368576002714 0.10508391345057812 0.51000000000000079 0.77569591083209233 0.51706056329678218 9.5000000000000018 0.053954769690968372 -0.077281483154721928 0.0007299315430987543 0.0036980978235526961 0.0051990004119700011 1.566478040637967 210357.50000000003 22.750000000002732 0.015884841269909532 0.026619170347515018 1.0846312090011365 -0.0031439953918042597 0.036020829377633186 0.0043182158101657828 0.68333333333333346 0.38146754216149525 0.52500000000000058 -0.0097797828411385051 2.7861819477674201 -0.02841902129108503 0.27122980969134819 -0.6519110956473203 0.020086091782992126 -0.015642873801985781 1.0000000180025095e-35 -0.00039594477613105321 -0.060876987882499282 1.2450544333749078 -0.10086453611541966 0.19402129402125803 -0.88288864204803541 199907.00000000003 -0.045059979839831225 -0.03031780359707725 0.095501787357264015 0.20443181358247933 -0.0008277125675522581 0.088978857399910058 0.03921664241380541 0.088978857399910058 0.2170643936949169 -0.98499999999999932 0.013523742048163851 0.16285282683718563 57.000000000016378 0.011719681776462156 0.52665346355299636 -0.35949537760448541 0.62597604774982962 -1.4952568244123345 -1.0150373055869708 -0.41331304290363419 -0.16444202108324449 231126.50000000003 0.023096793571219968 -0.018622095391037204 0.061144136738823358 -0.095141487034948666 0.7912339926263674 228168.00000000003 -3.2693747055508662 0.031004321128599913 -1.0849999999999997 0.14999999999999999 -1.3940767787739354 0.27089292900099221 -1.0395136388232553 -0.35042808055215641 0.1028809234586118 -0.057666006337219348 0.033753830740216879 0.0020556105260676753 0.0027773012714022998 0.45031230454741561 0.59499999999999986 0.60000000000000109 0.053577792380227758 -5.3767827334872722 0.0028234949058728036
decision_type=10 10 10 10 2 2 2 2 2 10 2 10 10 10 2 2 10 10 10 2 10 2 2 10 2 10 10 2 2 10 2 2 2 10 8 2 2 10 2 2 2 2 2 2 2 8 10 2 10 2 2 8 2 10 10 2 2 2 10 2 2 2 2 2 2 2 2 2 2 10 10 2 10 2 2 2 2 2 10 2 10 10 2 2 8 2 10 10
left_child=3 9 12 4 21 8 7 -6 24 11 -11 29 13 -3 20 -16 17 -10 40 41 -15 -1 -23 36 -5 34 -27 28 -4 32 -8 -32 37 70 -18 -36 -22 -2 39 -9 -13 -20 80 45 -45 -44 47 -47 57 50 51 -50 -53 -51 56 -56 -52 63 59 -59 -60 -62 66 -14 -65 -64 67 -61 -68 -49 72 -72 73 -34 77 -76 -77 -75 -78 -80 81 -25 -82 -83 -84 -30 87 -87
right_child=1 2 27 5 6 -7 30 38 16 10 -12 18 48 14 15 -17 25 -19 19 -21 23 22 -24 42 -26 26 -28 -29 85 -31 31 -33 33 -35 35 -37 -38 -39 -40 -41 -42 -43 43 44 -46 46 -48 69 49 53 54 52 -54 -55 55 -57 -58 58 60 62 61 -63 65 64 -66 -67 68 -69 -70 -71 71 -73 -74 74 75 76 78 -79 79 -81 82 83 84 -85 -86 86 -88 -89
leaf_value=-0.044307077476090626 -0.021011876723448418 0.025676489187504571 0.032213429130983302 0.036793928549793617 -0.048537155385625537 -0.047136434563522935 -0.051939578758495496 0.035270771278491014 -0.04713649956011632 -0.018337796147847241 0.047263379930592334 0.015652699560711535 -0.01899051695567517 -0.057357571174608026 -0.035134585354137222 0.056627050577433599 0.062583316071652254 0.042784430012721524 -0.00028070932596028803 -0.03462514409836797 -0.039305164539079701 0.040332562127620229 -0.03202202923384815 0.031320675264273783 -0.033703607155213498 0.041051042031661968 -0.054989519578523181 -0.022441929082092554 0.010141548716817965 -0.0067162096204937908 -0.0048761750644552536 -0.052135976825948255 0.048114827584671831 -0.023988707121177705 0.040098623008775841 -0.028483094913524302 0.020346981522977228 0.034321140390475749 0.029894405482227705 -0.029853669527660824 -0.037781571875607066 0.029051914128047029 0.018917536999424799 0.035501410526128908 -0.039304359717468727 -0.044141454128763809 0.012486712929104828 0.040663386537257852 0.046562316569965886 0.019182416915861211 -0.044638338515248767 0.025932074866890868 -0.049615737043942974 -0.040774349352131797 0.054839231062744624 0.0083582119325181885 0.002481194197159157 0.025933010211955893 0.063394066965051982 -0.0071489180191590925 0.054583474366885015 -0.032541913259246082 -0.014115112732647326 -0.046592463940612512 0.02214198239579257 0.052460423701334503 -0.002679348105634883 0.048408294335468192 0.06573045317791347 -0.033699338633919516 -0.0059760186370530835 0.046806297218089259 -0.026237516977208306 0.01121629719288475 -0.020778171444023 0.049834176498773267 0.042662828241880876 -0.051111952436423656 -0.049200715963645898 0.02231291510886696 0.032999105934242004 -0.045200112894346417 -0.046408498344384937 0.044519888693997152 0.037538543302328489 0.028092776969878171 -0.010068522822337151 -0.023764038483166945
leaf_weight=103.99742889637128 3.070926619693636 14.59683707449585 18.990045309998095 2.2073829337023225 6.2291171858087173 11.793508639559148 12.38620646484196 3.4137244895100602 8.7209189198911172 5.3463593311607829 31.826616485603154 4.454332133755087 45.86036601383239 7.6095112231560043 2.5265651401132327 5.9202508060261607 7.3618757128715515 4.3263816470280281 17.356386145576831 7.0331578934565178 23.502164728939537 4.2996978461742428 17.919722811318934 15.675512897782022 17.518006202299148 1.6181810088455675 2.7867363365367046 10.861420959234236 269.33087853295729 12.535095823928712 22.623709146864716 7.7655964689329258 8.2180851958692056 8.6408739900216442 7.3604522272944459 4.0724895766470626 2.8578871162608257 69.462100174278021 16.572655569761992 7.1736015835776934 11.53130482137203 28.637971929274503 4.3222620915621519 8.5921231964603049 3.633846014738082 29.037344710435725 4.0686596473678938 2.3220179518684745 14.628917878959326 3.9313119985163194 5.7073549516499069 5.1646755635738399 2.4821960590779781 7.00942119397223 5.7887190831825128 34.485630716197193 19.492883576080203 14.302517442964016 4.9016426522284746 6.1697289096191517 2.2988386955112219 3.7822752865031344 62.207290507853031 2.6709754252806315 12.620154125615951 1.6979658119380463 61.971137313172221 8.6998258344829065 1.749332291074096 3.1238008504733434 3.9507400039583471 17.113092394545674 4.6101087890565386 7.2997523285448533 5.5947417551651517 12.585200980305665 5.3386808168142936 4.168937161564827 4.3845145944506161 6.0590044055134058 3.9388426076620808 5.7883293824270359 9.7487356858327949 1.9441844597458837 1.8124398216605193 20.40729678422213 55.405184937641025 4.5879210568964472
leaf_count=1216 21 143 177 49 62 193 122 11 145 26 169 33 740 112 55 46 38 29 106 43 435 22 193 185 321 26 48 105 2747 98 192 76 44 75 89 79 52 389 66 76 98 187 55 110 44 524 73 24 174 59 81 68 21 72 49 349 228 230 28 95 26 51 926 35 223 27 896 125 24 62 18 84 31 59 40 61 25 24 33 28 67 104 169 6 22 173 629 42
internal_value=0.000172505 0.00623814 0.00216554 -0.0253378 -0.0301842 -0.0107631 -0.0143438 0.00276706 -0.00286882 0.0187324 0.0376914 0.0157722 -0.00239025 -0.0105874 -0.0145292 0.0286264 0.00935276 -0.0168558 0.00295633 0.0108175 -0.0174512 -0.0396721 -0.017594 -0.0147884 -0.0253017 0.0242367 -0.0187802 0.00791551 0.00883242 0.0208554 -0.0277031 -0.0173804 0.0230338 0.015641 0.034585 0.0153369 -0.0325973 0.0318736 0.0149809 -0.00825562 -0.0227049 0.0179811 -0.00968957 -0.0179669 0.0126891 -0.0267982 -0.0320881 -0.0374827 0.00138496 0.00901732 0.0125918 0.0309691 0.000235788 -0.0190298 0.00619986 0.0154135 -0.0084201 -0.00189927 0.0017193 -0.000275366 0.0298077 0.000818925 -0.00296769 -0.0118397 0.00938311 -0.0120996 0.0044369 0.0254371 -0.000501264 -0.00109044 0.020057 0.0368199 0.0138131 0.0174158 0.0115617 0.0195696 0.0277414 -0.0118187 0.00943213 -0.00790329 0.00200053 0.0136804 -0.0153932 -0.0215815 -0.032479 0.00753208 -0.00117843 0.0183171
internal_weight=1407.59 1137.45 858.227 270.147 202.381 67.7659 76.1646 33.3891 55.9724 279.218 37.173 242.045 478.644 151.021 136.424 8.44682 36.247 13.0473 69.0132 53.0275 127.978 126.217 22.2194 120.368 19.7254 23.1997 4.40492 379.583 368.721 173.032 42.7755 30.3893 160.497 87.9637 18.7948 11.4329 26.3601 72.533 27.16 10.5873 15.9856 45.9944 94.0081 55.1001 12.226 42.8741 38.5518 34.4832 327.623 98.6911 87.7504 22.2758 7.64687 10.9407 65.4746 40.2743 25.2002 228.932 167.781 156.798 10.9828 6.08111 142.495 61.1515 15.2911 63.9053 78.59 14.8696 63.7205 5.44582 79.3229 21.0638 58.259 53.6489 45.4308 33.9621 28.3674 11.4687 15.7822 10.4435 38.908 23.408 15.5 7.73251 11.5612 349.731 80.4004 24.9952
internal_count=15433 12380 10688 3053 2036 1017 605 215 824 1692 195 1497 6815 2288 2145 101 454 174 467 336 2044 1431 215 1932 370 280 74 3873 3768 1030 390 268 932 522 206 168 487 410 153 87 131 293 1445 892 154 738 683 610 4527 1101 970 263 89 131 707 398 309 3426 2428 2323 105 77 2093 998 258 953 1140 220 920 86 447 102 345 314 270 187 147 83 86 61 553 295 258 110 191 3591 844 215
is_linear=0
shrinkage=0.039871


end of trees

feature_importances:
VIX_21d_pct_change=73
VVIX_5d_pct_change=52
iv_at_strike_minus_atmf=51
entry_bid_ask_spread_pct=44
morning_spx_rv_annualized=41
gamma_x_morning_spx_rv_annualized=37
iv_at_strike_minus_atmf_x_VIX_VIX9D_spread=35
spx_realized_skew_21d=35
morning_spx_directionality=34
days_until_next_pce=33
jobless_claims=32
rom_roll_std_30d=32
vix_pcr_21d_avg=29
morning_vix_change=28
VIX_5d_pct_change=27
leverage=27
rom_roll_skew_30d=26
morning_atmf_iv_pct_change=25
spx_5d_returns=25
entry_bid_ask_spread=23
spx_10d_returns=23
vix_z_60d=23
gamma_x_dte=22
spx_1d_returns=22
theta_x_atmf_iv_5dte_percentile_252d=21
spx_252d_rv=20
prior_day_strategy_drawdown_max_5d=19
win_rate_30d=12
entry_bid_ask_spread_pct_wd_rank=9

parameters:
[boosting: gbdt]
[objective: lambdarank]
[metric: ndcg]
[tree_learner: serial]
[device_type: cpu]
[data_sample_strategy: bagging]
[data: ]
[valid: ]
[num_iterations: 2000]
[learning_rate: 0.039871]
[num_leaves: 89]
[num_threads: 4]
[seed: 20260830]
[deterministic: 1]
[force_col_wise: 0]
[force_row_wise: 0]
[histogram_pool_size: -1]
[max_depth: -1]
[min_data_in_leaf: 25]
[min_sum_hessian_in_leaf: 0.001]
[bagging_fraction: 0.975307]
[pos_bagging_fraction: 1]
[neg_bagging_fraction: 1]
[bagging_freq: 9]
[bagging_seed: 3520]
[bagging_by_query: 0]
[feature_fraction: 0.805508]
[feature_fraction_bynode: 1]
[feature_fraction_seed: 25582]
[extra_trees: 0]
[extra_seed: 14767]
[early_stopping_round: 0]
[early_stopping_min_delta: 0]
[first_metric_only: 0]
[max_delta_step: 0]
[lambda_l1: 0.0714496]
[lambda_l2: 0.255982]
[linear_lambda: 0]
[min_gain_to_split: 0]
[drop_rate: 0.1]
[max_drop: 50]
[skip_drop: 0.5]
[xgboost_dart_mode: 0]
[uniform_drop: 0]
[drop_seed: 20645]
[top_rate: 0.2]
[other_rate: 0.1]
[min_data_per_group: 100]
[max_cat_threshold: 32]
[cat_l2: 10]
[cat_smooth: 10]
[max_cat_to_onehot: 4]
[top_k: 20]
[monotone_constraints: ]
[monotone_constraints_method: basic]
[monotone_penalty: 0]
[feature_contri: ]
[forcedsplits_filename: ]
[refit_decay_rate: 0.9]
[cegb_tradeoff: 1]
[cegb_penalty_split: 0]
[cegb_penalty_feature_lazy: ]
[cegb_penalty_feature_coupled: ]
[path_smooth: 0]
[interaction_constraints: ]
[verbosity: -1]
[saved_feature_importance_type: 0]
[use_quantized_grad: 0]
[num_grad_quant_bins: 4]
[quant_train_renew_leaf: 0]
[stochastic_rounding: 1]
[linear_tree: 0]
[max_bin: 255]
[max_bin_by_feature: ]
[min_data_in_bin: 3]
[bin_construct_sample_cnt: 200000]
[data_random_seed: 4792]
[is_enable_sparse: 1]
[enable_bundle: 1]
[use_missing: 1]
[zero_as_missing: 0]
[feature_pre_filter: 1]
[pre_partition: 0]
[two_round: 0]
[header: 0]
[label_column: ]
[weight_column: ]
[group_column: ]
[ignore_column: ]
[categorical_feature: ]
[forcedbins_filename: ]
[precise_float_parser: 0]
[parser_config_file: ]
[objective_seed: 28250]
[num_class: 1]
[is_unbalance: 0]
[scale_pos_weight: 1]
[sigmoid: 1]
[boost_from_average: 1]
[reg_sqrt: 0]
[alpha: 0.9]
[fair_c: 1]
[poisson_max_delta_step: 0.7]
[tweedie_variance_power: 1.5]
[lambdarank_truncation_level: 5]
[lambdarank_norm: 1]
[label_gain: 0,1,3,7,15]
[lambdarank_position_bias_regularization: 0]
[eval_at: 1,3]
[multi_error_top_k: 1]
[auc_mu_weights: ]
[num_machines: 1]
[local_listen_port: 12400]
[time_out: 120]
[machine_list_filename: ]
[machines: ]
[gpu_platform_id: -1]
[gpu_device_id: -1]
[gpu_device_id_list: ]
[gpu_use_dp: 0]
[num_gpu: 1]

end of parameters

pandas_categorical:[]
