tree
version=v4
num_class=1
num_tree_per_iteration=1
label_index=0
max_feature_idx=33
objective=lambdarank
feature_names=VIX_21d_pct_change VIX_5d_pct_change VIX_VIX9D_ratio VVIX_5d_pct_change atmf_iv_10dte_intraday_range atmf_iv_1dte_percentile_252d atmf_iv_30dte_intraday_pct_change atmf_iv_30dte_percentile_252d days_until_next_pce entry_bid_ask_spread front_roll_yield gamma_x_dte gamma_x_morning_spx_rv_annualized iv_at_strike_minus_atmf_x_VIX_VIX9D_spread iv_term_slope_5d_30d jobless_claims leverage morning_atmf_iv_pct_change morning_spx_log_return morning_spx_range_pct morning_spx_rv_annualized morning_vix_change prior_day_strategy_drawdown_max_5d rom_roll_skew_30d rom_roll_std_30d spx_10d_returns spx_1d_returns spx_5d_returns theta theta_x_atmf_iv_5dte_percentile_252d vega vix_curvature_9d_30d_3m vix_z_60d win_rate_30d
feature_infos=[-0.52839210998206809:4.8438162544169607] [-0.42827256425582794:1.6965317919075145] [0.62891809908998986:1.5167853509664293] [-0.32030341620065339:0.70757303583246678] [0.0036813882916645474:0.2613707868372882] [0:0.99603174603174605] [-0.24318986529363051:0.74536575348065082] [0:0.99603174603174605] [0:44] [0.049999999999999822:29.899999999999999] [-6.7375000000000007:4.8832999999999984] [0:0.033556061189271305] [0.00050198565975699322:0.029708705204148592] [-6.5795764598266988:0.58289359397191487] [-0.50666580450779986:0.067287322754047196] [152144:6161268] [12.51586456957032:1073.1554712918908] [-0.33382759238393778:0.44486063275178811] [-0.029011813819852964:0.026209351931648178] [0.00081068192656181268:0.047613469070574892] [0.17917490989228085:8.150433863579746] [-17.640000000000001:24.859999999999999] [0:30374.000000000073] [-5.4772255750516701:5.0258428426019996] [7.1417041269969607e-17:19.770253581632318] [-0.23386323847009061:0.19052471618843292] [-0.11984050283657066:0.093827657101993367] [-0.1796662632195084:0.17397425583266291] [-7697.42948726533:-96.192032199531141] [-7575.2480668325461:0] [10.153572579096968:166.46298008069991] [-4.4899999999999949:17.299999999999997] [-2.0770891229405501:6.9859947436689716] [0.46666666666666667:1]
tree_sizes=10867 10806 10894 10823 10880 10850 10819 10788 10845 10822 10894 10824 10829 10847 10888 10849 10854 10873 10878 10875 10820 10924 10865 10842 10873 10917 10883 10877 10854 10873 10794 10909 10896 10882

Tree=0
num_leaves=100
num_cat=0
split_feature=12 12 11 12 9 16 27 6 17 3 5 23 8 5 27 5 27 1 3 32 3 3 20 12 25 17 1 4 4 4 15 1 6 20 3 12 1 1 27 27 3 1 23 20 8 6 3 19 12 20 4 17 20 19 6 11 12 16 15 25 19 19 32 5 23 5 20 20 19 20 8 5 17 25 9 12 3 3 5 16 25 5 4 32 32 32 23 15 20 15 11 4 17 15 16 17 9 32 3
split_gain=140.828 33.5111 15.4851 8.84364 8.39311 5.95536 4.19516 4.64336 4.05412 4.34943 3.70231 3.91774 3.62928 4.16015 3.61467 4.79646 3.22582 3.1035 6.57036 2.95762 2.87401 2.85258 2.78739 2.47508 3.7454 2.42105 2.28179 2.25543 2.14937 2.78062 2.13438 2.03428 2.02269 2.05227 1.98891 1.95656 1.90505 1.8867 2.60042 1.87043 1.81133 2.52748 1.75402 1.72948 1.71207 2.00999 1.61818 1.61716 2.16128 1.78278 1.59866 1.56694 1.5524 3.31459 1.48661 1.41055 1.37815 1.35947 1.27358 4.32208 1.50751 1.26746 1.25776 1.4525 1.24559 1.19069 1.13058 1.12874 1.29838 1.43352 1.11443 1.22496 1.10942 1.10863 1.06846 1.04969 0.988258 0.978321 2.43934 0.934494 0.924729 2.54232 0.888287 0.877184 0.836135 0.816379 0.80819 0.744847 0.739513 0.710332 1.09412 0.6744 0.670999 0.952057 0.72915 0.647882 0.632579 0.594916 0.512422
threshold=0.0069372975494797181 0.0069660535574230494 0.0028666745553346221 0.0044451156236723849 0.17499999999999985 556.42258360851088 -0.0041110048617851161 -0.032086183056322541 0.0023199653683040338 0.10627093184575333 0.88690476190476197 -3.223280154110999 13.500000000000002 0.49404761904761912 -0.018421919201492772 0.68452380952380965 -0.0013147077497717705 0.079206929154047048 0.015764721573040433 -0.63793227444880329 -0.14303530985747312 0.14538854118707148 0.77217707503558752 0.0024238827809683061 0.026674427367600954 -0.067486461006142071 -0.16382983152080435 0.018399227945548314 0.015884995286253405 0.034150617439038196 179363.50000000003 -0.17849745975353223 0.0067360655797027444 0.85032512997389909 0.0063712187777228433 0.015007310459256655 0.0079390472496929671 -0.010686493389699845 0.0072519972094103888 -0.033590240298778322 -0.054337334074932624 -0.095301483893831848 -2.1731107243591361 1.6611940722975229 3.5000000000000004 -0.043332040141208887 0.01141927322778913 0.0032187487898693011 0.013531867393361317 0.858571581272637 0.010018068531425168 0.028431407177084592 0.42161260181649346 0.0019614373194602988 0.027056689411925076 0.0060892400663253446 0.0036627634520607247 185.65647562997279 259360.00000000003 0.038006392920752259 0.0039191995027419062 0.0029224453607410252 -0.61039483748165313 0.35515873015873023 -2.507527383536527 0.35515873015873023 0.5046191865527957 1.1338278710835468 0.0035899215396960399 0.52518423934482061 9.5000000000000018 0.61309523809523825 -0.031747259028620793 -0.0075443149066096718 0.4000000000000003 0.0087291635471536486 -0.082295747614530165 -0.077281483154721928 0.73214285714285721 177.20119188056768 -0.020764308871803413 0.56150793650793662 0.026675019256056091 0.62977009232554881 -0.1797448921194196 0.13238197294164189 -2.9637537091307959 227911.00000000003 0.82025360511913581 204970.00000000003 0.0048646586085794316 0.012171171956002489 -0.10967795283961983 342207.00000000006 212.45088976321128 0.021949985732409364 0.099999999999999936 -0.79419104293856724 -0.041334767411667854
decision_type=8 10 10 10 10 10 2 10 8 2 2 10 2 2 2 2 2 2 2 2 2 2 2 10 2 8 2 10 10 10 2 2 10 2 2 10 2 2 2 2 2 2 8 2 2 10 2 2 10 2 10 10 2 2 8 10 10 10 2 2 2 2 2 2 10 2 2 2 2 2 2 2 10 2 10 10 2 2 2 10 2 2 10 2 2 2 10 2 2 2 10 8 10 2 10 8 10 2 2
left_child=2 17 5 6 64 8 57 66 9 20 11 40 13 19 15 -10 21 58 -19 34 -1 42 50 25 26 -22 -25 -27 91 87 -15 -18 -11 -34 97 74 67 85 -39 -17 41 84 72 44 46 -46 -28 48 -42 -49 89 70 53 -5 62 -56 -16 88 59 60 -2 -36 63 -54 76 -20 -8 68 69 -26 -51 -72 -14 -74 -12 -43 -3 78 -32 -63 -62 -82 -58 -64 -6 98 -57 -30 -4 -9 -91 -21 -78 94 -94 -65 -47 -13 -33
right_child=1 4 3 52 10 -7 7 22 14 32 35 12 16 30 56 39 31 18 65 28 23 -23 -24 24 36 27 43 -29 29 -31 77 37 33 -35 61 -37 -38 38 -40 -41 47 75 -44 -45 45 96 -48 49 -50 51 -52 -53 54 -55 55 86 82 -59 -60 -61 80 79 83 95 -66 -67 -68 -69 -70 -71 71 -73 73 -75 -76 -77 92 -79 -80 -81 81 -83 -84 -85 -86 -87 -88 -89 -90 90 -92 -93 93 -95 -96 -97 -98 -99 -100
leaf_value=-0.00356380053606395 -0.027833910914132683 -0.0027023743018119314 0.0069188940288249815 -0.012747791124900043 -0.013655499514228703 -0.0060246125272506402 -0.011299881635616321 0.016850099488435293 -0.0088317796839198544 0.010856193376798225 -0.0014748947211709667 -0.022633836737951971 0.0091204756819287993 0.00024457075230088727 0.021907015800550687 0.02166430392508803 0.0073621270059944077 0.0060522198135115864 -0.0077667622084905486 0.00020513764477390946 0.0252707196527194 -0.013166995648026033 -0.002882469316730018 -0.0025709057890074658 0.0089256574903946121 0.0055514522434688103 0.012623819082765985 0.018079273801312579 -0.0015651448112588373 0.010498489582968066 -0.018747469366437345 -0.021866829416799162 -0.01356311255687561 0.0029387523391593774 -0.013252687628041302 -0.011385638563654059 -0.010741687814896468 -0.013479114508571064 0.015679259564844179 0.0041990004406151395 0.009869870093193088 0 0.015573314415402557 1.2129113159086184e-05 0.0054796958117662746 0.0080859020783489235 -0.0024209444028153101 -0.01709088460114733 -0.011889816117586036 0.012295627265659971 0.024209778305316888 -0.014482415531802611 -0.014288836697380347 0.018377994333602779 -0.0096125712802896147 0.014418624944513261 0.015436584566189968 -0.014171190572470705 -0.028522598139396747 -0.00079426014996654849 -0.023239330389041277 -0.0066884770570449451 -0.020356289643394476 0.009785319006218339 -0.0023921634731523538 -0.02256258755547411 0.0034724803482496262 -0.0041197246824040499 0.013304558976547854 -0.0087465699750850171 0.0055369076370561836 -0.011573713023780722 -0.014091793482632673 0.0045364553185864654 0.012797484637718154 0.020358344456179883 0.00078114826445690403 -0.022799817891848012 0.0052988639951012636 0.0094045597036346382 -0.020120312537335459 -0.0011871156243568363 0.0027312032598104836 -0.0041572247521894246 0.0029339657165905826 -0.0051166864198909567 -0.0022561317325833084 -0.018155657197311787 -0.0057024922204841873 -0.0042282914169956502 0.01056053697415273 0.013591086747454875 0.0021226577646392317 0 0.019947261171355039 -0.0046389136173711036 0.020828066457770876 -0.0056203296186489735 -0.0063130904295203294
leaf_weight=2.5680730706080785 10.029406115878379 1.0022018714807925 1.8990215295925765 1.1120303357020014 1.0005903723649683 3.9443725002929559 1.8435990475118202 2.4043950671330041 2.6587932026013714 2.5967868920415622 1.7284709457308043 3.9593540201894939 1.2660088799893854 1.2589593902230287 23.577311548404399 3.5549073908478022 1.0245639970526106 2.9023390747606745 2.8349258666858068 1.7827817643992587 6.7878853045403957 1.5903801685199139 1.7025300501845784 2.0187951289117256 1.7450832813046857 7.474413260817534 3.866240065544857 8.733121130615471 1.1575645436532798 1.1118940389715133 2.1028577079996498 4.1517486178781828 2.7046173792332411 3.9484548708423972 1.4995387396775188 1.0861315261572597 1.7789417207241047 0.91504477709531407 0.93345657363533974 3.1992401684401557 2.8692876682616766 0.90293052885681691 2.8496077689342227 2.1792282946407786 3.8765059774741557 2.3759922729805139 2.6393088912591338 3.251082403585313 1.1090614330023525 1.2333728028461335 5.2908997759222984 1.3223120453767476 1.2885678587481346 1.1136698778718708 1.9664216660894429 0.92762692598626006 4.8557089036330572 1.7836993858218191 17.457452908158302 2.6765679363161317 3.682784728705883 0.98677443899214301 4.8385928967036342 1.210062780883163 2.2213769461959583 8.2739110416732711 2.2447463097050786 2.1475113295018673 4.0163465579971671 1.651302672922611 1.6163862929679456 1.4006654787808654 1.2500277864746752 0.94683257676661048 3.2613841146230698 1.7458033615257589 1.2577961301431058 13.206321967300026 1.3368792235851286 1.5112644899636505 3.1865047980099899 3.671246437355876 2.4440018003806472 1.5584670975804327 1.0303415721282361 2.1689028982073069 1.0269987875362856 2.3449927242472768 1.5615161219611762 1.5483262501657007 2.6592428230214864 1.7274412191472945 0.94329920923337329 0.93640324333682645 3.6641788328997791 0.82214394630864296 15.143787359353153 1.2685186490416542 1.468297666404397
leaf_count=42 156 32 46 28 40 37 41 35 40 50 71 107 45 52 195 48 35 31 35 59 54 40 50 34 60 56 62 58 53 36 71 116 38 67 49 26 26 34 42 44 123 36 94 28 68 47 47 111 34 56 137 47 39 44 64 37 136 19 241 34 52 35 137 57 70 126 57 37 85 24 68 32 42 39 116 63 40 371 42 53 40 46 54 58 43 53 40 67 45 23 71 44 35 40 164 31 265 30 62
internal_value=-0.000594649 -0.0121008 0.00954775 0.000766585 -0.00591613 0.0123069 0.007015 0.0106429 0.0129499 0.0106545 -0.00769382 -0.00870803 -0.010815 -0.0137998 0.0171653 0.00772611 -0.00485372 -0.0217931 -0.0140914 -0.00777113 0.0120148 0.00268538 0.014959 0.0126531 0.0101114 0.0170387 0.0128463 0.0127535 -0.000556223 -0.00734159 -0.0191551 -0.0103347 0.000329849 -0.00427216 -0.013631 0.00382488 0.00205585 -0.0126041 0.00124654 0.0145181 -0.00204103 0.00586243 0.00758314 0.0139311 0.0149738 0.017185 0.00675754 -0.00511095 0.00289194 -0.00873448 0.0175743 -0.00254343 -0.00815626 0.00322989 -0.0101151 -0.00138023 0.0198158 -0.00495643 -0.0241792 -0.0202377 -0.0226428 -0.00406831 -0.013289 -0.00407226 0.00739894 -0.019446 -0.00367393 0.00500325 0.00783322 0.000163311 0.00241872 -0.00286291 -0.000212321 -0.00662194 0.00813155 0.0147931 0.0102268 -0.0206126 -0.00987395 0.00279308 -0.016381 -0.0110005 0.0118029 -0.0172085 -0.00629785 -0.0158109 0.00699334 -0.0138737 0.00107847 0.0105656 0.0051523 0.00798471 0.0122775 0.0144501 0.017094 0.00400747 0.0194673 -0.0196381 -0.0189268
internal_weight=303.408 142.118 161.289 38.8026 87.4031 122.487 22.938 17.6937 118.542 78.2524 77.3778 71.3018 53.82 35.2551 40.29 9.41294 18.5649 54.7151 14.0112 17.3501 69.0025 7.90286 13.6054 66.4345 43.439 22.9954 32.0999 16.2075 8.12467 4.61445 17.905 10.662 9.24986 6.65307 9.22545 6.07599 11.3392 9.63745 1.8485 6.75415 17.4818 4.67967 6.31248 30.0811 27.9018 21.3963 6.50555 12.8022 3.97835 8.82382 11.9029 5.57274 15.8646 2.2257 13.6389 3.92105 30.877 5.24424 40.704 23.2465 20.5699 3.99758 9.71783 3.32077 10.0253 11.1088 4.08835 9.56024 7.41273 3.39639 4.25042 3.01705 3.46287 2.19686 4.98986 2.64873 7.80388 16.6461 3.43974 2.49804 10.5405 6.85775 7.29971 6.39706 2.03093 7.78895 1.95463 3.50256 3.46054 6.61196 4.20757 3.51022 6.80168 5.54388 4.60748 2.03221 17.5198 5.22787 5.62005
internal_count=6440 3679 2761 1059 2918 1702 524 414 1665 1148 2537 2324 1671 1069 517 132 602 761 192 533 993 260 316 951 783 168 551 114 259 156 536 342 155 105 274 213 232 307 76 92 653 182 220 517 489 380 109 471 157 314 266 203 535 72 463 141 385 110 569 328 294 137 322 127 381 161 98 206 169 84 156 100 126 81 187 99 311 484 113 88 138 86 190 195 83 231 77 120 91 129 94 103 279 239 199 88 312 137 178
is_linear=0
shrinkage=0.0158889


Tree=1
num_leaves=100
num_cat=0
split_feature=24 12 23 18 24 9 23 4 1 5 5 5 20 21 15 24 9 15 9 21 20 4 10 7 18 5 9 0 15 4 1 31 15 12 12 5 4 23 5 1 31 21 23 21 7 10 31 7 10 9 4 20 21 12 10 15 29 31 29 10 18 29 15 15 5 18 23 23 18 23 20 5 31 10 0 19 20 24 10 15 10 7 21 23 15 15 1 1 12 0 7 31 29 4 3 24 4 9 24
split_gain=717.317 107.883 45.7496 24.9669 20.6011 23.7622 22.3716 20.5814 20.3653 18.2341 28.3789 17.0979 20.1566 16.2828 15.8986 14.5375 16.9938 14.3705 14.2028 14.7512 14.1433 14.0194 14.7408 13.7856 18.6676 16.0712 16.8648 13.0929 21.5266 12.7537 22.4607 26.2273 12.7149 21.5759 12.6715 11.6293 10.8292 10.7785 10.309 11.8048 10.2677 10.1936 9.65584 12.1322 9.51333 23.1502 9.31287 8.86431 19.5128 8.79385 8.37103 8.25028 11.8062 11.1818 7.8026 7.66851 7.60529 7.25266 6.59215 6.53464 9.54867 7.21822 6.52802 6.48786 6.40689 9.79887 6.34035 6.28906 6.13148 6.03903 5.94588 5.90116 5.8178 8.95745 10.8129 7.48324 12.1408 8.49726 7.44678 6.62545 6.33149 6.13418 7.71454 7.11326 5.91406 6.23933 5.79715 9.82667 5.51178 5.33701 5.63599 5.78565 10.197 5.21479 5.07619 4.99698 4.9297 4.80595 4.66931
threshold=19.712397296787227 0.0036627634520607247 -3.1554633613425329 -0.0033407465573896604 3.002963523758877 0.30000000000000054 -1.3991622022790817 0.011194856080151092 -0.025799517511642774 0.50595238095238104 0.88690476190476197 0.35515873015873023 0.42825487834033077 -0.20999999999999994 260978.50000000003 1.9228074588385464 0.09999999999999977 178835.00000000003 0.34999999999999998 1.1499999999999997 0.46072326036619143 0.013315635016041565 -0.0091015050167224283 0.89880952380952395 0.00051835650738009159 0.50198412698412709 0.10000000000000032 -0.18901750327689573 226991.00000000003 0.020197067133569103 0.087701337423600992 1.6349999999999991 274517.00000000006 0.013098015179839956 0.0047877897172261888 0.77579365079365092 0.016599183679397573 -4.2728195796182238 0.51785714285714302 -0.083935483870967706 1.4699999999999982 0.62000000000000022 -2.4334826708438153 -1.6050000000000002 0.89484126984126999 -0.059722222222222253 1.6499999999999997 0.89484126984126999 0.15710714285714281 0.17499999999999985 0.016000130612630201 1.4977216307683474 1.6350000000000009 0.0066890721782918812 0.1265165441176471 373599.50000000006 -386.71981899365488 2.3349999999999986 -546.48662729909438 0.39297333333333345 7.475451733000858e-05 -978.50659632300926 299838.00000000006 470058.50000000006 0.037698412698412703 0.00012259273115044689 -1.6904477499431312 -2.5838204895215497 -0.00094388993491642916 -4.1331833903921948 1.1338278710835468 0.16865079365079369 1.0349999999999986 0.29999999999999943 0.35902686805192391 0.0081499786008811092 1.1000341933375999 3.6719574482988784 0.58119666666666669 229295.50000000003 0.052440476190476162 0.32341269841269848 -0.28000000000000019 -4.0451546430040901 234616.50000000003 196205.00000000003 -0.01498237267891067 0.087701337423600992 0.0075513682423085622 0.14472080381618493 0.22023809523809526 0.3499999999999997 -311.35309446779428 0.016087955933723464 0.013435831474230444 3.9299833777181683 0.032780209453854327 0.50000000000000022 1.3100017587118491
decision_type=8 10 10 2 10 10 10 10 2 2 2 2 2 2 2 10 10 2 10 2 2 10 2 2 2 2 10 2 2 10 2 2 2 8 10 2 10 10 2 2 2 2 10 2 2 2 2 2 2 10 10 2 2 10 2 2 8 2 10 2 2 10 2 2 2 2 8 8 2 10 2 2 2 2 2 2 2 10 2 2 2 2 2 8 2 2 2 2 10 2 2 2 8 10 2 10 10 8 10
left_child=1 3 15 -1 5 13 9 -2 -8 18 51 20 37 21 17 32 -17 -15 -7 27 64 98 -23 25 -25 26 -14 -20 -29 30 31 -9 33 34 -3 36 -27 -13 39 -24 59 -12 43 -6 68 -46 55 48 94 -19 88 53 -53 -11 -22 67 -37 -51 97 60 61 -34 -40 -30 -5 -66 -49 -16 70 -42 -31 -56 73 74 84 76 77 81 -75 -77 -79 83 -83 -74 85 -18 -52 -88 -36 90 -87 92 -92 -84 -44 -38 -78 -45 -4
right_child=7 2 4 11 42 6 8 29 -10 10 41 12 23 14 46 16 72 49 19 -21 54 22 38 24 -26 35 -28 28 63 44 -32 -33 40 -35 50 56 95 -39 62 -41 69 -43 47 58 45 -47 -48 66 -50 57 86 52 -54 -55 71 -57 -58 -59 -60 -61 -62 -63 -64 -65 65 -67 -68 -69 -70 -71 -72 -73 75 78 -76 79 96 80 -80 -81 -82 82 93 -85 -86 89 87 -89 -90 -91 91 -93 -94 -95 -96 -97 -98 -99 -100
leaf_value=0.023729109980770574 -0.029934435531370845 -0.0038595573262616809 0.0047805129502962946 0.00090949077545499015 0.016409481173599562 -0.016747499928782102 -0.011985066272383412 -0.025455446681345906 0.019327991176749094 -0.0029320884598853935 -0.005948643354587238 0.0059289519622500045 -0.0042944349836515419 0.010231054542533622 0.018891984037180242 -0.0094460220806395854 0.0225181577354348 0.0013011156846746614 0.013704467095597916 0.018135537609342011 0.026806610510959731 0.023203519975249512 -0.0089518547164030744 -0.008093066753401169 0.012836728426268654 0.0090463692985024522 0.015148484939944359 0.0075801799874895591 -0.022898243530267665 -0.012620145634391539 -0.00039170594897622188 -0.0062364042931063717 0.01028602305817331 -0.017834454591007978 -0.0023342958656454374 0.012963637160160978 0.02567687601962108 -0.016012931597753299 -0.023489376423712512 0.014788942955588491 -0.002777495970282541 0.01669559821141824 0.0010552467647454091 -0.01057445256750481 -0.026759038980316445 -0.0020069326660057643 0.018781439011585618 0.023148642460712045 0.019709889813449337 -0.021553252516521959 0.027188985623571416 0.0051956028374060747 -0.022203160061984889 -0.023842015686672494 0.0067157145491594187 -0.010420193409208784 -0.0036061410557948087 -0.0017304000577559586 0.0062544480863902406 -0.011628430859329051 0.01678779154523187 -0.01485996386385916 -0.0026587292095466017 -0.0058668161543458585 0.020814660312802269 0.0054116032418734953 0.0028766923463406065 -0.0043017560026716636 -0.028734942079585678 -0.019077052677489964 -0.026823956837539277 0.020106455150591892 -0.01474476589876291 -0.0084429385803925176 -0.0003575729187373681 0.023123129432954394 -0.013372629920118596 0.003338913968707427 0.013915388302226293 0.0046504106902293986 0.021445078011801112 -0.0003430705049431099 0.023608957701704642 0.0055091081570050153 0.022397660114969822 -0.0012860866408520948 -0.0028927463795718881 0.02320027427571052 0.012110414770702188 -0.0014810794817118032 -0.0010326427697587874 0.02464204010273888 0.021561196927412797 0.0064439792981572401 -0.019081858614711518 0.014321260948605306 0.0026198829730165562 0.0060649853498694721 0.016935036159101469
leaf_weight=44.261406980454922 64.693438950926065 14.462614107877014 12.368615502491592 15.54814789444208 9.20587534829974 14.271180003881453 7.6660412997007397 52.492110770195723 13.899064902216194 7.725887242704629 11.95042520016432 9.8473840355873126 25.887104708701372 7.0887190438807002 5.796111922711134 11.772470986470578 13.042717292904852 7.640605714172124 9.0359883457422239 9.4709476083517057 30.076963234692812 5.284507304430007 9.4941016994416696 22.257690355181694 19.689201951026917 23.282792739570141 19.007016032934189 15.417168602347372 14.061558552086355 18.836600758135319 20.964213026687503 27.954260561615229 4.5197488889098194 7.8282660320401183 10.896018581464888 16.948000468313694 38.423493750393391 11.822261196561156 7.4928087815642339 10.489822885021569 10.927100129425527 7.7487830966711035 5.6620044186711329 22.713699691928923 20.674082916229963 17.575926199555397 8.3317095022648555 15.501180291175841 9.6445859596133214 23.295806737616662 11.974595881998541 8.3315450549125654 6.6183918267488471 48.469626288395375 14.138757176697252 9.8448742236942035 11.176966950297357 6.0108265355229369 12.120967850089075 5.7758686766028395 10.713552968576549 5.9839907810091999 7.6110579073429108 10.256145026534794 20.07458920031786 22.486724194139242 5.481755610555413 5.0545979514718109 62.390080569311976 12.315104834735392 15.035383459180592 23.845756540074944 7.2684190273284912 8.655781287699936 11.35655242204666 11.932463921606542 10.090586971491577 7.4435156285762814 5.7041221465915433 8.8169830925762636 15.69092798233032 15.236096054315565 8.4655728153884429 9.2627031076699513 26.758903199806809 6.1085581183433524 6.4925663992762548 7.2481801398098469 15.679904974997042 8.3582607023417932 10.600659582763909 10.399168483912943 8.8288236558437401 10.332926928997038 6.2219927683472633 17.451581582427025 8.509182043373583 4.9175608754158011 26.732038751244545
leaf_count=99 165 57 65 42 63 79 58 133 59 64 63 29 57 65 36 64 93 59 64 53 75 31 60 62 59 69 61 60 73 63 32 53 28 53 77 51 107 45 43 94 47 44 44 164 61 43 55 123 52 143 51 53 30 255 40 63 36 34 78 39 64 48 50 55 61 60 29 45 148 47 40 69 23 48 58 61 47 50 40 52 76 81 39 55 148 46 34 39 109 37 53 65 45 65 30 53 45 37 170
internal_value=2.87509e-05 0.00563612 0.00226108 0.0125093 -0.00124163 -0.00305586 -0.00687633 -0.0218457 0.00814639 -0.00888635 -0.0136085 0.0110151 0.00825151 0.00158102 -0.00381182 0.00643737 0.00876443 -0.0097799 -0.00289732 0.000626862 0.0156737 0.00653739 -4.10879e-05 0.00987402 0.00176104 0.0120903 0.00401834 -0.00294594 -0.00689904 -0.0195527 -0.0150916 -0.0188829 0.00203656 0.00618107 0.00914407 0.0154202 0.0185352 -0.0061277 -0.00389988 0.00355137 -0.00410538 0.00316689 0.00542078 0.00057158 -0.0228271 -0.0156136 0.00523741 0.0109034 0.00353914 -0.0137402 0.0127548 -0.0182488 -0.00729662 -0.0210409 0.0206032 -0.000574645 0.00642243 -0.0176271 -0.00327695 0.00253641 0.00663964 -0.00401654 -0.0135477 -0.0160626 0.00973373 0.0128845 0.018114 0.00838724 -0.0255693 -0.0117094 -0.0193103 0.0153249 0.0097525 0.0123815 0.0141314 0.00714004 0.00512611 0.00801426 0.000607115 0.0156631 0.0158829 0.00425423 0.00806871 -0.00357259 0.0160833 0.0129186 0.0191519 0.011237 0.00624818 0.0098076 0.0124298 0.015227 0.00955342 0.0147103 -0.00986341 0.0223363 -0.00617689 -0.00752431 0.0132394
internal_weight=1475.22 1174.61 788.381 386.226 428.929 337.459 184.923 300.616 21.5651 163.358 90.8447 341.964 215.793 152.536 73.0633 359.453 234.635 44.036 72.513 58.2418 126.171 79.473 40.3723 194.124 41.9469 152.177 44.8941 48.7709 39.7349 235.923 101.411 80.4464 124.818 74.5821 66.7539 107.283 79.1579 21.6696 35.0878 19.9839 50.2354 19.6992 91.4696 48.9581 134.512 38.25 29.0273 42.5115 21.5286 36.9472 52.2913 71.1455 14.9499 56.1955 68.0615 20.6956 28.125 29.3066 39.7522 26.9932 21.2173 10.5037 15.1039 24.3177 58.1095 42.5613 20.9829 10.8507 96.2621 23.2422 33.872 37.9845 222.863 109.814 95.4536 113.049 92.2999 73.7002 14.3599 20.7494 23.1344 50.5657 34.0346 16.5311 84.0971 57.3382 25.7153 13.7407 26.5759 44.2955 35.9372 29.8287 19.4295 18.7985 11.884 55.8751 18.5998 27.6313 39.1007
internal_count=6440 5702 4627 1075 2643 2023 1010 738 117 893 509 976 629 1013 500 1984 1291 301 384 305 347 513 278 555 121 434 118 252 188 573 218 186 693 420 367 316 229 74 247 154 273 107 620 342 355 104 199 278 126 236 310 402 83 319 184 144 87 177 279 179 140 76 93 128 163 121 152 81 251 94 103 109 1227 633 545 594 481 389 88 113 126 263 185 78 487 339 124 73 186 246 209 163 98 104 74 160 92 201 235
is_linear=0
shrinkage=0.0158889


Tree=2
num_leaves=100
num_cat=0
split_feature=11 9 23 13 19 10 0 27 27 8 14 19 29 13 22 4 0 10 14 29 9 4 4 23 31 23 23 10 0 4 8 31 15 14 19 14 14 10 6 14 11 11 4 4 22 21 4 29 4 9 14 14 14 31 6 10 9 0 23 8 26 9 15 15 6 6 6 6 15 13 15 15 10 15 9 19 29 27 6 23 15 13 9 27 13 19 19 13 23 29 21 9 13 13 14 27 29 29 23
split_gain=531.612 65.0095 20.9191 20.7721 19.8634 17.8866 23.6545 14.36 19.4782 19.5325 14.2563 12.4338 18.7776 14.4714 12.0022 15.1553 14.1281 11.9492 16.7211 10.9134 11.5707 10.516 9.85703 18.3962 16.5439 12.2004 9.66906 9.41065 14.4033 14.8265 9.03759 9.16095 8.91282 8.80531 11.5501 8.67493 11.7127 11.7625 8.52295 8.27088 9.99928 7.78512 8.73914 7.18123 13.8086 15.8847 10.6535 9.15487 9.06874 9.02973 7.78955 7.1057 8.90588 6.99608 8.87081 7.24211 6.64866 6.44364 6.397 17.2798 9.14822 6.28909 6.22876 9.42337 10.2729 7.42034 11.2764 6.67481 6.35709 6.10818 6.03932 6.52308 5.51647 5.26717 5.07233 5.02885 7.50844 4.90047 4.88757 4.88625 4.77388 4.40947 4.30565 4.23592 4.11984 3.91774 14.699 3.90729 3.85723 3.79302 7.51972 3.7303 9.0026 6.11086 6.50778 5.68926 5.33962 6.76055 8.4441
threshold=0.018208595715930722 0.27499999999999875 -3.2352160877415885 0.033865305854565118 0.0082127962338445545 -0.13708333333333342 0.14218542973387652 0.0038421598611873002 0.0010422475848410608 18.500000000000004 -0.0003163107108544449 0.0033107399010209536 -238.31795629198845 0.0059972421150992919 1633.7500000000457 0.021823169915979681 -0.01418978408536231 0.27978888888888903 0.028451529728474468 -26.780541165181955 0.074999999999999969 0.010104992227085054 0.02500060882685794 -5.3241614962254182 1.5700000000000023 -3.995626159530302 -1.1025855616067195 -1.0000000180025095e-35 0.15144120860829383 0.01818596479792647 8.5000000000000018 1.0150000000000008 234616.50000000003 0.022929452855070174 0.0029341047882841024 0.023749402260571349 -0.0088859455448615215 1.2893500000000004 -0.00083714354550773462 -0.0047913422982475964 1.0000000180025095e-35 0.0019453584041075171 0.033328339494538624 0.033328339494538624 6811.0000000000082 1.1050000000000015 0.030669319014018582 -1332.3761171654362 0.024812553721535447 0.49999999999999989 0.0022313999151702684 0.014436342169113965 0.030503543247129703 0.59000000000000086 -0.036685202311323099 0.076568627450980281 1.2999999999999996 -0.13287882131108084 -3.6701788583839288 5.5000000000000009 0.0040666276594484305 0.15000000000000011 196301.00000000003 267917.00000000006 -0.029475436270308016 0.02121827073260019 0.070734144710241101 -0.0043341098761808796 216599.50000000003 0.018573516730427109 240417.00000000003 196301.00000000003 0.20000000000000026 205972.00000000003 0.39999999999999908 0.0047156278504481694 -102.44317606094818 -0.013696887581156001 0.0063970891247951975 -2.4865771654908078 187543.00000000003 0.064028062156935031 0.12500000000000069 -0.026403442848672961 0.0021049407658813028 0.0081499786008811092 0.0065690401954207065 0.010100629699627517 -2.4625043020149402 -318.15001989827977 -0.64499999999999946 0.099999999999999936 0.0094784949240652866 0.0063419498226359649 0.011110004347725579 0.01951857429274351 -196.5789660182331 -808.68020669031819 -4.0153868880533805
decision_type=8 10 10 10 2 2 2 2 2 2 10 2 10 8 10 10 2 2 10 10 10 10 10 10 2 8 10 2 2 10 2 2 2 10 2 10 10 2 8 10 8 10 10 10 10 2 10 10 10 10 10 10 10 2 10 2 10 2 10 2 2 10 2 2 10 8 8 8 2 10 2 2 2 2 10 2 10 2 10 10 2 10 10 2 8 2 2 8 10 10 2 10 10 10 8 2 10 10 10
left_child=1 3 33 4 17 6 -4 8 9 85 38 12 21 -14 15 16 79 22 35 20 -5 -7 27 -24 39 -26 43 -1 32 -30 31 -23 91 62 -35 36 -19 70 -9 77 73 42 58 46 45 -45 47 50 -49 -46 -16 -43 -53 54 -34 -55 -8 -21 89 -60 78 -27 80 67 -65 -66 -67 68 -64 -17 71 -38 -6 -41 -32 76 -57 -25 -61 -13 -3 -59 -31 -51 -18 86 -2 -39 -15 -22 -91 92 -29 96 -95 -96 97 -93 -99
right_child=7 2 5 19 72 11 56 10 -10 -11 -12 14 13 88 26 69 84 18 -20 57 41 30 23 24 25 61 -28 28 29 82 74 -33 53 34 -36 -37 37 87 -40 40 -42 51 -44 44 49 -47 -48 48 -50 83 -52 52 -54 55 -56 75 -58 81 59 60 -62 -63 63 64 65 66 -68 -69 -70 -71 -72 -73 -74 -75 -76 -77 -78 -79 -80 -81 -82 -83 -84 -85 -86 -87 -88 -89 -90 90 -92 93 -94 94 95 -97 -98 98 -100
leaf_value=0.021233485692223442 -0.022575706081866223 0.0059818111169005145 -0.018558029595977191 0.029521306274251931 0.020819081133835016 -0.0077694607601558018 0.020554125695592437 -0.022635883990938972 -0.00063891833916125879 0.00042277510508361641 -0.026635273780709671 -0.001321100142051872 -0.021519984141778865 -0.0050430006697759315 -0.0058145414487761954 -0.019489976402703814 0.015054689749858342 0.019064057301165137 -0.016500105923252784 0.014016849311968605 0.029633873385430602 -0.0084640491204807412 0.015822417466600357 -0.006734714347820186 -0.0063977315475529208 0.025704256251083892 0.01696694019670086 0.014905562882877695 -0.016045230696691556 0.014649196239347208 0.0059667164411549853 0.013704632516534343 -0.0028441596736782917 0.0087381622589432217 -0.01188854306916166 0.014272312526552646 -0.0068263378866981229 0.015781052042515297 -0.0051475838868265279 -0.019497654290025767 0.014078570257326242 -0.0054070148760242843 0.005478694891530419 0.017253345053651729 0.0063750404653816917 -0.0068274517604684001 -0.026278098092951112 -0.015199596542836929 0.0059605083533083329 -0.007156772173025348 0.01753233416943361 0.018834952602693092 0.0014363980458084542 0.011647085114682197 0.021095909312687896 0.012237773462115915 0.0032776716790902916 -0.0075228199620026026 -0.0037459819471081092 0.00082315000551320527 0.026879995634461522 0.0066815809570163198 -0.00503842744267611 0.018952440073290958 -0.0099840195172085887 0.020281085280407424 -0.005153025842686872 0.018535391740122007 0.012706800555664475 -0.0010323337115695868 -0.012916748812489795 0.010933742854348836 0.0055494629655044861 -0.00057480033754436408 0.024175010040058769 -0.014821283077290394 -0.0076318520248454206 -0.024604466636640447 0.017867659437056326 -0.019632147431264662 -0.011087890069637438 0.006625990572573388 -0.0007339422451861534 -0.025461851478744767 -0.00052609202643553944 -0.028400006743358779 -0.0018403642531280096 0.00060752657143694241 0.014301653945859735 0.0075246682024611676 0.02330919551551915 0.018154346770991842 -0.010949225172269076 0.02339715604100491 0.015918346069505415 0.0023275444332459872 0.016944401217518178 0.010399681918030141 -0.0083731237211629259
leaf_weight=14.95070720091462 51.633829180151224 9.2213670983910543 5.8280927911400786 12.486698176711796 30.558958429843187 8.0836709700524789 18.536449863575402 13.148172445595263 17.903488099575043 11.621505193412302 104.90948401205242 6.0283475639298585 11.287483308464287 4.7265168204903603 6.6861053109168989 34.059238206595182 8.5699197947978956 7.242933638393878 11.631717704236506 11.196748428046702 12.956351414322851 8.3808748219162243 20.22465692833066 8.1826567351818102 9.5906546823680383 7.7127954363822999 5.7514464110136023 7.3251016139984113 11.095044136047365 8.4331652969121951 6.1155709475278881 9.2671309504657966 5.7454754412174251 12.274199657142164 14.016801379621027 14.506771903485058 14.202873354777696 9.3419497665017825 15.597387894988062 5.8878161162138012 6.5557860732078543 8.4122548401355726 18.790566198527813 17.442044183611873 6.2863837108016041 10.726372320204971 6.1162403970956793 19.506213691085581 6.4302532300353041 7.7676980718970308 6.6151626892387867 15.494165957905354 14.128668129444121 9.7415054813027364 10.543677281588314 7.4401404634118107 8.4628655873239023 10.770436637103559 11.47089536115527 8.3526507318019885 16.526096785441041 10.809267297387121 7.2608380801975754 7.683330036699771 12.63657484203577 7.0458992309868345 9.8296177200973034 31.113458657637239 14.321222655475138 5.3661282882094374 18.195130471140146 7.4376447089016429 8.2143890112638456 8.8975521512329561 13.662098031491039 7.0963527224957934 11.252731639891865 8.3057080982252938 8.3240164853632432 9.5421954616904241 6.5113813243806353 10.237686112523077 9.0721092186868173 5.9811771325767014 7.8193701244890716 19.21877749171108 10.552404925227163 7.7545054033398655 4.5281819403171557 12.167952012270687 24.994069831445813 6.4577494226396075 5.3467606939375401 22.902767982333902 29.38069973140955 10.96135441213846 12.515239071100948 10.710365012288095 12.354999698698522
leaf_count=69 175 53 49 42 166 41 103 43 51 35 362 65 77 49 50 243 52 37 91 53 41 47 53 45 41 23 26 44 42 29 52 56 38 66 84 69 63 68 37 35 28 33 69 96 50 87 29 145 57 59 27 90 55 44 72 61 54 46 48 35 59 71 51 50 84 51 61 159 73 48 93 47 28 48 64 30 47 47 36 93 50 41 46 26 62 67 37 39 25 46 88 38 43 116 165 58 65 49 89
internal_value=0.000714035 0.00573285 0.000740329 0.00893567 0.00695443 -0.00179544 0.00908456 -0.0203058 -0.0158803 -0.0187837 -0.0238844 -0.0033263 0.00250431 -0.00990357 -0.00558683 -0.0105298 -0.00230083 0.00585398 0.000773998 0.0132227 0.0148823 0.0081755 0.00737916 0.00280728 -0.00128566 0.00783806 -0.00198464 0.00920962 0.00823726 -0.00213764 0.0117053 0.00321467 0.00998988 0.0059109 -0.00225743 0.00344393 0.000874151 -0.00160989 -0.0134752 -0.00809821 -0.00142652 0.0135577 0.0156525 -0.00325977 0.00100214 0.00811345 -0.00775477 -0.00448945 -0.00991473 -0.00891102 0.00601766 0.00713615 0.0107553 0.00440773 0.012822 0.000380443 0.015355 0.00462695 0.0176145 0.0128792 0.0186037 0.0152085 0.00795093 0.00955614 0.00333275 -0.00102001 0.00577447 0.0138482 0.00673628 -0.0170472 -0.00633072 -0.000561667 0.017737 -0.00862901 0.0189254 -0.00402633 0.000384961 -0.0163351 0.0096997 -0.0129006 -0.00119922 -0.000608332 0.00689162 -0.0159147 0.00783785 -0.0215153 -0.0191193 0.00919358 0.00466567 0.0216152 0.0183644 0.0124015 0.00395031 0.0133841 0.0165354 0.0123309 0.00845808 0.00456707 0.000363144
internal_weight=1270.96 1026.38 401.488 624.889 428.58 269.573 32.8274 244.585 110.93 93.0265 133.655 236.746 66.0515 20.5422 170.694 71.3852 31.9598 389.806 90.3135 196.309 164.104 45.5093 299.493 86.1669 65.9422 28.1127 99.3091 213.326 198.375 28.6003 37.4257 17.648 169.775 131.915 26.291 78.6818 64.175 56.9321 28.7456 37.8295 21.3412 151.618 113.583 93.5577 48.2037 28.1684 45.354 39.2377 25.9365 20.0353 13.3013 38.0351 29.6228 51.8199 16.2892 35.5307 26.9993 32.2049 94.792 44.6737 33.2028 18.5221 105.624 89.8909 37.1954 29.5121 16.8755 52.6955 21.5821 39.4254 39.8356 21.6405 38.7733 14.7854 19.7777 25.7892 18.6929 16.4884 16.6767 15.5705 15.7327 21.0081 17.5053 13.7489 16.3893 81.405 62.1862 17.0965 9.2547 50.1184 37.162 117.955 12.6719 105.283 63.2448 40.3421 42.0384 29.5231 23.0654
internal_count=6440 5633 2614 3019 2237 1832 206 807 365 314 442 1626 411 151 1215 563 272 2043 507 782 642 260 1536 391 338 135 652 1145 1076 117 219 103 959 782 150 416 347 310 80 203 111 600 422 626 318 183 308 279 202 135 77 178 145 292 110 182 157 140 353 178 130 94 632 529 246 196 112 283 124 291 203 110 194 83 116 138 108 92 71 158 103 87 75 85 114 279 212 107 74 175 134 667 87 580 339 223 241 176 138
is_linear=0
shrinkage=0.0158889


Tree=3
num_leaves=100
num_cat=0
split_feature=16 12 32 4 0 4 13 2 12 15 0 12 15 8 25 8 13 0 3 19 5 31 2 4 27 13 31 27 32 1 31 15 13 19 5 0 6 8 2 4 31 6 13 15 8 1 5 27 13 25 4 13 6 3 6 1 15 6 4 8 25 1 31 12 6 2 0 15 5 8 12 12 16 25 4 5 0 12 0 12 31 1 27 2 12 32 25 15 1 12 19 27 5 0 16 5 31 2 5
split_gain=421.614 49.9121 20.739 17.9437 16.6892 16.4832 16.0762 14.9408 14.7168 13.652 12.6603 14.4336 19.1283 14.8471 12.6481 12.6207 23.3711 17.7041 12.9004 11.6018 16.4581 13.9672 10.884 10.7815 11.4854 11.3385 17.3586 12.2497 11.656 11.9351 10.6603 11.1833 10.3036 9.36164 11.1359 10.0488 8.96705 8.94047 8.64955 10.5059 9.32206 11.7049 14.213 9.61514 8.64298 9.09438 8.0903 8.02333 8.01579 7.9314 11.5546 7.89161 7.76526 7.71966 15.3497 12.6424 7.54114 11.4485 16.9532 16.8204 7.45298 7.26138 6.76305 11.4941 12.764 6.89614 11.007 6.45723 6.33836 5.7876 6.94136 7.23874 8.18084 6.49188 5.51405 5.41095 5.24918 5.1983 5.16693 5.1152 4.86783 4.79863 6.43848 6.00929 9.84968 10.3349 6.97026 6.79758 6.09582 4.96336 11.664 4.68637 4.64927 4.3872 6.33383 4.91892 4.29623 4.13937 6.08844
threshold=575.27891308876747 0.008028932773075587 -1.4025482060866954 0.017477626319305387 0.95058476230558553 0.011194856080151092 0.0092345426661327393 1.2173074982638787 0.0059934239218736472 185894.00000000003 0.15405811195445909 0.013317223330034047 323981.00000000006 10.500000000000002 0.026487340001435381 2.5000000000000004 0.022571381834778668 -0.13287882131108084 0.14538854118707148 0.0059322461897724889 0.77976190476190488 1.514999999999999 1.1482884532870281 0.024108750595582405 -0.050882336001988042 -0.0083990318123262023 1.2100000000000002 -0.0029615915560698976 1.1394558481960442 0.063991880200731779 1.7449999999999994 219172.50000000003 0.00044678091208607803 0.0045146081911883011 0.90674603174603186 0.18954820936639119 -0.010921330094744939 3.5000000000000004 0.89272884902222793 0.029330691368080104 0.28500000000000197 0.02354481183621682 -0.0036350795582439609 266769.50000000006 9.5000000000000018 -0.07637935462781352 0.45436507936507942 -0.046414484582265651 -1.0000000180025095e-35 -0.061886027020698779 0.027258436522163258 -0.01429088477595541 -0.0049609359500872299 -0.049448328819196079 -0.042714307499362329 -0.025076612163515529 423240.50000000006 0.039535181376817226 0.035935883444439265 9.5000000000000018 -1.0000000180025095e-35 -0.21675593704569293 1.4300000000000008 0.0075057799021156285 -0.010921330094744939 1.0072874085422929 -0.12147590005055557 240417.00000000003 0.42261904761904767 18.500000000000004 0.0032186976400007256 0.0060401430578676113 149.75593504177976 0.026179246097282397 0.015013351477930302 0.63293650793650802 -0.027387520853209831 0.010195250718416196 0.38182108050044566 0.01122664994990877 0.40500000000000119 -0.13157973031952527 0.030794465975474531 1.1946568182033301 0.0021033498874001148 -1.2559635906210831 0.02998552902608698 183610.50000000003 -0.087861397718374964 0.0046593057943975892 0.0027655274254577019 -0.024764591598828097 0.62103174603174616 -0.26099342730440284 165.87305891649723 0.21230158730158732 -0.10000000000000052 1.2173074982638787 0.077380952380952397
decision_type=8 10 2 8 2 10 10 2 10 2 2 10 2 2 2 2 10 2 2 2 2 2 2 10 2 10 2 2 2 2 2 2 10 2 2 2 8 2 2 10 2 10 10 2 2 2 2 2 10 2 10 10 10 2 10 2 2 10 10 2 2 2 2 8 8 2 2 2 2 2 10 10 10 2 8 2 2 10 2 10 2 2 2 2 10 2 2 2 2 10 2 2 2 2 10 2 2 2 2
left_child=1 6 93 10 23 -2 8 9 19 -7 11 12 30 -13 -14 16 -8 -18 33 38 51 -22 49 53 -25 27 28 -26 29 44 31 96 -15 34 35 61 -33 -28 -1 40 -40 42 74 52 45 -27 -19 -23 -32 -10 62 -21 -44 -5 -55 -56 57 58 -11 -59 -46 -17 65 64 -64 -51 -67 78 -57 70 -35 72 -72 -74 -42 -52 -62 -31 -41 -12 -38 82 -63 84 -83 86 -86 -87 -89 97 -91 -77 -53 -3 -95 -96 -4 -85 -99
right_child=5 2 3 4 -6 7 15 -9 22 56 79 13 14 32 -16 18 17 46 -20 20 21 47 -24 24 25 26 37 -29 -30 77 48 36 -34 69 -36 -37 80 -39 39 67 41 -43 43 -45 60 -47 -48 -49 -50 50 75 92 -54 54 55 68 -58 59 -60 -61 76 81 63 -65 -66 66 -68 -69 -70 -71 71 -73 73 -75 -76 91 -78 -79 -80 -81 -82 83 -84 89 85 87 -88 88 -90 90 -92 -93 -94 94 95 -97 -98 98 -100
leaf_value=0.019837675293965316 -0.027265093982640407 -0.022970923267950267 0.006487845915832984 -0.018166961028026174 0.017250525080995404 -0.0065453455869817594 -0.015589060154011505 -0.0026011820055262128 0.017561989373562799 -0.025039024673927705 0.00867339558845087 -0.018918399555031523 -0.01842825317868145 0.018396558498805522 0.011385936125735569 -0.0013830346180692778 0.021517419713222644 -0.0073531412278423081 -0.0082318368496185988 0.027033450415409221 0.018822799916809529 0.0089565025792892519 -0.016809221248705125 -0.018178667597686424 0.017263393249371626 0.0073813191027588265 0.0044223546300301772 -0.0083300261974298389 -0.010855968403410288 0.0053577306860374705 0.0097900577611945948 0.018189251234342566 -0.0076918657378676897 0.019460660772044731 -0.0084932418466608008 -0.0056267513978183713 -0.0084262297979681641 -0.01582826102105905 0.0225619281120552 -0.015300513780946738 -0.020248932649868635 0.015751846854697993 0.020887952369959401 -0.009784851379759249 0.025747018630526589 -0.013856108512355395 0.011129719513364418 -0.010352504020699191 -0.016013362765402817 0.024553945119871211 0.0033945309009570054 0.0043773168109242358 0.0019397008986828063 0.017880460966074853 0.0060638843810945781 -0.0040459318510594105 -0.027374070778452192 0.00042789482086882697 -0.0034075886204187043 -0.023591648676547672 0.014892497554377524 0.024443873922865393 0.0097927534526278896 0.016924002288537795 -0.015795045672955983 0.020441634537382538 -0.0091762353372649586 0.0052960441809579654 -0.021885908559195016 0.027414774843767604 -0.0049486099100859351 0.01868658978466704 0.018112742919141146 -0.00021455687040892706 -0.0016038578046133293 -0.00056239332507156798 -0.0087300327110401074 0.02597586305901611 0.00032101701450203813 0.0276459866465051 0.0077558236810188284 -0.0011362878547354542 0.0079843444459493252 0.02552263847324724 -0.00790210162564727 0.00034440463096969211 0.011361776557717938 0.0024564600375622065 0.019187861604157083 0.01919909502898582 -0.0057390105732572022 -0.01801051767437414 0.01963231966870874 -0.022417587838131813 -0.011031138981798272 0.0088490651040482159 0.025108197579982845 0.00071353249720401842 0.018325209795762992
leaf_weight=7.8020773567259303 49.113245274871588 7.9472784996032741 4.4043169729411558 15.007202634587882 10.563980326056479 22.647179517894983 12.360001131892203 17.698864651843905 6.4998388215899459 55.205481514334679 7.5548387058079234 11.508269034326078 9.854959359392522 6.6847314164042455 4.9332532696425906 10.233478724956511 15.970261380076407 14.217626567929985 7.7152222972363225 18.479334615170956 10.235099600628017 8.1105671226978284 8.4594278559088689 7.6634878106415263 17.787127357907597 8.2677598521113413 6.8246063254773643 5.8930357350036493 10.764614011161028 5.2602710854262105 5.6929358094930649 10.792249506339429 7.453585609793663 40.222068127244711 7.4396536871790877 8.6609979905188066 8.2916228212416225 22.952477812767029 7.5579832084476939 13.121580738574268 8.2182140685617853 15.89775328338146 10.891901291906832 6.2555934675037852 4.8623659089207569 11.407994324341415 9.3946269713342172 13.810257095843555 5.2505169901996833 6.4493079148232964 6.6901863776147392 10.743452433496715 10.795270983129749 5.767072692513465 9.3505639694631082 8.3379899077117496 30.564857257530093 18.114238859154288 11.272048711776732 11.700655136257408 3.6194460876285941 17.02835297212005 7.274936942383647 6.5807361826300612 12.64059559628368 5.1369418520480403 6.4594075139611933 11.19641003757715 13.89731467142701 10.500167705118654 11.448958158493044 16.262684654444456 12.868675187230112 7.524005275219678 7.6678298972547063 5.6333881206810519 4.7800397239625596 8.9170189369469863 8.588975999504326 8.3046230971813184 9.2947745695710164 20.911468811333179 10.554496783763168 13.781691711395977 10.019122328609223 7.3799361363053384 7.9319464825093737 6.687350295484058 39.778301251120872 9.5695389173924941 8.3790321201086027 12.765324406325814 9.9727565199136716 4.7609157040715244 5.8100166842341405 5.5222471281886101 20.222317278385169 6.7803504839539555 19.114190805703402
leaf_count=32 200 58 47 130 67 66 84 57 46 193 38 106 71 33 45 53 60 59 32 60 55 49 62 62 123 34 58 35 71 28 39 79 64 120 31 47 51 189 29 58 24 80 66 38 45 70 45 91 33 43 55 56 54 50 52 64 127 57 41 51 39 110 60 37 77 42 51 53 84 65 83 102 69 30 50 51 46 65 35 37 53 71 42 41 50 39 36 30 258 71 62 76 43 37 39 58 158 31 96
internal_value=0.000939138 0.00548779 0.000443943 0.001586 -0.00155931 -0.0190535 0.00810935 -0.0165463 0.00510256 -0.0181758 0.00633324 0.00425398 0.00761662 -0.00598342 -0.00838643 0.0102831 0.00297541 0.00893771 0.0114943 0.007672 0.012628 0.00406136 -0.000354342 -0.00278022 -0.000120143 0.00121122 -0.00143558 0.0108201 0.00362871 0.00704827 0.0113714 0.0142924 0.00485737 0.0120141 0.0100042 0.0107308 0.00722016 -0.0111721 0.00433886 0.00301173 0.00659366 0.00435258 4.28065e-05 0.00683823 0.00167068 -0.00495021 7.28312e-05 -0.00313245 -0.0027337 0.00158722 -3.71924e-05 0.0194689 0.0117979 -0.00874271 -0.00470648 -0.00911312 -0.0202056 -0.0177638 -0.0214452 -0.00926716 0.0113188 0.0115029 0.00479534 -0.000335958 -0.00640602 0.0121224 0.00426669 -0.00428118 -0.0155126 0.0160741 0.0145379 0.0102149 0.00559618 0.0115156 -0.0116826 -0.00854846 0.00170748 0.0189096 -0.0092565 0.019309 6.69433e-05 0.0122496 0.01848 0.0110315 0.00841183 0.0111869 0.000673248 0.0146336 0.0168563 0.0151017 0.0077222 -0.0128913 0.0121051 -0.0135664 -0.00820827 -0.00133769 0.022042 0.0182555 0.0138602
internal_weight=1169.19 952.877 326.208 302.167 181.924 216.317 626.669 167.203 263.935 149.504 120.243 104.384 78.7369 25.6466 14.7882 362.734 51.9425 39.5825 310.792 179.345 71.3515 32.1559 84.5901 171.36 119 111.337 87.6566 23.6802 57.8795 47.1149 63.9487 53.0053 14.1383 303.076 204.25 196.81 28.3786 29.7771 107.994 100.192 67.2845 59.7266 43.8288 27.9428 32.9376 19.6758 23.6123 21.9208 10.9435 76.1307 69.6308 39.1955 21.6872 52.3601 37.3529 31.5859 126.857 96.2924 66.4775 29.8149 13.2619 188.149 44.5419 26.4963 19.9155 18.0457 11.5963 32.907 22.2353 98.8266 88.3264 48.1043 31.8416 20.3927 15.886 25.0889 8.39949 14.1773 21.7106 15.8595 17.5864 177.916 27.5828 150.333 92.7081 71.7967 17.9511 53.8456 46.4657 57.6248 17.9486 18.3987 20.7162 24.0405 16.0932 11.3323 24.6266 39.6762 25.8945
internal_count=6440 5648 2358 2166 1312 792 3290 592 1473 535 854 779 576 203 116 1817 248 164 1569 873 354 195 600 1245 865 803 645 158 398 327 460 388 97 1537 1068 1037 183 247 519 487 341 312 232 158 234 104 104 140 72 538 492 159 120 380 250 200 469 342 234 108 130 990 310 174 137 136 93 146 148 469 404 284 182 99 74 182 85 93 93 75 104 937 152 785 484 413 86 327 288 301 133 127 99 192 134 97 205 168 127
is_linear=0
shrinkage=0.0158889


Tree=4
num_leaves=100
num_cat=0
split_feature=30 28 12 28 26 0 19 19 5 30 19 21 0 23 21 28 13 6 31 21 2 0 0 17 31 0 2 17 21 21 6 18 19 13 23 5 18 18 23 5 27 26 6 2 5 26 6 5 18 23 0 17 9 6 2 9 18 31 26 30 21 23 18 21 21 9 27 9 0 6 18 19 23 19 18 18 13 13 31 27 23 2 27 30 30 9 23 27 2 13 23 23 6 18 9 19 18 28 6
split_gain=383.995 51.6699 38.5986 20.7823 19.7812 19.4347 17.8135 18.8027 16.5544 15.3474 15.0518 19.7024 15.4778 14.9125 12.36 11.6306 18.8536 14.301 11.2772 11.2231 15.1827 10.3872 10.2991 11.1263 9.96492 13.5633 14.4549 9.95827 9.63635 18.0517 9.47072 8.41929 11.4749 9.04412 10.5752 8.28045 8.85993 8.09822 8.03712 7.68556 7.68276 7.67773 7.62847 7.47811 7.31612 7.31281 9.35773 10.4587 7.30087 7.27064 10.7497 9.78595 7.74292 8.71728 7.69762 7.24609 11.0219 7.43398 7.15836 11.0691 12.3179 6.77171 6.58802 6.38224 6.65057 7.55427 9.49723 6.77977 7.16981 10.5926 9.90265 14.4646 8.07511 9.92431 23.3325 6.60171 6.20135 7.9866 9.78088 6.18878 6.10024 9.60569 6.88256 6.79878 6.01505 5.73315 8.39997 5.52517 5.50773 5.38912 5.2349 4.87714 4.34109 5.6847 4.39663 4.20976 4.15693 3.86545 3.81495
threshold=94.34299262488463 -535.11301893080622 0.009496221904259243 -252.36854876617272 0.01069164487247032 -0.040539144779809071 0.0029224453607410252 0.0030717104608278434 0.86309523809523825 68.094899414056428 0.0051285263084590573 1.0850000000000011 0.95058476230558553 -1.1025855616067195 0.72999999999999876 -710.61128669454149 1.0000000180025095e-35 -0.020288719006982311 0.38500000000000162 0.5650000000000005 1.0382957031840456 0.30032858472727669 0.61027250163586211 0.11717213305940911 2.4550000000000005 0.10346640937645292 1.0252915314806981 -0.050485842779137306 -0.98499999999999932 -0.71000000000000074 -0.046245721741351047 0.003406501843885126 0.0069106982956307446 0.00083017025444361188 -2.5557173941544837 0.93452380952380965 0.00057056465931750952 0.0022551788713719907 -1.5251097051797571 0.73214285714285721 0.017314357918536642 0.00068171097947400405 0.047545338101325892 1.14275916127768 0.057539682539682543 -0.010123729629921139 0.072580039710713709 0.70039682539682546 0.0043987273619475057 -2.5240266717685222 -0.094028158545920601 0.019559573324029692 0.20000000000000015 0.013211101487138667 1.1267867233003974 0.17499999999999985 0.0011481910276051157 1.7950000000000019 0.0022210468727251746 124.78554542550499 -1.0000000180025095e-35 -5.3727824473046395 0.0010509725597505732 -1.9400000000000011 0.35000000000000059 0.14999999999999999 0.0030440666809229415 0.074999999999999969 -0.13287882131108084 -0.016767701205044002 -0.0012002453053329683 0.0030483782271039316 -4.9035338392888184 0.0053325423396446388 0.00032504201387111682 0.0018107935300220761 0.048092017527342122 0.016390388469235385 0.72499999999999976 0.020134910743762394 -3.6291869279918934 1.0174358286089435 -0.022695408228673105 46.056423257052181 66.527108672379285 0.14999999999999999 -3.3990008791929269 -0.013211562896838057 1.0425099783148435 0.0291425248282518 -2.1539600758975666 -2.8064550662611132 -0.016236018057902975 -8.0826276967030014e-05 0.30000000000000054 0.0044623193355968925 0.00054806916807593391 -1363.9237152555954 -0.036178532398592082
decision_type=8 8 10 10 2 2 2 2 2 10 2 2 2 8 2 10 10 10 2 2 2 2 2 10 2 2 2 8 2 2 10 2 2 10 10 2 2 2 8 2 2 2 8 2 2 2 10 2 2 10 2 10 10 8 2 10 2 2 2 10 2 10 2 2 2 10 2 10 2 10 2 2 10 2 2 2 10 10 2 2 10 2 2 10 10 10 10 2 2 10 10 8 10 2 10 2 2 10 8
left_child=2 4 3 9 8 41 -3 -8 15 22 11 19 13 21 18 16 -2 -17 40 20 38 31 23 44 25 87 42 -16 -18 -30 96 32 -12 34 -34 36 -24 -26 -4 -29 -11 -5 -27 -43 -1 61 63 -48 55 51 -51 52 -22 54 -54 -32 57 92 59 60 -31 -46 -6 -47 67 75 -67 89 69 79 -71 -72 73 74 -70 -66 77 85 -79 -69 81 82 -63 -82 -21 86 -74 -9 -35 -65 -10 -62 -57 94 -94 -60 -20 -59 -33
right_child=1 6 10 5 62 -7 7 24 90 14 12 -13 -14 -15 27 17 28 -19 30 84 49 -23 35 -25 37 26 -28 39 29 58 48 98 33 88 -36 -37 -38 -39 -40 -41 -42 43 -44 -45 45 46 47 -49 -50 50 -52 -53 53 -55 -56 56 -58 97 95 -61 91 80 -64 64 65 66 -68 68 72 70 71 -73 76 -75 -76 -77 -78 78 -80 -81 83 -83 -84 -85 -86 -87 -88 -89 -90 -91 -92 -93 93 -95 -96 -97 -98 -99 -100
leaf_value=0.020313070247198511 -0.021644678519768711 -0.026546156922300536 0.019947120284554122 0.016789284038192784 -0.025466090744734278 -0.016114146430740932 0.0048670475271948704 -0.012185984546949698 0.0022782419476913844 0.021618963943092932 -0.01861225961608113 0.021176031840145021 0.016792488989769535 0.019307850798915706 -0.019754604533022545 0.019652561591603692 -0.018298785304744596 -0.011269965928272778 -0.013078589375276499 -0.00016877268832877614 0.016708942825658071 -0.020261387910217626 -0.019216551285237964 0.025343955932322644 -0.0148958786753176 -0.026496718585558323 0.0010934165241621217 0.0089098270579425539 0.02516305977839204 0.011437007215179124 -0.0060871995598620714 0.024249334621358629 0.02534754191367012 -0.023011745520177831 -0.0041079188933553241 0.011562463021175218 0.007524514264971598 0.0022778835484070161 -0.002483851076741774 -0.0089185789332807391 -0.0010848986689134391 0.0097658058754944415 -0.0070508636984026735 -0.0087604162768058387 0.025004859928960531 0.017716401678572514 0.0079335200082036664 -0.015280764492730654 -0.0087398919234637582 -0.015410604000841857 0.0053253399239705729 -0.01216388437318879 0.008130328522098787 0.013422417678867158 -0.015955547531226098 0.0088453306691287179 0.021357987405009125 0.0029002093433015603 -0.023872515322313635 0.01274591565342236 -0.0026495245013873799 0.0089518418370818347 -0.0036764864246337636 0.0075306488759475237 0.024296481810326797 -0.0028660987164335094 0.016836622063157419 0.013716717423855348 -0.015786416120236096 0.013119320454503071 0.0056848402518620894 -0.018021368552563175 0.016706052909682554 0.01485982121791104 0.014039181540705934 0.0068629213415209982 0.020398912236276514 0.013220307626505414 -0.0068358911137399005 -0.0015874762762303055 0.026821145811906477 0.021413689871341429 -0.012847493745474907 0.0054198831604270825 -0.024182544310053664 0.019217941822062899 -0.0060650149881791545 -0.026505846991890816 0.0019185895843377419 0.027134775695802721 0.022980422275258094 -0.018634661747685195 -0.0087785496985359306 -0.020433991329415858 0.014555698746233326 -0.0030258549832193212 0.0027244579303309434 0.02359763515408873 5.5725435383250251e-05
leaf_weight=23.28777739033103 17.752267295494676 53.623984414618462 17.022011803463101 10.248244229704143 14.204218398779632 14.13477787747979 10.270392035134135 9.881065132096408 5.7286523729562759 19.350625559687618 14.816854640841482 14.747981835156677 6.7874837554991236 4.2541839368641368 6.6755466014146805 8.975294064730404 8.5485771223902685 5.6818325314670792 8.4606748074293119 4.8228483088314515 13.175590086728333 16.276162203401327 6.7157719843089598 15.466556483879684 18.510671723634008 13.864509873092175 13.846947345882652 13.878899488598114 5.4600033238530079 7.0092977732419888 6.0241499692201605 2.4301250036805868 4.73221885412931 4.6038158889859897 6.8401892408728662 9.2005012314766628 4.9582995772361755 10.555824758484958 5.004981865175071 9.9208606965839845 4.5057006087154141 10.131364379078152 8.9047689363360405 10.641474343836306 16.567317306995392 30.278344294056296 12.900358514860274 7.0636413097381583 5.5216854549944392 14.559950038790705 10.326015172526239 7.2827714532613745 4.9637289568781906 8.429722964763636 7.9655020777136087 6.4833328519016513 17.999092534184456 3.9384148456156254 5.591922100633381 10.553161783143876 8.4617499858140928 6.8509527184069166 4.9794361535459748 7.2446756698191157 22.881645333021883 11.146751504391434 12.699923763051627 23.699317809194326 13.71792781725526 6.7508760504424563 11.061814391985537 14.276065193116663 8.288427382707594 12.657074801623819 11.686615355312822 8.0952399708330613 19.9635298717767 10.872014269232752 12.57103883102536 8.9375172667205316 10.385717473924162 6.1094309017062178 6.5417388342320928 6.3742906861007205 5.3406619988381863 23.649601953104138 7.0551880374550811 50.356717970222235 3.6879397258162498 8.0712005943059904 6.6621088050305826 11.685952726751585 3.8449038360267869 4.0816732123494193 3.1332113202661276 4.4872243776917458 7.3966463580727568 5.8093191161751729 3.6870291363447896
leaf_count=127 142 258 116 37 88 66 21 37 38 143 147 103 42 15 64 43 84 54 60 40 97 121 49 68 74 55 48 113 19 37 50 23 37 37 58 43 35 35 25 75 55 34 33 41 59 162 68 35 28 126 81 60 51 38 84 41 99 40 54 66 48 30 62 43 92 67 75 103 69 48 59 68 56 46 57 42 86 59 60 48 44 39 42 52 38 153 29 227 52 28 37 90 38 32 36 28 63 54 61
internal_value=0.00127042 -0.0134787 0.00730693 0.00927689 -0.00553622 -0.00105657 -0.0187037 -0.0155054 -0.00280307 0.0101343 0.000897044 0.0044313 -0.00497761 -0.00754018 0.00525198 -0.00509875 -0.00749711 0.00765602 0.00802622 0.00181209 0.00365462 -0.00973721 0.0116065 0.0121775 -0.0171873 -0.0196503 -0.0116851 -0.00350309 -0.00324929 -0.000639873 0.00482505 -0.00528444 -0.00833482 -0.000309353 0.00856417 0.000677186 -0.00800404 -0.00872177 0.0148958 0.00141635 0.0173879 0.00596685 -0.0193047 0.000268868 0.0116023 0.0110006 0.0100112 -0.00046407 0.00784347 -0.000151564 -0.00686308 0.00387053 0.00742327 0.00135928 -0.00671623 0.00972214 0.0118915 0.00529187 -0.00388406 -0.000603364 -0.00598045 0.0165302 -0.0201316 0.0107449 0.00987505 0.0148243 0.00776334 0.0084774 0.00758207 0.00326052 -0.00318465 -0.00776047 0.0098707 0.00371533 -0.00203585 0.0199828 0.012658 0.00999762 0.00254179 0.00955648 0.0122878 0.00591178 -0.00175137 0.0191984 -0.0135057 0.0143555 0.00636961 -0.0243144 -0.0124944 0.0185512 0.014018 -0.0122285 -0.000947753 -0.00690339 0.00195353 -0.0153585 -0.00584613 0.0159643 0.0110992
internal_weight=1087.56 315.597 771.966 590.208 125.782 45.1559 189.815 136.191 106.598 545.052 181.758 113.642 68.116 61.3285 127.025 94.2073 79.5502 14.6571 96.5494 98.8938 88.7303 57.0743 418.027 397.153 125.921 96.854 36.6162 30.4753 61.7979 53.2493 72.6931 40.7982 34.681 19.8642 11.5724 20.8746 11.6741 29.0665 22.027 23.7998 23.8563 31.0211 22.7693 20.7728 381.686 358.398 305.569 19.964 56.8358 66.7033 24.886 41.8173 34.5345 21.359 12.9292 51.3141 45.2899 27.2909 47.7893 37.7102 27.157 52.8294 19.1837 285.605 255.326 54.8236 23.8467 200.503 185.187 64.7256 32.0888 25.3379 120.461 38.0616 25.4045 30.9769 82.3998 62.4363 23.4431 32.6368 36.2621 19.5021 13.3927 16.76 10.1635 38.9932 15.3436 60.2378 8.29176 15.3159 12.3908 20.1477 17.5431 11.0598 6.97812 10.0791 15.8573 9.74773 6.11715
internal_count=6440 1678 4762 3310 890 178 788 530 740 3132 1452 859 593 551 991 665 568 97 739 756 678 536 2141 2014 509 400 136 252 426 342 541 415 331 184 95 127 84 109 141 188 198 112 88 75 1946 1819 1553 103 418 537 207 330 270 173 135 390 340 241 323 241 175 266 150 1450 1288 276 142 1012 941 326 175 127 615 172 126 134 443 357 119 151 207 111 72 96 78 238 85 264 89 71 75 138 147 106 74 82 123 94 84
is_linear=0
shrinkage=0.0158889


Tree=5
num_leaves=100
num_cat=0
split_feature=11 12 11 20 14 1 26 4 4 6 0 20 24 10 2 0 24 13 27 4 15 20 5 6 15 25 14 0 10 5 13 24 5 13 1 25 0 24 24 13 27 24 0 12 11 13 1 1 20 12 5 12 27 12 0 14 5 12 25 12 13 27 15 21 21 13 10 24 4 20 6 10 25 1 6 5 6 0 0 12 1 4 26 24 2 13 21 15 6 5 5 12 0 27 24 24 12 12 6
split_gain=310.837 34.8985 19.9114 18.314 16.4237 15.4356 27.3382 13.3927 17.9904 12.8665 11.5864 11.0381 12.0297 10.5497 10.4301 10.2657 13.4509 10.2533 11.1774 13.0515 12.0205 12.7587 12.2863 11.8711 9.68392 17.9786 13.8277 9.43368 10.3214 9.20709 9.11557 8.61322 8.35954 8.32033 8.0398 11.8294 7.67368 7.64327 8.64912 8.42227 9.32738 10.526 7.54066 7.73968 7.20183 6.88879 16.9361 12.7268 9.92677 9.06183 14.2049 9.31448 9.19879 7.72064 6.8095 8.61483 6.59531 6.51706 9.32044 6.45063 13.6549 10.1714 8.85922 6.35895 8.43903 7.73735 7.51332 6.48021 6.27608 8.71659 6.34673 5.81636 5.41944 5.28641 5.06134 5.15192 5.05601 4.81452 4.44566 4.19167 4.1585 4.24693 8.41515 5.11882 4.78793 4.1413 4.01689 3.66797 6.54933 9.7823 3.6487 3.72872 3.61709 3.60997 3.8737 3.53521 3.20518 3.17892 3.11196
threshold=0.018208595715930722 0.0068623829099228551 0.0028666745553346221 0.955710360558926 0.042666374991608087 0.079206929154047048 -0.0015736937302359697 0.017477626319305387 0.024108750595582405 -0.042714307499362329 -0.22070715138117439 0.35790430900295694 6.7846124130282435e-16 -0.12321428571428554 1.1617365170431173 0.10632711802637353 4.0149423469230641 0.023887195019786915 -0.0015407834965490139 0.027054222348005464 178835.00000000003 1.5962709093646505 0.5813492063492065 0.015131840833673362 259360.00000000003 0.038006392920752259 -0.00047150602928774926 0.42392007796309922 -0.025898611111111094 0.69246031746031755 0.0050209683689182915 3.3267160899312334 0.35515873015873023 -0.0089415413196916194 -0.065874020427478239 0.026179246097282397 -0.19768943221835025 2.304641843699978 2.0764721981750447 0.023887195019786915 0.0023031142134704034 1.4441144148434055 -0.15367440847574063 0.0027567670133918812 0.0075989247616336754 0.0084583230826756565 -0.079330369956906663 -0.19101672905049275 0.76411875110590077 0.013531867393361317 0.35912698412698418 0.0086748169376597711 0.0081038385630422 0.016954103145465808 0.066480386793363558 0.014436342169113965 0.3710317460317461 0.0047877897172261888 -0.0022700587726052208 0.0052876666433431191 -0.00067308375606014547 -0.0041110048617851161 205972.00000000003 -2.4449999999999998 -1.1649999999999998 0.019920419692022854 0.32239999999999985 4.594100970511203 0.010018068531425168 0.77217707503558752 -0.02563793626335514 0.086515151515151545 -0.038789014393178493 -0.16053843263833092 -0.022257723145977678 0.31547619047619052 -1.0000000180025095e-35 -0.1789437230981428 0.61027250163586211 0.0033739350873651167 -0.17415922304178086 0.033036724590957252 -0.010123729629921139 10.727395329526134 1.0126563209141082 0.0059972421150992919 -0.42500000000000066 217973.50000000003 0.0046934031544706442 0.26388888888888895 0.48611111111111116 0.0092176420448151931 -0.0092569410339783924 -0.013696887581156001 2.7399908030707607 2.4560570091256864 0.0082811063513179451 0.010431526247029666 0.043690691007241218
decision_type=8 10 10 2 10 2 2 10 10 10 2 2 10 2 2 2 10 10 2 10 2 2 2 8 2 2 8 2 2 2 8 10 2 8 2 2 2 10 10 10 2 10 2 8 10 10 2 2 2 10 2 10 2 10 2 8 2 10 2 10 8 2 2 2 2 10 2 10 10 2 10 2 2 2 10 2 10 2 2 8 2 10 2 10 2 8 2 2 8 2 2 10 2 2 10 8 8 10 8
left_child=1 2 11 9 7 24 72 15 34 14 -10 42 54 33 85 16 45 18 19 -15 -21 22 23 32 25 26 29 37 79 -2 -17 56 -22 76 73 36 -36 38 39 57 -41 -42 -1 -44 -24 47 77 -3 92 50 52 -52 71 -51 55 -13 -20 58 -14 61 -61 62 -11 -39 65 -65 80 -68 74 70 -70 -49 -7 -9 -63 -76 -12 -47 -35 -29 -66 83 -83 87 -84 -4 -53 -82 89 -89 91 -38 -48 94 -5 -62 -19 -54 -90
right_child=5 4 3 93 -6 6 -8 8 10 59 13 12 27 17 -16 30 -18 96 31 20 21 -23 44 -25 -26 -27 -28 28 -30 -31 -32 -33 -34 78 35 -37 90 63 -40 40 41 -43 43 -45 -46 46 48 49 -50 53 51 86 97 -55 -56 -57 -58 -59 -60 60 95 68 -64 64 66 -67 67 -69 69 -71 -72 -73 -74 -75 75 -77 -78 -79 -80 -81 81 82 84 -85 -86 -87 -88 88 98 -91 -92 -93 -94 -95 -96 -97 -98 -99 -100
leaf_value=0.012295727177625511 0.0017275008011907466 0.017242724392665464 0.012227110837133348 0.0084856907137106155 -0.017492973482762783 -0.0089595168294777094 0.0024117501554935593 -0.00077383897869291089 0.017643777327673915 -0.013806754663821365 0.0052091260596709987 0.004275813502842756 0.0084962979145016774 0.019510780024892344 -0.019619631092544974 0.022900929800760663 0.021991058563035699 0.022334021993852475 0.0001325739299508513 0.016239239027685329 -0.023672180862745029 0.0090877841152976497 -0.020053202590416822 0.019640392122597737 -0.026193325860699446 0.0040569732091412895 -0.024609554787221818 0.019501415028406067 -0.010305688380132313 -0.018454832162259807 0.0020610789292989473 0.0026654241961658089 0.0053600810851965157 -0.0094617079779927768 0.0058155598332413653 0.011505679517171071 0.0051505036897098811 0.025269098611287521 -0.0071705131078112928 0.025497503238127647 0.016144159966303903 -0.0059054982676562794 -0.016834235694735127 0.0051778427209757619 0.0018282930059823994 -0.01979746884372079 0.022899387043130118 0.015559735253590725 -0.0028317930613271131 -0.020951663376792114 -0.0087882057157717443 0.0066453139698155594 -0.01990453571709656 0.0012645304273713551 0.025753883162386793 0.019747876055284105 -0.020818782479684977 0.012069391431815103 -0.014840142305756898 0.020306570272380857 -0.014020590124402462 0.020131196233134294 0.010184985568256455 -0.0065494552956947222 0.0025758535467436294 0.01114476767857921 0.010543486574825966 -0.0081841682711175836 0.0045327441303859651 -0.0011165109307655712 0.02479458548032008 -0.0061318896319868636 -0.025871140961263049 -0.020598522215624873 -0.0035938238104761119 0.010645971812401869 0.023786351907474627 0 0.0095552162341793565 0.0021041534651413457 0.024375985099339602 0.018196399529707911 -0.0076925966732178386 0.0063345465022382197 0.010195180212891593 -0.0024569021401306445 0.024528312533824374 0.019054468079508235 0.027184112896405661 -0.0043076426895449944 -0.018145433584480224 -0.012231757446105088 0.0063460056889133335 -0.01520507260225123 -0.010698564851582269 0.0031598751745349363 0.0050171797138751795 -0.0042340619901562746 0.012298766793527623
leaf_weight=7.5050559528172043 10.687156241387131 8.3893224005587381 6.3878785036504278 4.24792353436351 10.072133285924791 7.8609736561775234 23.734639380127192 4.5730978939682272 11.732958624139426 6.9029567092657071 6.4147925991565033 15.654722014442084 7.319763712584975 7.9165439680218688 6.8614031784236422 15.029424138367174 9.3438464459031803 4.7775432318448994 4.8556313291192117 7.6836636047810307 4.14294485747814 12.727595897391437 19.046214651316408 5.5372779071331015 49.667781672440469 9.0190059971064311 44.519142000004649 5.5827100388705739 11.386908058077095 11.27777157537639 8.3098904769867676 8.5581873394548875 4.842487083747983 5.9325577951967734 7.2911801524460342 9.6753768734633905 4.6417913474142569 9.5576139297336322 9.8126135654747468 10.925092518329619 13.039123155176641 8.6348509117960912 7.9250025898218128 7.1542114727199086 4.525072529911994 4.2349977977573863 17.013492396101359 5.1999288499355334 6.2512485720217219 10.192785039544107 4.0488070286810425 6.1996313799172649 9.4835025416687113 6.0401630252599707 19.347204800695181 22.944369945675135 15.739424857310949 8.9259252548217756 8.9182886723428982 5.2696828190237284 8.8672673776745796 6.1104355044662979 7.415623527020216 10.958718894049527 6.6964503843337289 12.942887932062147 12.885920096188785 6.5440723709762088 5.1239822432398787 4.9971515648066989 23.424390718340877 6.1614279393106699 17.776479490101337 13.958840388804672 11.041286271065475 13.796727700158952 10.184414627030488 8.4710567798465473 5.273791741579771 8.611792016774416 26.933405706658959 15.328191105276348 7.0111225433647615 9.296655770391224 6.8565911520272493 15.135818028822545 7.9097205772995922 8.9046886097639852 11.904381863772869 8.2013551816344243 12.484393473714588 7.2558774258941412 4.9738788381218937 12.262274723500012 5.2356830649077892 4.0774559527635583 6.5850097443908462 5.5927055394276968 7.610564433038232
leaf_count=53 38 41 39 34 96 38 67 53 83 35 47 63 29 49 51 88 59 33 42 63 26 113 175 59 249 33 244 33 59 52 56 67 47 61 53 55 41 50 54 42 50 44 27 46 22 39 126 57 59 131 61 60 70 35 79 95 131 81 46 43 90 38 41 54 34 52 62 47 38 50 169 54 86 124 58 72 67 65 21 64 142 77 40 37 33 90 58 47 63 42 119 66 44 100 50 36 62 48 28
internal_value=0.00165974 0.00566384 0.0084535 0.00355495 0.00190782 -0.0175989 -0.00986478 0.00249904 -9.00793e-05 0.00589636 0.00290706 0.010591 0.0113642 0.00154469 -0.00344076 0.00622766 0.00429143 -0.000732978 -0.00246044 0.00114752 -0.00150556 -0.00436291 -0.00894555 0.00247398 -0.0205813 -0.016699 -0.0195349 0.00982804 0.000634909 -0.00883074 0.0157504 -0.0105534 -0.00862755 0.0101503 -0.00738594 -0.00336861 -0.00806396 0.010847 0.0062543 0.00859677 0.0138537 0.00741319 -0.000108452 -0.00656093 -0.0158889 0.00267039 0.00778431 -0.000388414 0.0145476 -0.0029788 0.000749463 0.0113694 -0.00661611 -0.0129074 0.0179337 0.0136543 -0.0159917 0.00159471 -0.00435999 0.00863843 7.51397e-05 0.0105941 -0.00143485 0.0127324 0.0118414 0.00304757 0.0134541 0.00414871 0.013262 0.0180276 0.0213514 0.00403792 -0.0210415 -0.0159202 0.00782559 0.00435936 0.0170866 -0.00718024 -0.000430787 0.00951509 0.0150786 0.0158728 0.0103203 0.0179843 0.00116876 0.00209447 0.0173199 0.0196018 0.0157279 0.00806121 -0.0122792 -0.00548387 0.019457 -0.00971154 -0.00205389 -0.00866832 0.0131249 -0.014525 0.0219647
internal_weight=1016.3 841.753 482.478 147.158 359.275 174.543 49.3721 349.202 206.357 125.412 146.476 335.32 312.736 134.743 28.3851 142.846 119.507 106.938 95.575 66.4218 58.5053 50.8216 38.094 14.5227 125.171 75.5031 66.4841 254.79 25.5814 21.9649 23.3393 29.1532 8.98543 27.8056 59.8806 41.3486 31.6732 229.208 67.5757 57.763 32.5991 21.674 22.5843 15.0792 23.5713 110.163 40.9447 69.218 28.2386 60.8287 44.5957 18.1582 26.4376 16.2329 57.9463 38.5991 20.5951 25.164 16.2381 97.027 18.2144 78.8126 14.3186 161.633 152.075 23.9016 128.173 19.43 64.494 33.5455 28.5484 11.3614 25.6375 18.5319 30.9484 24.838 16.5992 12.7061 11.2063 14.1945 108.743 102.047 29.1959 72.8511 13.8677 21.5237 14.1094 63.5544 36.621 17.106 24.3821 11.8977 21.9874 21.7459 9.48361 12.9447 11.3626 15.0762 19.5149
internal_count=6440 5633 2707 1034 2926 807 191 2830 1679 850 1168 1673 1547 1085 180 1151 1007 889 794 554 505 442 329 132 616 367 334 1310 156 90 144 240 73 196 511 334 279 1154 346 292 136 94 126 73 197 948 333 615 229 574 408 179 229 166 237 158 173 156 75 670 169 501 76 808 758 106 652 109 425 257 207 111 124 177 168 130 114 104 82 97 543 509 150 359 73 129 118 322 180 89 226 107 170 184 84 126 95 118 91
is_linear=0
shrinkage=0.0158889


Tree=6
num_leaves=100
num_cat=0
split_feature=11 33 24 16 4 10 31 18 1 2 31 6 6 28 2 28 4 21 5 19 24 28 12 19 31 19 6 11 33 16 5 5 31 4 23 12 23 19 12 21 21 31 23 10 19 5 5 1 11 1 19 5 18 16 5 18 18 18 18 4 19 27 27 21 16 28 4 2 28 1 16 27 21 21 6 24 28 4 19 19 33 33 1 27 16 28 6 6 16 33 21 31 6 24 6 31 10 28 28
split_gain=259.554 38.3147 20.7803 20.1249 17.5471 19.8344 20.2162 22.5545 16.9337 20.774 13.7801 12.0703 11.3667 9.59919 9.24466 8.67113 10.1341 12.7087 11.414 13.0868 10.3209 9.75801 9.23486 8.45913 8.20968 8.03007 7.55637 7.29966 9.24864 10.5069 12.9194 13.6533 10.7382 9.24549 7.70223 7.27816 7.23773 6.73503 6.5433 7.37298 6.50334 6.4951 6.44072 6.3402 6.2186 6.03515 9.0285 5.91619 5.90219 8.60949 10.3479 8.36282 10.5085 11.3271 7.35054 6.14031 5.64684 18.0437 5.59431 5.47879 5.39553 5.32283 7.77457 12.7165 6.12951 5.30114 10.2261 5.13029 4.97501 4.76902 4.75437 4.60634 4.52665 6.68718 4.5174 4.66771 4.49826 4.44494 4.40426 4.32323 4.25102 4.19817 4.10033 4.06168 4.00409 4.00183 3.90964 3.72264 3.60504 3.57396 3.55596 3.50049 4.00944 3.38545 4.08929 3.37132 2.85891 2.56035 2.50711
threshold=0.018208595715930722 0.91666666666666685 2.2744834718641664 556.42258360851088 0.01792746690835845 -0.12321428571428554 1.4300000000000008 -0.0010657156825335497 0.079206929154047048 1.0620914776438715 2.784999999999997 0.016110924999721891 0.042466170235524466 -252.36854876617272 1.0327859578408172 -441.63365841663921 0.0098418122779220258 -0.34499999999999881 0.21230158730158732 0.0033996682196276531 1.6097844029801884 -758.41734395715309 0.0077510744894052864 0.0051696281665195654 1.349999999999999 0.0019614373194602988 -0.015793245894562154 0.0022196404448815515 0.61666666666666681 145.36209897097686 0.62896825396825407 0.80753968253968267 -0.74500000000000088 0.034464349737143914 -4.6993901314237645 0.0099287771617356715 -1.981891016125956 0.0027820818226960949 0.0081250981360771017 -1.124999999999998 0.1449999999999996 0.47999999999999871 -3.1996487556211606 0.71191999999999467 0.0071586628204130549 0.79960317460317476 0.52976190476190488 0.016971372397652566 0.0028234949058728036 0.087701337423600992 0.006338369103634593 0.62103174603174616 0.0020517308596872757 204.22592335161281 0.70833333333333348 0.0031038784037920888 0.00082130422612818044 -0.0012997096980412095 0.0037929639940840728 0.048800403450633752 0.0022877413868438484 -0.011598880993668402 0.00018911936590204628 -1.075 259.17890427833271 -996.12475321872796 0.020479739351480165 1.0699428235734005 -652.50542261776502 -0.037907031352308156 103.57431517583973 0.039443612591593132 -0.36500000000000105 -0.10500000000000041 -0.063089701225186021 1.6811967615185417 -658.1910715430198 0.010886857353766636 0.0021695464822107289 0.0048093980199976809 0.81666666666666676 0.8500000000000002 0.016971372397652566 0.00853856421046373 235.40735916812375 -565.60105882526466 0.044388952110334674 0.014646817194727825 136.41158855452241 0.78333333333333355 1.1050000000000015 1.5400000000000011 0.022203313300976916 2.5308570516605915 -0.058339374141219306 1.0699999999999952 0.076568627450980281 -1442.973947779042 -2275.2026538447749
decision_type=8 10 10 10 8 2 2 2 2 2 2 10 10 10 2 10 10 2 2 2 10 10 8 2 2 2 10 10 10 10 2 2 2 10 10 10 8 2 10 2 2 2 10 2 2 2 2 2 10 2 2 2 2 10 2 2 2 2 2 10 2 2 2 2 10 10 10 2 8 2 10 2 2 2 10 8 10 10 2 2 10 8 2 2 10 10 10 10 10 8 2 2 10 10 8 2 2 8 10
left_child=1 2 4 13 15 12 7 82 14 10 -10 74 -6 35 45 16 17 22 21 78 80 -18 -1 -13 -16 -15 -27 28 -4 93 32 44 81 36 -34 48 40 -26 71 -40 65 -22 -19 -8 84 46 -2 -37 51 50 60 52 61 -54 -53 -55 57 59 70 -56 -50 67 -63 64 -64 -29 95 -3 -24 -44 -35 86 -65 -74 -9 -76 90 -41 85 -43 -21 -31 -7 89 -32 -20 97 -33 -58 -79 -42 92 -75 -30 -95 -67 -72 -36 -96
right_child=8 3 27 -5 5 6 43 11 9 -11 -12 23 -14 25 24 -17 18 42 19 20 41 -23 68 -25 37 26 -28 33 29 30 31 87 34 58 38 47 -38 -39 39 77 76 79 69 -45 -46 -47 -48 -49 49 -51 -52 54 53 55 56 -57 88 -59 -60 -61 -62 62 63 72 -66 66 -68 -69 -70 -71 96 -73 73 91 75 -77 -78 83 -80 -81 -82 -83 -84 -85 -86 -87 -88 -89 -90 -91 -92 -93 -94 94 98 -97 -98 -99 -100
leaf_value=0.022700144971071225 -0.020303051439286565 -0.0044342683869121307 -0.010625817947566563 -0.010814052967644464 -0.0024141574406954746 -0.02340053940533764 -0.022038548300216801 0.0077102056548595428 -0.022389302838116062 0.0054935106117696897 0.0016192697118265716 0.018744632023867672 0.025942025438505809 0.011379928449425643 -0.026004122047073974 0.018230889465065774 -0.018148680076745943 0.0027569204213881236 -0.0042780695937418966 0.00067434224421298976 -0.021603464257541598 0.0078138114769430427 0.00683432660783404 -0.003122882555620027 -0.023659694609330012 0.007447261850482164 -0.012367068010544772 -0.011567943244109643 0.0027626685420297009 -0.016369181438673178 -0.018048092904509806 0.0029276829946888344 -0.0057743404624634488 -0.016719354061894637 0.0074277670539170879 -0.0081371262387804275 0.020762127569580641 -0.0052522641044106628 0.018553398795116315 0.011949956821004347 -0.0078647394679176429 -0.010568131924657964 -0.025145942460701027 -0.004311917904198586 0.0040515773619893445 -0.023875570473074582 -0.0017474994984082147 0.011682012096979919 0.0047808834122574804 -0.0045845890018490834 -0.0076760904722977061 0.025515556595343065 -0.014562222646769448 -0.0005550687029181945 0.025428086184967464 0.01778185505834199 0.026323762274233064 -0.010386166619637018 0.0077802989208915598 0.0064975311887122394 0.018975386086972693 0.023329530434291302 0.0093608532827982906 0.021411174092318318 -0.01084759738733653 -0.012816732714527245 0.015269905910506693 0.013565645254911614 -0.01542041300550628 -0.0052008135773699039 0.0051952359998894823 0.00016266239737755837 0.0011775073028390461 0.016169573555222274 -0.021366023134724455 -0.0014747886244464246 0.019167370918218067 0.013715054402978417 0.021366330056327338 0.01100126924127277 0.019890611867859682 0.0037574338290181238 -0.0070258926651225583 -0.0087777139185180424 -0.0033676304131149523 0.017079397581170223 0.0071044596967170665 0.019145023712353951 0.012158287365990427 -0.0031198029354243435 0.012092170094913061 0.023133800130523737 0.0021036260605297214 0.0019851878282366744 0.0091839525697563051 0.0022327621595910059 -0.0092590955613803937 0.020166430389113702 0.019795781344630305
leaf_weight=4.7596506755799028 10.099974593147637 8.1323685906827432 6.7081463262438765 11.025389932096003 6.9763943292200548 10.30182088725269 25.733827337622643 4.068456949666138 22.276289587840441 17.217311695218086 8.0275398772209865 14.490072257816793 6.4189016092568636 13.63915524818003 58.101725208107382 8.4476255029439908 7.7569069005548954 4.4343625996261826 4.0949153900146484 5.2893280200660246 5.0679149758070698 5.963582977652548 5.0033060731366277 6.0542331691831341 8.8390090875327605 7.6690312474966058 11.218075688928366 8.3041085228323919 6.3875066023319951 5.1138589400798056 12.745007183402782 8.4106688722968084 6.9237707145512095 10.620152287185197 5.7921358998864889 8.1524259988218528 6.1087122587487093 11.918379865586756 8.290439320728181 7.6203439384698894 3.8989725038409233 3.9683863334357721 9.178489523008464 6.8536456748843184 7.1724545918405047 8.95649003703147 17.86376437637955 6.0900873485952607 10.813779087737204 11.767255071550606 6.0281438119709483 22.502084240317345 7.1387508548796204 9.3391673881560582 9.372832935303455 8.3043993115425092 11.073374997824432 8.1640981528907997 5.6329570952802888 7.3586216270923606 20.8632494173944 19.795882631093264 6.3395894505083472 19.594079056754701 7.6976270414888859 7.2136301882565075 9.2194694764912111 6.7897822111845008 4.0198662672191858 5.0631254017353085 6.0951343569904548 5.1581518687307826 11.472835989668956 14.400489477440738 5.030337307602168 6.6563781350851068 7.9341581780463439 5.1673320122063169 17.51168923638761 4.1788993384689093 6.1446798630058765 4.3927396964281806 7.2906014444306484 10.196324847638605 7.9165437556803218 3.6841229274868992 11.114511996507643 6.114794483408331 10.998624572530387 6.5836682822555312 3.8824638277292252 10.289091117680071 8.2300850562751275 5.2137486636638641 9.3691016901284438 6.8152560293674469 6.5077280644327402 33.2812320869416 28.403578475117683
leaf_count=31 55 47 62 56 66 93 246 48 99 54 38 87 35 46 344 64 91 46 42 50 49 66 49 53 56 43 66 59 59 48 79 45 48 114 41 62 59 56 73 46 44 42 73 51 41 45 60 52 68 67 41 84 27 54 41 43 54 44 38 35 154 88 38 81 36 56 56 31 41 39 34 34 58 79 52 56 52 44 121 34 35 35 59 97 62 33 65 53 58 68 33 54 54 47 86 56 37 243 206
internal_value=0.00177341 0.00546436 0.00270122 0.00979873 -0.00117523 -0.00592227 -0.00871875 -0.00266398 -0.01646 -0.00829761 -0.0161053 0.00449387 0.0116775 0.0105706 -0.0197433 0.00336137 0.00194018 -0.00521228 0.00561125 0.00912329 0.000790081 -0.00697294 0.00617886 0.0123698 -0.0228714 0.0023409 -0.00431039 0.00542981 0.00701091 0.00763211 0.00551753 -0.00190426 0.00838501 0.00139954 0.00992076 0.0115497 0.00530279 -0.0135762 0.0111234 0.00586615 0.00305011 -0.00856955 -0.0135779 -0.0184779 -0.0083777 -0.0127791 -0.00876449 0.000431534 0.0121623 0.00706497 0.0107313 0.0133531 0.010976 0.0015354 0.017912 0.00835361 0.0139723 0.00841418 -0.00576035 0.0176649 0.0143324 0.0130262 0.0143741 0.0119288 -0.00167091 -0.00112494 0.00278382 0.00393218 -0.0033727 -0.0186066 -0.00918612 0.0146043 0.0149088 0.0117707 -0.00581961 -0.0107284 0.0111934 0.00198186 0.0170096 0.000423783 0.0115411 -0.00734994 -0.0171163 -0.00168593 -0.0127124 0.00628001 0.0160569 0.0102969 0.0198151 0.00455137 0.00217985 0.0153552 0.0112716 0.013981 0.0155716 -0.0056801 -0.00230811 0.0184382 0.0173694
internal_weight=972.311 809.011 494.75 314.26 204.442 99.8747 86.4794 53.8919 163.3 47.5211 30.3038 36.2995 13.3953 303.235 115.779 104.567 96.1192 32.4588 63.6604 49.9399 24.6492 13.7205 13.7828 20.5443 78.8591 32.5263 18.8871 290.309 208.076 201.368 151.994 42.3595 109.635 82.2327 100.128 270.709 53.3768 20.7574 93.2041 37.8581 47.2681 13.2152 18.676 32.5875 27.834 36.9202 27.9637 14.2425 256.466 49.4724 37.7052 206.994 137.524 24.7823 69.4696 17.6436 46.9676 24.8956 28.856 16.7315 31.677 112.742 97.8197 78.0238 14.0372 31.5525 23.2484 14.9222 9.02317 14.2416 23.223 55.346 63.9866 44.3925 15.7552 11.6867 15.7156 29.5677 25.2907 8.14729 11.434 9.5066 17.5924 21.9473 20.6616 7.77904 50.1879 14.5255 22.072 11.751 7.78144 32.9197 22.6306 49.3739 42.9864 14.0289 12.6029 39.0734 37.7727
internal_count=6440 5633 3972 1661 1752 846 745 448 807 191 137 296 101 1605 616 906 842 279 563 406 210 157 121 140 456 155 109 2220 1582 1520 1122 280 842 638 759 1450 415 112 711 328 356 125 158 297 182 160 115 114 1336 330 263 1006 690 124 316 97 232 120 223 76 222 566 488 400 74 227 168 78 90 112 185 383 326 245 156 108 129 255 196 76 85 83 152 209 141 75 349 98 112 112 77 187 133 398 339 112 71 284 292
is_linear=0
shrinkage=0.0158889


Tree=7
num_leaves=100
num_cat=0
split_feature=16 12 4 16 2 15 17 18 4 26 10 8 1 12 8 16 17 12 10 2 20 6 21 4 26 8 21 10 0 6 4 20 12 16 4 1 1 8 20 3 20 8 18 3 20 1 12 15 1 10 21 10 0 0 21 16 26 0 4 6 21 15 18 8 6 4 15 21 26 1 4 1 3 16 15 0 17 12 16 10 21 4 1 6 4 26 4 12 15 6 10 17 22 22 21 22 10 18 16
split_gain=221.626 29.4995 15.1091 12.7401 12.2846 12.0992 26.425 12.0232 12.7001 10.554 9.92006 10.4919 9.81507 9.43592 12.3751 10.1223 9.24689 8.70757 8.5869 8.43733 7.9814 7.97278 8.23899 11.0264 8.63948 7.835 11.3128 12.4863 7.78275 9.59882 7.50121 7.48395 7.3405 8.5596 7.3236 13.2608 9.43818 12.1913 12.417 10.8915 8.13583 7.21754 6.75827 6.74913 6.69774 8.90909 6.63903 6.46274 10.4717 7.62833 6.44883 7.36751 11.4925 6.43191 6.27003 6.18291 6.15541 6.12454 6.08438 5.63361 5.49675 5.35928 5.32019 5.29131 8.59094 6.79704 5.12812 4.86176 5.62067 4.67806 4.64118 7.17668 4.593 5.82376 4.50203 5.18259 4.44578 4.23706 4.23181 4.22635 4.13578 4.08171 3.99024 4.06643 3.98817 3.9462 4.11409 3.94402 3.93675 3.92076 3.95425 9.23849 3.72374 5.16939 3.39196 3.20261 3.10466 3.71525 2.98906
threshold=575.27891308876747 0.0069372975494797181 0.011194856080151092 55.097085648070397 1.2173074982638787 193675.00000000003 -0.010316973095293889 -0.0011855898776014918 0.017477626319305387 -0.010395163766275693 0.26988750000000006 10.500000000000002 0.042119259045787623 0.003266696051855257 1.0000000180025095e-35 112.71505311586812 0.064257303650507316 0.012991879427188921 0.71191999999999467 1.1457849033186644 1.5222280471224596 -0.063089701225186021 0.11000000000000033 0.019097766767489355 -0.0020601209505063385 12.500000000000002 -0.92000000000000071 0.092590336134453735 -0.045338241293866204 0.021631207099776732 0.010018068531425168 0.35999618826346963 0.01122664994990877 151.62460576259346 0.046243909084610277 0.24900800349417376 0.13201186657494615 10.500000000000002 0.62788186157822479 -0.05723985438831191 0.56089994281954614 14.500000000000002 0.00049494870029882071 0.0032638740399137949 0.86411084288649287 -0.14085395689832811 0.0097789605331649616 186212.00000000003 -0.071141239653355323 0.3153428571428572 -0.24500000000000097 0.061048295454545404 0.038828759147949372 0.58067479374019004 0.47000000000000158 255.73339643034976 0.011529921246060228 -0.26498435870698639 0.024812553721535447 -0.027521155516856851 1.2299999999999989 243453.50000000003 0.0031038784037920888 10.500000000000002 0.039535181376817226 0.036682999732402889 754016.00000000012 4.5000000000000009 -0.011862463955186973 0.021664310272486723 0.013040755005755378 -1.0000000180025095e-35 0.10747884547368937 175.39998282698289 226991.00000000003 -0.15674275683298575 0.023738202883899277 0.004133277216582013 261.19271145763452 0.040808625730994162 -0.034999999999999247 0.035283758111284029 0.129550760496458 0.0098269214172188608 0.016753975370824157 -0.0056993264413001668 0.016187200545596667 0.0044932579524793173 292029.00000000006 0.02513080630381959 0.090000000000000052 -0.024052215530934947 6151.9999999999845 163.99999999999275 0.38500000000000073 1454.5000000000193 -0.11432619047619047 0.0011481910276051157 190.46211748650185
decision_type=8 10 10 10 2 2 8 2 10 2 2 2 2 10 2 10 8 8 2 2 2 10 2 10 2 2 2 2 2 8 8 2 10 10 10 2 2 2 2 2 2 2 2 2 2 2 10 2 2 2 2 2 2 2 2 10 2 2 10 8 2 2 2 2 10 10 2 2 2 2 10 2 2 10 2 2 8 10 8 2 2 8 2 10 8 2 8 10 2 10 2 10 8 10 2 10 2 2 10
left_child=1 13 -2 -3 5 6 -4 8 30 17 34 12 28 16 69 56 18 60 25 -20 32 41 23 47 72 31 27 -27 29 61 78 -1 33 -10 35 36 37 39 46 44 42 58 -41 95 45 -11 76 -23 49 57 -28 -52 -53 63 87 -30 67 -49 -17 -50 -9 -12 -40 64 65 -7 82 68 -16 -15 -32 98 85 -74 75 -48 -39 -25 -5 -70 -18 -34 89 -84 -47 -24 -87 -26 94 90 -33 -92 93 -22 -42 -35 -62 -98 -72
right_child=2 3 4 7 -6 53 -8 9 20 10 11 -13 -14 14 15 21 80 -19 19 -21 92 22 24 77 54 26 50 -29 55 -31 70 66 81 43 -36 -37 -38 38 62 40 88 -43 -44 -45 -46 84 74 48 59 -51 51 52 -54 -55 -56 -57 -58 -59 -60 -61 96 -63 -64 -65 -66 -67 -68 -69 79 -71 71 -73 73 -75 -76 -77 -78 -79 -80 -81 -82 -83 83 -85 -86 86 -88 -89 -90 -91 91 -93 -94 -95 -96 -97 97 -99 -100
leaf_value=0.00041279271732116979 -0.024849155499363444 0.016848376024409181 -0.022693729196796925 -0.017574678965937021 0.001371761917271577 -0.023479116858627219 0.0092629240551391299 -0.014517160056380421 -0.015068925443486425 -0.017170431595407921 0.0015207667092734327 -0.0174372232259433 -0.014093756081388718 0.0015130859620887218 0.018278095594514109 0.0076309385783672233 0.012033700214168273 -0.020661112936391637 -0.0086241338340095133 0.0099823228244789661 -0.0036129678313614084 -0.002998148992069169 0.014505015249620791 0.010178739420329696 -0.005058525692325502 0.0088467197995553744 0.022009121369585508 -0.016127372175780755 0.0035218210689172088 0.014743686036770235 0.020270504147812188 0.020402179020520328 -0.022963059976256812 0 0.018399191205542467 -0.021217841080482271 0.018027714443859703 0.012880291515343841 0.019720570322146257 -0.0098705443612511837 -0.024711070737083028 0.013150456701866016 0.012524844291748626 0.0089861646898169324 0.019528864857105976 0.018826335642505947 -0.014004366615876692 0.019799281481154254 0.0054309155172052401 -0.0091286917462698094 -0.0046157456484269312 0.0011532242436196587 0.025076575231579804 -0.0031826748280224543 -0.013582112261037243 0.025424584404827318 -0.014171858674763043 0.0008687560385081108 -0.01396181832305169 0.019928280523363217 0.019796930854456777 -0.016673932476716617 0.0056130927715305878 -0.023902676619892073 -0.0044936925494349902 -0.0052673364949229083 0.0047887405119329887 -0.013296191573048054 -0.0084108314018391528 -0.016114934048101402 0.0055592852620341285 0.019463101593737625 0.011199131615439346 -0.010613544813335173 -0.014446981683573211 0.014815787880600907 -0.0062932250451685108 0.023598021091276331 0.0013287054664643397 0.0091213313158081382 0.028105700992130972 -0.0049431509199039814 0.016417490192337066 -0.0011658613932489395 -0.0012185860982590704 0.014718318709890849 -0.0020648847666615818 0.0095277999344239653 0 0.024881701525832401 0.020033053919562116 0.0017735364993382906 -0.0074686220333545104 0.021380316988207856 -0.0078157856261557024 -0.01879304616090656 0.015003669654214071 -0.0063044426897222753 -0.01103700410868147
leaf_weight=10.236262913793324 33.172041678801179 12.836562173441051 10.87611955590546 4.0337828528135988 13.884875094518064 23.895914912223819 14.552068911492826 3.9750461019575623 13.967590700834988 4.0880895480513582 8.0411353781819326 8.2394625730812532 7.6120097227394572 6.7209931444376689 5.4406003039330306 4.2624380532652166 9.4056698884814995 7.2606323082000008 12.100281026214363 11.294893752783535 3.455827493220565 10.421594349667428 28.048717249184843 10.256300238892434 8.0589978247880989 9.2911203131079692 9.2999471761286241 9.7290132809430343 6.8612996675074118 6.459144625812768 6.7148931901901987 21.701371926814318 13.12357176654041 4.7727504130452889 11.398155542090533 3.9894131273031226 14.661291874945162 11.803557157516479 23.895403994247317 5.5397365186363476 7.5218973737210053 5.4242576211690894 6.9904480334371328 11.033735367469488 7.050319578498601 4.6552226282656184 1.9669069088995392 6.7017258312553194 10.159314826130865 8.6897515691816789 9.2611692808568495 11.19901272468269 8.8240076340734941 7.856261169537901 7.9697070159018031 6.1403242461383343 7.1199717409908763 10.822876030579211 10.027521839365361 25.023892115801573 2.4365804661065331 7.3930561523884526 10.368920952081679 31.205897934734821 14.750872626900671 7.2111058160662642 12.03578278236091 3.5462595447897902 6.8733604382723588 7.6908623315393925 4.5676900502294284 4.6182726100087157 5.214625518769024 5.9486518800258636 7.4007262699306011 3.4454332347959324 3.5819906778633603 22.232905651442707 8.0072991056367755 5.8457124102860689 9.9937990829348546 4.7693203575909129 5.8166061248630267 6.5837657190859318 4.541322886943818 5.1820404045283803 9.6470498517155647 9.5762312784790975 3.9900843482464543 16.754813754931092 13.297963846474882 14.487309705466036 4.0738074555993089 4.0228062830865383 6.248233363032341 3.8809916712343693 2.4853692390024644 5.5453680101782084 5.2354518100619316
leaf_count=47 200 65 62 55 57 129 34 37 156 33 68 72 58 53 47 52 46 57 66 44 33 65 186 51 52 45 54 35 53 30 61 76 108 57 83 34 114 117 202 61 55 35 67 80 85 48 47 34 67 68 39 61 30 39 56 52 67 81 68 215 24 65 96 176 67 28 51 36 64 57 41 30 43 42 60 50 24 176 68 63 32 56 30 43 29 38 67 81 54 65 46 58 43 40 46 35 37 78 52
internal_value=0.00185811 0.00536032 -0.015289 0.00170626 -0.0126211 -0.0143849 -0.00459742 0.00104899 -0.00360171 0.003133 0.00431485 -0.00169694 0.00154694 0.0080001 0.00588714 0.00677791 0.0105627 -0.00722558 0.00938387 0.000360103 -0.0077633 0.00802281 0.0090495 0.01199 0.00512842 0.0107054 0.00591689 -0.00400354 0.00516152 -0.00066136 0.00429309 0.0133803 -0.0104196 -0.00584046 0.00644843 0.0053288 0.00626069 0.00464017 0.00930258 -0.00114384 -0.00713603 -0.00151222 0.00258033 0.000937584 0.00770104 0.0007917 0.00140666 0.00837884 0.0103301 0.00260525 0.0108082 0.00684948 0.0121603 -0.0172544 -0.00241809 0.0145943 -0.00198164 0.00856897 -0.00743225 0.0159248 6.13046e-05 -0.00746479 0.0156436 -0.0186445 -0.0147831 -0.019461 0.014825 0.00227268 0.00568232 -0.00813116 0.009901 0.00439823 0.00870164 -0.000321393 -0.00683859 0.00388243 0.00830893 0.019649 -0.0055071 -0.000259589 0.0209556 -0.0185175 0.0163042 0.00742512 0.0094154 0.0110355 0.00411666 0.00288438 -0.0138791 0.0178734 0.0152108 0.0107793 0.00396797 0.0103651 -0.0177516 -0.00917599 0.00615198 0.000823764 -0.00337677
internal_weight=930.325 772.92 157.405 324.701 124.233 110.348 25.4282 311.864 96.2778 215.587 193.884 50.7464 42.507 448.219 246.906 232.495 201.313 21.703 181.913 23.3952 63.1004 203.669 183.954 104.308 79.646 158.518 57.6043 19.0201 34.895 21.8933 33.1774 100.914 51.548 33.6551 143.137 131.739 127.75 113.088 62.4629 50.6254 30.2904 19.7142 12.5302 19.6875 20.335 13.2846 28.1986 71.8192 61.3976 26.2144 38.5841 29.2842 20.023 84.9201 25.6049 13.0016 28.8259 17.5246 14.29 35.1832 14.4424 15.4342 34.2643 77.0638 45.8579 31.107 90.6776 21.7059 18.1597 14.4119 21.1363 14.4214 54.0411 11.1633 12.8131 5.41234 15.3855 32.4892 12.0411 12.7191 19.3995 17.8929 78.6418 12.4004 9.19655 42.8778 14.8291 17.6352 17.7602 66.2415 49.4866 27.7853 11.5524 7.47863 13.7701 8.65374 10.4673 8.03074 9.80314
internal_count=6440 5648 792 2916 592 535 96 2851 915 1936 1703 398 326 2732 1864 1754 868 233 790 110 608 1477 1322 757 565 680 264 80 268 163 307 416 492 328 1305 1222 1188 1074 596 478 283 155 128 172 195 110 298 530 465 183 184 130 91 439 189 105 277 115 120 282 176 133 298 400 224 157 369 210 174 110 184 123 376 85 157 97 141 227 123 127 78 164 318 73 77 291 105 133 155 245 180 104 116 73 101 92 139 115 93
is_linear=0
shrinkage=0.0158889


Tree=8
num_leaves=100
num_cat=0
split_feature=30 30 9 7 7 7 25 30 23 18 26 22 26 9 15 15 18 4 29 3 18 0 10 10 2 26 9 9 6 7 29 4 23 23 25 10 23 30 4 4 15 10 32 26 22 23 25 15 22 9 26 7 29 18 3 32 32 32 32 15 6 15 0 3 29 18 18 7 6 22 3 9 3 22 7 29 27 9 0 6 22 30 26 23 23 29 2 30 6 9 18 3 10 30 9 32 4 4 23
split_gain=175.313 37.9137 26.8404 20.3877 19.9477 18.182 16.821 15.8038 11.0658 10.6461 14.3859 17.9681 9.63597 11.0961 9.03942 8.83945 8.49158 16.4505 10.1008 12.2864 14.4345 11.1724 10.411 8.33658 8.41856 8.20408 17.3532 7.95689 8.64469 11.0418 10.6193 8.35065 7.78386 7.25853 7.18059 8.65889 7.0134 7.26951 9.80219 14.5544 6.9769 8.03012 9.15744 7.62081 6.66146 7.59631 6.36866 6.20455 10.0496 6.48706 6.17806 6.16628 10 7.48191 7.04408 6.11696 6.08596 5.92787 7.8157 5.89783 5.77757 5.53627 5.3893 5.33669 5.26054 5.11113 5.08413 4.98894 8.22011 7.21928 4.98532 6.47067 4.9797 4.81466 4.80165 6.37475 4.65824 6.32247 4.36176 4.34815 4.86609 5.75137 4.32659 4.31415 4.18914 4.16611 4.07487 3.84574 3.74514 6.28918 3.57844 3.48665 3.50497 3.45439 3.39078 3.21886 3.12374 3.16709 3.00957
threshold=94.657791962466732 51.894719195030945 1.0000000000000004 0.86309523809523825 0.94642857142857151 0.029761904761904764 0.038006392920752259 16.970235368097391 3.1784930019122686 0.00089671160972634798 -0.0085826510102727221 1127.9999999999948 0.0079457309305549523 0.4000000000000003 172325.50000000003 179879.50000000003 -0.0018622002228220441 0.085510193859733311 -54.82767631924046 -0.047300450115235697 0.0028535849917539079 0.15405811195445909 0.6399875000000006 0.37396666666666672 1.2256073247804462 0.0042799803709639992 0.12500000000000069 0.20000000000000001 0.026346363360330475 0.6884920634920636 -37.11753415735393 0.04570032865248836 -2.9543150846540969 -2.1092040726281831 0.047163367162424648 0.031698564593301504 -3.2448627342955292 34.39392004887754 0.017429954599896425 0.013513267763527405 339943.00000000006 0.1265165441176471 0.73990921113977814 -0.00034009339883778184 3088.0000000000186 -4.2212141003431007 0.026674427367600954 213381.00000000003 255.49999999998911 0.4000000000000003 0.0085432250820589601 0.16468253968253971 -307.69698108393487 0.0021514778975319903 0.032376026943113263 -0.49455524297819942 -0.96957466799067016 -0.54046954510871614 -0.39022020394883011 239664.00000000003 0.01241300294423653 225991.50000000003 -0.19337215286168161 0.0048086232118971237 -918.83906420476671 0.00024305145778225027 0.0018107935300220761 0.033730158730158735 0.002889291075359846 147.99999999998377 0.029223404947391621 0.2999999999999981 0.059471591223043803 18.250000000004608 0.69246031746031755 -295.29111952026727 -0.0066631198120067339 0.20000000000000065 -0.070865358116177266 -0.042226089079815336 3088.0000000000186 68.677878837707866 -0.01789874258361512 -4.6993901314237645 -2.9543150846540969 -213.73415676444134 0.97455211653072615 63.954753807301621 -0.020007727724635712 0.15000000000000027 0.0012233726380228877 0.12905583975101745 0.043720833333333368 75.288621110091711 0.37499999999999939 -1.0257905936740841 0.012060308565948656 0.018742569279210305 -3.6291869279918934
decision_type=8 10 8 2 2 2 2 10 10 2 2 10 2 10 2 2 2 8 10 2 2 2 2 2 2 2 10 10 10 2 10 10 10 10 2 2 10 10 10 8 2 2 2 2 10 10 2 2 10 10 2 2 8 2 2 2 2 2 2 2 10 2 2 2 10 2 2 2 8 10 2 10 2 8 2 8 2 8 2 10 8 10 2 10 10 10 2 10 10 10 2 2 2 10 10 2 8 10 10
left_child=1 7 12 6 -5 73 15 63 14 27 59 50 13 32 -9 -4 17 56 19 20 21 25 33 24 -20 26 -18 28 29 30 88 34 98 36 35 47 37 38 39 -21 41 42 -15 -42 45 83 -24 49 -49 86 51 -12 53 -53 -55 -30 -16 70 -59 94 -46 -38 -39 -1 -51 -23 -40 -34 69 -69 71 93 87 78 75 -60 -70 -78 -3 -33 81 -81 -82 -37 -74 -27 -29 -13 89 -7 -14 92 -61 -47 -11 -54 -52 -98 -2
right_child=2 5 3 4 -6 9 -8 8 -10 10 11 72 90 40 16 -17 18 -19 23 22 -22 65 46 -25 -26 85 -28 31 55 -31 -32 79 67 -35 -36 44 61 62 66 -41 43 -43 -44 -45 60 57 -48 48 -50 64 96 52 95 54 -56 -57 -58 58 74 91 -62 -63 -64 -65 -66 -67 -68 68 76 -71 -72 -73 84 -75 -76 -77 77 -79 -80 80 82 -83 -84 -85 -86 -87 -88 -89 -90 -91 -92 -93 -94 -95 -96 -97 97 -99 -100
leaf_value=-0.011311594331561198 -0.0043147327172470889 0.0008048943882373314 -0.0067598407452953094 0.0053167286789620053 -0.021644011012503989 -0.0028238303705048085 -0.0037467406441882407 -0.0071178427375777585 -0.007940238985985993 -0.0032824253054064825 -0.012380999824957609 0.0060191093941799542 -0.021443197432794159 -0.015914625507386329 0.0046819367884360147 -0.023950769635436981 0.010679422354959518 -0.0044652625373893529 0.01634428832271622 0.009453043714167721 0.016163479732719067 -0.023323538744180423 -0.010350800750745428 0.025583244364941613 -0.0032446633959094329 0.019084582629471544 -0.017942851164581018 0.017175099015678593 -0.016576468355517366 -0.013403984872825703 -0.0098981009257295676 -0.00787358183705676 -0.01906984859102814 0.020889965997455736 -0.02000779207204403 -0.0015096828827375933 -0.0092263978340183083 0.004149524529823566 0.018095781962665012 -0.018195836314280799 -0.020410270903296765 0.02180334900810187 0.01299823121785916 0.0072023161019158753 0.01468424392673995 -0.011326561428574061 0.0080214086567476309 -0.0020473157141543334 -0.023988595472724524 -0.022035185113635593 -0.015402172770343383 0.0094803941365730806 0.024195227887032416 0.00056460243191539764 -0.021144369341827077 0.0045342263007008251 0.019365038489421924 0.016497551850285001 -0.017153465132690407 0.018203314540346675 -0.0053995089806750402 0.010610357457873063 0.017932660933811448 0.0041889377353187549 0.0008120960232651693 -0.0035389293359314768 0.003146094597484599 -0.0044435298668363413 -0.020760622956120658 0.018765630719874752 0.0036578088713400338 -0.019920931110361594 0.012397592068058386 0.024176498253912489 0.0069833746444261449 0.0056965415405993685 -0.015129477601046205 0.0083393846246913629 0.017895401458235732 0.0093702292885306862 0.0018340242768764851 -0.011975959009402608 0.025618016597017072 0.019710442196564339 -0.010342531343477512 0.0025075393554688497 -0.0046999312977997632 0.02079698081518196 0.020543434449616014 0.020376045859837009 -0.0058330369076123817 -0.010983223185339019 -0.0046443332848768865 0.010593932172343536 -0.024290335935047036 0.0084918915156912429 0.007071384168183717 -0.011094156300551695 -0.023117919867906515
leaf_weight=12.883951481431724 3.3860304392874232 8.8667211625725031 9.0906805163249356 18.638907512649897 10.225469650700687 6.3956252727657574 14.763125400990246 7.743492502719163 9.1389924604445678 3.1329290568828601 4.892379878088831 6.4992752932012108 10.077863178215923 4.0930254235863739 8.8304399698972684 80.413535617291927 9.3393649030476826 9.7116349060088378 15.441505789756777 10.436418999917807 11.809497769922016 7.3935622051358205 9.5949427857995051 13.665504727512596 8.113061720505355 6.7503709308803073 10.979393649846314 3.9260453358292606 7.6381700374186039 5.0989620927721253 4.7530932091176537 5.8513285145163563 3.6741889044642475 16.365866897627711 8.5012159515172225 4.7644997537136078 8.1244302913546544 9.4777472224086505 15.173398537561299 7.8891727402806273 4.083674494177103 8.3710615988820773 6.0721507258713245 4.9064172785729152 9.3034967333078367 3.0776641387492409 8.306043701246379 8.2996557932347077 14.760046562179921 5.1178891882300377 6.9460136741399738 10.507570778951051 6.0448569785803548 10.023986645974217 5.3548737559467545 5.5387085899710637 55.284923445433378 4.5563171543180969 9.4840608239173871 2.8389890138059837 5.2252321336418381 5.3593807090073815 38.061434660106897 9.081359747797249 4.4090917184948903 6.1735151968896389 9.6721995007246715 5.6922786775976402 4.5694912858307388 6.9723718399181962 4.0980847943574181 15.982765030115841 3.9809373766183853 7.4777414426207534 5.1040900610387316 4.0252767689526179 4.5902080014348003 5.9151299158111224 6.1226582787930974 7.0433012712746876 3.3723296485841274 4.8335662502795458 4.4563243128359309 4.0394456889480335 3.0674150437116614 8.6174913551658374 3.6202519107609987 21.750034535303712 13.448738375678657 4.6058214697986841 6.794010577723383 3.8969910964369774 2.8729325756430626 2.9428616156801581 6.0838261172175407 9.0670459158718568 4.709898928180337 3.8191243428736925 8.2307484559714776
leaf_count=46 42 63 54 66 72 68 69 48 45 48 57 49 108 42 55 508 48 40 62 53 72 38 47 58 49 54 68 32 57 43 39 44 38 94 91 50 59 53 73 39 39 44 47 34 78 38 40 56 88 47 59 75 57 86 45 46 280 29 93 35 38 49 222 47 28 36 51 64 53 65 61 144 47 44 39 42 42 54 34 59 41 45 45 47 35 41 44 155 129 36 76 22 40 52 53 95 45 43 77
internal_value=0.000344358 0.00432989 -0.0119481 -0.0164303 -0.00446827 0.000482472 -0.0196902 0.00797904 0.00885496 -0.000528457 0.00327906 0.00576144 -0.00504856 -0.00239865 0.00935348 -0.0222697 0.00977939 0.0145165 0.00826568 0.00680401 0.000843218 -0.00297331 0.00941313 0.0158462 0.00966248 0.00172508 -0.00483197 -0.00279814 0.00282144 0.00700603 0.0107936 -0.00462392 -0.00740268 0.0110853 -0.00636082 -0.00522292 0.00942544 0.0110057 0.00613001 -0.00262436 0.00539377 0.0108584 0.00105669 -0.00578602 -0.00190518 -0.00432156 -0.00181119 -0.0110905 -0.0163762 -0.00359503 0.000522039 0.003462 0.0055227 -0.000514748 -0.00748322 -0.00785495 0.017416 -0.00676168 -0.000829692 -0.00921458 0.00749685 -0.00118062 0.0152856 -0.00493784 -0.011999 -0.0149094 0.012517 -0.00312434 -0.000621488 0.00856873 -0.0118642 -0.0148021 0.0146879 0.0140865 -0.00549614 -0.0103521 -0.00841326 -0.00213349 0.00825624 0.00354876 0.00710589 0.000472976 0.0163272 0.0088193 0.0023885 0.0102828 0.007048 0.0176194 0.0149845 0.00740627 -0.0156197 -0.000280729 0.00728814 -0.000534447 -0.017865 0.0155155 -0.00795767 -0.00119877 -0.0181807
internal_weight=902.21 681.649 220.56 133.132 28.8644 332.23 104.267 349.419 327.454 309.763 115.489 96.6634 87.4287 70.5568 318.315 89.5042 310.571 73.827 236.744 199.524 61.0632 49.2537 138.461 37.2201 23.5546 35.6866 20.3188 194.274 47.4791 34.3022 29.2033 146.795 43.0304 120.56 121.238 112.737 104.194 90.7104 43.1712 18.3256 27.5263 18.5362 10.1652 8.99009 72.6038 58.0751 17.901 40.133 23.0597 17.0733 61.3658 45.8907 40.9983 25.8864 15.3789 13.1769 64.1154 49.2711 23.1697 18.8257 14.5287 13.4838 47.5392 21.9653 9.52698 13.5671 24.8456 31.4137 27.7395 12.6647 26.1014 22.0033 35.2977 22.4671 18.6134 13.5093 15.0748 10.5053 14.9894 25.5568 19.7055 11.8769 7.82865 8.80395 7.04835 15.3679 7.5463 28.2493 24.4502 11.0014 16.8719 9.60891 5.71192 6.02053 9.21676 15.1119 15.475 8.52902 11.6168
internal_count=6397 4803 1594 769 138 2936 631 1867 1774 2795 1046 848 825 641 1729 562 1681 375 1306 1137 357 285 780 169 111 211 116 1749 418 315 272 1331 435 693 1097 1006 599 491 216 92 206 133 89 73 711 595 87 295 144 151 562 415 358 206 131 103 335 498 203 198 116 108 275 93 75 74 124 316 278 129 295 234 286 141 174 135 149 96 97 234 190 104 86 97 82 95 76 204 233 104 184 97 75 90 101 152 147 88 119
is_linear=0
shrinkage=0.0158889


Tree=9
num_leaves=100
num_cat=0
split_feature=12 9 28 28 7 7 12 20 3 7 20 18 32 31 20 28 12 3 9 20 18 15 18 9 19 31 18 12 20 5 28 4 28 20 26 21 12 29 32 3 18 11 20 20 29 19 31 15 18 3 20 18 31 12 18 12 7 3 7 5 31 31 32 28 32 3 20 7 18 29 9 31 21 29 7 4 3 21 26 15 31 12 7 5 20 28 5 7 31 10 28 12 5 10 29 3 28 11 12
split_gain=157.696 34.7329 16.1822 15.0913 17.3838 18.3996 11.412 11.9683 10.7477 10.4349 10.3387 10.2514 11.7356 9.92228 9.85661 9.48305 9.18846 13.2381 10.0619 8.36199 7.74847 7.63786 9.2673 6.81873 7.60631 7.35036 9.40219 6.65353 8.80755 13.2645 8.44825 7.73406 9.76607 7.55161 6.56346 6.49624 6.24963 12.8177 9.27395 8.41782 10.7059 6.38153 12.6055 8.20192 5.87045 6.98373 5.69695 5.67589 5.60595 5.35964 5.30175 6.00918 7.52499 5.20517 5.16866 7.85023 8.11676 5.08116 4.99254 5.21653 4.98225 9.19827 10.591 8.53489 7.18453 5.47835 4.89025 4.88773 5.49221 5.41976 6.79125 4.75884 4.74485 4.71638 4.49104 9.04614 7.87141 4.42568 4.4237 4.34299 4.07033 3.94021 4.98191 3.82701 8.86054 3.7692 3.76233 3.75678 3.51659 3.4531 3.55049 3.42737 3.16007 2.9699 2.91676 2.8885 2.87021 2.66948 2.64422
threshold=0.015176814351001823 0.20000000000000001 -252.36854876617272 -569.41185032625003 0.8670634920634922 0.94642857142857151 0.0023725885011301033 0.44628249498870304 0.14885858270954658 0.70833333333333348 1.3694221557739585 0.00071879573681972442 -1.3265898867369692 1.5000000000000002 1.3624569568698714 -578.14041166210041 0.0033190712834750414 0.075544525337778015 0.4000000000000003 1.213913991572438 -0.0071450380677302947 250309.00000000003 0.00049494870029882071 0.34999999999999981 0.0062228577997949135 -0.15000000000000122 0.00095447658815235906 0.0090294491990580549 1.2836028566284836 0.65674603174603186 -2665.3442923967336 0.038477238489772032 -721.89466836304871 1.3694221557739585 0.0033243913710799826 1.6800000000000008 0.0041801017643244851 -72.996982072991912 0.3938672675500558 0.0054460525850171812 -0.0013971219785891954 0.0038164705480165273 0.92802117052018374 0.58582605346903127 -450.56394613405627 0.0040593159236742221 2.8950000000000018 814092.50000000012 -0.0015150321746340196 -0.072128643405852552 0.60233077546190794 0.0029771111163731409 0.83000000000000018 0.0083967924126941585 -0.000585250901031321 0.0095464372534013291 0.59722222222222232 -0.013233160238644957 0.92261904761904778 0.39087301587301593 -0.064999999999998601 1.029999999999996 -0.38075131206006302 -529.68358541492955 -1.1967183635531411 -0.052378580745966734 1.5222280471224596 0.67261904761904778 0.0041610198802297096 -186.40080458164229 0.12500000000000069 0.76999999999999791 -1.0000000180025095e-35 -124.94761964391689 0.67261904761904778 0.012060308565948656 -0.050147322685800071 0.13499999999999981 0.013121955126714659 211675.00000000003 0.6800000000000016 0.0054112409253796309 0.38690476190476197 0.17261904761904764 0.64648730425424783 -710.61128669454149 0.7242063492063493 0.50198412698412709 0.53500000000000025 0.27499999999999986 -535.11301893080622 0.010988194292493455 0.79166666666666674 0.17697269230769239 -173.61508233977807 -0.01550549354346231 -461.03190960043815 0.0013501194016337825 0.0082811063513179451
decision_type=8 10 10 10 2 2 10 2 2 2 2 2 2 2 2 8 10 2 10 2 2 2 2 10 2 2 2 10 2 2 10 10 10 2 2 2 10 8 2 2 2 10 2 2 10 2 2 2 2 2 2 2 2 10 2 8 2 2 2 2 2 2 2 10 2 2 2 2 2 10 10 2 2 8 2 10 2 2 2 2 2 10 2 2 2 10 2 2 2 2 10 10 2 2 10 2 10 10 10
left_child=1 2 6 4 10 13 7 80 14 47 78 20 57 -6 19 -11 92 23 35 48 46 22 71 24 25 -18 -27 30 31 -30 -22 32 -29 36 87 -19 39 38 41 40 -32 42 43 -38 -28 -46 -3 -9 74 -40 -25 91 98 -26 55 56 73 -13 59 -51 81 62 64 -64 -62 94 -31 68 69 -67 -71 -4 -16 -50 75 -8 -77 -39 83 -78 -1 96 -83 84 -2 -41 -20 -34 -33 90 -66 -52 -14 -43 -63 -95 -56 -35 -53
right_child=3 11 21 -5 5 -7 8 9 -10 15 -12 12 16 -15 72 -17 17 18 86 -21 27 -23 -24 50 53 26 44 28 29 66 33 88 34 97 -36 -37 37 77 49 85 -42 93 -44 -45 45 -47 -48 -49 54 58 51 52 -54 -55 60 -57 -58 -59 -60 -61 61 65 63 -65 89 67 -68 -69 -70 70 -72 -73 -74 -75 -76 76 79 -79 -80 -81 -82 82 -84 -85 -86 -87 -88 -89 -90 -91 -92 -93 -94 95 -96 -97 -98 -99 -100
leaf_value=-0.0071385696499064542 -0.020171680864242585 0.019196294760774467 -0.00044481471409580292 0.010103682572443868 -0.0070756289264119606 -0.018811956448185254 0.019325391882369512 0.023264466635410746 -0.010955207723980929 0.016934582045906289 -0.0018615023992452247 9.6974770806903528e-06 0.021707184438027192 0.014743835187086066 0.0074604278348111511 -0.0027501247732060296 -0.012068172258063378 -0.0074981563167807446 -0.0029700999919169435 -0.007082573180810162 0.017738509242516187 -0.016987167186667866 -0.011206416126589012 -0.004561435505437245 0.001145957325309384 -0.013211739490265278 0.020239242786331834 -0.017423597194099569 0.018152730383712314 -0.019932861682763561 0.01459462667436502 0.012051592619506907 0.013699999785154333 -0.014624413042230595 -0.014413786520051508 0.013693848043444291 0.0039585466013741929 0.021078001172677018 0.015609117965020812 0.0064676975260931141 -0.0099262265992010618 -0.021061467944998313 0.011740788143267169 -0.022159827375608083 0.012699072388782933 -0.011500599767569758 -0.0018099728997327995 0.009031430521435126 0.015333248602497747 -0.0095653427109688698 0.022498213801760005 0.001390221444144256 0.013131038126662739 -0.018598013325533277 0.024597438170559077 -0.013951418730539775 -0.010771310492198595 -0.018103155761690807 -0.013840628712637013 0.0098519344818331443 -0.0061832047095981436 0.025008840796152912 0.004509435472769374 -0.020166757306776549 0.0032601335619159523 0.016978826520383364 0.00036728984418839565 -0.0057636725403386732 -0.0058206541903311048 0.013390881951572738 -0.0046947513548975164 0.01756956087881658 0.025996349879597518 0.00055782040880972565 0.019233210578438856 0.015487239944485654 0.0024630946705752519 0 -0.008418215040646871 -0.015410563385909033 0.0087581964043270451 0.016356747351493978 -0.0053854417139245414 -0.022635422823849467 0.0022869601782596321 0.025143427711042596 -0.023607156427008794 -0.0041593378412623375 -0.006269041363756076 0.0011949535137606565 0.022337956853887415 0.0077647673632621492 0.0066165948647426715 0.0034748006496239732 0.0081856575159590678 -0.015166553960308308 0.0089825391648949999 0 -0.019709129301328669
leaf_weight=7.9410354010760766 15.207778165116908 6.7682571876794082 7.0146765764802748 5.8030356485396615 9.2576491255313176 13.636413706466554 10.739344056695701 36.91409501619637 8.0114693306386453 11.714095547795294 9.2100610025227052 7.4024206791073084 9.7545086145401019 10.716997638344763 6.5145270712673673 11.997410524636509 4.2290759366005615 7.1927738934755343 3.4518278017640096 10.780329592525957 5.551436834037303 7.4604947511106721 8.9765939787030202 4.4863046891987315 7.0438565053045732 3.5684453845024171 12.272746203467248 30.165691645815965 7.774545535445216 4.3491566721349937 6.6540881525725153 4.9441719204187375 5.5034185294061952 12.396203570067884 6.3609994985163203 6.2450715862214565 4.3959921114146727 6.5415722429752332 5.522696482017639 5.9715539738535881 11.144710573367776 11.547117549926044 8.0091763287782651 7.9355083256959915 8.0805436279624718 4.0117407273501149 5.5730876158922911 10.26500606164336 11.560151491314171 4.6327283866703537 15.013555995654317 2.6416576579213134 9.1598572582006437 5.6430873237550259 8.3375598918646556 7.2004897966980925 6.5677529051899901 7.5162400230765325 5.1923325825482598 9.8885843437165004 8.4096964970231038 7.079797025769949 5.2414891999214879 8.9939861260354501 4.020181968808175 17.881409535184492 7.352882532402873 6.4202578943222752 5.3708325773477545 10.275165354833026 9.5765578188002092 7.009432140737772 9.4681249875575269 10.119354892522102 14.366870678961275 5.9752839133143452 7.1785580590367299 3.955558568239212 9.4466573856770975 5.6404805406928062 7.1216212660074234 4.408856036141513 5.1187520008534193 70.18136451067403 5.9366359338164321 5.7544765509664995 7.4441842893138528 5.2800378482788801 4.4573250245302916 6.0339561291038981 7.3721004985272929 6.7557240054011336 6.6195334307849398 3.2857457436621189 5.4324080869555385 4.2338919509202233 6.2835931107401874 4.0732872486114493 2.5094490814954042
leaf_count=38 108 61 39 55 56 103 69 139 57 41 65 69 50 26 46 49 54 85 38 64 24 43 62 65 52 38 103 329 63 54 48 32 58 96 66 60 43 69 40 42 70 118 70 72 109 48 31 47 68 35 117 32 62 54 42 50 42 51 44 84 59 54 51 47 48 131 67 46 33 73 62 32 45 69 79 42 59 40 53 52 36 39 51 510 33 29 80 37 46 50 64 49 35 33 44 44 37 51 42
internal_value=0.000695578 0.00380849 0.00730812 -0.0141125 -0.0151344 -0.00499324 0.00834172 0.0133174 0.00653048 0.016029 -0.0181829 0.000295365 0.00361742 0.00469389 0.00716336 0.00713386 0.00520458 0.00349189 -0.00671684 0.0062319 -0.00188316 -0.00369156 0.000928214 0.00643445 0.00209934 0.00619658 0.00918407 -0.00263915 -0.00632962 0.00279985 -0.000395137 -0.0094716 -0.0120644 -0.00131695 -0.00232314 0.00247804 0.000274861 -0.00215567 -0.00483234 0.00639734 -0.000544794 -0.00959595 -0.00320791 -0.0130594 0.0127337 0.00445528 0.0100315 0.020337 0.00695202 0.00263511 0.0111094 0.0131181 0.0047744 -0.00804845 0.00554025 0.000156525 0.00399515 -0.00943559 -0.00133508 0.00348063 0.00703901 0.00543438 -0.000489533 -0.0112321 0.00553164 0.00923726 -0.00775198 0.00669121 0.00861511 0.010746 0.00475941 0.00888089 0.0190363 0.00866978 0.0119897 0.00812406 0.00128114 0.0136263 -0.0196484 -0.00570525 0.000388956 0.0134948 0.00500173 -0.0207391 -0.0139533 0.0164814 -0.0176315 0.00515264 0.00345624 0.0112358 0.0161695 0.0182932 0.0161043 -0.0160658 0.0184796 -0.00730406 0.0185626 -0.0111111 -0.0097983
internal_weight=862.449 713.053 356.794 149.397 143.594 33.6111 326.333 85.9533 240.379 70.8906 109.982 356.259 141.043 19.9746 232.368 23.7115 126.124 109.75 24.3339 216.385 215.216 30.4612 23.0007 85.416 44.8495 32.1626 27.9335 202.875 76.1882 19.4766 126.687 56.7116 47.3101 121.135 17.1445 13.4378 104.666 75.1409 64.6438 29.5248 17.7988 39.4074 20.3407 12.3315 24.365 12.0923 12.3413 47.1791 205.605 25.2363 40.5665 36.0802 14.311 12.6869 161.704 35.4477 28.2473 14.9187 19.7136 14.5213 126.257 102.108 40.0714 14.2355 25.8359 62.0364 11.702 49.5242 43.104 37.7331 19.8517 14.0241 15.9827 21.6795 43.9005 29.5337 18.7943 10.4971 100.772 12.819 15.0627 24.1488 9.52761 91.3258 21.1444 11.726 10.896 10.7835 9.4015 17.4262 11.3923 21.7693 16.374 19.0668 12.5122 7.51964 14.6212 16.4695 5.15111
internal_count=6397 5388 2199 1009 954 185 2023 350 1673 276 769 3189 1293 82 1616 90 1173 1088 263 1525 1896 176 133 825 458 352 298 1804 752 184 1052 568 490 1028 161 145 881 692 583 189 118 380 185 115 260 157 92 186 1461 203 367 302 136 106 1160 229 179 120 163 119 931 762 319 98 221 443 121 345 299 266 135 71 91 137 301 222 153 109 704 111 74 169 90 651 141 71 118 95 78 162 112 166 85 195 98 77 79 147 74
is_linear=0
shrinkage=0.0158889


Tree=10
num_leaves=100
num_cat=0
split_feature=23 9 20 33 17 22 16 5 24 5 17 31 21 10 31 26 4 24 24 5 9 6 26 26 26 27 23 3 6 25 3 4 20 9 26 24 26 9 31 10 31 6 4 21 21 31 25 25 26 10 20 16 4 31 31 10 4 4 23 3 17 17 17 27 17 17 27 24 26 23 6 27 21 27 25 16 20 3 22 26 27 22 27 16 17 31 27 31 26 21 6 24 25 21 16 22 5 20 16
split_gain=141.426 37.6393 16.9742 12.9473 11.1517 9.77336 9.41847 9.47634 9.36353 10.8017 8.40583 10.5371 8.05153 7.98109 8.42828 10.2864 7.61691 9.4925 12.8165 9.2982 8.78907 7.80443 7.31663 9.01845 8.59712 7.20216 9.05149 13.7942 8.27683 6.99493 8.50772 6.91475 6.90611 9.75888 6.75872 9.41066 7.16035 10.4645 6.57147 7.32649 7.65537 6.54743 6.33495 6.19257 5.88756 5.79989 8.99667 6.22852 5.78295 5.6456 5.36595 5.02296 10.2547 7.23376 10.3385 6.80539 5.34563 5.32237 4.96729 4.90854 4.79048 7.21859 4.70502 4.68404 4.77035 10.8965 4.99814 6.2734 6.33031 4.49998 4.44657 4.42943 4.3871 4.18954 7.37567 4.61274 4.1278 4.03888 5.74285 3.93594 3.84082 3.73006 4.07645 4.07353 3.63183 3.48354 5.89454 3.37154 3.30468 5.40482 4.19944 3.58895 3.58687 4.85367 3.24927 3.16659 3.10284 3.08559 3.04656
threshold=4.3709734013169248 0.20000000000000001 0.64648730425424783 0.8500000000000002 -0.11289232195029118 1436.2500000000136 342.02812830924148 0.94642857142857151 3.002963523758877 0.49007936507936511 -0.032981173482718167 1.1599999999999986 4.2250000000000005 0.08074128205128199 1.6750000000000018 0.010459271132990835 0.042793250918329508 3.9299833777181683 0.94905569544689439 0.13293650793650796 0.19999999999999954 -0.035311279621855422 -0.015517144669539516 0.0067334352057126798 0.013999415247654136 0.023993588241632117 -4.1030895888517582 0.0080345213914613262 0.008465965447420622 -0.0057987712509999225 -0.02521058581163493 0.020479739351480165 2.4533841350569596 0.50000000000000078 0.0033797798776014081 2.3638382394552462 0.00092119390517997346 0.32500000000000023 1.9600000000000046 -0.024999999999999953 0.43499999999999878 0.008465965447420622 0.010584039859969545 1.2749999999999997 -1.3049999999999995 0.47999999999999871 0.0053981741768293076 -0.017555645676316064 0.016641120409799041 0.2078931818181817 0.35790430900295694 120.88050223895092 0.026604800877986588 0.32499999999999934 1.4400000000000006 0.039009661835748784 0.013129460368142181 0.043476851424960168 -3.9743148347731432 0.0063712187777228433 1.0000000180025095e-35 -0.028290983730108573 0.030711894318110059 -0.020754500846914489 -0.063332677410252988 -0.025309002521428033 -0.0041110048617851161 1.9228074588385464 0.003585739928319676 -5.3241614962254182 0.023992286974328873 -0.0050042248201637154 -0.49500000000000094 0.0051304310062094691 0.0012109393225266942 212.45088976321128 1.1916389136857168 0.016332360768881341 3409.0000000000077 0.0029121763373926028 0.0040708066643976313 529.50000000001648 0.01499710579426783 217.48529250549365 1.0000000180025095e-35 2.0649999999999982 0.0061998391385967863 0.96499999999999997 -0.0033996318738487847 1.0000000180025095e-35 0.017589865666479691 1.0581398606262409 0.011055838897364502 -0.53999999999999992 198.39304504279519 221.50000000002004 0.52976190476190488 0.955710360558926 146.97759909194005
decision_type=8 10 2 10 8 10 10 2 10 2 10 2 2 2 2 2 10 10 10 2 10 10 2 2 2 2 10 2 10 2 2 10 2 10 2 10 2 8 2 2 2 10 10 2 2 2 2 2 2 2 2 10 10 2 2 2 10 8 10 2 10 10 8 2 10 10 2 10 2 10 10 2 2 2 2 10 2 2 10 2 2 10 2 8 10 2 2 2 2 2 8 8 2 2 10 10 2 2 10
left_child=1 6 -2 5 -4 34 7 16 9 10 11 -7 22 29 15 -15 17 18 42 49 41 58 -5 50 62 26 27 28 72 -6 -31 -16 33 38 36 60 51 59 39 -11 -41 76 87 -18 -26 97 47 -47 -37 -20 -24 52 -3 -53 55 -55 -57 -54 -19 -38 61 -36 -25 -52 96 -66 95 98 -69 -43 77 -44 -8 74 -23 -75 81 78 -12 -29 -58 82 -21 -84 -42 -56 -87 -1 -28 92 -91 -92 93 -90 -71 -67 -65 -10 -68
right_child=2 3 4 12 13 8 25 -9 45 32 70 -13 -14 14 31 -17 43 21 19 20 -22 73 23 24 44 -27 88 79 -30 30 -32 -33 -34 -35 35 48 37 -39 -40 40 84 69 71 -45 -46 46 -48 -49 -50 -51 63 53 57 54 85 56 80 -59 -60 -61 -62 -63 -64 64 65 66 67 68 -70 94 -72 -73 -74 75 -76 -77 -78 -79 -80 -81 -82 -83 83 -85 -86 86 -88 -89 89 90 91 -93 -94 -95 -96 -97 -98 -99 -100
leaf_value=-0.0034729382732164287 -0.022889596753870072 0.017936672928595646 0.0094293036757966096 0.016515575959766569 -0.023822165767993703 0.009454943782940298 0.0067364382581968458 -0.010370239932425378 0.0075670421348420268 -0.011690886088387364 -0.0061873672773316048 -0.022822202532028161 -0.0095105125181759835 -0.02260445302867372 0.011850155986250015 0.0028914601035794569 -0.0083081794931767344 -0.003698362707343061 0.0019141001333676227 0.011145845952786001 0.016850959695259835 0.020164632384852454 0.014401014712392402 0.019551749627216293 0.007449792409305777 -0.013182507715970102 0.018497879824798686 -0.0055863671222748943 0.014489468766436595 -0.020965695164948207 0.0023390126345819626 -0.0077672774314265624 0.010247476981350772 -0.020187755603338849 -0.017368027105332643 -0.0066102195755704659 -0.012401437945201613 0.019309451394903709 -0.017346881769768945 -0.0079919020172491487 0.024582951476129145 0.0076259037778853905 0.0083817221457595601 0.0091129755763224695 -0.01310596902907246 0.0014002306607525689 -0.014663459296955273 0.017617385263397536 0.01459510845562745 -0.01999448067022699 0.008534788465880995 -0.017667507102837092 -0.018940576324756826 -0.011758625059162087 -0.022193367617305858 -0.0046687643453609488 0.0033139277374017763 0.0034111536014777609 0.013400563442076737 0.0088097633961973128 -0.025090425061045502 0.0076241187209536666 0.0022563183966679595 -0.0021874048636495421 -0.01705126647934933 -0.00077823587027933629 0.0037203396138098428 0.015606214148807179 -0.0062671537459458851 -0.014007989363905491 -0.0027043555017368507 0.020306292966872072 -0.012188042894463312 0.012263601930332619 0.0030922386753844716 0.026133787366570915 -0.0065527270030933116 0.024764176372743224 0.020135729458866908 -0.023779197210869876 0.023745437015856009 0.017193839919357835 0.0077060247614820707 -0.0081686960415959312 0.0025679330264585061 -0.019979595466800205 0.0048431825291891046 0.011644115639910314 0.013319289692389739 -0.009746880305608675 0.014429079494626604 -0.0032462195724630816 0.014562862563966664 -0.005839404234130533 -0.00057581404360461613 -0.018190110722276248 0.012943699169631595 0.025792849403786722 -0.011666576732735212
leaf_weight=6.8845026791095716 44.554978259839118 5.8992556142620733 6.1216236092150211 11.789005110971628 19.366026796400547 4.6349635086953658 4.8443243671208602 5.7842138260602942 5.6880764085799438 6.654397118836644 3.825166245922448 4.4167560893110931 10.035909686237572 11.357755065429957 7.8687436580657986 5.7449163347482672 10.402520503848793 8.2203271668404359 5.6799815315753204 16.609370218589905 15.083861568942664 13.394834000617267 5.9182003568857899 18.036415437236428 9.2569278199225646 5.8693749420344821 6.4456754811108103 6.5780020561069232 11.405543280765412 6.8965805731713763 8.0295823570340854 9.1187635362148267 4.4742677919566622 13.427433158271013 8.733644900377838 12.703231479972603 6.5554932653903979 7.6281562019139519 5.8541415780782691 4.3707134649157551 4.9835516531020385 6.7747395765036371 12.686977148056028 9.0503691248595697 4.8442092947661868 16.908775513991717 5.1476597040891638 8.8123102597892302 3.6724944598972789 5.2931489776819944 11.299379119649521 13.09970856271684 4.5638414546847317 4.5835824571549919 6.1358736716210833 4.3604842759668818 4.2256853897124511 5.1878095939755449 7.820395113900303 3.8893049545586109 10.443522891029714 3.7771355621516731 5.3687753509730127 5.9007335547357709 12.418311596848062 5.5139287114143247 5.2286654654890636 11.554052748717366 4.1677939109504214 8.2317036110907811 3.9385361559689036 29.492925647646189 6.5916784964501893 11.3264292832464 12.395753802731631 20.662539280951023 4.495464300736784 6.2742626927793026 3.4344435445964336 6.0343970060348511 5.5209672059863806 9.6247141249477846 7.6213994361460182 7.4631143528968105 3.1922651156783104 3.673815004527567 5.0351600330322981 6.8771505337208509 5.7352821566164494 6.8798282165080309 5.1240811944007882 5.4024679958820352 19.389618428424001 6.4487168081104773 9.6604019459336978 4.6781378146260977 6.8845002502202988 4.7709936872124672 6.9020836688578129
leaf_count=41 314 47 27 83 130 47 36 34 52 53 54 49 58 79 26 24 50 42 48 134 105 75 46 150 92 42 49 73 51 47 38 44 26 142 108 147 68 60 85 49 63 46 59 68 31 181 41 68 45 40 67 133 36 35 64 44 38 45 47 37 98 79 35 70 136 43 43 107 28 64 40 158 44 64 55 94 37 40 24 33 43 69 55 54 35 36 48 32 50 44 37 39 128 26 86 36 54 53 67
internal_value=0.000858221 0.00351954 -0.0151344 -7.18027e-06 -0.0103385 -0.00232069 0.00726418 0.00888435 0.00107393 -0.00247941 0.00540326 -0.00668643 0.00379657 -0.0121853 -0.00653409 -0.0142051 0.00936484 0.0101829 0.00785407 0.00429263 0.00607087 0.0148799 0.00487052 0.00362175 0.00998854 0.00301618 0.00415087 -0.00208653 0.00524916 -0.017571 -0.00879703 0.00138341 -0.00736776 -0.00956066 -0.00545768 -0.0108115 -0.00276749 0.00588436 -0.00349316 0.0011108 0.00817558 0.00362892 0.0138754 -0.0001427 9.41345e-05 0.00701032 0.00337079 0.00726211 -0.0014617 -0.00910658 0.000593255 -0.00532045 0.00236988 -0.00791102 -0.00383163 0.00397931 0.00941196 -0.00749899 0.00479079 -0.00439895 -0.0172433 -0.00977415 0.0157693 -0.000604645 -0.00231351 -0.00451467 -0.000199898 0.00328039 0.00975395 -0.00290737 0.0117134 0.0169064 -0.00418853 0.0175903 0.0122461 0.0215667 0.00715264 0.0158855 0.00679469 -0.0150403 0.0156708 0.00873249 0.00586468 -0.000123011 0.0168396 -0.0134698 -0.00619596 0.00421668 0.0081302 0.00654018 -0.000542015 0.00562843 0.0103982 0.00334101 -0.0070491 -0.00940844 0.00613787 0.0169105 -0.00512966
internal_weight=837.64 718.581 119.059 370.295 74.504 230.498 348.286 251.537 110.809 69.4809 26.5241 9.05172 139.797 68.3824 34.0902 17.1027 245.753 226.3 152.479 96.5379 85.5648 73.8203 129.761 117.972 37.5063 96.749 90.8796 35.4539 22.8415 34.2922 14.9262 16.9875 42.9568 38.4825 119.689 39.33 80.3591 18.073 25.0551 19.2009 12.5465 70.4809 55.9416 19.4529 14.1011 41.3278 30.8687 25.7211 16.3757 10.9731 80.4658 62.2862 15.6509 46.6353 33.5356 18.6907 14.1071 9.75165 16.0407 10.4448 22.9543 12.5108 23.4052 74.5476 63.2482 50.463 38.0447 27.8526 15.7218 24.6668 17.4724 42.1799 11.436 57.7796 25.7906 31.989 45.8141 13.5339 7.25961 12.6124 9.74665 41.3186 31.6939 15.0845 8.17582 14.8448 8.70898 13.7617 55.4257 48.98 17.4064 10.5265 31.5736 12.184 17.8921 10.1921 12.7852 10.4591 12.1307
internal_count=6397 5668 729 3459 415 2313 2209 1557 1102 707 254 96 1146 388 173 103 1523 1405 1028 738 650 377 1088 1005 308 652 610 237 131 215 85 70 453 427 1211 477 734 165 285 200 147 545 290 118 123 395 290 249 192 88 697 569 128 441 308 160 125 81 89 105 285 187 185 651 584 460 324 245 135 196 158 217 80 288 130 158 349 118 78 106 81 312 243 109 98 148 84 73 373 324 120 76 204 76 150 79 124 105 110
is_linear=0
shrinkage=0.0158889


Tree=11
num_leaves=100
num_cat=0
split_feature=23 9 20 33 31 4 19 4 15 26 26 33 19 15 26 24 11 24 24 19 4 19 4 6 24 20 6 6 23 31 31 29 32 9 9 26 16 3 2 5 5 11 32 19 2 9 16 9 4 3 3 16 11 23 26 29 23 20 16 6 3 31 33 31 23 2 6 26 31 31 2 23 2 16 32 15 32 3 9 6 16 9 24 24 15 15 31 20 11 16 19 2 26 2 26 9 29 3 16
split_gain=129.108 30.2647 17.3402 11.8075 11.2149 11.0468 10.4328 13.7221 8.56769 7.3434 8.33535 7.28152 8.9886 8.47959 8.11844 8.67601 6.58439 6.44957 12.3846 8.53094 11.1167 6.21022 6.2566 6.1159 9.74637 7.63235 5.98159 7.49955 5.87176 5.85705 5.81928 5.66967 5.65695 5.41826 9.96389 9.00033 8.51157 6.37167 5.89343 5.57127 5.348 5.53984 7.11932 7.9815 5.32891 5.21856 5.09547 4.9616 4.95707 6.18975 9.63628 9.13543 4.88842 4.56263 6.17434 4.52565 5.21138 4.39343 5.34046 6.80307 5.19133 8.49219 6.6579 6.14503 5.02772 4.44751 7.12201 5.51032 5.2157 4.20952 9.97851 7.56967 5.0517 4.43853 4.08877 4.05641 3.85508 6.73672 6.49188 3.84123 5.29646 5.23958 4.7245 5.43872 4.67536 3.95007 4.90364 3.80025 3.56623 3.4661 3.37243 3.33666 4.07502 3.32477 2.95687 7.09577 4.67155 2.92963 2.90426
threshold=4.3709734013169248 0.20000000000000001 0.64648730425424783 0.8500000000000002 1.6499999999999997 0.022251251269067591 0.0031622763993353572 0.027054222348005464 172325.50000000003 0.0067334352057126798 0.013999415247654136 0.71666666666666667 0.0036629908816679323 363738.00000000006 0.0030093720973992659 3.6719574482988784 0.0034294039932936714 6.7846124130282435e-16 2.4560570091256864 0.0044750867067118371 0.026604800877986588 0.0035423399467457541 0.036325686147865639 0.10501694322846357 2.1224761383107773 1.4977216307683474 0.062190839488437517 0.046700149532367681 -3.3242394949457594 2.784999999999997 0.24499999999999925 -2359.156099894908 -0.46867446155360526 0.34999999999999981 1.1000000000000005 0.00092119390517997346 138.36350981815909 -0.018903610569797221 1.0099354342353986 0.28769841269841273 0.86309523809523825 0.0046310053690748953 -0.11101672174410161 0.0023286763176944775 0.96251750183352547 0.49999999999999989 200.3765366089979 0.29999999999999993 0.012240604020507183 -0.033888150625031026 -0.052378580745966734 164.14178321850463 0.0067702242570732343 -3.6663237823225203 0.0012626326535946089 -435.11124503312936 -4.3726208698281512 0.32749462509728755 138.36350981815909 0.17836736182278737 1.0000000180025095e-35 0.37000000000000283 0.95000000000000007 -0.49000000000000016 -3.4577151185563522 0.9871769125283526 0.046700149532367681 -0.002196686520827051 0.43499999999999878 0.21999999999999978 1.0289408365307189 -2.2735271741098892 0.93654509988079337 168.39835070626802 -0.54046954510871614 229295.50000000003 0.11783787623797579 0.028369554313894322 0.15000000000000011 -0.031401645548387307 281.29210996238265 0.14999999999999999 2.2744834718641664 5.503052276936499e-16 203535.00000000003 211675.00000000003 0.3499999999999997 0.55639956742438323 0.0028234949058728036 131.43875584726325 0.009608821274178482 1.0828642987327377 -0.0065430006927886799 1.0437244184330201 -0.0058028801444870428 0.49999999999999989 -485.54656307371937 -0.020991622876300017 291.04879106794459
decision_type=8 10 2 10 2 10 2 8 2 2 2 10 2 2 2 10 10 10 10 2 10 2 10 8 8 2 10 10 10 2 2 10 2 10 8 2 10 2 2 2 2 10 2 2 2 10 10 10 10 2 2 10 10 10 2 10 10 2 10 8 2 2 8 2 10 2 10 2 2 2 2 10 2 10 2 2 2 2 10 8 10 8 10 10 2 2 2 2 10 10 2 2 2 2 2 10 8 2 10
left_child=1 6 -2 11 21 -6 7 26 -8 57 55 12 13 94 33 47 17 98 19 46 29 -4 -23 24 32 -25 27 40 -12 -21 -26 -32 -14 36 35 69 38 -38 75 -39 41 42 79 -44 -7 -33 -19 52 -20 50 51 -50 -16 54 -48 -11 -57 -5 59 64 61 63 65 -60 88 -62 67 -67 -69 73 71 72 -71 -35 -18 -13 77 -51 -78 81 -81 97 83 -82 -84 -85 -87 -45 -59 -17 -34 92 -41 -53 -3 96 -96 -1 -10
right_child=2 3 4 9 5 44 8 -9 16 10 28 14 23 -15 15 89 74 18 48 20 -22 22 -24 25 30 -27 -28 -29 -30 -31 31 45 90 34 -36 -37 37 39 -40 91 -42 -43 43 87 -46 -47 53 -49 49 76 -52 93 -54 -55 -56 56 -58 58 60 -61 62 -63 -64 -65 -66 66 -68 68 -70 70 -72 -73 -74 -75 -76 -77 78 -79 -80 80 82 -83 84 85 -86 86 -88 -89 -90 -91 -92 -93 -94 -95 95 -97 -98 -99 -100
leaf_value=-0.00029802908472712045 -0.022591638138318826 0.026247338254083846 -0.0022136991772533348 0.018101265332572683 0.0081071846118322983 -0.0033006079629435397 -0.0087489624124852707 -0.016371373720781197 0.020270741889323447 0.021510772391407987 -0.0072005587100945909 0.0051232535977849686 0.0020931255844091547 -0.0088163684459464479 -0.0099061885688233164 0.016175971766222753 0.0082246863493937467 0.021666311396479142 0.022672857809213416 -0.012610643751791174 0.011837414423969675 -0.02291403026387059 -0.0074133961843806089 -0.0041300742322538681 -0.012606244772586324 0.019349484789442723 0.017606045329830948 -0.01404693217547456 0.014803597675496265 0.0058880546905840962 -0.010216036320006359 0.01510698077121147 -0.023406128917946942 0.0060968132857325726 -0.011567960876241941 0.02232697596197749 -0.017171296093408516 0.0081114347173649494 0.015927795273431428 -0.014072002418903671 -0.010293505222944022 0.013231747173694275 -0.017923430319694442 -0.0059051702212864765 -0.021022869374337335 -0.0014011961067599626 0.012261459476353214 -0.017160016323590689 -0.0040898658040589772 0.019284637458517374 -0.01101927185047623 0.023657853422010558 0.009996661919201252 0.014843415338800674 -0.012591152397333917 0.018410736224607649 -0.0028877361441693081 0.018252775753984644 -0.010242124460225368 -0.010850961447751392 -0.013852028168473616 -0.01380475249417106 0.016298296553050543 0.013408187044096128 6.1481776469770184e-05 -0.015463041988406359 0.019408337360538191 -0.0098224810027067958 0.013941750344997797 0.014309028496985697 0.018585133730811016 -0.019893932116121428 -0.0064902895196200195 -0.019378146089898286 -0.0076640164952957446 -0.014760373903120957 0.023179467582783816 0.00090242143646511409 0.0063423987071860657 -0.002801855608676409 0.015456363423861972 -0.012402236654874048 0.0040768356167358352 0.012763236573987905 0.022460565040813212 0.0078311424827426715 -0.009945009711214467 0.015182356880279173 0.0045564501759247592 -0.0029832298578439972 -0.0051302370689798307 -0.018672247757779543 0.0049586698852048579 0.0080997775378653363 -0.014577696692500553 0.022061588820126144 0.011008906378713882 0.012840902171989724 0.0087737601155044084
leaf_weight=11.284531744197015 41.978877970948815 4.7194707877934041 7.958860609214752 3.4254589024931184 13.671886494383218 11.158624883741142 5.8533030655235043 7.4782405309379092 23.729084702208638 13.585010558366774 9.0036126058548671 5.7785165049135667 4.5247803814709213 3.9495933195576063 12.601134316995742 3.2985028959810716 7.2468040771782398 6.7236291151493814 11.597876798361538 16.946542127057917 9.5198321193456632 21.952924778684974 10.593260522931812 6.2562215123325569 5.0693372935056713 6.7318727597594261 8.262599050998686 4.9504331517964593 3.8704455867409697 5.2708226591348639 4.3074403330683735 12.043273679912092 8.7880056621506792 2.5808938369154957 9.0273153595626336 6.7350048720836631 13.79508040845394 6.7268231902271536 6.3978767041116944 4.2600222080945933 5.0413585100322953 19.28209846559912 6.8095251377671939 3.7142705898731947 6.7453936953097573 7.5629632407799354 3.7843263782560825 22.620312909595668 7.445251524448401 8.3165337555110543 6.468320082873098 8.1693597361445409 3.5043541509658089 6.4003628157079193 5.2945642862468958 4.7776249013841134 5.8780518211424386 12.306134359911086 4.0038828663527966 4.8597139045596114 4.9529745150357547 16.528388162143528 6.3257610946893683 6.3764643995091337 12.104628780856727 5.0648253466934028 4.0220825765281907 3.3320288881659454 5.1413893643766642 5.5818828456103784 8.5910196546465141 3.8488054219633367 5.0604343991726637 3.3853438384830952 7.8962386883795244 3.7482367120683193 20.859353808686141 11.836036264896391 8.8693005219101888 9.1806205604225379 9.7836079150438326 5.5061460603028527 5.5122298039495972 4.8976799407973912 11.311315163969992 5.9461412839591494 9.1279239505529386 3.7568667661398649 8.6915206238627416 5.6031149737536907 4.2000883072614661 4.9060744289308778 6.2136478479951638 7.5782580915838471 2.9318490992300212 5.914808377623558 3.0359743013977987 6.1798495184630164 9.3394456766545755
leaf_count=53 314 24 37 28 49 61 40 53 94 83 90 50 50 36 176 39 57 33 52 108 60 162 67 55 67 49 57 33 33 38 54 104 81 46 64 50 142 67 66 51 33 156 45 33 39 61 40 292 37 61 41 41 49 45 39 37 65 79 31 30 41 167 54 63 86 42 49 44 58 51 81 39 52 37 68 39 98 69 62 68 52 50 46 52 77 53 60 42 66 66 43 59 58 64 40 37 38 50 49
internal_value=0.00113007 0.00370259 -0.0144914 0.000484829 -0.00961374 -0.00241758 0.00711548 0.0037269 0.0094423 0.00420248 0.0101581 -0.00174312 0.00208527 0.0109803 -0.00387094 -0.00919698 0.0100224 0.0108745 0.00934743 0.00324727 -0.00202869 -0.0150884 -0.018119 -0.00105959 -0.00376789 0.008323 0.0049545 0.00401052 -0.000166097 -0.00815565 0.00189259 0.00523057 -0.012913 -0.00119814 0.00281938 0.00660008 -0.0046753 -0.0089227 0.00484037 -0.00342203 0.00484707 0.0055847 0.00391613 -0.00619458 -0.0104886 0.00886199 0.0106651 -0.0124166 0.0129051 0.0113095 0.00537123 0.0101347 -0.00533075 0.00520075 -0.0020499 0.0155324 0.00709602 0.00187097 0.00115659 0.0057091 -0.00196171 -0.00691182 0.00268529 0.00416939 0.00831223 -0.00144799 0.00237077 -0.00327658 0.0044997 0.00254421 0.00563545 -0.0024496 0.00455357 -0.00873154 0 -0.00306507 0.0147198 0.00886524 0.0184074 0.00579151 0.00802342 0.0002804 0.0101783 0.00613222 0.0168292 0.00120875 -0.00286323 0.0049763 0.0129034 0.00464452 -0.0180414 -0.00862195 -0.00308206 0.0167961 0.0158716 0.0106082 -0.00166057 0.00459909 0.017262
internal_weight=809.781 695.721 114.06 358.55 72.081 31.5759 337.171 138.025 199.145 134.25 37.1147 224.3 80.0357 20.5517 144.264 47.6274 193.292 178.149 145.08 53.9401 31.7372 40.505 32.5462 59.484 46.4959 12.9881 130.547 122.285 12.8741 22.2174 28.983 23.9137 17.5129 96.637 44.8107 35.7834 51.8263 35.9016 15.9246 22.1066 117.334 112.293 93.0107 14.2807 17.904 19.6062 22.2029 38.7258 91.1403 79.5424 29.6612 23.1929 16.1055 15.4793 9.07889 24.2407 10.6557 97.1353 93.7098 37.962 55.7478 26.9087 28.8391 10.3803 33.1023 22.5133 17.5603 13.5382 8.47342 29.0484 23.0821 14.4911 10.6423 5.96624 15.143 9.52675 49.8812 20.1526 29.7287 78.73 55.7595 22.9705 46.5789 29.7554 16.8235 19.9717 15.0741 7.47114 20.9977 8.90162 12.9881 15.3797 10.4737 15.7476 16.6021 11.8826 5.96782 17.4644 33.0685
internal_count=6397 5668 729 3459 415 149 2209 1013 1196 1146 308 2313 739 175 1574 622 1156 1031 888 363 206 266 229 564 460 104 960 903 123 146 286 219 174 952 420 356 532 377 155 235 870 837 681 120 100 165 157 517 525 473 183 142 225 124 79 185 102 838 810 261 549 261 288 94 231 234 193 144 102 306 223 142 103 83 125 89 290 130 160 561 408 153 340 217 123 165 113 75 145 105 124 168 109 105 139 115 78 103 143
is_linear=0
shrinkage=0.0158889


Tree=12
num_leaves=100
num_cat=0
split_feature=30 12 12 2 10 28 4 4 6 5 13 32 4 5 4 25 32 26 15 30 4 10 21 5 1 21 9 28 32 4 28 26 32 32 15 10 30 26 6 10 8 2 10 26 26 1 32 2 10 2 25 9 12 32 26 25 4 1 26 6 4 4 28 12 25 4 21 28 26 12 5 1 1 32 25 13 4 10 21 25 32 26 12 8 32 15 13 13 32 4 21 5 32 13 28 12 25 15 15
split_gain=128.022 26.8148 20.2567 13.105 15.1833 11.0244 9.43818 11.4812 10.6912 9.99255 9.37961 8.14882 15.5461 7.7907 14.3291 7.73698 7.51223 8.23167 7.0145 6.96158 7.98587 10.1841 7.73275 8.11773 7.22432 10.389 11.2808 7.17708 9.4475 21.2125 10.4401 7.5899 7.15357 9.09533 7.11256 7.03125 6.8706 6.78379 6.62375 6.59727 9.02756 6.39858 7.84729 5.92495 5.8476 6.54671 7.32766 8.43304 8.70417 7.58732 7.24382 5.54898 5.52432 5.33714 5.25136 4.97338 4.87688 10.43 8.73804 8.43438 4.8364 6.26292 4.70557 5.19265 4.36516 4.23552 4.04319 3.87506 3.78501 3.7748 3.75749 3.68327 8.87766 6.73619 7.94631 6.55336 5.02425 5.57922 3.80267 3.75878 5.50665 4.15192 6.48525 3.4447 3.34009 4.82848 4.56699 3.32211 3.28959 3.22731 2.97596 2.95191 2.94953 2.89156 2.84526 2.84051 2.7333 2.64443 2.63794
threshold=94.34299262488463 0.0091152642397737422 0.010518268275745467 1.0275068464038875 0.26288750000000022 -252.36854876617272 0.017267611833729161 0.013040755005755378 0.079261671527185787 0.069444444444444461 0.11603291587662611 1.0000000180025095e-35 0.027054222348005464 0.80357142857142871 0.035935883444439265 0.038006392920752259 -0.77236972550905258 0.00031952419203051813 179879.50000000003 52.325280212295461 0.0097073848117082851 0.71191999999999467 0.83499999999999919 0.80753968253968267 -0.058848574348307141 -0.10500000000000041 0.30000000000000054 -446.78175509720671 -1.2862167638791677 0.0170054873423626 -415.09497670526821 0.00022337736485145146 -1.0879707250067374 -1.4918588505888903 286463.00000000006 1.0000000180025095e-35 20.380527637660894 0.0042799803709639992 -0.038416946778275056 -0.13708333333333342 4.5000000000000009 1.1832663155011653 0.031698564593301504 0.0008736761460264032 0.01055425927471765 0.25383255708007707 0.58036414546087189 1.0252915314806981 0.15125528846153841 1.174402755835678 0.011401241151498766 0.4000000000000003 0.013967058624436467 -0.78268908511271873 -0.0046848212670436698 0.024153257308656032 0.051999940970274751 0.1605674044265594 -0.013398891489428353 0.18249408293747696 0.0090711854355933503 0.011593113207368612 -521.35740380152959 0.013317223330034047 0.0056537354622031586 0.022986366403312326 -0.19500000000000026 -921.76614213558162 0.0048573625363933512 0.0060401430578676113 0.73214285714285721 -0.0046603520087599706 0.097405524801694635 1.0981203774571655 -0.0075443149066096718 0.022162827564699002 0.057233471167550572 -0.037358333333333348 0.84499999999999986 -0.019712516899855811 0.31663236303140785 0.0040666276594484305 0.0031331978623099685 14.500000000000002 -0.97436951579941911 385642.00000000006 0.0039673090971716306 0.002230173866362943 -0.2584944928498098 0.030363383162345551 0.27499999999999952 0.51388888888888895 1.0587145472803838 0.01509305301817742 -721.89466836304871 0.0059520973901111456 -0.015933787001564444 265625.50000000006 440736.50000000006
decision_type=8 10 8 2 2 10 8 10 10 2 10 2 10 2 10 2 2 2 2 10 8 2 2 2 2 2 10 10 2 10 10 2 2 2 2 2 10 2 10 2 2 2 2 2 2 2 2 2 2 2 2 10 10 2 2 2 10 2 2 8 10 10 10 10 2 10 2 8 2 10 2 2 2 2 2 8 10 2 2 2 2 2 10 2 2 2 10 10 2 10 2 2 2 8 10 10 2 2 2
left_child=1 5 44 4 13 10 7 9 11 -3 19 12 38 14 83 18 17 -7 -5 20 34 27 23 24 32 26 60 36 -29 31 -31 -30 33 -21 -1 -34 -22 -14 -8 52 89 42 -9 -12 45 46 47 -2 95 91 -51 54 -13 87 88 -23 57 -10 59 -58 -26 -62 63 64 -11 -32 -17 -42 -64 -46 -53 79 73 74 -73 -76 78 -78 96 -38 81 82 -81 -4 -37 86 -86 -44 -24 -41 -27 -50 98 -88 -92 -49 -74 -48 -63
right_child=2 6 3 15 -6 16 8 41 56 62 43 39 37 -15 -16 66 -18 -19 -20 22 21 55 51 -25 25 90 -28 28 29 30 65 -33 35 -35 -36 84 71 -39 -40 40 67 -43 53 -45 69 -47 97 48 49 50 -52 70 -54 -55 -56 -57 58 -59 -60 -61 61 92 68 -65 -66 -67 -68 -69 -70 -71 -72 72 76 -75 75 -77 77 -79 -80 80 -82 -83 -84 -85 85 -87 93 -89 -90 -91 94 -93 -94 -95 -96 -97 -98 -99 -100
leaf_value=0.021658269971804148 -0.017855540975776428 0.013738708088857866 -0.021268347258800821 -0.00013830475070581512 0.0110366452296922 0.016877459341626232 0.0034403019481987368 -0.0048564643085861579 -0.020752020719850574 0.0083076016164705408 0.0082457155397887925 0.010736327135019421 0.021313652843043703 -0.024222319786345835 0.0055583656915985623 -0.01381332313419989 -0.013756241059808418 -0.0049915736210065986 -0.021655472371004875 0.0044070305330375734 -0.0023196374870997137 -0.012100885779935178 0.0067018004625917825 0.015132229644165909 0.02012231592183043 0.022543575489382902 -0.014637524891618086 0.018274960682994616 0.0022000887918327797 -0.0061952315816986318 0.024649806820283032 -0.018388289009321993 -0.014622763808901006 -0.01822361738585318 0.0025549779501540478 0.018290887549626968 0.022905636486697401 -0.0053753627050027297 -0.018799232482106836 0.009211173747730764 -0.021946600558173667 -0.0062041246612004964 0.018444701725980586 0.022774445291263875 0.00055896562793432978 -0.01879927608839296 0.017713172471586859 -0.001880461762429326 0.018599835981006927 0.014546810410228329 -0.012504672687861058 0.018220408329167402 -0.012030388333455601 0.025034269695731661 -0.019784056779210163 0.0057147496294216293 -0.0187230270168274 0.015326051194754952 0.023933220280580404 0.014446432772765838 -0.01269773274042355 0.0060580600611646789 0.012036012611425548 -0.022000706435234843 -0.010487409462173344 0.0088934602147889858 0.0040591312419796192 -0.0031323689508726679 -0.0077479048843730617 -0.022865746027953125 -0.00067299418620455785 0.018999092261974732 0.016016416215654684 -0.012830313612248323 -0.012281175618238795 0.0090295932303468569 -0.0060094244463596699 0.014723884942937682 0.023613340615287064 -0.0031717829028552829 0.00073429705588847871 0.019206696247873065 0.015122097104449773 -0.0052699792195900052 -0.0055726027547565102 -0.0079897736980337006 0.020025225299943401 0 -0.0073258159306944211 -0.0096508503887297956 0.0024421685404663338 0.0028967556603900868 -0.0042240952187001628 0.0041989562680173793 0.017903353632128357 -0.016487044369694347 0.0022053307566589258 0.0014133301362700562 0.022332286745424888
leaf_weight=19.091443898156289 6.9872187785804263 7.0445196945220223 11.575443085748708 4.153979478403925 8.7856165338307601 6.3485291302204194 4.9320135349407783 4.3242369964718881 3.8347261883318451 3.9720505531877306 14.985626962035896 5.1400746293365938 7.7192711448296887 8.8239221759140474 12.374363472685216 6.3976648487150669 9.6404178310185653 10.967501040548084 59.081508816219866 7.5469104526564506 9.7715116832405311 9.0531133655458671 5.9221050944179323 19.860327349044383 5.1083860918879536 10.232817865908148 7.1660029785707584 8.5005425754934532 6.460959097370508 7.2264439407736054 7.5737209338694873 13.223089221864937 3.7539250608533647 9.6465357523411495 6.8954819925129405 4.8750373702496317 10.646885355934499 3.0350597221404314 8.8614440113306063 4.052721267566084 21.35458036698401 4.2972067864611736 3.7509908638894611 15.394128773361443 2.3965060319751492 4.3377174306660882 6.415560355409978 6.8011828195303661 9.0992504991590994 3.055268941447137 7.2637221794575453 3.7155861090868694 4.4307865053415298 11.434218375012273 5.4239635877311256 6.1541682519018641 3.1019107364118099 3.1058570295572281 6.2724996618926498 3.412846635095776 4.1828263867646482 8.9937714226543886 4.6317178588360566 6.3973975232802323 9.3345255870372039 11.993428479880093 5.3909487277269346 3.5060221813619163 3.9596967957913876 5.0282804174348712 6.6148889288306236 6.6799697969108882 9.4646488931029982 5.9322242625057688 6.5818082522600836 6.7509116046130693 6.1541639696806669 5.7784321680664998 12.069086227566002 7.1680593043565777 9.1215519681572896 22.34152464941144 13.361109023913739 5.5682523343712083 3.9885647743940416 5.5508879590779534 6.4606710691004885 5.5334729459136724 11.306187344714997 3.8731684312224388 6.6634884886443615 4.9058664105832568 3.5245551811531177 5.8444096036255448 5.4008420631289464 6.6192224100232124 6.1593978572636905 4.2172453049570322 3.4435942247509947
leaf_count=125 58 59 78 35 38 28 70 40 59 47 70 68 76 77 57 50 86 62 481 64 50 59 70 164 59 80 80 28 44 35 43 71 28 93 37 31 67 56 117 42 194 38 28 81 37 62 48 62 76 32 96 31 36 99 55 32 37 26 45 38 34 101 67 76 110 62 27 35 41 72 61 41 52 35 42 48 45 28 64 35 63 121 95 42 61 57 49 64 125 31 57 55 26 61 57 90 37 42 53
internal_value=0.00126428 0.00486975 -0.0101029 -0.0139437 -0.00721877 0.00682574 -0.000905263 0.00366242 -0.00432401 -0.00241982 0.00745841 -0.00734617 -1.83961e-05 -0.0115257 -0.00729132 -0.0180667 -0.00295088 0.00329916 -0.0202662 0.00677135 0.00850507 0.00742144 0.00412894 0.00596629 0.00410233 0.00800848 0.00215485 0.00840912 0.00348581 0.00056386 0.00968573 -0.0117405 -0.000414489 -0.00844911 0.0167888 0.00417776 0.0103422 0.0138472 -0.0110002 -0.0115178 -0.0148501 0.0109067 0.0139445 0.0159344 -0.00304164 -0.00130331 0.000249638 -0.00259009 0.000462978 0.00610294 -0.00407156 -0.00264776 4.83496e-05 0.0179231 -0.00700768 -0.00491247 0.00580815 -0.00459662 0.0114509 -0.00151852 0.00717886 0.00336635 -0.006671 -0.0108552 -0.00471495 0.0155901 -0.00579805 -0.0194569 0.00294605 -0.0157706 0.00671453 0.0113183 0.00851276 0.00121008 0.0056605 -0.00152662 0.0131874 0.00421491 0.0168562 0.0141339 0.0120781 0.0144334 0.00880083 -0.0164699 0.00711186 0.00415566 0.00846907 0.0080889 -0.00240579 0 0.0162057 0.0134948 0.00792823 0.0131149 0.00994591 -0.00953582 0.0108994 0.0117338 0.011454
internal_weight=787.308 598.029 189.279 122.152 47.1276 446.716 151.313 64.68 86.633 35.3399 419.76 66.9051 24.5478 38.342 29.5181 75.0241 26.9564 17.316 63.2355 389.38 234.154 208.167 155.226 122.244 102.383 54.7163 32.4191 192.959 54.9782 46.4776 26.7936 19.684 47.6669 17.1934 25.9869 30.4735 137.981 10.7543 13.7935 42.3574 32.7865 29.3401 25.0429 30.3798 67.127 59.7023 55.3645 44.7317 37.7445 24.3241 10.319 32.9827 9.57086 20.7187 22.6523 15.2073 19.7278 6.94058 12.7873 6.51476 25.2531 20.1447 28.2954 19.704 13.3066 19.5671 11.7886 24.8606 8.59141 7.42479 10.3305 128.21 65.5706 25.9449 20.0127 13.3327 39.6257 11.9326 27.6931 62.6391 51.9922 42.8707 20.5292 17.1437 26.7196 21.8445 16.2936 9.28446 17.2283 7.92589 22.2971 14.0051 15.9619 12.3051 12.0643 13.4204 15.624 10.6328 12.4374
internal_count=6397 4782 1615 885 292 3183 1599 669 930 400 3007 725 319 254 177 593 176 90 516 2856 1359 1197 1497 1155 991 547 353 1106 283 255 140 115 444 157 162 287 823 132 187 406 302 269 231 151 730 621 559 469 411 259 128 342 104 191 250 91 205 85 120 75 273 214 341 233 157 105 77 229 108 109 92 773 392 166 131 90 226 73 153 381 314 251 130 120 259 228 171 92 195 73 194 131 180 110 114 152 89 90 154
is_linear=0
shrinkage=0.0158889


Tree=13
num_leaves=100
num_cat=0
split_feature=28 33 14 25 14 14 13 28 13 13 10 28 32 16 25 0 25 15 15 0 14 10 15 0 32 5 16 32 8 13 23 14 10 15 25 0 15 27 19 25 23 26 19 5 10 32 15 13 14 26 2 5 23 5 8 2 14 10 28 22 5 16 25 19 19 5 15 32 5 13 2 23 25 23 10 2 0 16 19 23 26 28 22 13 16 2 16 23 19 15 27 19 32 26 23 8 2 16 0
split_gain=113.041 20.3202 13.8484 15.1189 12.7176 9.74532 9.54779 9.02087 8.40416 13.4369 12.6555 7.96845 8.54682 7.77042 7.36085 6.40996 7.89681 16.5644 11.1535 9.63262 7.87289 5.78888 7.45095 6.09812 7.50366 7.80456 6.1402 5.77263 5.72523 7.14458 9.30683 7.45324 8.29065 6.00067 10.1228 7.25406 6.26887 5.60452 5.45742 8.2445 5.25471 5.12375 5.00905 4.88383 4.77094 4.73272 4.66269 4.62752 4.38122 4.30698 4.23187 4.226 4.15992 4.39569 7.16646 5.88634 7.06271 8.28344 7.31793 6.73866 4.40822 7.92882 5.79171 4.48898 4.05453 4.02913 4.02643 4.01927 3.85567 3.84045 3.71542 3.50104 3.47799 3.4353 6.21549 4.88871 3.74783 3.40438 4.85393 3.37193 6.77479 4.7225 3.35046 3.14088 3.13267 2.95407 2.90964 2.88403 2.70085 2.68043 4.96635 2.60696 4.19607 4.04126 2.50867 2.45087 2.33712 2.28729 2.24476
threshold=-4266.5635371564813 0.88333333333333341 -1.0000000180025095e-35 0.038006392920752259 -0.0088859455448615215 0.033399389988317076 0.12552130605581846 -679.79455646568113 0.0058611349146915383 0.0031695489629360659 0.025000000000000234 -252.36854876617272 -0.91990158412628409 144.47696202234832 0.0079781422850707679 0.42392007796309922 0.024773194996046025 196301.00000000003 281092.00000000006 -0.12791642934810751 0.014588652510944032 0.59506750000000019 172325.50000000003 -0.21006231753873786 -1.3097332563351427 0.60119047619047628 249.82948195060723 2.1450327438065551 1.0000000180025095e-35 -0.023748369126758106 -2.6207849342747136 0.0013555005410229861 0.069492857142857176 198435.00000000003 -0.012990970628983132 -0.034055231517038313 171601.00000000003 0.020581462396705778 0.0030717104608278434 0.0045111905009465056 -3.3070422884428887 0.01055425927471765 0.0019775225504004876 0.74007936507936523 -0.12321428571428554 -1.0417553547416813 470058.50000000006 -0.033902031075928117 0.018756372706006139 0.01055425927471765 1.101182471002516 0.22420634920634921 3.1784930019122686 0.85515873015873023 8.5000000000000018 0.94028566855608642 -0.013710545046859477 0.024964999999999862 -921.76614213558162 928.75000000000557 0.64087301587301593 219.62167514393875 0.022871683390082057 0.0037855476532742518 0.0027027063144872943 0.43055555555555564 829050.50000000012 0.470333915569213 0.7242063492063493 1.0000000180025095e-35 1.2236105311244956 -2.3023283270408976 0.031592367660622241 -2.5643432819708423 0.22499999999999984 1.1225967079358765 -0.25837769122964077 199.54464177084628 0.0077971123144978342 -3.0928027942254546 -0.0085826510102727221 -1407.8030317311207 762.49999999998215 0.037997015207696994 173.27435690660056 1.0642706737190373 211.4915388126401 -4.6524758093152228 0.0057729029152410894 196832.50000000003 0.0066970305670380767 0.0032501099129814575 -0.55232636623972053 0.0036191709405368759 -5.1863077430912119 15.500000000000002 1.1416308570148608 275.38047837869249 0.68350960840311747
decision_type=10 10 8 2 10 10 10 10 10 10 2 10 2 10 2 2 2 2 2 2 10 2 2 2 2 2 10 2 2 10 10 8 2 2 2 2 2 2 2 2 8 2 2 2 2 2 2 10 10 2 2 2 10 2 2 2 8 2 10 10 2 10 2 2 2 2 2 2 2 8 2 10 2 10 2 2 2 10 2 10 2 8 10 10 8 2 10 8 2 2 2 2 2 2 10 2 2 10 2
left_child=2 5 4 68 14 8 11 13 9 15 77 21 42 -7 95 16 18 -18 20 -20 27 22 -3 24 26 94 -24 28 -2 30 -30 33 -33 36 -35 -36 -31 44 39 -12 96 73 -13 45 47 83 50 -17 -27 -19 -47 -22 53 55 -55 -25 67 -58 69 60 61 63 65 -60 70 85 -8 -57 -4 -59 -42 -34 -71 74 75 88 -75 78 -10 -46 98 -82 -43 97 -38 -63 -76 -56 -40 90 -11 92 93 -87 -26 -1 -41 -23 -81
right_child=1 6 3 -5 -6 7 66 -9 10 89 38 12 -14 -15 -16 37 17 49 19 -21 51 43 23 52 25 48 -28 -29 29 31 -32 32 71 34 35 -37 84 -39 41 40 64 82 -44 -45 79 46 -48 -49 -50 -51 -52 -53 -54 54 87 56 57 58 59 -61 -62 62 -64 -65 -66 -67 -68 -69 -70 72 -72 -73 -74 76 86 -77 -78 -79 -80 80 81 -83 -84 -85 -86 91 -88 -89 -90 -91 -92 -93 -94 -95 -96 -97 -98 -99 -100
leaf_value=-0.019604677081678897 0.01735662039499072 -0.010565501236154554 -0.023234128686731539 -0.0017417245039206264 0.0063849034277778556 0.0024493666111675889 0.020368652228441881 0.013026546953208111 -0.019553862977937916 0.0096145231524096333 0.021037410462418502 0.012948620138027472 -0.013641190241782213 -0.01889920164129753 0.0024429883608596136 0.0021688051352336765 -0.016242230648328179 0.017709831609963925 0.0076207686474162283 -0.020219415262383942 0.0016474848517538591 -0.0010307616126416569 -1.1485250322456271e-05 0.018665207279797275 -0.0026912298805409044 0.012509757260324276 0.01770498109734395 -0.013180730112597464 -0.0038260929615899181 0.0068226206741458378 0.019964365459573179 -0.009120421672518482 0.0033430510744280341 -0.017418711961289662 -0.0061457964961967324 0.015809205564372569 -0.021791833765446446 0.022602937553971709 0.024710220222944508 0.017065767314156995 -0.0086775852884398343 -0.007939982855837505 -0.0045266625736122088 -0.01217625245143783 0.0083747004336958992 0.0040234490176695751 -0.0030019345704193788 0.022139489170956952 -0.0060815673179994154 -0.0010179735746990149 0.022272016441592227 -0.019082763166443351 -0.0047126963896936417 0.01508485512774097 -0.012325722494189083 0.0067993313059410048 0.019166189037880151 -0.013683748502627411 0.0074621695692739303 -0.0048218548296707431 0.018552064158872037 0.00058699643492166921 0.018662220846759215 -0.0081269080040781878 -0.017977794066817453 -0.0017782864847926984 0.0065756789013203662 -0.010379769629499123 -0.0094249861711953684 0.0090630190033199817 0.0087986717690007685 0.021419517344035115 -0.0087258586431940167 0.004780242987259097 -0.012773076853608055 0.0020265947856888816 0.020210837815190695 0.0022052606134387257 0.0023943056398992566 -0.0040198201721608848 -0.0073773950858445859 0.017298888818504433 0.0094358384231738174 0.0052920701145582061 -0.0031011000818383233 0.021482853480149802 0.006271059822194041 0.0023855453306967926 0.0067028780976325355 -0.015460018015956369 -0.015301953353341408 0.020164391131977523 -0.0014956969777871825 0.0021719222797282503 -0.01691805119220257 -0.0057726873185288017 0.0010163942730721473 -0.017748240420525495 -0.022324332015101672
leaf_weight=16.278372578322895 5.7623581588268271 5.1319270431995383 47.905060048215091 11.979952318593858 13.213017661124466 5.8009596383199158 16.741406049579385 3.5372105101123443 7.0078900149092096 3.4036129191517857 4.2445502942428019 8.0698155984282511 10.048156941309569 14.304502815008162 6.3936678878962985 5.9938720017671585 5.2026485311798778 15.970824413001539 3.6879246756434467 12.91336267441511 3.4569084607064706 4.0819218363612872 8.7413488291203993 18.804206781089306 5.6613337844610214 8.0412269141525012 10.537481449544428 5.4378734063357106 6.5798909179866341 3.0199781805276862 9.7416338752955181 4.9070895900949862 4.8325598286464819 5.1960600614547756 5.828542474657298 8.9144281893968547 9.3384771943092311 4.514924068003892 7.1864424943923968 3.4221892263740283 6.6031209025532061 5.429787587374447 7.3867860101163378 5.5906624160706988 7.2441538013517848 6.9037078171968478 6.188803842291235 5.5569564839825016 4.5534557532519093 3.660865173675119 6.1654800847172737 7.0683199763298035 4.9710144419223061 6.275675572454932 6.0117516536265612 6.0232609882950765 21.651979935355484 4.1716257706284505 8.9433083124458808 6.8855375312268725 16.519027523696423 6.1890348065644494 21.32422752212733 8.4812364038079959 4.9392925687134257 7.930025275796651 9.1030219541862589 6.5131633672863245 7.1933840196579686 7.6338219922035915 4.7194892950356007 6.742332044988868 3.5781837198883295 5.7164352890104082 3.8523044139146796 6.9307986926287404 18.74970675632358 5.9718483518809071 3.5646934378892183 3.4290680103003961 3.0148116555064917 3.7626361846923864 4.5987085178494453 5.0505883637815705 3.3269914258271465 6.9575789934024161 3.1391337979584932 6.3820105716586095 3.834884274750948 14.929525346495209 3.4500554129481316 8.4701338149607164 6.2306738253682949 4.6344558671116829 7.6254187356680649 4.9794324189424506 5.6809440646320581 3.9271290889009833 3.7847832590341568
leaf_count=116 32 30 389 63 60 57 74 30 89 40 52 30 94 167 33 78 56 150 27 170 40 35 51 120 37 81 54 58 39 34 47 86 65 57 47 51 99 25 76 29 93 52 50 32 52 52 45 36 30 57 48 83 30 42 34 39 111 31 74 53 110 49 135 58 48 61 59 37 46 83 36 53 38 47 42 84 182 48 57 47 47 33 63 36 43 79 40 36 54 201 45 67 50 32 63 31 67 46 32
internal_value=0.00136226 0.00385201 -0.013654 -0.0180829 -0.00620846 0.000984271 0.00658902 -0.00869689 0.00177535 -0.000216199 0.00535743 0.00578482 -0.00265061 -0.012822 -0.0122549 0.0013098 -0.000342997 0.00761058 -0.00223191 -0.013949 0 0.00655183 0.00744457 0.00785875 0.00253725 -0.00302212 0.00989199 0.00174395 0.00294573 0.00157897 0.0105493 -0.00131056 0.00733875 -0.00538544 0.000419538 0.00719325 -0.0125365 0.00706636 0.00772877 0.00207244 -0.001504 0.0104863 0.00470778 0.000742886 0.00453013 0.00318243 0.00809645 0.0124621 0.00577377 0.0142641 0.0132931 -0.012508 0.00907884 0.00945765 0.00202076 0.0102562 0.00914162 0.0101648 0.00841603 0.00994182 0.0110345 0.0093267 0.0119747 -0.000111579 -0.00684938 0.00820325 0.0158001 -0.00214963 -0.0215665 -0.00171104 -0.00126543 0.0144735 0.00317673 0.0125643 0.00804526 0.0128803 0.0168359 -0.00719011 -0.012378 0 -0.00452977 0.00654384 5.80567e-05 -0.00405936 -0.0172996 0.0106456 -0.00433046 -0.004952 0.0191846 -0.0117832 -0.003078 0.0129234 0.0088891 0.0143119 -0.011288 -0.0166465 0.00781269 -0.0099812 -0.0147035
internal_weight=761.983 654.04 107.943 67.0784 40.8645 319.908 334.132 23.6427 296.266 190.673 105.592 308.287 25.5048 20.1055 27.6515 168.89 131.589 24.8343 106.755 16.6013 90.1534 282.782 244.874 239.742 45.1603 25.8814 19.2788 79.6282 74.1903 68.428 16.3215 52.1065 16.482 35.6245 19.939 14.743 15.6854 37.3012 89.0478 29.6096 25.365 59.4382 15.4566 37.9083 32.7863 32.3176 19.258 11.5508 12.5947 19.6317 13.0692 10.5252 194.582 189.611 18.6694 170.941 152.137 139.601 117.949 102.565 95.6797 79.1607 61.7361 17.4245 16.2619 40.4119 25.8444 12.5364 55.0984 15.3836 11.3226 11.5749 11.212 49.4097 24.9436 17.9521 24.4661 16.5444 10.5726 21.2355 13.9913 6.77745 10.0285 13.0596 12.6655 32.4819 6.99144 12.3938 11.0213 21.7832 6.85367 26.2928 17.8227 11.592 13.2868 21.2578 9.10313 8.00905 7.21385
internal_count=6397 5659 738 498 240 3343 2316 254 3089 1930 1159 2183 174 224 180 1644 1294 263 1031 197 834 2009 1715 1685 316 211 105 711 653 621 86 535 204 331 155 98 176 350 965 325 273 640 80 294 325 262 145 114 111 207 100 123 1369 1339 112 1227 1107 1031 920 768 715 605 473 132 177 338 133 76 435 152 129 118 121 525 296 214 229 194 146 211 159 80 115 117 142 277 82 70 130 286 85 228 161 111 100 147 96 81 79
is_linear=0
shrinkage=0.0158889


Tree=14
num_leaves=100
num_cat=0
split_feature=23 28 31 19 8 14 4 13 27 4 19 13 27 23 24 0 28 16 14 27 19 31 25 28 13 24 14 31 31 22 31 23 16 23 31 11 4 23 31 14 29 8 14 0 26 24 13 2 29 16 24 22 4 13 25 26 31 11 11 11 31 16 24 23 13 13 24 4 8 23 4 13 23 27 2 25 28 31 28 0 26 0 23 31 31 25 23 29 27 26 23 2 24 16 29 28 27 31 28
split_gain=103.274 22.4877 15.4899 13.0742 10.7021 8.89599 7.70964 7.34107 7.05333 10.7358 9.91478 6.93893 6.55811 6.25992 6.09001 6.88132 6.44509 8.19662 6.22389 11.5546 10.1245 6.88167 6.08013 11.7442 6.72146 5.55121 5.48795 5.29701 7.04391 6.28809 5.66974 5.41273 5.19034 5.02985 4.67361 8.99393 6.00961 8.00382 11.3687 5.56119 5.24781 5.04998 4.81495 4.63352 6.1688 4.59238 5.57284 6.38442 12.3267 4.58852 4.55365 4.37108 4.19831 4.18378 4.07156 3.9456 3.68838 6.40945 6.58295 5.32542 4.34175 4.12505 3.8696 3.40704 3.39221 7.17986 6.36244 6.97584 4.96594 4.9466 4.90149 3.34702 3.33138 3.16087 3.30283 3.16083 3.69506 7.58923 4.89796 4.06054 4.03549 8.7812 6.8934 6.53084 5.24636 3.13908 3.07878 2.94648 4.93726 2.78888 3.11897 2.93646 3.53291 5.10376 2.69005 2.5153 2.45033 4.09802 2.36491
threshold=4.3709734013169248 -885.09926250762533 1.6349999999999991 0.0032187487898693011 4.5000000000000009 0.032921215338430586 0.028985148178660426 0.12552130605581846 0.0040708066643976313 0.022251251269067591 0.0051285263084590573 -0.0065334938286699994 0.025636752908049679 -5.3727824473046395 2.148270855697143 -0.069706976177762767 -1004.2299437961337 150.62694312621932 -0.0047913422982475964 -0.036124542158618093 0.011913719102526135 0.21999999999999978 0.033367650623913454 -1661.4640016188905 -0.00034137797127156455 8.5187241129358107 0.021987750653933939 0.92500000000000082 -0.32499999999999746 2809.4999999999732 1.1000000000000008 -2.5240266717685222 162.23449911719118 -2.3880726371111605 1.1899999999999988 0.0072698829279451904 0.038477238489772032 -5.477203549692276 0.18000000000000063 -0.031758158363176851 -490.78558360712321 4.5000000000000009 0.015074759762585628 0.35902686805192391 0.013999415247654136 3.5975325575018615e-16 0.019554641948178103 1.0275068464038875 -289.82169521530983 164.14178321850463 1.7213376643109262 3457.4999999999814 0.018620585012988512 0.0025050261816455246 0.040424796158983874 -0.0056993264413001668 0.049999999999995388 0.015843532728027628 0.0034294039932936714 0.0016380121752076753 0.19500000000000031 239.10266047012257 0.74559323821113122 -2.1004777206888421 -0.011056798924667306 0.0015936507778154735 4.1910399769859561 0.018983036773881797 6.5000000000000009 -2.8263833169370263 0.015379877015489223 0.027060568091060604 -3.8778944331282221 0.017835416279903153 1.0214853600298901 0.0045111905009465056 -569.41185032625003 1.3199999999999978 -230.59133511703399 -0.11698723395504616 -0.00052275008472474338 -0.037053293807243974 -4.9768863968218371 0.87999999999999734 0.6800000000000016 0.0096355094940020498 -3.6291869279918934 -289.82169521530983 0.010587295026655343 0.0063940315742523355 -1.981891016125956 1.0558166556342692 2.0088165613172295 209.00326982267441 -94.037540354903314 -1344.2046657926483 0.014802822826687769 1.5599999999999972 -358.35382241695964
decision_type=8 10 2 2 2 10 8 10 2 10 2 10 2 10 10 2 10 10 8 2 2 2 2 10 10 8 8 2 2 10 2 10 8 8 2 10 10 10 2 10 10 2 10 2 2 10 10 2 8 10 10 10 8 8 2 2 2 10 10 10 2 10 10 8 10 10 8 10 2 10 10 10 8 2 2 2 8 2 8 2 2 2 10 2 2 2 10 10 2 2 10 2 10 10 8 10 2 2 8
left_child=1 5 43 6 -4 13 11 34 9 -6 -10 -3 54 -1 15 22 25 -18 20 -20 -17 -21 23 -15 -24 27 -14 28 31 49 -29 -16 -26 53 36 39 37 38 -5 -36 -38 71 -41 44 -2 -43 47 -47 -49 55 -34 86 -35 -23 56 -30 62 58 59 60 -58 -59 -13 -22 68 66 67 -66 -32 -69 -67 -39 -19 74 -72 -62 77 79 80 -77 81 -78 -82 84 -84 -74 -7 -44 -89 90 91 -60 -93 -94 -85 -25 97 -97 -64
right_child=2 3 4 7 8 51 -8 -9 10 -11 -12 12 26 14 16 18 17 72 19 21 63 33 24 95 32 -27 -28 30 29 -31 64 -33 50 52 35 -37 40 41 -40 42 -42 45 87 -45 -46 46 -48 48 -50 -51 -52 -53 -54 -55 -56 -57 57 61 89 -61 75 -63 98 -65 65 70 -68 69 -70 -71 73 -73 85 -75 -76 76 78 -79 -80 -81 82 -83 83 94 -86 -87 -88 88 -90 -91 -92 92 93 -95 -96 96 -98 -99 -100
leaf_value=0.012297061629422453 -0.021292661786237625 -0.013418605931118974 -0.021826141785755961 0.013216143680557683 0.019844192699542698 3.9070009656672899e-05 -0.011690567415737421 0.019709626786176809 -0.021912451442047891 -0.0042613430027017033 0.0048034736167780548 -0.00087250906850854003 -0.019352830451109106 -0.013067888018455027 0.0078116828445846682 -0.019693720520442031 -0.018375986804353945 0.013360810669440989 0.022083579153653967 -0.021748077338320491 0.0076361694202642669 -0.019005791137610608 0.014677750988040292 0.024967697948919346 -0.020934896384427699 0.019214862599290571 0.0021583142353348399 -0.014956198673276831 -0.0032752687302511894 0.019232757293611163 -0.006282748152444775 -0.014338153799606785 0.012465148211401706 0.01722570382841181 0.0030266842631435113 -0.0062847340490619404 0.005150722616052786 0.0066739780896597932 -0.011786202425466198 0.018116918210753962 -0.014959055945632391 0.00099037416074074865 -0.0011080898187569217 -0.0043302074569010378 -0.0046135045455920143 0.018585741872599159 0.018990075222726371 -0.010267792042716285 0.016771569401068526 -0.0075576957974942674 -0.011594021151272633 0.0054610177392960344 -0.0038992484765355069 0.0013858828692932964 -0.0068134657639939656 0.018111726437324942 -0.0096117846565742012 -0.019816126388175894 0.014647642970270937 -0.010773650879325631 0.012850300144755793 0.0058481830691326318 0.016218270413843081 -0.0096279420481426743 0.015262932354311554 -0.0093133537386322733 -0.021474793179093839 0.005275605491642737 0.0091696105379770482 -0.014035020781404152 -0.0092744129638478601 -0.0095688050706640802 0.0055999859009752623 0.017754160909442224 0.0084561518639171742 -0.0050951268056672839 -0.014351385706481905 -0.014167301086473053 -0.0070921731428165158 0.0129486158889853 0.020879664767162163 0.0126658610449207 0.0065839721613744195 0.0058416719922695292 -0.015593439719883983 -0.012506859848638434 -0.016634881564645203 0.020997518159173504 0.0018930387651086842 0.022978681312245907 0.021540771226112022 -0.007595104426071672 -0.0041157769945032105 0.019831290795454582 0.019645869430579457 0.024124974225210951 -0.0011778820724971657 0.0015139811534357779 0.0024478917818108671
leaf_weight=11.372137898579238 51.21039398573339 5.0131818428635588 7.2102962164208284 6.9307420905679491 7.0244030877947869 3.4357808269560381 7.692863116040825 15.248761398717759 6.9685636498033983 11.466059789061545 6.1234345901757479 5.4055017819628146 4.4909448120743019 4.4777634218335143 5.0103090424090624 15.553547292016448 7.3309573447331813 3.8534679897129536 3.9936564527452019 4.4851904045790461 6.1499678380787373 4.3062534276395965 2.9276279434561738 4.1662591658532611 5.3387805391102985 5.1102036572992793 6.869444333948195 4.7680918779224148 3.0494766142219278 14.177828660234807 6.1383090652525452 4.9153741141781193 3.0677699549123654 4.5604566410183915 12.664281181991099 6.4118455117568365 6.3951791301369667 7.7535724788904172 11.099450469017027 38.930032094940543 5.5867240726947767 8.7925534676760417 6.0297607984393862 6.2028958741575471 6.8245226973667732 8.417704941704871 24.241029797121882 8.9764599837362749 7.0299488138407495 4.9639592524617902 3.6830211756750941 3.4812739174813023 3.9712253771722326 4.9827635334804707 6.1319123227149239 5.5324768703430935 4.7093870630487791 3.72906295582652 6.4854526575654843 5.6833176221698514 11.350962090305982 2.0779360700398684 18.603234058246017 4.4090403197333199 3.8295573312789264 4.071661580353978 5.2014316990971556 4.6517268605530289 24.217478279024363 9.0879037659615225 3.0181324947625425 4.5639880672097206 4.3518898785114271 6.0973951015621415 9.37264860793948 4.8096874337643394 5.3563120402395725 7.2687153816223136 5.8005312196910372 7.1063587646931419 10.436690208502101 5.5548077542334706 4.8762065554037886 9.7797754807397705 4.7168492209166288 4.1198063958436251 12.849022484384477 6.7365636415779573 6.7645193003118038 4.6951663810759774 3.9008928984403601 5.3496265383437258 3.9947877619415522 3.9696915689855814 6.0446317642927161 4.1892425231635588 3.4105781838297844 3.7479045670479536 4.1825500484555986
leaf_count=97 435 48 51 53 20 31 63 65 54 64 28 46 39 66 62 174 67 30 14 69 47 45 31 45 78 41 57 61 35 93 72 54 31 36 61 66 42 70 68 231 35 60 33 41 36 62 162 90 74 75 39 28 56 65 54 64 50 64 56 39 105 43 184 33 39 44 49 42 221 102 36 37 48 66 124 54 42 68 39 60 55 47 41 69 31 41 168 51 38 59 32 54 40 33 28 47 31 40 33
internal_value=0.00146046 0.00384042 -0.0132543 0.00631184 -0.00519078 0.000252074 0.00328714 0.00921172 -0.00102817 0.00521154 -0.00972113 0.0039745 0.00452672 0.00110184 0.000514975 -0.00277318 0.00253435 -0.00577923 -0.00639026 -0.000857318 -0.011792 -0.00547561 0.0026424 0.00828373 -0.00486069 0.00388761 -0.00685682 0.00312276 0.00799146 0.0120383 0.000793531 -0.0032993 -0.0101228 -0.000755726 0.00824026 0.0111849 0.0058915 0.00733109 -0.00202422 0.0128086 -0.00445327 0.00975343 0.0148638 -0.0180188 -0.0194107 0.0117138 0.0136026 0.0078949 0.00175468 0.00395542 -0.000452367 -0.00982645 0.0077298 -0.00860476 0.00535158 0.0107391 0.0058589 0.00466135 0.00545685 0.00336964 0.00436067 -0.0108623 0.0110463 0.000240799 0.0019067 -0.000840478 -0.00705168 -0.0021639 0.00596288 -0.00751063 0.00542429 0.000440289 0.00218822 0.00889727 0.00385642 0.00522472 0.00391065 -0.00198823 0.00607267 0.00572672 0.00778929 -0.000604454 0.0103267 0.00557763 -0.00454714 -0.00339275 -0.0132096 0.00799297 0.0119697 0.0120904 0.00937932 0.0063742 0.00183029 0.00832084 0.0116913 0.0147477 0.00984917 0.0143986 0.0138473
internal_weight=743.12 640.089 103.031 378.66 38.7928 261.429 186.086 192.573 31.5825 18.4905 13.092 178.394 173.38 241.663 230.291 87.421 142.87 19.6561 52.4121 26.2995 26.1126 22.3059 35.0089 19.9917 15.0172 123.214 11.3604 118.104 37.6494 27.7237 80.4543 9.92568 12.0896 17.8207 177.324 77.537 99.7874 87.8055 18.0302 71.1252 11.9819 69.7753 58.4609 64.2378 58.0349 57.4577 48.6651 24.4241 16.0064 13.5459 6.75079 19.7661 8.53168 9.28902 162.02 8.58195 155.888 127.697 121.89 93.4942 87.8109 5.807 28.1913 10.559 75.6862 45.3305 22.7706 17.5692 30.3558 13.7396 22.5598 12.3176 12.3252 18.4882 12.3908 83.1015 71.7506 19.1848 52.5658 11.916 46.7653 10.9111 35.8542 25.4175 9.59306 8.4717 16.2848 19.5308 13.5011 28.3956 23.7005 19.7996 13.3141 7.96448 15.8244 15.514 11.3477 7.93715 22.7858
internal_count=6397 5668 729 2931 217 2737 1633 1298 166 84 82 1570 1522 2510 2413 947 1466 186 539 285 254 271 408 229 179 1280 96 1239 383 267 856 116 148 202 1233 480 753 676 121 414 77 555 353 512 471 448 388 226 164 174 70 227 92 110 1426 99 1372 1109 1002 728 689 107 263 80 795 502 232 183 293 144 270 107 119 226 160 639 534 182 352 114 313 89 224 169 72 89 199 122 89 274 215 183 127 73 97 163 118 87 217
is_linear=0
shrinkage=0.0158889


Tree=15
num_leaves=100
num_cat=0
split_feature=12 30 28 20 28 24 32 12 20 10 12 19 30 20 30 21 24 19 21 3 8 0 3 21 20 5 19 5 14 16 24 14 12 0 21 21 14 10 0 3 32 12 12 14 16 28 32 5 14 0 3 9 9 30 0 30 20 29 16 5 5 10 28 0 28 3 20 3 0 21 30 9 20 32 3 9 21 12 8 24 30 14 3 3 12 12 10 19 28 14 30 30 14 14 24 21 21 16 21
split_gain=98.0238 29.494 14.109 13.6046 9.2064 8.34124 8.81145 8.25492 8.23638 8.07219 7.51634 8.45498 8.93408 7.90583 7.0292 6.49459 6.46927 6.31781 5.71758 7.3574 8.71479 7.59902 6.22651 5.22 5.02459 8.42892 6.60053 4.96368 4.96319 4.94021 4.93986 5.7231 5.23162 4.89433 4.79199 6.02995 5.17094 4.74949 4.65211 6.04901 4.59744 6.37388 6.98358 6.01826 8.44106 4.55584 4.34861 7.9399 4.31277 5.42608 4.64885 7.03022 4.23266 3.98719 3.8385 3.73175 3.64576 5.93147 3.6435 3.61924 4.54094 3.59415 3.53172 3.52821 9.84964 7.89675 8.12284 6.79544 6.99242 5.19446 4.56889 4.69045 4.55357 5.95783 5.62613 4.20057 4.42616 4.02681 3.43333 5.4679 5.18815 3.42234 3.30168 11.0277 3.21612 3.15855 3.14341 3.0135 2.66069 2.63944 2.63259 2.6108 2.35234 2.27209 2.07802 3.16829 1.97493 1.96012 3.45961
threshold=0.015176814351001823 51.894719195030945 -569.41185032625003 0.64648730425424783 -295.30438426825248 1.4937776541712569e-16 -1.4025482060866954 0.015007310459256655 0.72711567934517685 0.6399875000000006 0.009378284707268222 0.0051696281665195654 101.08315657186608 1.1599913220894511 95.358258426313995 0.49000000000000116 2.8303720250657123 0.009608821274178482 0.83499999999999919 0.028369554313894322 13.500000000000002 0.036690171653083199 0.076366979838865215 1.0850000000000011 1.5728994086564121 0.88690476190476197 0.0035423399467457541 0.01785714285714286 -0.18335687285155097 137.37449243784013 2.304641843699978 0.0048486411502670365 0.0067652985939127249 -0.1789437230981428 -0.45000000000000012 -1.6449999999999994 0.025594760543302248 0.097038903743315599 -0.073966635343797479 -0.041334767411667854 -1.3897081894327019 0.0051987353900088277 0.0084370000177883091 0.015818945938013269 143.806612342671 -1480.5271167233791 2.8163928987481208 0.93055555555555569 0.030099298666646502 -0.072652580282260834 -0.011527327711807421 0.30000000000000054 0.19999999999999987 56.639227266504484 -0.17681866669127991 87.342302467235513 0.42825487834033077 -504.5004495586889 222.30800053230539 0.16468253968253971 0.67658730158730174 0.26750119047619059 -698.94239188149049 0.18954820936639119 -464.54508733133406 0.014438104664869169 0.57709777392010964 -0.034951798502081459 -0.15170989269759663 0.44500000000000034 37.508843599048639 0.14999999999999999 0.81214734692717749 1.0981203774571655 0.082684272575385256 0.10000000000000007 -0.98499999999999932 0.0028016302237757387 7.5000000000000009 3.9299833777181683 25.731937112203347 -0.020734844071176591 -0.01550549354346231 0.031389405058288029 0.0042212385197943226 0.012762917725184645 0.082633613445378062 0.0064760490351563017 -694.11018848012884 -0.0088859455448615215 114.19489240472241 71.938331868239104 0.015074759762585628 -0.03246169702232634 3.3267160899312334 -0.21999999999999972 -0.19500000000000026 266.14888525837347 -0.98499999999999932
decision_type=8 10 10 2 10 10 2 8 2 2 10 2 8 2 10 2 10 2 2 2 2 2 2 2 2 2 2 2 10 10 10 10 10 2 2 2 8 2 2 2 2 10 10 8 10 10 2 2 8 2 2 10 10 10 2 10 2 10 10 2 2 2 8 2 10 2 2 2 2 2 8 10 2 2 2 10 2 10 2 10 8 10 2 2 8 8 2 2 10 10 10 10 10 8 10 2 2 10 2
left_child=1 4 3 -2 28 -6 -7 10 -5 24 14 12 13 16 18 38 23 82 19 20 21 33 29 27 26 -26 -10 -12 -1 45 31 -22 -33 37 35 -21 -36 -3 39 -8 -16 56 43 -43 -45 -20 47 63 49 54 -51 -52 -31 -35 62 91 -42 90 -39 -55 -61 -37 -29 65 72 67 70 68 75 77 -67 -72 -65 -74 -75 -30 -77 -68 -70 80 -80 -24 -13 -84 -79 -85 -82 -44 -71 -23 -58 -19 -54 -28 -32 -96 -18 98 -69
right_child=2 7 -4 8 5 6 15 -9 9 -11 11 17 -14 -15 40 -17 96 55 22 34 30 89 81 -25 25 -27 93 48 46 52 94 32 -34 53 36 61 -38 58 -40 -41 41 42 87 44 -46 -47 -48 -49 -50 50 51 -53 92 59 -56 -57 57 -59 -60 60 -62 -63 -64 64 -66 66 69 97 78 88 71 -73 73 74 -76 76 -78 84 79 -81 86 -83 83 85 -86 -87 -88 -89 -90 -91 -92 -93 -94 -95 95 -97 -98 -99 -100
leaf_value=-0.0052658647732472313 -0.020393057054301566 -0.01759687889281918 0.011060535859452596 0.0028424400051792697 0.016251325390186266 0.017253870983768998 -0.014016529932293976 0.021866577416813436 -0.00072458735207045033 0.0033264544755690988 0.017629630750783509 -0.016779698958195047 -0.020068902430488506 0.019921950386801564 -0.016853883121144289 0.0076951473571536047 -0.017630608159455659 0.0061205705236162455 0.02078792772532536 0.016496212981789882 -0.014110989991549432 0.00074285866184752177 0.0011379565007418038 0.014840392778905765 0.0067995510932799619 -0.019176979960276702 -0.0066525619442878575 0.0092709082862244205 0.009352920940207992 0.0076666108840175197 0.02067650973670845 -0.00098704291312588766 0.019430623736354395 -0.0083429677857931976 0.022145825277166662 -0.010984947119638537 0.00096739048182370869 0.0091581286396264019 -0.017920080772615248 0.0082105683478211813 0.017694327478070645 -0.017788243024649032 -0.0029296374293788325 0.0099655839483647046 -0.015253978900115929 0.00070546272709173178 0.019857538569195601 -0.0071366573584333223 -0.012800129294063201 0.016350233729662864 0.01140932324941029 -0.015849452412826055 -0.018421615112915235 -0.0032500768834430121 -0.012692559088813671 0.014285802744813511 0.019200995291228019 -0.010247076843951668 -0.01024236057698325 0.016449395779645101 -0.0015383785734583467 0.0073745087373586083 -0.0098000176194414264 -0.004649574978487136 -0.0094819551805551527 -0.014902442509715459 0.010499519978114992 0.020910236248561843 0.019038776393884509 0.0048175273272512489 0.011495414259728883 -0.01023963883624035 0.018914230900879736 -0.0045428655494602769 0.013512434469965199 0.0088535312029801427 -0.0092606594218182826 -0.010521386430526865 -0.0059406353109193767 0.018596202086688725 0.01764244712740717 -0.015315212499330766 0.0095933167750777131 -0.020713562505432718 0.0050244507569268855 -0.0024016091226021301 0.0028369467266901173 0.014785724509198631 0.018721727263265851 -0.01436481376520928 0.0011381328981226772 -0.013067481987240653 0.00026538783151938483 -0.01976088290193739 0.015961469286209676 -0.0014718025164117757 -0.0024630519584632892 0.02110867158253563 0.0075099405976622327
leaf_weight=5.5904507758095852 38.888050227891654 4.2281718719750598 6.152716781012713 12.618534994311629 6.3687087763100854 4.0790768787264851 5.5434473436325833 4.0319005697965613 6.4982662238180628 8.2836621329188329 3.3091008281335226 15.519433950074015 4.2349030724726608 5.2164152748882762 4.5538007393479338 5.9923872556537381 4.9258259907364845 2.689553910866378 5.2057244405150414 6.4711694829165962 3.3628896549344054 3.7767984941601744 4.5924047883599988 7.0884867496788493 7.2590182796120626 4.6563638858497143 4.7780628204345703 5.7716108299791813 12.523819357156755 4.2832233104854804 8.4453980401158351 7.2406583800911886 4.8697695219889283 3.3142553418874803 13.398843792267142 5.2416877336800081 3.8210018426179913 5.7251125089824182 10.020831747911869 5.5977660473436126 4.5793895917013314 11.267400710843505 4.2043394260108453 6.6126123983412963 5.6230959519743919 5.7993367575109023 9.4150737784802896 7.1153181362897149 6.0092477286234418 7.4773654555901876 4.8821672461927061 3.6011801529675722 3.9363521095365286 4.4768218984827426 7.8057892769575128 3.6863521356135607 3.6358382944017658 5.4145357292145464 3.3549333177506924 13.966912873089315 4.4717847257852545 4.3711574748158455 3.3590439222752977 4.9129586499184361 8.647270577028392 5.7464198246598217 10.769363420084121 8.6983146872371453 16.82315468788147 5.4957278147339848 5.3676147107034922 3.6981613226234913 13.427954895421864 8.2488723732531088 8.0293256714940053 4.6024134289473286 9.2264645369723421 5.8417741879820797 7.0695299319922951 11.047402619384227 6.730090005323289 8.8649300001561624 6.4461718378588584 7.9561792518943522 6.3959465250372896 3.6435676626861104 7.9213051311671734 4.4852320123463869 13.431475208140908 10.535885026678441 4.2099420949816704 3.378671744838357 2.588397141546011 32.374904948286712 5.8155442140996438 4.192491952329874 4.103446511551736 23.532705379649997 13.069759137928484
leaf_count=34 365 47 55 66 34 27 28 26 42 40 22 199 75 38 42 44 62 41 37 63 32 52 62 57 67 42 45 65 55 45 91 71 53 33 143 53 41 64 79 60 46 132 52 63 83 57 54 51 71 71 55 45 59 52 97 49 35 81 37 149 37 40 50 52 49 45 40 47 95 55 54 37 96 51 55 37 76 38 27 57 43 93 76 91 56 29 64 19 76 98 47 38 28 287 62 40 49 134 93
internal_value=0.00149206 0.00410211 -0.0114975 -0.0127583 0.00786922 0.000525407 -0.00291621 0.000845403 -0.00873556 -0.0110381 0.000538963 -0.00279371 0.000711213 0.00228535 0.00230016 -0.00628425 0.000505648 -0.00822418 0.00401155 0.005646 0.00318165 -0.000795333 -0.00158367 0.0028118 -0.0132031 -0.00375047 -0.0156815 0.000593088 0.00899723 0.00362448 0.00941234 0.00258061 0.00772253 0.00280086 0.0119473 0.00535118 0.017676 -0.00487505 -0.0103759 -0.00295443 -0.00258117 -0.00108044 -0.00528007 -0.00972495 -0.0017551 0.0108567 0.00934782 0.00885948 -0.00109441 0.00122319 0.0077356 -0.000388323 -0.00387731 0.00673989 -0.0049369 0.00284528 0.00638911 0.00182762 0.00173318 0.00910833 0.0121478 -0.00263798 0.00201794 0.00939501 0.00518399 0.0103938 0.00539851 0.0126877 0.00962567 0.00894227 -0.00455227 0.00248067 0.00896618 0.0112863 0.00449696 0.00289102 -0.00307034 0.00367569 0.013113 0.00975657 0.00484373 -0.00985553 -0.0114516 -0.00643348 -0.0025 -0.0154227 0.0101157 0.00652632 0.0149949 -0.0104733 0.01037 -0.00469569 -0.0115454 -0.0182273 0.0148403 0.00894273 -0.0113986 0.0176092 0.0133209
internal_weight=728.565 607.055 121.51 115.357 280.981 37.6022 31.2335 326.074 76.4688 63.8503 322.042 111.105 67.7846 63.5497 210.938 27.1544 58.3333 43.3199 156.352 121.081 87.7774 53.8507 35.2704 49.304 55.5666 11.9154 43.6512 42.2155 243.379 21.813 33.9268 15.4733 12.1104 39.538 33.3039 16.084 17.2198 13.3082 21.162 11.1412 54.5862 50.0324 32.1927 23.5031 12.2357 11.0051 237.788 228.373 38.9064 32.8972 15.9607 8.48335 10.808 26.2298 16.9364 9.75458 17.8397 13.2603 9.08005 22.9155 18.4387 9.61285 9.13065 221.258 43.2664 177.991 56.7465 121.245 75.9442 41.9343 14.8122 9.06578 34.6191 29.7062 16.2782 26.3527 13.8289 23.0071 49.5915 32.7683 21.7209 13.4573 33.5654 18.0459 12.2377 11.5997 14.6514 8.68957 18.9272 14.3127 7.84578 6.06823 6.52475 37.153 18.4534 10.008 9.02927 45.3008 21.7681
internal_count=6397 5388 1009 954 1843 272 238 3545 589 523 3519 1280 757 682 2239 211 644 523 1639 1258 918 569 381 533 483 109 374 476 1571 226 349 156 124 419 340 156 184 148 167 88 600 558 349 278 146 94 1537 1483 454 383 171 100 132 271 212 128 209 163 101 238 186 93 115 1432 303 1129 401 728 454 265 136 91 254 202 106 168 113 134 286 191 134 155 395 196 94 120 107 71 131 150 82 79 87 332 193 102 111 274 140
is_linear=0
shrinkage=0.0158889


Tree=16
num_leaves=100
num_cat=0
split_feature=22 9 18 28 20 18 26 28 24 26 19 1 19 7 20 4 20 1 3 14 28 32 24 20 9 7 19 21 4 8 9 7 1 28 24 0 18 9 19 14 4 19 4 18 0 17 8 0 1 28 1 0 14 8 4 9 18 19 20 9 3 1 19 7 4 0 1 28 28 1 28 0 1 26 20 3 24 4 28 24 7 3 19 9 22 14 14 3 14 28 0 17 19 0 4 7 9 8 3
split_gain=82.2436 25.4586 13.9409 11.7145 12.9997 10.6974 9.38668 8.87272 7.6525 7.30058 7.79047 9.80262 7.20266 7.0685 6.56771 6.04163 9.35346 5.94643 5.66882 5.46797 7.11643 9.06417 7.23983 7.14633 7.54525 6.69563 8.56072 5.85478 7.49032 5.4958 5.42296 5.53072 5.40669 5.34381 5.29674 5.20078 5.1518 7.71193 6.24393 5.00431 7.99809 4.58249 9.37612 8.61729 7.17864 5.21868 4.57809 4.41958 4.38006 4.37 6.47822 4.34977 11.8867 4.29229 3.81028 3.69463 5.4383 8.21607 5.22913 8.08916 6.0973 6.36373 5.10618 4.61363 7.3942 3.96126 3.53887 5.70362 4.70266 5.94037 4.35748 4.59095 4.93001 4.09445 3.47804 3.46213 4.57703 3.427 3.40767 3.24579 3.21014 3.17548 3.19992 3.06548 3.36426 3.03107 3.71224 2.98425 2.95834 2.93902 3.38854 2.89625 2.79325 5.1321 2.70051 2.50003 2.93323 2.48842 2.48204
threshold=19910.000000000065 0.14999999999999999 0.0023074554737387933 -872.79375772577816 1.4882856680275702 0.0033063142879553808 -0.007795305404114882 -240.47950332692764 1.8981520173921502 -0.00034009339883778184 0.0047771675296097186 0.0051923349046387743 0.002215580113154252 0.073412698412698416 1.213913991572438 0.027054222348005464 1.1338278710835468 -0.020977819293777508 0.10885060862723318 0.028451529728474468 -1165.5995357536458 0.20189165395296652 3.4131655069059819 0.89011619356936311 0.59999999999999987 0.46230158730158738 0.0031388902658441441 2.8100000000000009 0.044013291750331314 9.5000000000000018 0.37499999999999939 0.87103174603174616 -0.12895037617346147 -815.21294729224019 5.0028149524946173 -0.069706976177762767 -0.0004270575973677198 0.20000000000000001 0.0032501099129814575 -0.035729490722202266 0.049592789343634924 0.0079817858734129183 0.025977577828504798 -0.00095701752309327096 -0.24210201795726297 0.03453260513412449 4.5000000000000009 -0.29949543332314854 -0.007322911322157454 -2239.5299123519712 0.15228246944386828 0.18329376666036648 -0.0044869195539210668 13.500000000000002 0.019481747546174547 0.10000000000000099 9.1261362435826135e-05 0.0029224453607410252 0.858571581272637 0.074999999999999969 -0.077281483154721928 0.049545563413127554 0.0042615126976963498 0.49801587301587308 0.017999822150447851 -0.06687910096108117 -0.16673968884384491 -516.94562181107028 -758.41734395715309 0.071605873052686855 -390.75959650762167 -0.11591251535733331 -0.11233082706766916 0.0093928175263035003 0.43210696630832318 -0.05403356100606909 1.8547431428775585 0.018540476345895406 -1036.8138442883712 1.5450610474317867 0.40277777777777785 -0.02251949506473588 0.011161085966122352 0.2999999999999981 2693.2500000000005 -0.0017038103134308644 0.013875136469745074 0.015764721573040433 0.013875136469745074 -1983.2022567657048 0.40864658664612247 -0.0074852623198128901 0.0036369170429817175 0.0027369623694790683 0.029330691368080104 0.57738095238095244 0.24999999999999986 6.5000000000000009 0.043847382006445786
decision_type=8 10 2 10 2 2 2 10 10 2 2 2 2 2 2 10 2 2 2 10 10 2 10 2 8 2 2 2 10 2 10 2 2 10 10 2 2 10 2 8 10 2 8 2 2 10 2 2 2 10 2 2 10 2 10 10 2 2 2 10 2 2 2 2 10 2 2 10 10 2 8 2 2 2 2 2 10 10 10 10 2 2 2 10 10 8 8 2 10 8 2 10 2 2 8 2 10 2 2
left_child=1 7 15 4 19 -4 18 39 81 17 13 -12 -9 74 -7 47 46 32 -5 20 22 23 25 24 77 29 -27 28 85 48 31 -28 -8 -19 49 75 37 -35 95 -1 41 43 -43 44 -41 55 -17 -2 97 50 -10 66 -53 -31 -55 58 -57 -58 59 -45 -61 63 -59 87 -65 -60 67 -15 -68 70 71 72 -70 -73 79 -21 -77 78 -22 -11 91 82 -6 -23 94 -24 -87 -62 -79 -51 -91 -74 93 -46 -85 96 -38 -3 -89
right_child=2 3 5 6 8 14 9 12 34 10 11 -13 -14 51 -16 16 -18 33 -20 35 21 83 27 -25 -26 26 30 -29 -30 53 -32 -33 -34 36 -36 -37 38 -39 -40 40 -42 42 -44 45 92 -47 -48 -49 -50 89 -52 52 -54 54 -56 56 57 62 65 60 61 -63 -64 64 -66 -67 68 -69 69 -71 -72 73 80 -75 -76 76 -78 88 -80 -81 -82 -83 -84 84 -86 86 -88 98 -90 90 -92 -93 -94 -95 -96 -97 -98 -99 -100
leaf_value=0.019199034137136285 -0.0049695098049663952 0.002936685670842579 0.0065805554876464121 0.018615188581505911 -0.0080574151094631712 -0.021783482383435863 0.0035868343169236623 0.0047427769291561103 -0.0087345620752342853 0.0056832959247829279 0.02187706130612712 -0.0027949032147752515 -0.013908628622083941 0.0042156218707185972 -0.00027043298218298336 0.0097112095298912265 -0.020926163337185288 -0.015542716110266299 0.0011849087820785353 0.0097461463808627483 0.002730890974337223 -0.014544907870443822 -0.0080307527382620595 0.018883729336971782 0.019340674885231227 0.013281830144622503 -0.010156445222265715 -0.015118683535150194 0.019256020303530946 -0.021579111150839193 -0.016496131706091578 0.0071088382833476172 -0.01454567131496786 -0.022474969553147157 -0.0044717054786434307 -0.017521349869762264 -0.017760503193016752 0.0069099319121145473 0.015963128253270949 -0.0020571621799652402 -0.010848365448641392 -0.015002768638709044 0.010619552808983381 0.020981495983299733 0.017218685481781234 -0.0056135071777934963 -0.0084922175608276706 -0.022272435408313952 -0.0056112118451966866 0.024459143907594332 0.012183957691387061 0.0082088985657650642 -0.023077152108468762 -0.010805231485699663 0.011221801651043918 -0.0082765547959287779 0.019052544442389643 -0.010921930547329043 -0.0070897736970387303 -0.0031557510260579913 0.020003586339413123 -0.0032019636831746717 0.0092477373990730912 -0.0075109943529941218 0.016485949219106025 0.0080683828353938451 -0.0076032915017406116 -0.018748641709182404 0.014852833593154207 -0.0089446536578759103 0.017797934405566495 0.018222673293733806 -0.01568335150777117 -0.0023202001999484854 0.0021013795401549273 -0.018612517702700435 0.0049636654139395353 -0.007342474180426546 -0.016582950358880775 0.023868527099997032 0.0047829235996198352 -0.015974725209739121 0.013793347807820468 0.014331767724977339 -0.010826145804959426 0.013997376274613754 -0.0094936404154086981 -0.0019929853311418957 0.013921234393522558 0.016504257980898818 -0.00095156728860865429 0.0012646703319658286 0.020907338767859114 -0.001263120141974541 -0.0021133948214310415 0.0075316052309697653 0.0028864900319504373 0.019904760897211406 0.015270916499416183
leaf_weight=8.7705906145274621 4.641275215893983 4.4642350040376169 12.933978223241867 13.587876370176675 3.488051500171423 8.136743411421774 5.2902981182560351 11.679419352672996 5.652543803676962 5.0343110132962483 11.264184297993781 5.9258211478590956 8.4950537132099253 5.237330187112093 6.1850139740854493 5.2604745365679282 10.593983411788939 3.6719820685684672 7.2914044167846432 3.2649362180382013 3.3581596380099672 6.4449024293571737 7.0249262172728777 8.8748724870383722 4.1142581887543193 3.0685150688514105 20.461714159697298 3.4959359318017951 6.1930874567478886 3.6645870637148601 30.923891921527684 5.499962529167532 15.0968691855669 3.5985310859978226 6.6776497531682244 13.949407255277036 2.8273436948657054 4.3377904491499066 10.312229147180913 5.564268158748745 5.5267894733697167 6.0680811954662177 7.2017456144094476 14.502228469587861 10.907700633630158 8.3122380357235652 7.9460148820653558 41.397732312791049 5.0149709507823017 6.3043944612145424 8.695244435220955 5.1492269188165665 6.1038054060190898 3.8582289908081293 2.9357162867672741 8.4483039341866988 7.338057957589629 6.3600861961022002 8.0589083377271908 10.382644603960207 18.046400655061017 7.2306832401081911 5.1839959491044283 6.1415646001696569 5.645075362175703 8.1053826026618463 8.0968895619735104 4.6361524295061809 3.7817788058891848 5.9338094573467961 7.6361717255786052 7.9070534692145937 6.120289019308979 3.1895463094115257 7.6916781999170771 4.1292821262031811 3.2685145158320665 2.2316258549690238 5.5611814018338954 5.7688710913062096 5.9689248520880929 4.6323808319866639 2.2551033785566688 3.2590084504336092 5.8277533426880828 4.4339701551944035 2.0071160532534158 3.712457336485385 3.4565034424886107 6.8058839794248396 4.3127282988280058 3.8541571553796601 21.264408455230296 5.4491748642176381 6.7062071245163688 4.1425105612725019 3.1236027050763369 4.4095006920397282 3.7447054153308272
leaf_count=47 40 48 59 87 51 56 61 63 71 47 79 44 74 66 29 27 102 37 39 40 53 56 64 81 21 30 217 35 50 46 379 53 121 24 61 165 35 55 91 39 30 37 39 70 76 62 64 361 69 40 85 40 47 47 39 70 69 46 39 68 118 71 45 47 26 33 94 34 36 59 74 120 61 18 60 46 49 37 66 30 81 72 40 49 65 75 34 35 60 74 53 35 151 38 62 41 41 25 37
internal_value=7.44893e-05 0.0021912 -0.013482 -0.000106074 -0.00248413 -0.00370885 0.0028941 0.00665698 0.00474789 0.00157213 0.0039054 0.0135375 -0.00326289 0.00202312 -0.0129282 -0.0172217 -0.0102493 -0.00327238 0.0127649 -0.00443799 -0.00331548 0.00162478 -0.00560822 0.00764083 0.0018471 -0.00775897 -0.0105885 0.00219551 0.00567091 -0.000678092 -0.0120154 -0.00639633 -0.0098454 0.00100278 0.00800347 -0.0113311 0.00345305 -0.00700722 0.0076358 0.00770969 0.00709364 0.00769079 -0.00120123 0.00841391 0.0144968 0.00617926 -0.00108868 -0.0206298 0.00574897 0.010679 0.00388309 -0.00020267 -0.00902996 -0.00911051 -0.00106563 0.00707855 0.00191084 0.00661708 0.00869668 0.0105776 0.00761564 0.0101495 -0.0018065 0.0127639 0.00418377 0.000493308 0.00145393 -0.00698121 0.00311458 0.00516021 0.00745874 0.00457855 -6.88601e-05 0.0124571 0.0106329 -0.00266376 -0.00854366 -0.00362729 -0.00954423 0.0162128 -0.00406655 -0.0070342 0.000937248 -0.00581999 -0.00180942 -0.0011068 0.0064035 0.0165136 0.00558375 0.0159177 0.00999018 -0.0093878 0.0169542 0.0112054 0.00373281 -0.00124786 -0.00758259 0.0121783 0.00710941
internal_weight=722.543 625.447 97.0952 413.307 230.727 27.2557 182.58 212.14 48.824 161.701 109.3 17.19 20.1745 92.11 14.3218 69.8395 23.8005 52.4012 20.8793 181.903 157.291 49.8345 107.456 27.5966 18.7217 84.3013 59.9541 23.155 19.6591 24.3472 56.8856 25.9617 20.3872 32.014 38.4484 24.6121 28.342 7.93632 20.4057 191.965 183.195 177.668 13.2698 164.398 43.1856 121.213 13.2065 46.039 13.8887 31.7708 14.3478 73.6151 11.253 10.4585 6.79395 112.9 27.3304 18.8821 85.5701 69.4058 54.9035 44.5209 11.5441 37.2902 11.7866 16.1643 62.3621 9.87348 52.4886 44.3917 38.4579 30.8217 19.7251 11.0966 18.4949 10.6627 7.3978 14.6075 8.91934 10.8032 15.9434 10.3755 5.74315 22.2379 15.793 13.466 6.44109 25.5036 5.68813 17.423 11.1186 9.97445 37.6213 16.3569 9.96522 10.0935 5.95095 8.87374 7.45716
internal_count=6433 5695 738 4265 2608 144 1657 1430 547 1531 1025 123 137 902 85 594 193 506 126 2061 1761 550 1211 318 237 953 679 258 223 274 649 270 182 324 384 300 287 79 208 1293 1246 1216 76 1140 304 836 91 401 142 323 156 765 87 132 86 774 230 160 544 472 402 334 91 263 73 72 678 100 578 484 425 351 213 138 137 135 95 216 119 77 177 163 91 232 176 173 109 190 97 167 127 96 265 114 111 117 76 73 72
is_linear=0
shrinkage=0.0158889


Tree=17
num_leaves=100
num_cat=0
split_feature=23 12 18 11 20 28 18 15 28 20 29 23 15 14 23 31 23 15 17 11 12 31 14 25 6 7 14 14 31 28 14 28 28 20 33 28 15 12 1 7 20 7 23 25 11 15 14 29 1 28 29 8 6 28 7 18 20 14 18 15 6 20 12 12 12 14 8 8 18 7 8 25 25 15 25 11 25 18 18 1 23 12 6 1 18 33 28 6 12 1 1 12 7 25 8 17 6 17 31
split_gain=78.5329 30.458 14.2286 12.6037 10.6918 10.4523 9.99189 11.0028 8.72803 9.51539 14.3435 8.51865 8.40467 8.21103 7.62812 8.66746 7.27268 9.66371 6.48341 6.88879 5.93155 8.1159 7.73287 6.85286 7.28991 7.22122 7.58771 8.20105 8.67523 7.7236 5.64338 15.682 5.6429 9.95151 8.24162 7.77836 5.43245 6.21119 5.42739 5.3878 7.36884 5.3803 5.18482 5.08632 5.56433 6.25744 6.60056 5.99388 4.95573 5.47888 4.92975 4.78074 10.0368 7.23592 9.96897 4.67166 4.47593 4.35895 4.12865 4.08505 4.05559 7.491 5.09507 4.15191 4.94014 4.0348 4.78052 5.00342 4.90232 5.15398 4.76841 9.1059 3.97163 3.89809 3.86788 3.82382 3.69171 3.66613 3.43555 3.40733 4.15949 3.36049 3.30981 3.251 3.16715 3.16167 3.12938 3.09627 4.09581 3.04493 2.99233 2.9671 2.96653 2.73249 2.574 2.53028 2.22279 3.31849 2.1223
threshold=4.3709734013169248 0.0066371955322955239 0.0023074554737387933 0.0030215454638163291 0.955710360558926 -252.36854876617272 0.0033063142879553808 204027.00000000003 -386.20088242155924 1.4882856680275702 -1395.5473809631796 -2.6207849342747136 172949.00000000003 0.042666374991608087 -3.3676328062058456 0.91000000000000203 -4.7206733925049038 704170.50000000012 -0.13692275517069971 0.00092280018984929014 0.0044932579524793173 -0.70999999999999985 0.031973760706042693 0.042510558568296226 -0.054864390994185268 0.29166666666666674 -0.034750221094735072 -0.015035334336147064 0.81499999999999784 -565.60105882526466 0.014436342169113965 -481.00897757036898 -721.89466836304871 0.56089994281954614 0.91666666666666685 -415.09497670526821 199084.00000000003 0.0041801017643244851 -0.086441592846913037 0.92658730158730174 1.1709906654398641 0.66865079365079372 -5.1671216403556803 -0.0066473583597475008 0.004543125925768143 225991.50000000003 0.031000502914695142 -213.73415676444134 -0.20604999491860812 -2062.0029604956503 -80.581406733899627 12.500000000000002 0.02513080630381959 -602.61691788671124 0.56944444444444453 0.0012233726380228877 1.0576793066085879 0.01040085711869221 -0.00013359709183293446 172325.50000000003 0.11695686530755879 1.7354924266341667 0.0091152642397737422 0.013531867393361317 0.0085739781914650846 -0.037352815209198274 20.500000000000004 9.5000000000000018 -0.00095701752309327096 0.65674603174603186 13.500000000000002 0.0041547864501546581 0.043334400447246575 257273.00000000003 0.0048049421904712295 0.0040903465674270818 0.01339405377534242 -1.0000000180025095e-35 0.00051835650738009159 -0.071141239653355323 -4.7446788599084515 0.010582600395131717 -0.0039350793312093449 0.0033477907942958134 0.00095447658815235906 0.81666666666666676 -1097.0358814983704 0.030925094444260063 0.010929961785909071 0.030418596003506052 -0.090090761997697652 0.011701077845567965 0.62896825396825407 0.010929165222031136 12.500000000000002 -0.014526343564280951 0.01241300294423653 -0.063332677410252988 1.0400000000000003
decision_type=8 10 2 10 2 10 2 2 10 2 10 10 2 10 10 2 10 2 10 10 10 2 8 2 8 2 10 10 2 8 8 10 10 2 10 10 2 8 2 2 2 2 10 2 10 2 8 10 2 10 8 2 10 8 2 2 2 10 2 2 8 2 10 10 10 10 2 2 2 2 2 2 2 2 2 10 2 2 2 2 10 8 10 2 2 10 10 8 10 2 2 8 2 2 2 8 8 10 2
left_child=1 3 39 5 16 11 -4 -8 9 10 59 14 -12 32 18 -16 50 43 -1 20 21 -20 23 24 -23 -26 -27 -28 -29 -30 31 86 33 -14 48 51 -17 -38 -7 72 -41 -21 -22 -18 -45 47 -47 -46 -35 -50 89 52 55 84 96 58 -43 60 85 -3 61 62 -11 64 -62 78 67 68 74 90 -69 -72 92 -73 98 -6 -57 -36 -51 -44 -81 -71 -19 -82 -53 -34 -13 88 -63 -5 -70 -92 -2 -54 -64 -85 97 -55 -67
right_child=2 8 6 4 75 38 7 -9 -10 57 12 30 13 -15 15 36 17 82 19 41 42 22 -24 -25 25 26 27 28 29 -31 -32 -33 35 34 77 -37 37 -39 -40 40 -42 56 79 44 45 46 -48 -49 49 65 -52 53 93 54 -56 76 -58 -59 -60 -61 63 87 94 -65 -66 66 -68 70 69 81 71 73 -74 -75 -76 -77 -78 -79 -80 80 83 -83 -84 95 -86 -87 -88 -89 -90 -91 91 -93 -94 -95 -96 -97 -98 -99 -100
leaf_value=0.019492551512791601 -0.022997084473319353 0.0025781888810936953 0.0065209577923924233 0.021810591219045158 -9.5789321597295791e-05 0.0078324727049937735 0.0044128233694909376 -0.023391649292442373 0.015003225400049154 -0.0065557068502817796 -0.017985802590528815 0.0067151729286513686 -0.016929068283020831 -0.018109325248985016 -0.014100328197918562 -0.0070723191979310627 -0.0087109427439391075 -0.016929379180221665 0.016154077748179715 0.022248803313804834 0.017225608072213482 0.018580120530141964 -0.014917003926320477 -0.010737556014537025 0.012140640144378163 0.012910757664517896 -0.01910731687737062 0.012077247408941914 0.0018836316634211862 -0.020276070452001863 0.018991468863918039 -0.010069749761975664 -0.0081768411015308261 0.012007250239328143 0.0018623581693302271 -0.014074604193822487 0.023380653018462524 -0.0022439918833173653 -0.013268728420671476 0.0085219789331190832 -0.017976795791611159 -0.0024866010773863158 -0.0022501712025363536 -0.005499457935844043 -0.010557345726529766 0.017533040940732474 -0.0019497780689104246 0.010280325084675634 0.01352473887982885 0.014369783816220451 0 0.0089047069044545547 -0.0024800042641139864 0.014269656626819106 -0.020920452815935631 0.0083304819442069425 0.015118816649678212 0.020828211845392443 0.016812117304497724 -0.018954903325221744 0.015950658529248311 0.0071832477844280384 0.0044736716006644655 0.023960813101660341 -0.010650132122474747 0.008438910862849246 0.0087697898593775241 -0.019063219431056534 -0.006109986516194826 -0.015922831019322726 -0.015450486092313479 0.014445320617016501 -0.0058098713875750566 -0.0056642011558455966 -0.017970313028786489 -0.016623692627890586 -0.013401381471010042 0.020054471278614434 -0.0041605960347370612 -0.0045220251309014301 0.021217288101500333 0.003449869621488061 -0.0011070295081879967 0.012814174824903714 0.026999283854532066 0.0089106940885175859 0.020584760540780987 -0.017126561270690732 -0.011342508117760556 0.0059599305539293499 0.016682758442131705 -7.8381643722004175e-05 -0.013839103573974205 -0.018244025249366795 0.023520861783705861 -0.0050498382962041906 0.017548611156275654 -0.0080197173042284298 -0.0093339852838743732
leaf_weight=10.41037570312619 35.211543845012784 2.3289133589714792 13.141050460282715 8.5201186770573241 5.3671199027448884 4.0679265595972529 5.676714025437831 8.3099844157695753 6.9601948503404847 3.1346553284674901 7.6350992769002906 7.4611601671204015 11.159193607978521 6.6784057095646849 8.7069335356354731 5.0271235778927794 6.9298429265618315 8.655348474159835 9.1918771360069496 11.176835844293239 15.186236612498758 7.2838091049343348 6.5674614273011676 8.0983414314687234 12.81255799345672 6.9557701572775725 7.0404163487255493 8.5937111452222101 9.3787693344056589 6.0987332295626393 25.835482666268945 7.8591822162270537 3.8133098222315329 4.575087057426571 5.8019000627100468 5.7608089745044699 5.0117203369736645 3.9065090576186785 8.6784571809694153 4.5963221322745067 4.8267540000379086 6.4461322892457229 9.1331225428730267 8.9622625978663546 6.7962137823924422 17.77393127698452 5.5458220047876194 5.9517845669761282 3.6897449977695933 4.2275543902069312 7.2769675161689547 5.8025985918939096 5.345703558996318 2.4790808567777267 3.1052130535244933 2.7485343031585208 7.2132125291973352 3.2975840810686341 9.9846695782616752 17.27099047973752 2.8674608655273897 5.4239686410874128 3.4920674301683903 3.4929393455386162 2.9518117867410183 2.7814199496060592 4.5219909036532036 12.787761795334516 2.82550468109548 4.763637907803056 11.379387768916787 4.7856024447828514 6.1919262949377289 3.9056405993178487 6.990836339071393 10.193336399272082 4.2474807547405362 5.2045063879340869 4.7630646526813507 3.7901264084503081 6.4707147851586324 3.5055667720735082 5.4871682450175276 3.9430618286132812 5.5056516211479902 6.5321427453309298 12.323008542880416 4.7249138280749294 5.3924013376235962 5.7043486181646577 7.1713664056733259 3.9393649995327005 17.79766352660954 5.9800668871030211 4.3477163501083851 3.0450031217187643 4.0613512117415658 3.0854770736768877 2.7609650604426861
leaf_count=46 342 23 60 80 62 24 26 57 73 42 70 66 183 94 70 40 71 83 43 62 102 42 45 36 68 35 29 56 56 33 132 47 49 54 65 44 33 64 80 24 48 35 87 67 67 159 55 64 28 43 68 66 58 26 35 46 51 48 125 240 26 51 60 23 47 32 56 156 32 50 136 81 43 81 93 94 47 51 38 36 63 40 61 49 38 63 65 48 70 38 89 37 142 63 49 32 27 55 44
internal_value=0.000216211 0.00231783 -0.0131142 0.00536843 0.000689739 0.007308 -0.00324998 -0.0123577 -0.00179989 -0.0022999 -0.00361977 0.00807122 -0.00228308 -0.00158036 0.0063841 -0.00217106 0.00286856 0.000218419 0.00761157 0.00669683 0.00510636 0.00258354 0.000741097 0.00242549 0.00436198 0.00211632 -0.00138268 -0.00478635 -0.000199939 -0.0072555 0.0136473 0.00832534 -0.000903865 -0.00310378 -0.0014667 0.00266799 0.00551943 0.0126773 -0.00643958 -0.0169412 -0.00526425 0.0142716 0.00995947 0.00341423 0.0053859 0.0081539 0.0129445 -0.000759134 -0.00308973 -0.00399222 0.0107553 0.00433833 0.000820563 0.00980802 0.00135827 0.00603269 0.00702162 0.00484524 0.00982135 -0.0163666 0.00302935 -0.000188176 0.00954022 0.011691 0.00263946 -0.00489266 -0.00614701 -0.00722401 -0.00291608 0.00157325 -0.0116228 -0.00642535 -0.0187163 0.00556962 -0.0106144 -0.0111809 -0.0048032 0.011125 0.00485585 0.00545614 0.00950606 -0.00797566 -0.0111341 0.0135234 0.0187076 0.00245262 0.0157453 -0.00719651 -0.0021152 0.0160072 0.0073778 0.0109993 -0.0201285 -0.0113667 0.0160543 0.00517523 0.00943219 0.00224974 -0.000367575
internal_weight=706.621 610.869 95.752 350.878 103.164 247.714 27.1277 13.9867 259.991 253.031 213.906 234.967 194.306 186.671 181.489 22.6523 87.6038 66.1024 158.836 148.426 123.59 82.0214 72.8296 66.2621 58.1638 50.88 38.0674 31.1116 24.0712 15.4775 53.4788 27.6434 179.992 111.54 100.381 68.4521 13.9454 8.91823 12.7464 68.6242 9.42308 24.8362 41.5683 51.9599 45.03 36.0678 23.3198 12.748 89.3745 84.7994 21.5014 62.6913 38.6519 24.0394 12.7311 27.3261 13.6593 39.1255 20.3301 19.5999 35.8279 26.5157 10.9744 9.31221 5.81927 81.1097 72.119 67.5971 34.7387 22.2054 32.8584 20.0706 59.2011 8.69124 12.5332 15.5605 6.99602 11.0064 8.99062 26.382 17.2489 8.2692 14.1425 13.4588 11.3083 10.3455 19.7842 15.5413 10.8164 14.2245 13.9362 11.1107 53.0092 11.3258 7.83978 6.98806 9.62591 5.56456 5.54239
internal_count=6433 5691 742 2596 969 1627 143 83 3095 3022 2558 1523 2295 2225 1213 207 813 627 1006 960 812 443 400 355 319 277 209 174 145 89 310 178 2131 1389 1206 742 137 97 104 599 72 148 369 483 412 345 214 131 1090 1036 186 698 451 247 143 330 86 464 237 263 416 320 151 96 73 1008 927 871 417 248 454 298 527 162 169 156 93 116 81 267 180 90 144 144 104 112 131 169 121 118 158 126 484 121 109 81 108 81 76
is_linear=0
shrinkage=0.0158889


Tree=18
num_leaves=100
num_cat=0
split_feature=23 9 13 4 5 14 33 8 28 4 5 24 9 27 28 28 16 26 6 27 5 5 21 14 24 6 13 2 28 16 25 24 16 14 6 33 14 25 5 24 5 19 16 28 21 19 27 21 6 26 25 24 2 19 21 5 26 14 23 21 28 14 19 26 5 5 2 16 19 2 13 13 26 13 6 16 21 25 6 28 5 28 16 2 28 28 24 13 4 13 21 23 16 2 8 4 24 14 14
split_gain=71.4915 26.4208 10.1389 8.96284 10.0866 8.96334 8.56063 8.96974 8.54249 7.22564 7.12216 6.96393 8.92558 7.26578 6.84423 6.62335 7.54664 6.38814 7.60451 6.76046 6.14095 6.50637 6.10608 7.44697 6.06717 6.96666 6.19486 12.0236 6.27582 6.97438 6.12935 5.94194 8.11513 9.23884 6.85477 5.86652 5.66685 6.63994 5.54756 7.25031 8.91487 5.25696 5.12579 5.12002 5.63978 4.97441 4.77003 5.47505 4.70515 4.85065 7.80988 4.29725 4.21061 4.20951 4.18585 4.73812 4.11848 4.00869 8.48482 3.90112 4.23477 5.7898 3.77967 3.71562 3.63961 6.61579 3.48176 3.48079 3.24752 3.23364 5.54424 4.5233 4.94886 3.08591 3.0601 3.88764 3.0347 3.02362 2.98512 6.92049 3.5543 2.82687 2.78417 2.74921 2.70496 2.69709 2.69511 3.05995 2.86608 2.56235 2.47324 2.34877 2.28364 2.59439 2.27962 2.34777 2.27498 3.07221 2.24544
threshold=4.3709734013169248 0.20000000000000015 0.040498018532330357 0.011194856080151092 0.80357142857142871 0.011110004347725579 0.91666666666666685 13.500000000000002 -1126.7632397907059 0.0092561126325261065 0.025793650793650796 1.8622594118760685 0.60000000000000109 -1.0000000180025095e-35 -295.30438426825248 -1243.3086185148043 142.06586668197593 0.0071644214450103947 0.016110924999721891 0.0059023853809697666 0.88293650793650802 0.13293650793650796 0.065000000000000405 0.021590045130772551 10.992893729395078 0.12382017082599207 0.023316680241104292 1.1187536555901441 -295.30438426825248 326.21830069621581 0.043334400447246575 3.5377498147805313 252.43987771180952 0.028451529728474468 -0.020288719006982311 0.65000000000000002 -0.015771240244236952 0.010929165222031136 0.74801587301587313 1.4441144148434055 0.57341269841269848 0.0035423399467457541 348.23860317749018 -675.90347282715948 0.18999999999999953 0.0070260828990708199 0.011300657663121052 0.49000000000000116 0.0021418561603702151 -0.0065430006927886799 -0.015107769628193489 5.503052276936499e-16 0.91116275521493628 0.0034467804647913386 -1.3499999999999994 0.70833333333333348 0.013999415247654136 0.031973760706042693 -2.6442140249119945 1.0349999999999986 -509.57447160347436 0.01603334479001008 0.0081499786008811092 -0.0003687266594512017 0.4067460317460318 0.6170634920634922 1.0061105126639629 203.15470859336315 0.0016798542422450146 0.9047606456546855 -0.0024452996517958657 0.0044001825126082179 0.0048573625363933512 0.027060568091060604 -0.020007727724635712 116.26815895277387 -0.58500000000000074 0.005247803362322335 0.0070438389364098084 -455.31274440072838 0.35119047619047622 -638.42825463589975 222.30800053230539 1.1760879638957171 -1143.2515013165976 -1539.3676213633787 5.0028149524946173 -0.03627834387638202 0.050988853587455356 0.011013067170332781 -0.054999999999999709 -3.4577151185563522 277.34007013340721 1.1482884532870281 8.5000000000000018 0.019097766767489355 3.8262397264966186 -0.028546375860617226 -0.0076526527288008342
decision_type=8 10 10 10 2 8 10 2 10 10 2 10 10 2 10 10 10 2 10 2 2 2 2 10 10 8 10 2 10 10 2 10 10 8 10 10 10 2 2 10 2 2 8 8 2 2 2 2 10 2 2 8 2 2 2 2 2 10 10 2 10 10 2 2 2 2 2 8 2 2 10 8 2 8 10 10 2 2 10 10 2 10 10 2 10 10 10 10 10 10 2 8 10 2 2 10 10 10 8
left_child=1 2 15 -2 5 17 7 10 56 -10 -3 12 -12 -14 57 62 -17 18 66 -20 21 82 -7 -24 25 26 28 41 30 -30 38 32 34 42 54 -36 37 52 39 46 43 -28 -34 44 67 92 47 53 64 50 -50 -16 -23 89 55 -9 74 59 78 60 61 -4 94 -42 -38 84 -5 -41 -29 -37 -71 -72 -73 -51 -8 -76 -63 -52 79 80 -59 -43 -13 -70 -66 -67 88 -88 90 -18 -33 -48 93 -11 -1 -96 97 -22 -45
right_child=3 6 14 4 -6 22 8 31 9 45 11 20 13 -15 51 16 24 -19 19 -21 96 36 23 -25 -26 -27 27 68 29 -31 -32 86 33 -35 35 69 48 -39 -40 40 63 81 -44 98 -46 -47 91 -49 49 73 77 -53 -54 -55 -56 -57 -58 58 -60 -61 -62 76 -64 -65 65 85 -68 -69 83 70 71 72 -74 -75 75 -77 -78 -79 -80 -81 -82 -83 -84 -85 -86 -87 87 -89 -90 -91 -92 -93 -94 -95 95 -97 -98 -99 -100
leaf_value=-0.0018796615960194666 -0.02344355285761834 0.01224682793281966 0.018174079048895855 0.014661388792200242 -0.02287625895921612 -0.020559614401063617 0.011541007548908104 0.011850350738243962 -0.0095931562012511566 0.019568522937633791 -0.01533909270875768 0.017519738610771211 -0.0099489033584260547 0.017677931311893668 0.0075403312841801741 0.0146715412220131 -0.0099866707990339792 -0.013855264325337777 -0.015088970843165777 0.0069115036340955767 0.0015908699160956398 -0.0072154462507160533 -0.01927573764876641 0.0055394013985626423 -0.0094029457432913341 -0.015603874140514977 0.015126242711171597 -0.022792341004877925 0.0072161288666891853 -0.014733349892720097 -0.0056647253640740173 0.011890958961673515 0.020961444100724199 -0.0096614211430272462 0.013914078421905559 -0.015295271716257712 -0.011954205600732 -0.016490484444153408 0.018339191818076788 0.019890586497454097 -0.0083457179292933462 0.007388368523742893 0 0.0057164473477098873 -0.0075119660732636991 -0.0010420420780827297 0.015493316746512839 0.007144339457445175 -0.016437616895669339 -0.018891858723277685 0.017868776700907307 -0.0094555679864009694 0.012474860670438037 -0.02263198667014402 -0.018319516995090573 -0.012174365189460882 -0.019004498736694096 0.017178163438221119 0.021343881490636332 0.0016811066432823288 0.019591637609347422 -0.0052211070745382341 0.0071723743940368193 0.0068961598933865893 0.013960122075834065 -0.018124686624964848 -8.8857032460383197e-05 0.0028032080925847686 -0.012473827891412197 0.0095599801172060808 -0.013895675423797929 0.010265060978407856 -0.014119352664837961 -0.0022841347130041502 -0.016858920362337802 0.0055188833784630053 0.010167154765799692 -0.0014258230255963034 0.009350881927112897 -0.016321479340668708 -0.0048267439716586291 -0.010965732843612257 -0.00044547062885282268 0.0011438534216232958 0.00020978385325291787 -0.00089850550534824997 -0.010073526328032378 0.0086335374549682837 0.019568114648404872 0.0082550145165621348 -0.0047086210162291271 0.00063015558467288137 0.0031715335107841266 0.0060781224916454856 -0.022157060451231714 -0.0031779012361684046 -0.0026762152516398591 0.018141417029090778 0.019560843932096679
leaf_weight=6.0676994724199194 15.335852286778389 5.5517032812349489 10.24383366666734 9.0416395715437847 12.559206478297709 15.84240114875138 3.1559534035623065 2.9225090076215592 4.2062826976180068 16.541342219337828 28.361669027246535 3.6936179464682928 4.5730217881500721 3.8639127612113935 7.650936099700627 16.747144681401551 4.2245889604091698 8.7997270189225656 9.025559473782776 5.0561910523101679 6.2071325257420549 3.2255692016333368 4.638028880581258 6.7477686870843172 7.9899987056851378 3.7218167334794989 10.276373422704639 3.4981079585850265 6.9107390092685801 6.5100542530417442 7.5011584563180795 4.972732912749052 9.46405458077788 4.8122620116919306 5.9103836659342042 3.7859455272555378 8.4501198250800389 3.1171781886368981 13.118992758914827 6.1030257502570757 7.0842040441930294 3.5111455153673896 4.0844296161085376 4.2089326530694962 4.7737325746566048 6.367039266973733 5.2515065055340528 5.8601466827094546 6.3846948072314262 18.94509130995721 2.8025764413177949 6.2594009265303621 9.7473832471296173 4.158022552728653 9.8211764460429531 4.3823059722781181 3.5020998660475007 3.2213768400251901 6.0041972938925019 5.9631580635905257 29.160410154610876 6.4018511790782187 4.0174975022673598 7.8605083832517249 6.1868327213451266 4.5660720355808735 6.7960400767624369 6.0429286397993573 7.3322338918223959 8.4188792705535906 8.0462402682751364 5.7672999110072904 2.5146616343408823 3.6134110279381266 3.3569966182112685 3.3596548093482852 5.381595056504012 4.7879153173416853 5.4313478767871848 5.5725198639556783 3.1116927936673164 3.7334180288016778 4.2143864687532187 6.7544548222795129 7.9259670441970247 4.3732975367456657 3.1584582775831223 4.6832628771662703 6.9618291426450005 2.6400225730612874 3.3007811196148413 5.2045828271657211 4.371036452241241 5.6550529580563298 4.1869816742837429 2.9856241438537836 5.2728097084909669 4.9473352301865825 24.887127533555034
leaf_count=63 157 50 65 39 112 137 28 57 43 126 440 34 50 43 50 95 51 60 76 25 69 58 38 51 41 36 65 21 54 53 47 58 96 57 56 46 131 33 88 28 48 36 42 28 46 52 32 49 75 189 39 45 123 25 137 43 28 47 28 46 136 40 47 61 73 46 47 68 62 83 108 96 49 41 37 48 42 53 34 37 25 38 62 74 110 71 32 53 43 39 34 39 51 48 34 47 71 45 224
internal_value=0.000428928 0.00247593 0.00580976 -0.0124077 -0.010078 -0.00744178 -0.000897616 -0.00213433 0.00501361 0.00890347 -0.00452174 -0.00521588 -0.011143 0.00298206 0.010105 0.0037864 0.00466443 -0.00243584 0.00111626 -0.00719109 -0.00314774 -0.00474907 -0.0143269 -0.00499274 0.00362037 0.00430314 0.00483669 -0.00101898 0.00651843 -0.00356921 0.00777992 0.00173489 -0.000582295 0.00831042 -0.00382072 0.000290674 -0.00605838 0.00232167 0.00880841 0.00726798 0.0102916 0.00813637 0.0148785 0.0137143 0.00637841 0.0114167 0.000426323 -0.00472541 -0.00805184 -0.0119006 -0.00422733 -0.000144058 0.00743022 -0.0111308 -0.0118444 -0.00231352 -0.00566231 0.0118711 0.00604535 0.0141499 0.0155537 0.00979291 -0.00547313 -0.000335699 -0.0034268 -4.52951e-05 0.00853094 0.0119833 -0.0101399 -0.00274662 -0.000477341 -0.00584743 0.0023282 -0.016389 -3.15281e-05 -0.0060642 0.00191609 0.0064366 0.000161308 -0.00423896 0.00681453 -0.0021141 0.00853923 -0.00613094 0.00661087 -0.0103627 0.00861325 0.000843582 0.0123862 -0.00279013 0.00533553 0.00859681 0.0143799 0.0164154 -0.0095015 -0.0152123 0.00563594 0.00954923 0.0177387
internal_weight=685.742 591.899 297.565 93.8424 78.5066 65.9474 294.334 243.819 50.5155 37.1408 150.812 145.26 36.7986 8.43693 94.4023 203.163 185.905 38.7192 29.9194 14.0818 108.461 92.0341 27.2282 11.3858 169.158 161.168 157.446 35.1057 122.34 13.4208 108.919 93.0072 69.9301 18.3607 51.5694 34.4434 84.1261 16.0901 101.418 88.2993 60.9605 17.5209 13.5485 46.0157 16.9197 32.9345 27.3389 16.8828 68.036 36.5337 13.9752 13.9103 12.973 11.0226 17.126 7.30481 13.3747 80.492 23.3411 57.1508 51.1877 22.0273 17.2578 14.9447 31.5023 23.0522 15.8377 12.146 17.5848 28.533 24.7471 16.3282 8.28196 22.5585 9.8726 6.71665 11.7834 7.59049 17.3369 11.9056 6.33307 7.24456 7.908 14.0867 14.1128 8.93937 23.0771 7.84172 15.2353 6.86461 8.27351 10.4561 26.5674 22.1964 13.2403 7.17261 16.4273 11.1545 29.0961
internal_count=6433 5691 2234 742 585 473 3457 2996 461 320 1906 1856 533 93 595 1639 1448 247 187 101 1323 1138 226 89 1353 1312 1276 296 980 107 873 1090 870 195 675 438 1042 214 826 738 503 139 138 394 142 277 235 164 828 397 167 95 181 115 237 100 141 500 171 329 283 147 191 109 431 300 86 96 157 382 336 253 145 230 113 85 82 92 143 109 72 74 96 136 183 117 220 85 135 90 92 71 225 174 144 81 185 114 252
is_linear=0
shrinkage=0.0158889


Tree=19
num_leaves=100
num_cat=0
split_feature=23 12 4 17 11 20 5 20 5 26 20 6 19 4 9 21 25 9 21 20 13 23 6 11 22 5 22 23 26 23 24 19 3 4 20 13 9 19 12 26 25 3 9 9 19 21 25 6 4 2 24 12 12 24 13 4 23 17 26 12 13 11 26 5 17 13 5 17 23 6 12 25 4 21 17 6 9 20 22 19 17 13 23 22 22 3 17 23 2 13 23 5 25 20 12 4 25 24 23
split_gain=65.339 27.8491 9.35242 11.2174 8.6476 10.079 8.65943 15.867 7.80489 8.13354 12.0893 10.3916 7.73632 7.1996 10.3398 9.73806 9.80673 9.03223 8.3992 7.20437 10.8305 7.41954 6.94856 9.42008 6.73863 6.65553 6.27619 7.01963 6.00387 5.9204 5.82328 5.77947 5.77762 5.88354 5.68841 5.62115 6.85208 7.83585 7.57719 8.0887 6.94155 6.64241 5.45579 4.87678 5.84068 4.75127 4.51744 4.44839 4.37296 4.32206 4.11795 6.18705 4.07474 4.06889 3.99134 3.96014 3.8058 3.58396 3.49448 6.34947 3.49169 3.48162 3.49741 3.43647 3.36119 4.27641 3.31132 3.20644 3.1673 4.18808 3.15315 2.95344 2.9443 2.83531 2.75727 4.45479 2.74668 2.72198 3.54514 3.90647 4.16163 2.68934 2.65488 2.63965 2.59344 2.57075 2.3723 2.35972 2.32909 2.32688 2.20051 2.10737 2.07299 2.04062 2.01809 2.65866 1.95312 1.8664 1.82346
threshold=4.3709734013169248 0.0058633603931446954 0.011194856080151092 -0.11707647256156216 0.0030215454638163291 0.77217707503558752 0.62103174603174616 1.0771084137313911 0.74801587301587313 0.0016271343311226041 0.64648730425424783 0.005411002066342153 0.0040593159236742221 0.018742569279210305 0.4000000000000013 0.13499999999999981 0.021981068126724738 0.2999999999999981 1.1499999999999997 1.5962709093646505 0.010100629699627517 -2.9637537091307959 -0.015246267487547703 0.011244983588521872 286.99999999999824 0.44642857142857145 790.75000000001012 -2.7690112244046285 0.011681061346973222 -1.3434775998221078 3.1777408623057006 0.004548216865493465 0.14885858270954658 0.016599183679397573 0.4506557980702291 0.049171995994798538 0.049999999999999968 0.0055269963235202715 0.0044033521361610184 0.01069164487247032 0.018666759511659418 0.015764721573040433 0.30000000000000054 0.30000000000000054 0.0079817858734129183 -1.6050000000000002 -0.0062621151865697158 0.0067360655797027444 0.026604800877986588 1.0455533657574698 1.8687086412941074 0.010582600395131717 0.0042707740192596622 2.301362753572342 0.062442363807773384 0.023608129613982776 -4.829903512725684 0.0058476234956098558 0.0013475409802072849 0.0051987353900088277 0.024224987488026411 0.010723925340934066 0.0033243913710799826 0.49801587301587308 -0.065910591349070943 0.011413050914109825 0.27579365079365087 0.06917262266573522 -3.3070422884428887 0.021631207099776732 0.0049333869686695184 0.013816554357575563 0.048800403450633752 -0.12000000000000009 0.0058476234956098558 0.12030147659002323 0.8000000000000006 1.2427975936681261 247.0000000000073 0.0047771675296097186 -0.040139050878907782 0.031217503897020771 -2.5643432819708423 563.99999999998829 383.00000000001734 -0.02251949506473588 -0.051108103354984717 -3.6865366893336451 0.93172500399360703 0.1105253588288747 -3.8109964373000724 0.54563492063492081 0.018666759511659418 1.0405344078042897 0.0024632370549769289 0.016509532258745675 0.0036804335038320706 4.3319044216760352 -3.5287262921715059
decision_type=8 10 10 8 10 2 2 2 2 2 2 8 2 10 10 2 2 10 2 2 10 10 10 8 10 2 8 10 2 10 10 2 2 10 2 10 10 2 10 2 2 2 10 10 2 2 2 10 10 2 10 10 10 10 8 8 8 8 2 10 8 10 2 2 8 10 2 8 10 8 10 2 10 2 8 10 10 2 10 2 10 10 8 8 8 2 10 10 2 10 10 2 2 2 10 8 2 10 10
left_child=1 4 -2 -4 6 22 7 35 9 10 -5 -12 -13 14 15 16 17 26 68 20 29 31 23 34 -7 -9 27 60 61 30 43 47 33 -8 -6 36 -1 38 39 40 49 94 91 44 77 -21 -26 -22 55 -38 71 84 63 66 -43 98 -55 -11 -40 -60 64 62 86 -36 -3 -66 -24 -50 69 -17 -35 -16 97 83 76 -76 82 78 -15 80 -80 -51 -47 -19 -52 -23 -18 -30 -34 -56 -64 -32 -58 -33 -37 -96 -70 -44 -45
right_child=2 13 3 8 5 24 32 25 -10 57 11 12 -14 19 50 18 28 73 -20 45 21 85 53 -25 46 -27 -28 -29 87 -31 42 93 88 70 52 41 37 -39 58 -41 -42 54 72 48 -46 74 -48 -49 67 81 51 -53 -54 56 89 -57 92 -59 59 -61 -62 -63 90 -65 65 -67 -68 -69 96 -71 -72 -73 -74 -75 75 -77 -78 -79 79 -81 -82 -83 -84 -85 -86 -87 -88 -89 -90 -91 -92 -93 -94 -95 95 -97 -98 -99 -100
leaf_value=0.019875929071259259 -0.023198404576192787 0.014775326503485911 0.0076936658959025741 -0.019570381149454457 -0.017765867138940558 -0.015041854056541768 0.0009271777860351435 0.0024989547129558227 -0.020631530023173986 -0.019035937520985039 0.015800008173726392 0.0090458221126435302 -0.015359930637083154 -0.014938627848833666 0.021805611580339584 0.00747169119108166 -0.002656825298224013 -0.022248134472988929 0.015324550040170934 -0.0063132352015808496 0.0081217774485910239 0.0024258592416499269 0.0034062156934769154 0.01685484618393299 -0.0060888707117911058 -0.017579495107872517 0.015820229252736948 -0.013382065877637572 0.0046830640793690311 0.0049779314549863 -0.00032203761951821603 0.0066194318238175301 0.0086399294606156092 0.017066579026909834 0.015360490338503618 0.018158541538031217 -0.010072787420423696 0.014849589775075051 0.014957647959901951 0.010963651816979511 -0.018945884681760589 0.012825552338366044 -0.0097982614276414092 -0.0007146197884859226 0.011106133550900983 0.012379076253907812 0.01487234651624778 -0.012898114860303877 -0.02144434708903149 0.011861237883608848 0.018002510778511217 -0.011673513999992714 -0.011062310324587576 0.012769228614215193 -0.011167347593156744 0.0059682769692384211 -0.0081006057049355859 -0.0046065804438894528 -0.010602164495127466 0.014594453511398849 -0.011126742181942961 -0.0026133103846449424 0.005646643590101922 -0.0034653106375220821 -0.0091799153419509696 0.010432837377575022 0.017727708778728046 -0.0013062924337235201 -0.0033426559973371377 -0.012468294990519989 0.0051464428189459772 0.0057006055461613506 0.011568018820468137 0.0014341047465736996 -0.007227739327622793 0.012207343194079769 0.01931059415526425 -0.020119276742287254 0.007184199130499354 0.011124586469832779 -0.015803873061563452 -0.0039251832602590813 -0.0097873855148939391 -0.0050294459648476631 0.00073240847051281993 -0.012573727422758356 0.011262753399121424 -0.01373880934948952 -0.005098568944939064 0.0036110167693447289 0.021743552935529438 -0.017070540945119499 0.0056185048043265254 0.02148887989150193 0.015224930771108461 6.6293951826944678e-05 -0.020565746029848061 0.0065717888972249639 -0.017938944899066563
leaf_weight=5.8627462722361079 14.84954524412751 6.6337471306324005 8.1926907869055849 7.0976516585797098 6.5933157056570115 12.151069226674737 7.9948551692068568 6.8789715189486769 17.309211786836386 16.36690073274076 9.2054393719881773 4.8833246156573296 7.635653218254447 6.4380942787975171 8.6506300140172261 3.6980978185310995 4.4364787694066763 6.9847232010215494 2.6209044987335792 8.1647821590304392 5.3084739269688779 4.2027322668582201 6.1463127005845335 4.9826649483293286 5.8496529553085566 9.2877483516931516 5.9087404897436491 8.0761337727308291 2.669833323918283 7.7574695944786063 2.9567477479577082 4.8488987227901799 5.2580234855413419 49.509041994810104 4.2800815701484662 22.255160357803106 8.7044950854033285 10.339154558256267 8.9501751167699712 6.4600847568362942 9.1101336311548931 5.1928115328773838 3.627621226012705 2.3006188552826643 3.6387738566845647 2.3948069978505373 3.7207179833203536 3.827118931338191 20.816957065835599 5.3643961073830706 4.831276195123789 3.9469207879155865 4.9425130411982527 5.7273554550483823 4.6089324718341214 3.6659925952553758 6.3420768277719635 6.6512814275920418 4.87009783182293 4.0536651518195868 2.7776925060898092 3.8258841671049586 3.424534345977011 4.4447130709886551 5.067940800450744 4.9184472691267729 14.886683110147713 2.3620039708912364 2.3986745532602081 6.4751390907913446 7.2256125332787624 5.1512447353452435 6.5607630601152778 2.5072358893230549 5.9348732866346872 4.834809398278594 6.2861685361713171 4.2015246152877799 2.7133835628628793 3.9814772047102451 4.5797122670337478 4.4937950875610113 1.8784175533801279 3.9669136814773092 3.8901254534721383 7.2033177074044925 7.9282610220834666 3.3211137112230054 5.9997580591589212 4.9947605608031154 10.929801127873356 5.2019575592130423 4.029376458376646 6.4077058313414454 6.557846839539704 5.067149806767703 9.8535032896324974 2.4064319264143705 5.1088108187541339
leaf_count=20 157 73 43 73 60 113 49 43 149 134 42 21 66 89 55 63 60 99 38 100 66 65 45 41 59 50 84 96 23 68 38 53 42 298 44 92 52 66 75 39 66 35 60 17 32 48 41 51 286 49 45 47 57 43 41 43 65 57 54 49 33 51 38 53 82 39 149 27 42 51 64 60 69 39 63 57 47 38 34 53 61 41 33 68 34 116 84 58 35 31 108 69 40 69 52 41 146 29 100
internal_value=0.000611665 0.00259819 -0.0117632 -0.00939339 0.00603014 0.00170242 0.00775821 0.00526597 -0.0114765 -0.00820119 -0.00245306 0.00350026 -0.00581748 -0.000941224 0.00171385 -0.000472108 0.00214222 -0.0026528 -0.00903971 -0.00333625 -0.00506198 0.00283533 0.00494871 -0.00145139 -0.00747213 -0.00922392 0.00180157 -0.00147456 0.00824737 -0.00791189 -0.00918882 0.00849889 0.0120366 0.0138495 -0.00634772 0.00731314 0.00429396 0.0026384 5.35111e-05 -0.00430841 -0.00805623 0.0114248 -0.00183362 -0.0116865 -0.00617351 0.00363204 0.00241099 -0.000883343 -0.0155996 -0.00224234 0.0104956 0.00362153 -0.000267273 0.00926772 0.00236312 -0.00677782 0.0030366 -0.0151211 0.00828045 0.000986139 0.00371414 0.0110756 0.013072 0.00611277 0.00653898 0.000469355 0.0137868 -0.0195043 -0.0122478 -0.00515259 0.0156306 0.0163382 0.00464122 -0.0133364 0.00753655 0.00163483 0.0130794 -0.00929506 -0.00610286 -0.000493159 -0.00728394 0.00480221 0.00250951 -0.0166646 0.0109212 -0.00715761 0.00633454 -0.00577046 0.00138445 -0.00367051 0.0183347 -0.0115185 -0.0027009 0.015812 0.0152519 0.00900288 -0.0175624 -0.00317736 -0.0131314
internal_weight=669.832 577.64 92.1917 77.3422 293.136 84.0965 209.039 133.052 69.1495 51.8403 28.8221 21.7244 12.519 284.504 134.894 108.424 83.3775 46.8416 25.0463 149.61 120.117 31.7982 62.3751 25.2433 21.7214 16.1667 33.3827 27.474 36.5359 88.3183 80.5609 20.3922 75.9873 64.7295 20.2606 116.885 68.2087 62.346 52.0068 34.1329 27.6728 48.6767 20.7535 59.8073 25.553 29.4939 9.57037 9.13559 34.2544 18.5627 26.4702 12.6683 13.6673 37.1318 14.7965 11.0754 16.0988 23.0182 17.8739 8.92376 19.3978 30.545 26.7191 8.72479 16.6201 9.98639 21.033 23.179 22.4254 10.1732 56.7347 13.8019 12.5948 13.4589 21.3291 10.7697 10.5594 21.9142 17.7127 11.2746 7.2931 9.85819 4.27322 10.9516 8.7214 11.406 12.3647 5.99095 11.2578 9.60369 14.3543 8.15871 10.3715 11.2566 33.8802 11.625 12.2522 6.03405 7.40943
internal_count=6433 5691 742 585 2194 810 1384 896 542 393 202 129 87 3497 1616 1375 1035 613 340 1881 1533 420 597 255 213 93 407 323 422 1113 1045 239 488 411 214 803 511 491 425 247 208 292 265 780 307 348 100 117 473 142 241 126 154 342 107 160 148 191 178 103 227 341 290 97 194 121 194 313 302 114 362 115 158 206 248 120 128 275 237 148 95 90 81 167 79 181 144 81 77 72 146 107 105 122 185 93 188 89 117
is_linear=0
shrinkage=0.0158889


Tree=20
num_leaves=100
num_cat=0
split_feature=30 30 32 17 31 33 32 16 2 20 2 31 17 13 0 2 23 27 30 3 3 2 13 13 17 2 2 30 30 17 23 31 3 1 21 13 15 16 30 15 21 1 13 0 13 26 10 3 27 15 1 10 0 27 23 10 31 27 32 30 3 0 15 15 30 15 1 32 17 13 16 20 26 32 30 16 0 0 30 2 31 33 21 0 10 21 13 26 17 30 32 15 0 15 31 31 31 23 10
split_gain=67.7653 17.5971 14.7475 10.0106 8.2263 8.58248 8.39456 7.57312 7.46799 9.25693 8.42198 8.72331 8.27503 9.82355 7.60769 6.76355 7.29181 6.62683 7.87853 6.06408 9.36095 5.00001 7.81277 6.92938 5.2076 6.05775 10.9864 7.28098 5.18968 5.10134 5.63267 4.65526 5.43716 4.61 5.18496 4.59118 6.31608 4.44008 4.6633 4.30665 4.2294 7.17479 4.19702 4.18047 4.15896 4.12797 4.23196 3.89112 4.01347 3.83727 3.80022 3.749 10.0579 3.71494 3.68477 5.1521 5.37369 3.58535 3.5653 3.55024 3.49854 3.38252 3.28515 3.2401 5.40825 5.86215 3.44175 3.20708 3.19161 3.06364 3.60539 7.84571 3.99634 3.4843 3.46059 3.04471 2.98125 3.1839 2.97002 4.79832 4.28598 2.94094 2.86139 3.43315 2.85047 2.79326 2.7327 2.68371 2.67642 5.32828 2.35386 2.31818 2.72339 2.19793 2.15068 1.78602 1.91496 1.68964 1.67803
threshold=69.033620418701602 70.698677118895759 -0.55232636623972053 -0.11707647256156216 1.4300000000000008 0.68333333333333346 1.9308493040462349 150.62694312621932 1.2349394140342418 1.5962709093646505 0.9047606456546855 -0.49000000000000016 -0.06129540387347792 -0.0059757054769244587 0.033404593460349193 1.0455533657574698 -2.0844185022166317 0.024208426874395509 96.157951377052612 -0.048772216514002147 0.021569088673166429 1.0408709501981199 -0.00023238374611588819 -0.0069479142606554403 0.021949985732409364 1.1217860863274827 1.1681791207720937 25.731937112203347 22.597209468237526 0.055156556168075251 -3.223280154110999 0.47999999999999871 -0.07014425948738566 -0.043875195434602492 -0.53500000000000003 0.11603291587662611 684709.50000000012 142.06586668197593 28.637931783820747 198691.00000000003 -1.7350000000000001 -0.19954855654772993 0.0066047939475230534 -0.01418978408536231 0.014355223678522081 -0.0015121397324997508 0.029669771241830029 0.01141927322778913 0.0016697963445158062 198435.00000000003 0.30575517464424312 -0.01214210526315755 0.024487068463037279 0.017314357918536642 -1.4779321041486033 0.36756904761904791 0.38500000000000162 0.032476002329782101 1.2479676992785911 63.43479353029641 -0.09077389415207919 0.39868545269278027 204970.00000000003 405539.00000000006 57.715523722563866 265109.00000000006 0.028271421124134947 -0.24840323241740372 -0.014061781278604411 0.017989454830248951 177.20119188056768 1.2589874856169445 -1.0000000180025095e-35 -0.94232186439856835 50.108631061494442 128.12669036597228 -0.017082751189426423 -0.31645324464912011 47.010166418571607 1.0275068464038875 0.97999999999999876 0.95000000000000007 0.49000000000000116 -0.040539144779809071 0.14832499999999996 -0.48999999999999927 -0.093903431195665341 -0.015101930214224011 -0.029292561373673417 32.198181376140546 -0.82118915058062625 199772.50000000003 0.11842042641270069 869382.00000000012 0.53500000000000025 1.6349999999999991 2.2849999999999988 -2.7337005226529354 -0.1982142857142857
decision_type=8 10 2 8 2 10 2 8 2 2 2 2 10 10 2 2 8 2 10 2 2 2 10 10 10 2 2 10 10 10 10 2 2 2 2 10 2 10 8 2 2 2 10 2 8 2 2 2 2 2 2 2 2 2 10 2 2 2 2 10 2 2 2 2 10 2 2 2 10 10 10 2 2 2 10 10 2 2 10 2 2 8 2 2 2 2 10 2 10 10 2 2 2 2 2 2 2 8 2
left_child=4 2 76 -4 5 62 40 86 9 10 -3 -12 44 58 53 54 17 18 31 -5 51 22 23 37 25 28 27 -27 -23 67 -31 -17 -33 34 -18 36 63 38 -7 -11 -6 -42 59 84 61 87 -47 -34 -49 -40 -41 -21 -53 -10 55 56 -15 -19 -14 -30 -24 -13 -1 64 66 -66 88 81 -39 70 91 72 74 -74 -72 -20 77 -2 79 -62 97 -26 -44 -84 -29 -75 98 -22 89 -28 -46 -43 -93 95 -25 -71 -97 -80 -8
right_child=1 8 3 19 6 21 7 -9 14 39 11 12 13 15 -16 16 33 57 75 20 45 24 60 94 29 26 35 43 42 30 -32 32 47 -35 -36 -37 -38 68 49 50 41 69 82 -45 90 46 -48 48 -50 -51 -52 52 -54 -55 -56 -57 -58 -59 -60 -61 78 -63 -64 -65 65 -67 -68 -69 -70 93 71 -73 73 85 -76 -77 -78 -79 80 -81 -82 -83 83 -85 -86 -87 -88 -89 -90 -91 -92 92 -94 -95 -96 96 -98 -99 -100
leaf_value=0.0016590847944200097 -0.0039628714412217247 -0.020124977457640889 0.009694226220445178 -0.016784919961048382 0.018777864432670925 0.021420195961827999 0.0010727876132806439 -0.018786043020057191 0.017336901675037358 -0.0048655376839127646 -0.018256744902263825 -0.017482067300482716 0.0021292100995028399 0.0078908797035883733 -0.0081859503945527507 0.014371392974819703 0.013200852965457512 0.01927547724498015 -0.00074738961885795392 0.013550107351369625 -0.0054469743373889374 -0.0030633425439821351 0.0077799504197509509 0.0061502010011698083 0.0096494673406472952 -0.016543060836174631 -0.004449222928091294 0.011333924741611484 -0.0082999368150445691 0.015055850371389236 -0.0042749287451250267 0.01680629584047812 -0.012968476600197218 0.021425043420243723 -0.011491341209056196 0.018358352178556966 -0.0099558852503939983 -0.01515309451385038 0.013946518303214949 0.018001442106780761 -0.004546183504251399 0.019614066482637194 0.017431022952144382 -0.0098253575203038346 0.0078103466411812567 0.0060721049253252314 -0.012545316233095904 -0.010489083722827856 0.013316772368528552 -0.0087929682290690796 -0.0021562069959625675 0.010988546612530868 -0.017078611839098284 0.0001177948811415265 0.0078817397226586729 0.0013677752575942217 -0.015329737090535334 0 0.021260031777117154 0.012897141645063847 -0.014911361182274032 -0.0010028532099498413 -0.017150084539066072 0.020668441303531505 -0.019497945304336642 0.0089961751950619322 -0.0021071460662220069 -0.013981182712708096 0.0020841809429674621 0.0073116560619854616 0.01800390828450869 -0.012595086494373143 0.010942169448930483 0.0036570802712322576 0.0018383796961452693 -0.017202759070831804 -0.0059671432996468319 -0.021801841503064853 0.013520029807322431 0.0015330223865106603 -0.012059274372884666 -0.0062483100020270573 0.015241453406250121 -0.0062909294703031105 -0.0019564332204508568 -0.010193468558715439 -0.006134041761056681 -0.021787939884245169 0.01923812939930274 0.015733573378301221 -0.0076557972312459102 0.0021181293941611992 0.014566512117204789 0.0036602571918517837 0.022976631799832472 0.02368165147560224 0.011430717574721524 -0.0014625459640011675 0.014972324488059081
leaf_weight=3.3386382488533837 3.1996053867042091 7.5377972694113842 8.7621349301189166 14.402952108532189 12.168374411761759 3.4842597590759441 4.0794761013239622 4.2886865064501754 10.790251687169077 4.2799491528421632 8.798084086738525 14.875804847106339 4.2623557671904546 2.4258590489625957 5.7091538095846763 4.7496105907484916 4.3649511989206076 4.4306342555209977 3.8956564385443917 5.8745411429554251 4.3119434397667602 5.215679094195365 4.4771814458072177 3.762631291523574 4.052086362615225 7.2913631685078171 5.4045127360150236 8.6009050030261296 3.6909343833103767 8.1936703212559205 6.2457491541281334 2.4543778570368806 8.5001372545957654 5.7299000178463739 3.1585622178390622 9.6369426045566779 4.8091923464089623 4.6681701131165028 2.4179322775453338 8.6796512212604267 8.921151911839841 8.4310991838574427 30.138166349381208 5.5702545419335339 3.8327036034315825 5.3886373899877089 5.7570790462195873 2.5543818930163971 3.4962568730115891 4.2709066905081272 2.9338398352265349 6.7094450220465642 5.1334631685167551 4.4838053965941063 3.1042262753471723 8.632787859067319 21.176925787702203 4.7380863856524229 6.0218795947730541 3.0919473469257355 14.081381795927888 4.1401472901925436 6.1890782732516527 4.3556155692785969 3.2537760632112613 2.896846522577107 4.8343386314809313 6.5190850635990527 5.1950783319771272 5.668446457013494 11.509753512218593 4.9506084434688082 8.2095158975571358 8.9995143171399778 4.9429778046905986 11.362577257677911 5.1488778665661803 28.075198106467724 4.0378699516877532 6.1996496878564349 3.8537273015826941 7.2882489413023004 3.2007565665990114 3.1126485597342244 6.9010681174695501 5.3273025751114007 3.8226610925048599 8.9011630844324845 8.298140246421104 6.9555197050794959 4.9908178132027405 8.6216832157224434 9.4099159035831672 4.5859004203230134 5.7140945233404636 10.21589739713818 7.9670595936477175 2.9143268391489965 4.6834803931415081
leaf_count=39 31 100 42 137 99 19 40 37 143 53 128 255 57 36 60 79 44 39 47 35 43 40 43 37 57 42 39 76 56 86 63 40 113 69 39 60 53 37 29 117 60 74 261 58 33 30 46 43 43 66 48 33 56 56 29 65 277 51 46 41 77 44 74 30 57 23 39 65 38 37 79 28 72 58 58 141 50 288 46 44 40 44 40 38 66 41 41 75 75 66 65 53 54 51 57 79 56 33 36
internal_value=0.000853452 -0.00492554 -0.0102227 -0.00559848 0.00533882 0.00351082 0.00843357 -0.00196771 -0.0020045 -0.00314629 -0.00438289 -0.00345746 -0.00239324 -0.000326773 0.00678634 -0.00196328 0.00130654 -0.0016956 -0.00471487 -0.00806063 -0.00486047 0.00414851 0.000420696 0.00640129 0.00565777 0.00709761 0.00431263 -0.00353573 0.0115041 -2.41939e-05 0.00682327 0.00143289 -0.0025253 0.0114189 0.00267674 0.0087264 0.0061973 0.000931951 0.00808449 0.00815848 0.00990451 0.0087956 0.0132933 0.00128153 -0.00999418 -0.0111451 -0.00364843 -0.00637747 0.00313783 -7.50073e-06 0.0130096 0.0038324 -0.00137433 0.0125205 -0.00740672 -0.0090176 -0.0127782 0.00996017 0.013956 0.00155369 -0.00455068 -0.0140689 -0.010802 0.00850311 0.00644599 -0.00639529 0.00964489 -0.00563532 -0.00643095 0.0100265 0.00809787 0.00516606 0.00759768 0.00307338 0.0134244 -0.0132314 -0.0182576 -0.0201076 -0.0064623 -0.00995986 0.000234556 -0.000313224 0.0153996 0.00492683 0.00553297 -0.00166263 0.00433068 -0.0169801 0.012404 0.00707187 -0.000803864 0.0127149 0.00891373 0.0145069 0.0171407 0.016423 0.018898 0.00755561 0.00906187
internal_weight=658.742 287.776 101.665 65.2414 370.966 234.162 136.804 16.8743 186.111 165.128 149.235 141.697 132.899 105.059 20.9832 94.7749 59.4351 46.1817 37.013 56.4792 42.0763 224.635 65.0772 29.5131 159.557 127.259 78.8085 28.3636 48.4501 32.2988 14.4394 21.7548 17.0052 13.2534 7.52351 50.4449 40.8079 20.0363 10.1731 15.8934 119.929 107.761 43.2345 21.0722 27.8395 24.3588 11.1457 14.5508 6.05064 6.68884 11.6135 17.7174 11.8429 15.2741 35.3398 32.2356 23.6028 9.16872 10.2842 6.78288 35.5641 19.016 9.52772 35.9987 31.6431 6.15062 25.4925 17.8594 9.86325 98.8397 70.4024 43.9397 38.9891 22.5363 16.4527 15.2582 36.4237 31.2748 31.087 20.281 10.8059 11.3403 36.4516 6.31341 15.502 14.3268 12.5856 13.2131 20.6582 12.36 8.82352 26.4627 18.0316 28.4373 9.47673 23.8514 18.183 6.9522 8.76296
internal_count=6433 3226 866 497 3207 2154 1053 154 2360 2101 1883 1783 1655 1258 259 1155 748 596 506 455 318 2041 566 283 1475 1160 684 242 476 315 149 318 239 152 83 442 382 189 114 218 899 800 436 200 397 194 76 199 86 95 165 124 89 199 407 378 313 90 103 97 283 299 113 329 299 80 219 166 75 740 517 336 308 171 137 188 369 319 240 121 119 101 339 78 142 99 117 118 180 105 98 181 107 223 94 172 135 79 76
is_linear=0
shrinkage=0.0158889


Tree=21
num_leaves=100
num_cat=0
split_feature=30 30 18 18 30 14 30 19 2 2 19 23 27 19 30 24 6 22 2 30 14 2 6 23 19 11 21 26 8 11 11 27 19 19 9 19 17 8 1 23 14 9 6 8 8 24 13 14 8 30 18 9 1 17 24 13 13 2 30 18 18 17 13 6 24 24 6 19 1 13 19 21 27 13 6 1 27 23 14 9 19 23 6 21 22 8 21 21 17 2 8 17 1 6 26 13 24 18 18
split_gain=61.2229 14.9161 13.3524 9.98593 8.27031 7.94625 6.36976 10.7439 7.83591 5.86074 7.69982 5.60197 9.46686 8.44541 6.77226 6.25504 6.15291 6.7973 5.25432 4.96641 4.90132 4.86835 5.21357 4.84682 4.32218 5.8525 4.22796 6.09781 6.12325 4.19564 4.01361 3.83191 4.70624 6.22276 5.18581 4.0288 3.8413 4.16426 6.07114 8.55954 6.1644 5.442 4.39538 6.74198 3.88604 5.1339 4.33813 3.81313 3.79183 7.48292 5.72661 5.68333 4.79168 4.23073 4.42094 4.02664 5.30866 8.38545 8.75482 6.43961 7.88317 6.85269 4.03397 3.93278 3.91771 6.01595 3.66426 3.61727 3.44337 4.28409 3.37715 3.24555 3.16026 2.91617 2.91209 2.89367 2.85114 2.84795 3.17803 2.74536 2.72042 2.65688 2.61828 2.5368 4.6097 2.86407 3.65027 2.48653 2.88553 2.44822 2.38865 2.35398 2.29076 4.3779 2.20793 3.17853 2.35409 2.23471 2.12434
threshold=73.70509726248315 75.288621110091711 0.0023074554737387933 0.0033063142879553808 52.325280212295461 -0.14125572145743234 20.380527637660894 0.0055269963235202715 1.0471948016471575 1.2349394140342418 0.0025392364803444368 -2.0844185022166317 0.024594071986870029 0.0035899215396960399 92.959400068445291 2.9413163107036868 -0.066196170380270467 299.50000000000097 1.0050710570654167 85.58556959946263 -0.14125572145743234 0.9047606456546855 -0.095896345049128348 -3.2134912611558231 0.0047771675296097186 0.002780504811957366 0.30499999999999977 -0.00063883924590057972 1.5000000000000002 0.0044026541742805611 0.0013050527862727534 -0.02588778339486902 0.0020898956199718404 0.0024079408821520328 0.10000000000000032 0.0043727465776785103 -0.16561147238522964 8.5000000000000018 0.016971372397652566 -4.2065381529896504 0.0024363231227976239 0.15000000000000011 -0.0076451828089610365 16.500000000000004 3.5000000000000004 3.7132387100970456 0.018233280035090959 0.011396417803040447 14.500000000000002 27.035087784736426 0.00028936345996918297 0.20000000000000001 -0.096400514022205161 -0.04963034392077053 2.2599805440221741 -0.027262253657977142 0.040498018532330357 1.1187536555901441 35.676158185619556 0.00049494870029882071 -0.0034353413071892334 -0.059854635949915296 0.023316680241104292 0.018797321468745468 4.2455674485898056 2.7609050292251971 -0.0024396033262865098 0.0014803178122276171 -0.021579695329338396 0.0098755020133861077 0.0036448230568882638 -0.20500000000000004 -0.0060585361303395749 0.0026307177958463019 -0.0012286414252472564 0.12420316756137818 -0.020163526788723681 -2.7078423140168186 0.016415420333965192 0.29999999999999943 0.0035899215396960399 -3.0796120893680041 -0.06033636554088017 1.1349999999999982 6531.2499999999827 14.500000000000002 -0.53999999999999992 -0.43999999999999945 -0.0084597737362697139 1.0464493667521955 2.5000000000000004 -0.0060504805649057572 0.023298250243937949 0.018797321468745468 -0.0046848212670436698 0.011219935055728552 2.4800800283610704 -0.00038309776201195033 0.00051835650738009159
decision_type=8 10 2 2 10 10 10 2 2 2 2 10 2 2 10 8 10 10 2 10 10 2 10 10 2 10 2 2 2 10 10 2 2 2 10 2 8 2 2 10 10 10 8 2 2 10 8 8 2 10 2 10 2 10 8 10 10 2 8 2 2 8 10 10 10 10 10 2 2 8 2 2 2 10 10 2 2 8 10 10 2 8 10 2 10 2 2 2 10 2 2 10 2 8 2 8 10 2 2
left_child=4 2 26 -4 5 -1 7 8 -7 11 -11 12 14 -13 16 24 -3 29 -5 -14 -6 23 -23 -22 -15 -26 72 28 -28 -18 83 -24 67 74 35 -35 -36 41 39 -39 71 -38 -40 -44 45 90 -46 -21 51 50 -50 55 -53 54 -51 -8 57 59 -59 60 -57 -61 -60 -63 65 87 -16 -33 73 -70 79 91 76 -68 -34 -27 -2 78 -42 -12 -54 -82 -74 84 85 86 -19 -55 -89 -31 -43 -41 93 -58 -62 96 -96 -97 -69
right_child=1 9 3 18 20 6 48 -9 -10 10 70 13 19 15 66 -17 17 30 -20 47 21 22 31 -25 25 75 27 -29 -30 89 -32 32 33 34 36 -37 37 38 42 40 77 44 43 -45 46 -47 -48 -49 49 53 -52 52 80 64 -56 56 92 58 62 61 94 63 -64 -65 -66 -67 68 98 69 -71 -72 -73 82 -75 -76 -77 -78 -79 -80 -81 81 -83 -84 -85 -86 -87 -88 88 -90 -91 -92 -93 -94 -95 95 97 -98 -99 -100
leaf_value=-0.0089363454282762687 -0.0167807045310083 0.013034246328744874 0.0082955807832365124 -0.0010939784760096915 0.01552743316808366 -0.01746143845876837 0.01851453707410183 0.016921812611474005 0.0024122026976164126 0.015578792464022707 0.00026436658820350916 0.014577361022698921 -0.0079542139799980306 -0.015735515905694119 -0.017759065723738688 0.013842819774323202 -0.018491071850352619 -0.014852207832257516 -0.020368365792833444 -0.0010493745875890736 0.0069535489390170364 0.019517857578089458 0.011316838781194341 -0.017373784654129032 -0.009994447003612501 2.4208023847037974e-05 0.0030714453456158115 0.0070791364338747597 -0.017031282503203203 -0.011683894518873738 0.0074163463336647858 -0.0038950092285553505 -0.021069858179205207 0.018182066235973324 0.014314031461725194 -0.0028556942957266964 0.011150033026197301 0.019766951835947035 -0.018711038164251844 0.0096864110974489263 0.0098983610597389617 -0.0028174222727900887 -0.010506734576412708 0.016373094441106087 -0.019985452942861835 -0.018274076646678416 -0.00042831179762488504 0.017403086132877714 0.0053240715803813433 0.01194160475913783 -0.01203584085044679 -0.011700284273071265 -0.0048468679353683951 0.018996048526905691 -0.0063586086031258062 -0.0037318119491119906 0.016941597222768091 -0.017492051112397648 0.015325390285558602 0.011079860002861767 0.023237008836767267 0.00085038078395676623 -0.0058444425520337174 -0.017908479781524021 0.018802306714164593 -0.0064773950969179454 0.010097453675480268 0.0062691541440071802 -0.016628518617229297 0.0055964098121620278 0.0056613488271108963 0.017534103103338833 -0.0079139924597104241 -0.0077790145993835089 -0.0032689493218074927 0.017276533040819199 -0.00038207264830238314 -0.015867431941322008 -0.0096430601660793189 -0.021293601962812901 0.013897965449331756 -0.0012621920833353563 -0.021629343871009572 -0.016319097248447389 -0.016098405980679718 0.014754484227153452 0.0065761954179374311 0.014587003313912678 -0.0028319675832372535 0.0062105516089288187 0.013558486513143992 -0.0099951609109687981 0.0054636795700507557 0.0017652424771286888 -0.0023052549420519474 0.010718160985123244 0.012407748353894936 0.024289848211915113 0.021005184564185968
leaf_weight=7.6176004158332935 4.7560261189937592 4.5977648189291349 14.185904588550331 7.757911838591097 5.4875600207597008 8.2920796815306002 13.823376672342418 6.0600383039563885 11.045215528458355 9.5759049402549881 2.5423835851252061 9.1909241266548616 4.2800426119938484 6.781807770021266 17.101260396651924 4.4565684013068667 10.989387437701227 2.7022835165262213 6.2311930861324072 4.1434047035872927 2.5434701964259148 3.4365552095696321 8.0681534931063634 6.0948637984693033 9.3574723666533846 6.1239887075498682 4.7890845253132346 4.7425808310508719 14.907540468499063 2.993881555274128 10.241064868867396 4.1160631682723752 4.6368403304368258 6.1188210779800993 3.277270813472569 3.193082969635725 3.2689845357090261 7.0565323634073023 4.7170519828796387 2.4514132672920823 3.3090246208012104 4.4434019634500164 5.6284420592710358 3.1615536222234368 9.8159225005656427 2.7722922973334789 4.0697995983064201 7.5089142788201562 8.3976103849709052 4.6220025029033396 9.7113305609673244 4.7249488160014179 4.2888225056231049 6.4602069882676014 8.527340273372829 5.8914076257496992 35.887300752103329 6.2633359488099787 4.6885986533015966 9.9261269159615022 8.2959389500319869 6.8661569273099321 3.4728580452501774 4.0462951231747866 10.499454298987983 5.8263645321130744 3.7640282884240177 6.8651223583146912 10.343388446606692 2.3641483401879677 4.5824886672198772 4.972312219440953 5.3089346196502474 4.2302000839263201 4.7992783719673735 3.5571690853685141 5.5410920940339548 4.8412369769066554 3.8929579490795732 2.7691121716052294 8.4998849499970657 4.0506379045546046 26.655968496575952 3.2177039869129649 3.4053306877613059 3.2804668713361025 4.4533563256263795 3.9269877886399627 4.6440354492515361 3.5306925335898995 3.5252970047295094 2.4462460270151496 9.0731985140591842 5.8033951409161082 5.0204530879855351 9.0321237146854312 4.9106807922944427 6.5829368885606554 4.3354400563985109
leaf_count=62 47 54 68 43 42 51 70 39 102 95 39 111 62 91 246 58 159 42 50 47 33 50 119 79 149 69 24 29 167 34 108 43 51 67 22 42 41 87 56 45 51 70 62 51 123 25 64 63 60 52 56 47 31 63 78 42 180 46 53 61 44 64 31 30 73 60 31 78 143 44 58 51 52 44 60 26 45 80 60 39 94 53 288 59 41 37 55 30 51 56 44 27 59 46 39 52 37 34 47
internal_value=0.000873351 -0.00514019 -0.0101252 -0.000898619 0.00483764 0.00650281 0.00699816 -0.000509944 -0.00635765 -0.00219119 0.00585154 -0.00331383 -0.00525449 0.00174613 -0.00731079 -0.00234389 -0.00335386 -0.00520281 -0.0102189 0.00581881 0.00161144 0.000937674 0.00179511 -0.0101613 -0.00541856 -0.00133391 -0.0139697 -0.00832842 -0.0121699 -0.0127443 -0.000168416 0.00116305 0.000336768 -0.00102639 0.000394565 0.0111806 -0.00104305 -0.00188507 0.00123965 0.00532617 0.00023461 -0.00658733 -0.00733279 -0.00033517 -0.00918073 -0.0017645 -0.0145568 0.0110717 0.00785201 0.00444826 -0.00404428 0.00914885 0.00147695 0.00792485 0.000278869 0.0103181 0.00932629 0.00653469 -0.00418507 0.00911364 0.0128227 0.00184812 0.00647326 -0.0066422 0.0110453 0.00668382 -0.0123302 0.00831743 -0.00743266 -0.0123817 -0.00386997 0.0092613 -0.017051 0.000690494 -0.0128331 0.00707754 -0.00853209 -0.00720783 -0.000516595 -0.0119249 0.00549172 0.00913106 -0.019563 -0.00485524 -0.00156521 0.0037596 -0.00197862 0.0118773 0.00552981 -0.00221912 0.00481374 -5.59103e-05 0.0133107 0.0148996 0.015737 0.0127869 0.0052153 0.0171838 0.012824
internal_weight=647.085 256.961 94.8762 28.175 390.124 256.779 249.161 25.3973 19.3373 162.085 19.4699 142.615 103.147 39.4679 87.215 30.277 49.4119 44.8142 13.9891 15.9324 133.345 127.857 119.219 8.63833 25.8204 19.0386 66.7012 24.4392 19.6966 17.514 27.3002 115.783 107.714 92.3978 82.9616 9.3119 73.6497 70.3725 42.4768 28.9697 21.9132 27.8957 13.507 8.79 24.6267 10.741 13.8857 11.6523 223.764 62.6153 18.1089 161.148 21.5643 44.5064 13.1493 139.584 125.761 74.9969 14.4248 60.5721 39.7335 20.8386 8.16146 10.9125 31.357 20.8576 37.803 15.3166 20.7018 12.7075 9.89398 9.86997 42.262 7.99423 9.43612 9.68116 10.2971 12.0432 7.20198 5.3115 16.8393 12.5505 31.9649 17.0591 13.8414 10.4361 7.15564 15.0312 8.57102 6.52457 7.9687 4.89766 50.7639 41.6907 33.8421 25.5462 9.93113 15.6151 11.2006
internal_count=6433 2873 813 161 3560 1890 1828 192 153 2060 231 1829 1325 504 1153 393 645 591 93 172 1670 1628 1516 112 335 244 652 220 191 249 342 1466 1347 1179 1068 109 959 937 570 401 314 367 169 113 326 139 187 110 1636 523 116 1113 225 407 130 888 818 533 130 403 248 155 84 94 277 204 508 168 262 187 136 123 432 75 111 95 92 191 111 78 178 147 340 234 175 134 97 144 81 90 114 72 285 226 206 162 76 86 125
is_linear=0
shrinkage=0.0158889


Tree=22
num_leaves=100
num_cat=0
split_feature=28 33 14 4 15 17 28 16 31 4 2 14 14 28 2 32 13 28 17 13 4 18 32 13 22 16 14 13 18 18 8 2 13 13 26 18 18 10 10 10 33 15 28 17 33 4 1 28 4 28 1 13 8 28 27 27 22 2 18 1 18 18 15 15 15 28 18 2 17 32 4 22 16 4 31 28 22 13 4 18 16 28 8 1 27 27 8 16 8 28 1 2 1 13 28 22 14 15 13
split_gain=48.4123 25.5129 12.027 9.02252 8.58326 8.46592 8.00719 8.58778 8.22987 7.91779 7.39694 9.66337 10.6063 8.04978 6.76022 6.32896 5.90039 5.45367 5.20187 4.50876 4.46813 4.41017 4.95162 8.96983 7.73745 7.48305 6.42613 5.59619 7.09266 6.1899 5.44733 5.09041 4.98689 4.63882 4.22398 5.45828 5.43405 5.06179 4.77118 4.28456 4.20424 4.18208 4.02493 3.90636 4.52014 9.02429 5.43432 6.99834 5.51671 5.17362 4.57475 5.47843 5.35349 3.94147 3.86779 4.29799 3.81457 3.76408 4.27123 3.74046 3.70358 3.49851 3.46597 3.42662 9.75595 3.35625 6.00351 4.93987 3.93515 3.33892 3.27691 3.16863 3.06953 3.03158 2.76076 2.75315 2.74937 2.7261 2.70425 2.62904 2.54067 2.49842 2.39679 2.39244 4.79421 2.37895 3.65498 2.36895 2.28615 2.23773 2.22663 2.19638 3.0644 3.78146 2.16364 2.14519 1.98015 2.64085 1.91375
threshold=-240.47950332692764 0.91666666666666685 0.011999361942522027 0.014011314648207667 215617.00000000003 -0.12809317678716306 -864.93830708506084 55.097085648070397 -0.56000000000000039 0.030363383162345551 0.9047606456546855 -0.015771240244236952 -0.0017038103134308644 -962.732847643843 1.2182407649986902 2.6608576490901501 -0.0059757054769244587 -1301.4401112157514 -0.017121487899755813 -0.22899193678245669 0.038477238489772032 0.0039747237263299427 -0.2584944928498098 -0.00081313995057518762 268.00000000000188 136.41158855452241 -0.00098817039015003361 0.0047118615008352816 -0.0002595030609709097 7.475451733000858e-05 13.500000000000002 1.0309319658011438 0.022571381834778668 0.0038732223653282663 0.0089068039563037233 0.0042326152357145116 -0.001315198716192947 0.094868421052631574 0.044590643274853965 0.10030036630036639 0.8500000000000002 190142.50000000003 -186.43356361602429 -0.11814894005094205 0.95000000000000007 0.031752826987374139 0.055104109187259949 -455.31274440072838 0.033328339494538624 -295.30438426825248 0.14397769960050102 0.038791039316967015 14.500000000000002 -328.96667465070681 0.010759327778939289 0.0038421598611873002 1462.999999999993 0.99165544052831189 -0.0034353413071892334 -0.073831457296502964 0.0028033748869937931 0.0024538320413790573 712781.00000000012 227911.00000000003 199772.50000000003 -473.04016668000344 0.00040399477244036386 1.0708290690907634 -0.014061781278604411 -0.79419104293856724 0.012804965851958951 2186.9999999999859 217.48529250549365 0.031069336531965166 0.97999999999999876 -2062.0029604956503 586.75000000000193 -0.0065334938286699994 0.030031232523775476 0.0036984930720125593 108.3838235935098 -1629.0130666290793 10.500000000000002 0.079206929154047048 -0.020754500846914489 0.010587295026655343 13.500000000000002 140.65294921964536 11.500000000000002 -497.49137235040484 1.0000000180025095e-35 1.1772658366072084 -0.13157973031952527 -0.0011363661715294334 -1468.5420352254512 509.50000000000284 -0.010766319081484897 203535.00000000003 0.064028062156935031
decision_type=8 10 8 10 2 10 10 10 2 10 2 10 8 8 2 2 10 10 10 10 10 2 2 10 10 10 10 10 2 2 2 2 8 10 2 2 2 2 2 2 10 2 10 10 10 10 2 10 10 10 2 10 2 8 2 2 8 2 2 2 2 2 2 2 2 10 2 2 10 2 10 10 10 10 2 10 10 10 8 2 10 10 2 2 2 2 2 10 2 8 2 2 2 10 10 10 10 2 8
left_child=1 6 3 18 9 -4 7 71 75 60 19 16 40 34 21 17 80 82 -2 -10 -11 22 23 -8 25 -24 56 28 -25 -29 31 -30 -27 -28 35 36 37 -14 81 -40 77 -31 -7 90 46 49 48 87 53 50 51 65 62 63 55 -43 -26 58 -18 -47 -5 72 -53 64 -45 68 67 -67 70 89 -46 -1 -41 -21 -71 -9 -42 -13 95 -75 -12 -36 -3 -6 -85 86 -15 -48 -51 -65 -19 92 -38 -94 -59 -39 97 -79 -77
right_child=2 15 5 4 83 42 14 8 10 20 11 12 13 85 -16 -17 57 43 -20 73 -22 -23 24 27 26 32 33 29 30 41 -32 -33 -34 -35 38 -37 91 78 39 61 76 54 -44 44 45 59 47 -49 -50 88 -52 52 -54 -55 -56 -57 -58 94 -60 -61 -62 -63 -64 69 -66 66 -68 -69 -70 74 -72 -73 -74 79 -76 98 -78 96 -80 -81 -82 -83 -84 84 -86 -87 -88 -89 -90 -91 -92 -93 93 -95 -96 -97 -98 -99 -100
leaf_value=0.0022841994289833764 -0.0030043188704107181 0.0054504962199920966 0.0038697864613385495 -0.016271802578430219 -0.018590219962325995 -0.019305286800975967 0.021494287657768986 0.0010375377361557434 0.0058109586231757694 0.018085028080523265 0.0039423828541503177 -0.0010915640377198083 -0.015061008528228805 0.0063536354588843765 0.011108134942231312 -0.0082808463526137799 0.00485474718041937 0.020192745377726775 0.016734692659695176 -0.0035778751956129138 -0.00089652288655881103 0.013151848224118761 0.0073219512300173126 -0.0186300443277202 0.022099713703820495 -0.019506040731560013 -0.014856600179925086 0.01190962297831611 0.0093552704694715699 0.013833359629472609 0.01284100357370806 -0.016597271357130999 0 0.0066703255723295591 -0.0020429046664378028 -0.014062184086981492 -0.001605666088385118 -0.0010275578777608437 -0.019479065611349322 -0.012712503150680459 -0.010261442633034995 -0.008491275016151727 -0.0041961812764022546 0.012656594722871136 0.0013947635270737378 0.0060386554912700337 -0.0055306140548040759 -0.018840177538182189 -0.0087555329719790857 -0.010812188761218238 0.020288856281948459 0.019771398265704988 0.00088475893254631114 0.021860860488575599 -0.013642249479819759 0.014631408818403677 0.0016643023691050103 0 -0.018142989749003913 0.020929173393655961 0.0019594211187837908 0.012212801776909137 0.0061380198322364566 0.0085709865530584108 -0.011400230803188549 0.015691173841695338 -0.013333708890085831 -0.007132084694348409 -0.00076157307178105374 0.010258712658882741 0.017821881110296863 0.019224963873939939 0.0065219654207687638 -0.024781176885497445 -0.0061052465527090547 -0.017467089625818076 0.0077716204727534257 -0.017976822814601369 -0.0063012546072220739 -0.0045707453482668669 0.015738156705890953 0.020547433481116539 -0.011754911704653034 -0.017544753845593467 0.0034990516474506608 -0.018782903564578034 -0.017151582007696922 0.0091543865681171614 0.0040418467398084757 0.022813117416445247 0.0074839139614879327 0.00084291732391836944 -0.0022519351159407293 0.016281644859402075 0.016937774505462546 0.014091727852130406 -0.021420554313353889 0.00043515795412187795 -0.001639186301037067
leaf_weight=5.6304423520341498 5.9463448245078325 2.829551604576408 5.0973638426512471 6.9971755053848046 12.851907732896509 35.212474083527923 5.6651474637910715 3.0019160434603718 2.8234370388090637 5.5702371634542924 7.7344838846474913 3.4023742191493573 4.317647384479641 3.3432455472648126 21.985932590439916 5.9034378211945286 3.0737730357795954 10.223566750995817 6.5931644299998862 4.6023267712444058 6.1103992462158203 6.9908126927912226 4.558838956058028 6.1303943479433682 4.6598512139171371 12.752044531516727 5.0087268278002721 16.606128341518342 2.4823585171252471 2.9177646413445499 5.3639524476602674 4.5785793084651232 4.4663056861609265 4.0453257691115141 2.0511353416368365 3.1581758987158528 3.6013241941109326 3.6196145117282832 4.8334140889346626 6.1697828816249949 3.3369568642228833 3.6189298490062338 5.6569378897547713 7.9943140372633916 4.9736498380079821 6.3508702684193876 4.0850383061915618 4.7941842153668395 4.7486770898103705 5.0306879114359599 6.755817648023366 15.692850999534132 8.7695506848394853 4.4304376654326907 6.6096492884680629 3.28414920065552 4.4068064168095598 4.8291279347613454 4.2770740855485183 19.697432406246662 4.1839948147535324 2.603432919830083 7.8733694618567815 7.6752418307587504 7.7897246386855841 4.8070231731981092 6.9095011334866276 3.7476620879024267 10.5121450163424 4.9872756255790645 8.2771035116165859 5.4997915271669626 2.5285183619707823 6.82620553486049 4.2568932063877583 13.180815984494981 4.0102488435804844 3.4139527082443299 4.1356115210801372 2.5932839624583721 13.93453757278621 2.0238935388624695 4.6069953003898263 4.9669529991224408 4.9425733387470228 5.6768060317263007 2.2910000961273909 6.2115507572889328 4.3324311664327979 5.6229567676782555 7.0108394771814337 6.0971396490931502 3.0049306675791767 19.286283501423902 2.5013883486390114 5.513533778488636 10.552515454590315 3.6647929046303034 2.4977249335497627
leaf_count=59 56 42 37 77 122 362 47 42 31 26 73 48 66 58 261 46 40 58 28 69 49 46 45 86 38 160 70 191 25 43 48 86 46 50 46 41 46 46 63 100 42 46 39 60 36 36 31 34 30 43 52 81 63 38 79 32 63 76 61 113 17 34 56 86 69 38 66 43 68 43 61 46 48 101 35 199 42 36 51 32 141 30 56 48 25 83 28 57 30 35 44 61 25 250 37 70 150 37 27
internal_value=0.000960546 0.00291365 -0.00890854 -0.00402539 -0.00730041 -0.0149391 0.000110158 -0.00189856 -0.00273156 -0.000342015 -0.00157834 -0.000425671 -0.00273003 0.000114846 0.00322458 0.0072575 0.00662495 0.00774081 0.00762856 -0.011363 0.0085621 0.0014989 0.000576457 0.00356056 -0.00368046 -0.00994923 0.00390166 0.0013486 -0.00550619 0.00524658 0.00150071 -0.00737815 -0.0146504 -0.00536626 0.00208422 0.00444398 0.00579345 -0.00125432 -0.00399395 -0.00788097 -0.0110182 -0.00164107 -0.0173219 0.00825682 0.00749436 0.00938534 0.00399112 -0.00416753 0.00661531 0.0068486 0.00818125 0.00686594 0.0116558 0.00843655 -0.00548353 0.00272995 0.0129689 -0.0011148 -0.00882245 0.0175451 -0.0096549 -0.0021177 0.0155145 0.0065469 0.000766071 0.00278306 -0.00288409 0.00582199 0.00647478 0.0104406 0.0120357 0.0112769 -0.0069963 -0.0149608 0.00275334 -0.0125596 -0.000505759 -0.0145437 0.003667 -0.0199004 0.0117806 0.0102814 -0.00521961 -0.0140703 -0.00740421 -0.0119855 -0.00386165 0.0032912 -0.00405569 0.015382 0.0154945 0.00963628 0.0116167 0.0137643 0.00662542 0.00835449 -0.0169824 -0.00909965 -0.0151396
internal_weight=632.805 528.675 104.13 58.1628 45.6232 45.9668 321.774 195.643 184.512 22.8618 165.832 148.987 112.636 84.2555 126.132 206.901 36.3504 200.997 12.5395 16.8453 11.6806 104.146 97.155 57.2571 39.8979 21.7772 18.1207 51.5919 18.5553 33.0366 12.4249 7.06094 17.2184 9.05405 72.9444 52.7343 49.5761 17.5864 20.2102 16.1351 28.3808 16.4305 40.8694 193.561 176.326 113.73 62.5963 15.0908 47.5055 87.6818 78.3187 71.5629 32.3358 42.7568 13.5127 6.90308 9.06666 14.6814 7.35085 26.0483 11.1812 11.3017 23.5662 38.3264 15.784 39.2271 15.4642 8.55469 23.7629 22.5424 13.2508 11.1302 8.6983 14.0218 9.24417 18.6805 7.34721 21.0336 13.2688 9.41949 21.669 4.07503 7.43655 22.7614 9.90953 11.3111 5.63425 10.2966 9.36312 13.2982 17.2344 31.9897 25.8925 22.2912 7.33052 9.13315 17.6313 7.07875 15.6785
internal_count=6433 5547 886 448 364 438 3997 2535 2430 169 2162 1929 1501 1146 1462 1550 428 1504 84 233 75 1201 1155 683 472 251 221 636 245 391 159 111 206 120 977 656 615 233 321 245 355 200 401 1406 1304 786 518 122 396 637 564 512 200 366 157 78 101 214 101 149 94 182 137 328 129 312 147 81 165 199 97 105 148 202 78 268 84 271 167 133 214 76 98 195 73 169 86 88 73 121 102 382 321 275 113 116 223 73 226
is_linear=0
shrinkage=0.0158889


Tree=23
num_leaves=100
num_cat=0
split_feature=30 12 7 7 12 30 2 21 31 12 1 0 30 22 19 19 15 26 12 14 13 15 15 26 3 14 9 8 30 0 8 7 0 15 9 22 14 14 30 14 8 9 19 15 13 2 21 8 3 19 32 9 8 3 9 19 30 15 13 30 26 30 13 26 2 3 8 12 8 30 32 19 1 32 26 8 13 26 26 19 12 31 1 31 32 3 3 13 30 1 21 31 30 15 30 30 12 19 30
split_gain=54.3748 12.2731 9.94524 14.8678 9.24636 8.13994 8.1156 7.23217 7.46332 6.62463 6.19275 13.9003 6.04333 7.79728 6.5711 14.6371 8.98319 5.94159 5.90364 5.31934 5.51286 5.20855 6.3551 5.36877 4.98645 6.70238 6.39365 7.3616 5.56224 6.42046 5.93413 4.95064 5.99639 6.2427 5.36006 4.85 4.75956 4.95085 4.60896 4.50339 4.28683 4.26721 4.21233 4.19557 4.23965 6.04619 4.04013 4.58412 5.16827 3.45113 3.41711 3.3955 3.3189 6.36503 4.24069 5.70606 4.09178 4.546 4.03089 4.19615 3.80225 3.22416 4.33281 4.53791 3.19248 3.18694 3.0004 3.09361 4.29988 5.64522 2.95764 2.93145 2.92839 3.09214 2.85032 2.82848 2.80624 2.69008 5.70881 2.4699 5.55898 3.59832 2.46256 2.74916 3.31712 4.45326 2.30731 2.22075 2.06126 1.96884 1.96589 1.94462 2.69757 1.93428 1.89339 3.41147 2.63285 2.33572 1.84951
threshold=73.70509726248315 0.0096485244169420541 0.92261904761904778 0.94246031746031755 0.009871573649889635 92.959400068445291 1.2863537592072745 4.2250000000000005 0.96499999999999997 0.0015899374457266845 0.081412564777401789 0.09980354433884088 92.285882877702718 3409.0000000000077 0.0029341047882841024 0.0031622763993353572 279512.50000000006 0.022606613521732103 0.0031669191143376412 0.048485340289435803 0.12552130605581846 194503.00000000003 168040.00000000003 0.01069164487247032 0.098368495396667269 -0.027093659771314723 0.60000000000000042 12.500000000000002 95.358258426313995 -0.23639657377828674 2.5000000000000004 0.85515873015873023 1.1854368331645215 198691.00000000003 0.30000000000000054 1.0000000180025095e-35 0.01040085711869221 0.0024363231227976239 55.829792285439957 -0.00058738702786048636 14.500000000000002 0.2999999999999981 0.006338369103634593 190142.50000000003 -0.01429088477595541 1.0317126916234374 -1.7350000000000001 17.500000000000004 -0.077281483154721928 0.0031558220076769376 1.2479676992785911 0.19999999999999987 11.500000000000002 -0.023816335758747972 0.20000000000000001 0.0047156278504481694 46.635635069859298 392798.50000000006 0.060634869231901548 23.086647622106508 -0.00015913739914386046 25.493710405342721 0.018233280035090959 0.0012626326535946089 1.1772658366072084 -0.032046361444287345 1.5000000000000002 0.0072550174150487886 10.500000000000002 118.35426653443393 0.087814919603728045 0.0025034805201910866 0.0079390472496929671 0.11783787623797579 -0.0045368971632665503 7.5000000000000009 0.052390749608564137 -0.0010977329391113064 0.0033243913710799826 0.0035899215396960399 0.017855998621108409 1.139999999999999 0.20764932924000293 2.1500000000000008 -0.82118915058062625 0.029790094092594813 -0.045900842230119802 0.0056404086648042225 35.055652248243256 0.40640264588836411 -0.17499999999999979 -0.064999999999998601 27.879673447453921 184097.50000000003 25.731937112203347 28.637931783820747 0.0044451156236723849 0.003362005346652834 35.676158185619556
decision_type=8 8 2 2 10 8 2 2 2 10 2 2 10 8 2 2 2 2 10 8 8 2 2 2 2 10 10 2 10 2 2 2 2 2 10 10 8 8 10 10 2 10 2 2 8 2 2 2 2 2 2 10 2 2 10 2 8 2 8 10 2 10 10 2 2 2 2 8 2 10 2 2 2 2 2 2 8 2 2 2 10 2 2 2 2 2 2 10 8 2 2 2 10 2 10 10 10 2 10
left_child=4 6 12 -4 7 -5 18 8 10 90 19 -12 14 77 -3 -16 36 21 -2 20 52 22 -11 46 25 50 28 -28 30 -30 -27 34 33 -33 38 72 37 40 75 -40 65 -26 79 44 -24 -46 -23 48 -48 -37 -20 71 54 56 55 58 60 -58 59 -1 -54 -61 -63 -64 -38 -17 -31 68 -68 -70 76 -41 73 -32 -13 -6 -56 -14 -79 80 81 -36 83 94 -85 -86 -35 -18 -49 -9 -10 -62 -93 -53 -50 -96 97 -97 -47
right_child=1 2 3 5 31 -7 -8 89 9 17 11 74 13 -15 15 16 87 -19 24 -21 -22 23 43 -25 41 26 27 -29 29 66 35 32 -34 86 42 49 64 -39 39 51 -42 -43 -44 -45 45 98 47 88 82 -51 -52 93 53 -55 70 -57 57 -59 -60 61 91 62 63 -65 -66 -67 67 -69 69 -71 -72 -73 -74 -75 -76 -77 -78 78 -80 -81 -82 -83 -84 84 85 -87 -88 -89 -90 -91 -92 92 -94 -95 95 96 -98 -99 -100
leaf_value=-0.016062836462916123 0.011025431689652457 -0.019525063917854812 0.02015589167649752 0.0084560294910726013 0.016768603416042437 -0.015401520540781 0.014523546691726711 -5.094209518996343e-05 0.010963542626506085 0.018329704364627254 -0.019701970701970026 0.011305955473335128 -0.016492317097132878 0.011966561621618672 0.01468065103064989 0 -0.020449636603035105 -0.0096740497641799282 0.00019247120140906908 -0.0094335638915339134 0.018379566318006448 0.019884924644678878 0.013808279149309891 0.019849622846737077 0.0049500939276208925 -0.015700465452823706 0.016958444036940794 -0.0063999652117044722 0.0051702464172760851 0.0026878903569352661 -0.012518128369518924 0.005173545691429849 0.0085896670544308232 -0.006011757130406587 0.005566918706461697 0.019067386740969729 -0.017270188994856647 0.0082308149855029808 0.0075177343185053504 -0.011616532962200488 0.0051571639371127973 -0.017187725571310652 -0.0074750342560382316 -0.014206233476194884 -0.0088638063679501861 -0.0014707675447947878 -0.0034200519079389869 -0.011377260417373624 0.0033559008915070758 0.0028151971129060926 0.019834513371436546 -0.0026796450254523204 -0.010752614423443668 0.017594537271744922 0.0079826563967334858 0.015155917741012923 0.018141838253004031 -0.0042014706093769826 0.0092833534528218419 0.013433704092106816 0.010480491063085231 0.01009973276286545 0.0016928508389257159 -0.016860808305198337 0.00045932194444677144 -0.016873479978064515 -0.016296287862854756 -0.022710855930416211 -0.014669743807097544 0.012076331307921266 -0.016884114919040075 0.012652973619621657 0.0099372705752220989 0.0051981770004649571 -0.0010659536585956423 -0.00099502706914278731 -0.011670363470070229 0.0089095965041767599 -0.01392690510240778 0.017925516020294418 0.019748633583452385 -0.017452937122545347 0.019062724759853645 0.010449241822617332 -0.011021674069675642 0.0072564721303535716 -0.022387884917485355 -0.0053095723135480211 0.0032726663503386769 -0.016822448459015055 0.022535519302560723 -0.0075902084302245047 0.0078923970632036426 -0.020377524637064801 0.023958897606047851 -0.00496018345396776 0.013979830103963822 0.0095296865552059531 0.012254797994563821
leaf_weight=3.8981485879048803 7.4988786205649367 20.580442897044122 6.8886533901095417 5.0496071698144052 3.3392093442380446 9.6275420291349292 7.4349679527804247 3.2016342710703602 9.7231859499588627 4.9573410991579285 8.1456018295139092 7.9658968765288618 5.5736142667010453 6.2815967313945285 5.4369116723537436 4.2317241169512281 21.922144160605971 4.4221750795841208 4.1171449627727252 5.3384501384571186 7.9396992642432442 6.8157274443656197 5.5878636315464973 11.751975323073564 2.4694259092211714 4.8534908136352888 7.1585118491202575 5.5599979581311345 5.6458025090396395 2.5766857564449337 8.2908321032300609 3.7909159632399705 4.232591599225997 3.920680140145123 3.6250247396528774 4.6117139905691138 11.183963237330316 7.5693974476307622 3.5399661632254764 1.8074432592838978 5.0777025427669278 9.3414814965799433 3.1018238198012105 3.9456128887832156 11.255936092697093 3.4941206853836757 7.7544989362359038 3.7533469256013605 6.9881417257711282 9.9615648509934527 4.4736270997673273 2.3243873957544547 5.290170354768633 12.337435864843426 3.956456598825751 9.1233490034937841 7.6203994434326869 2.8555273590609431 10.556749245151869 3.5182085921987918 6.3685202160850194 4.6239737384021309 6.8477371968328935 5.5876543158665299 3.1536227762699118 8.3016605833545363 10.056758449412888 7.9192730556242159 3.0398152545094481 3.7545787403360009 3.7075984552502632 1.9829117609187958 2.3649027235805979 2.9964195657521477 10.009984472766517 5.000011732801795 2.4421270862221718 4.8237773831933719 5.0068493117578328 7.5540855135768643 3.4236822295933962 2.2830798663198948 6.741510782390832 10.660695308819415 5.7534208949655277 6.5058941692113876 7.4836145676672441 3.4545394619926801 4.8907492887228736 3.5410618595778942 9.8384691867977363 5.4680026210844535 4.7037502927705646 6.967473778873682 5.6551236789673558 4.3278684988617915 16.421223441138864 5.9576776102185249 6.549520299769938
leaf_count=41 69 254 30 44 39 108 83 40 49 29 75 60 83 66 30 32 227 37 42 50 46 54 50 110 41 73 57 64 54 38 147 65 39 69 69 56 132 71 41 40 41 147 67 40 88 34 57 28 47 147 35 41 51 128 64 65 94 34 53 14 57 68 59 50 27 79 132 106 48 39 45 33 43 31 88 70 17 55 91 92 16 35 68 78 47 49 78 51 63 34 52 33 49 117 20 48 170 47 69
internal_value=0.00105209 -0.00470161 -0.00794895 0.00186812 0.00488327 -0.00714497 -0.0008567 0.00602336 0.00639327 0.00868952 0.00364371 -0.00325158 -0.00983433 -0.00218891 -0.0116245 -0.00915418 -0.0112799 0.00744483 -0.00201156 0.00526348 0.00605338 0.00803091 0.00271978 0.00982654 -0.0030653 -0.00170502 -0.00318775 0.00687991 -0.0051804 -0.00973385 -0.000525983 -0.000581667 -0.00716397 -0.0117537 0.00230908 0.00234385 -0.00635886 -0.00205899 -0.00256828 -0.00733587 -0.00664317 -0.0124958 0.00832284 -8.25964e-05 0.00224162 -0.00107024 0.0084192 0.00736093 0.00859298 0.00856415 0.0111304 -0.0115561 0.00494984 0.00813783 0.00225403 0.00438953 0.00424573 0.0121039 0.00135477 -0.00218613 0.000218865 0.000807142 -0.00214276 -0.00700304 -0.0134736 -0.0114863 -0.0128781 -0.0145466 -0.0100074 -3.62797e-05 -0.00673644 0.00094054 -0.0043384 -0.00773988 0.00457879 0.00671939 3.02576e-05 -0.00823722 -0.00280102 0.0114201 0.00530747 -0.00405003 0.00996967 0.00879797 0.00421984 -0.00139343 -0.0174061 -0.0185867 -0.00336015 -0.00961248 0.0173254 0.00402346 -0.00033404 -0.0164535 0.0113432 0.0129548 0.0101133 0.00344336 0.00761642
internal_weight=621.467 248.29 134.164 21.5658 373.177 14.6771 114.126 308.8 302.058 163.752 138.305 26.1215 112.598 21.6858 90.9121 70.3317 64.8948 144.19 106.691 112.184 106.846 139.768 35.7904 103.978 99.192 87.3811 78.7903 12.7185 66.0718 32.9929 33.0789 64.3769 19.4278 15.1952 44.9491 28.2254 39.5181 25.1805 24.9614 16.6222 17.6111 11.8109 19.9877 30.8331 26.8874 21.2996 92.2259 85.4102 76.7661 14.5733 8.59077 13.0822 98.9058 44.6438 54.262 44.1558 32.3064 10.4759 35.0325 24.4757 21.8304 20.5776 17.0594 12.4354 14.3376 12.5334 27.3471 24.7704 16.8512 6.79439 10.1062 3.79036 13.6522 11.2873 17.9759 8.33922 6.39858 15.4042 9.83063 16.8859 9.33179 5.9081 69.0116 62.27 22.92 12.2593 11.4043 25.3767 8.6441 6.7427 19.5617 16.5403 10.1718 9.29186 39.35 32.3619 26.7068 10.2855 10.0436
internal_count=6433 2873 1421 182 3560 152 1452 2649 2575 1334 1241 223 1239 295 944 690 660 1233 1369 1018 968 1196 310 886 1300 1112 1035 121 914 417 497 911 251 212 660 424 382 223 381 272 152 188 279 281 241 191 776 722 631 203 77 231 922 446 476 350 318 128 285 232 190 191 177 109 159 111 363 325 219 87 126 73 221 178 148 109 81 229 146 212 120 104 574 506 174 96 147 278 91 74 101 139 82 158 332 285 265 95 103
is_linear=0
shrinkage=0.0158889


Tree=24
num_leaves=100
num_cat=0
split_feature=30 12 7 0 12 20 0 18 12 21 6 12 4 6 18 4 4 9 3 19 7 7 13 9 9 8 18 12 9 7 18 12 6 9 11 30 21 0 30 9 21 12 7 3 21 21 8 4 0 27 0 19 30 6 6 6 7 25 27 8 0 20 33 7 6 20 20 3 27 8 18 12 6 33 19 20 8 4 0 13 7 30 21 21 30 11 7 4 12 7 6 12 3 7 18 9 7 6 21
split_gain=63.1128 18.9313 10.6144 9.52628 7.75096 6.49721 6.45033 6.42412 6.26683 9.71079 7.39044 6.63856 6.45526 6.41304 7.1884 6.39128 6.14753 6.08292 8.59568 6.56591 8.95231 8.03107 5.92459 5.37035 5.06979 5.02532 4.97664 6.82644 7.23708 4.81758 4.78896 4.54614 4.51891 4.32023 5.89485 5.07206 5.63812 7.36637 6.10385 5.59152 4.95858 4.26871 4.24065 5.13547 6.36935 4.21413 4.17173 4.39526 4.20574 4.49377 5.65999 5.53047 4.77757 4.56233 4.09604 4.39765 4.0484 4.00339 5.39663 4.69017 4.3463 3.7701 4.9261 3.67494 3.65505 3.64147 3.51025 3.45371 3.35959 3.26045 3.23962 3.09717 3.08047 2.94491 3.39879 8.61262 2.87893 2.77414 2.69007 3.31939 2.66202 2.54209 2.518 4.4042 2.44082 2.40256 2.36955 2.25588 2.90882 3.97863 3.35584 2.48765 3.82393 2.15162 2.0145 2.61788 4.0864 1.93301 1.86328
threshold=95.358258426313995 0.0035404510244625913 0.55357142857142871 -0.34819049777960887 0.0051987353900088277 0.41768261016966596 -0.35958151220441015 -0.0031207009264348695 0.009871573649889635 0.83499999999999919 0.10181789364007833 0.0044033521361610184 0.0075043576279870136 -0.042714307499362329 -0.000585250901031321 0.017429954599896425 0.013040755005755378 0.4000000000000003 0.082684272575385256 0.0090835071655648979 0.92658730158730174 0.94642857142857151 -0.052674744564166757 0.20000000000000015 0.34999999999999998 21.500000000000004 0.0018107935300220761 0.0043648922601238448 0.29999999999999993 0.64880952380952395 0.0046613878718765106 0.01201737130432313 0.014646817194727825 0.24999999999999986 0.0013050527862727534 16.469031288974026 -0.43999999999999945 0.35902686805192391 23.086647622106508 0.14999999999999999 -0.26500000000000051 0.0025533226041416263 0.73214285714285721 -0.032046361444287345 0.47000000000000158 0.74500000000000022 2.5000000000000004 0.021020788612557229 0.14472080381618493 0.0047600510039897967 -0.18402691092882004 0.0025392364803444368 44.885821679615795 -0.043332040141208887 -0.06934462050448896 -0.095896345049128348 0.96230158730158744 0.0014894379867756993 -0.021912573549091371 7.5000000000000009 -0.24210201795726297 0.61556111913354827 0.95000000000000007 0.66865079365079372 -0.038831347405567422 0.7544352400660207 1.5078705171312163 -0.02970544970662253 -0.0066631198120067339 6.5000000000000009 0.00075542054808991745 0.011552829010509158 0.047545338101325892 0.65000000000000002 0.0051489640156962314 0.82025360511913581 10.500000000000002 0.049592789343634924 -0.037053293807243974 0.0050209683689182915 0.88690476190476197 44.885821679615795 -0.40500000000000108 -0.7900000000000017 72.270312369419727 0.0066191248356039867 0.9742063492063493 0.0062719140733937606 0.0068084098503481605 0.30753968253968261 0.021631207099776732 0.0088722802693937744 -0.045059979839831225 0.22420634920634921 0.0013528635001545479 0.20000000000000015 0.8313492063492065 -0.0080215128684116271 0.37500000000000006
decision_type=8 10 2 2 8 2 2 2 10 2 10 10 10 10 2 10 10 10 2 2 2 2 10 10 10 2 2 10 10 2 2 10 10 10 8 10 2 2 10 10 2 10 2 2 2 2 2 10 2 2 2 2 10 10 10 10 2 2 2 2 2 2 10 2 8 2 2 2 2 2 2 10 10 10 2 2 2 10 2 10 2 8 2 2 10 10 2 10 10 2 8 10 2 2 2 10 2 10 2
left_child=1 3 4 -1 5 -2 -6 -5 9 11 13 12 -3 14 31 16 23 19 29 20 57 -22 -14 67 76 73 27 -11 -29 -19 46 -10 -25 35 -35 -9 39 38 41 64 -40 -38 43 -42 70 -8 78 48 49 50 -48 -52 -53 -51 55 -49 77 58 -4 -60 -59 62 -24 -28 -37 -41 72 -15 86 -47 -45 -16 94 -17 75 -75 84 -30 -13 -80 85 -63 83 -76 -18 -31 -12 -55 -89 90 -90 92 -91 -7 95 -56 -97 -50 -36
right_child=2 8 17 7 6 93 45 33 10 26 68 30 22 15 71 25 24 18 -20 -21 21 -23 61 32 -26 -27 63 28 56 80 -32 -33 -34 34 98 36 37 -39 40 65 42 -43 -44 44 -46 69 47 54 97 53 51 52 -54 87 66 -57 -58 60 59 -61 -62 81 -64 -65 -66 -67 -68 -69 -70 -71 -72 -73 -74 74 82 -77 -78 -79 79 -81 -82 -83 -84 -85 -86 -87 -88 88 89 91 -92 -93 -94 -95 -96 96 -98 -99 -100
leaf_value=-0.01031777127756133 0.013462583074612055 0.01676969370764779 -0.016119281117200335 0.016960347844677023 0.0056994000973552899 -0.014991319761738803 -0.018765420142099989 -0.0049359345386989478 0.0059412285327873288 0.0087454075091319538 0.019806134518470568 0.0044910816898372655 0.012986462076366948 0.015206884669795738 -0.0019280472383816825 -0.023775377743012579 0.0022853252854971432 0.020583611859292895 -0.015606562839187441 -0.021405423385447153 0.018800919387357312 -0.0061330896517012993 0.012798519254298179 -0.018858381143095477 0.016071301681686745 0.008186724665855424 -0.0064582370783330626 -0.015614847869564226 -0.0025596831319025476 -0.015082511832827347 -0.0079682851340097099 -0.016508454034032501 0.0021558896397195037 -0.01343262023911938 0.013399665544918558 0.0076156040233662488 0.0023459722168862598 0.020858499711094085 -0.0087241079996543316 -0.0039979196875958908 -0.00070256143732882548 -0.019937133122011116 -0.0043184760146359486 0.012925094424265603 0.020159219305619414 0.0011299633165296303 -0.015598591847668418 0.014418178522028502 0.0021280616041023962 -0.0027065684365687871 -0.010813830195888587 -0.0053848616194037361 0.015716364264165825 -0.0018444603550924108 0.015214657813097301 -0.008311828273841658 -0.014398274942908089 -0.0026760665737543079 0.010765281109217744 -0.0071965275772444357 -0.018867977446445063 -0.017505297393346698 -0.0092022932957402364 0.010231027998384273 0.02015897145385312 0.013380098806331585 0.00099426630023086268 -0.0063273820760915856 -0.0040172737735999576 -0.014160013291338936 -0.0029957088479242852 0.018631648963313142 0.024704222359399605 -0.01501275387677873 -0.015975017334981856 0.011432421183349719 0.010516029171224073 0.01365057764130365 0.0026437146432684347 -0.016192134879514486 0.010510922142618378 -0.0025202170134423505 -0.019757685667588662 0.011893816856880804 -0.017299066287119497 0.0050431545891402585 0.003164488432665793 0.016141499702981569 -0.0091683149995095622 -0.0045004577599702007 0.010297053254431783 0.021018520048086815 0.017424082270413963 0.0022107031146538065 0.020863157419438082 0.01019437901886831 -0.010752818860773868 -0.012263534888782655 -0.00069817975110480785
leaf_weight=6.6263294145464888 4.2198256971314532 3.1656175656244185 5.1727433558553484 19.192568056285381 3.1820027828216544 5.2020056042820215 46.358529058285058 6.6265427842736235 3.711805175989868 5.53404617588967 5.1571630015969259 10.009882854297759 3.2750135809183183 2.9745621951296926 2.2622199235483986 5.2938765771687057 2.6691045919433218 5.1352048488333848 4.0167802441865197 6.5769825759343794 6.0364377740770561 5.8955974839627743 3.6922942604869586 8.9925342602655274 6.3626954331994057 2.6186705362051717 4.6371855437755576 19.233271912671626 5.4442165149375779 2.531892301514743 5.9001155868172637 4.3324639173224568 3.3065403010696164 5.3755882252007696 4.3642403427511454 9.5237414012663049 4.045088783837854 6.570251338183879 4.7125025279819885 6.6568225817754847 8.7717304620891721 3.7019539047032595 5.9605971947312346 5.2246686490252774 14.271340714767573 5.6060474747791877 4.092908916994932 2.9510315945371985 4.1345571288838983 7.2617119336500755 4.0173796098679295 3.4553056731820098 8.3909729318693262 3.1250413693487635 7.5262826187536218 4.7728637214750043 3.13411602936685 6.5337757831439367 6.9641890190541726 6.4963182443752885 12.870498148724439 9.8045148178935015 5.7363438820466399 8.6435648631304485 22.613767010159791 4.6448147464543581 4.908463777974247 3.3744712918996838 3.6258919890969983 8.2009164318442327 6.7006746791303158 6.7152859810739756 7.4207403315231195 6.5000153146684188 2.8419135995209217 4.9165194593369961 2.394377606920898 4.2400352330878377 4.1812786199152452 4.285283325240016 4.0383637771010399 4.395401008427144 9.9173530624248034 1.850921949371698 2.848552118986845 2.3499073330312967 4.042848564684391 19.021438965573907 4.9989373385906237 3.9041765928268388 3.0923791695386171 4.7622014842927456 3.0780511135235455 2.3914275672286749 4.8088626889511934 5.6394049953669292 3.1509645842015743 4.2707562213763577 4.2541615823283792
leaf_count=38 44 33 49 112 22 72 613 47 37 55 73 121 15 44 45 57 44 38 55 76 17 53 48 151 70 32 55 234 78 40 81 62 47 34 40 68 38 34 35 50 63 37 34 41 89 54 46 48 46 81 62 33 97 38 75 50 40 55 50 65 140 65 49 95 107 39 47 53 46 110 43 106 62 91 63 53 37 39 43 42 38 57 133 27 35 33 31 202 64 43 28 50 46 41 79 80 46 36 30
internal_value=7.26462e-05 0.0029335 -0.00888804 0.00758426 -0.013091 -0.00114949 -0.0152761 0.0084575 0.000749048 0.00220788 -0.00261787 0.00399956 -0.00273027 -0.00434876 0.00422294 -0.00655837 -0.00149755 -0.00457384 0.00334361 -0.00712333 -0.00499303 0.0067393 -0.00537161 -0.00741307 0.00617777 -0.0113359 -0.00385718 -0.00678997 -0.00960516 0.00922912 0.00542284 -0.0063974 -0.0133307 0.00705924 -0.00117373 0.00811241 0.00897869 0.00570886 0.00361592 0.0133351 0.00584713 -0.00891901 0.00764395 0.00973919 0.013193 -0.0164418 0.0060359 0.00712396 0.00482046 0.00611474 -0.000221524 0.00414691 0.00955265 0.00866524 0.0113155 0.000727407 -0.000240327 -0.00873755 -0.00326862 0.0021195 -0.0136965 -0.00820688 -0.000270519 0.00433332 0.0166739 0.00341875 0.0136851 0.00413177 0.00833787 -0.00812893 0.00422612 0.0135994 0.0157797 -0.0131136 -0.010421 -0.00357307 -0.00229823 0.00487421 -0.000932603 -0.00727877 0.0017195 -0.0132055 -0.0153708 -0.00476738 -0.00845452 -0.0058105 0.0132134 0.0106568 0.0116902 0.0070337 -0.0014584 0.012712 0.00571917 -0.00974391 0.0120039 0.00869113 0.00240986 -0.00545875 0.0067966
internal_weight=620.423 470.644 149.779 149.837 75.1608 11.8133 63.3475 143.211 320.806 224.097 96.7098 173.23 30.0692 83.8839 17.0218 66.8621 32.9228 74.6187 18.0721 56.5465 49.9696 11.932 26.9036 18.6481 14.2747 33.9393 50.8664 37.5857 32.0516 14.0554 143.161 8.04427 12.2991 124.018 13.994 110.024 103.398 59.9588 53.3886 43.4391 45.6415 7.74704 40.929 34.9684 26.1967 60.1655 137.261 118.784 77.6058 69.2005 19.9566 15.8637 11.8463 49.2439 41.1786 7.7239 12.8184 38.0375 18.6333 13.4605 19.4043 23.6286 9.42864 13.2808 32.1375 11.3016 33.4547 6.34903 12.8259 13.807 11.9253 8.97751 28.5463 31.3206 26.0267 11.4165 7.91203 9.68425 18.4764 8.46656 8.92016 14.1999 14.6102 4.69284 5.51766 4.8818 9.20001 41.9822 38.8572 19.8357 8.09132 11.7444 6.98223 7.59343 21.1255 16.3167 8.79037 8.40531 8.6184
internal_count=6490 4825 1665 979 956 157 799 941 3846 2509 1337 1913 267 1187 250 937 481 709 204 505 429 70 234 295 186 456 596 446 391 149 1646 99 198 829 104 725 678 414 380 264 305 75 270 236 173 777 1565 1359 872 790 238 192 130 552 487 98 157 359 164 115 195 219 97 150 175 89 389 97 150 164 84 151 342 424 367 144 116 117 206 85 111 122 223 90 79 73 104 471 433 231 92 139 89 113 280 201 126 82 70
is_linear=0
shrinkage=0.0158889


Tree=25
num_leaves=100
num_cat=0
split_feature=12 12 23 4 4 31 14 2 6 25 31 19 19 13 13 24 18 26 25 2 2 13 25 24 12 23 4 15 12 2 6 2 28 26 13 15 6 18 15 23 24 14 14 24 6 18 15 31 28 4 26 29 28 12 29 15 13 31 25 23 18 19 15 18 24 15 28 25 18 14 1 31 19 14 27 13 23 19 28 6 24 2 29 4 24 31 4 6 24 12 27 25 19 13 13 23 6 1 13
split_gain=43.7662 14.3355 11.9995 8.92735 13.621 7.07977 8.8976 7.82784 8.87187 6.79242 6.34103 5.58194 7.07419 5.53718 5.45566 5.01781 13.3895 5.81372 4.95747 5.15413 5.78708 5.52732 5.32747 4.78345 4.48456 4.89345 5.34136 5.85482 4.95818 4.41487 4.28873 4.91073 4.26904 4.51624 4.24183 4.22438 4.76449 4.16288 4.19969 4.16026 5.49681 4.13483 4.9994 4.06635 4.05681 4.008 4.07928 4.31161 3.85725 3.84621 3.53929 3.49151 3.46467 3.75566 3.42329 3.2851 3.5345 3.48586 5.30063 4.04729 3.24961 7.43004 3.19753 3.14291 3.10875 3.05707 3.0367 3.54356 3.46241 2.82336 2.80464 2.74966 3.25022 2.73017 2.52181 2.43386 2.9713 3.49694 8.18748 3.24395 2.91984 2.89027 2.42509 2.37903 2.35806 3.36783 2.74418 2.65271 2.33556 2.33476 2.31087 2.2109 2.19359 2.15719 2.13664 1.91519 3.05656 1.8133 1.80334
threshold=0.009871573649889635 0.0035404510244625913 -2.0215431547113045 0.013040755005755378 0.01426376468057486 0.75999999999999901 -0.013710545046859477 0.90856108222187093 0.040423416386956353 0.047163367162424648 2.0099999999999993 0.0034338367669891814 0.0027388374066028716 0.056652784347950839 -1.0000000180025095e-35 1.4546275977188616 0.00028936345996918297 0.00010350916344903373 0.00044757550114216121 1.1031663507677012 1.0535647939411328 0.0072424481714794689 0.0073621367082715725 1.9894824555132262 0.016954103145465808 -3.3242394949457594 0.0092561126325261065 197706.50000000003 0.013683481409851584 1.0471948016471575 -0.025368656046331425 1.088682121301491 -323.00104572862875 0.014794685809788046 -0.015222157822441641 199084.00000000003 0.030091693342695684 -0.0016047674046574211 869382.00000000012 -3.2594542733691823 1.4052953055366422 0.0074737140109416575 -0.0076526527288008342 4.9716108389668863 -0.032768849990683184 0.0022551788713719907 282648.50000000006 1.4400000000000006 -837.67232313148463 0.014417894903144638 -0.010661228864646153 -135.81714854025367 -694.11018848012884 0.0060401430578676113 -116.40107819250953 190142.50000000003 -0.0043334338515101604 0.38500000000000162 0.0050702014177246299 -4.321724717995548 0.0013292998233387214 0.0040593159236742221 204263.50000000003 -0.0017671853058028218 2.3537133410435631 259360.00000000003 -446.78175509720671 0.037362725232741208 -0.00066395844753864479 0.027622451873680901 0.026308504994117857 0.13500000000000159 0.0058185748463469734 0.02170350622693951 0.0090444863954392014 0.074310424485164464 -4.9151336269923389 0.0040454789548425218 -844.25028029404882 0.012896023389953106 3.6257302136362863 1.165249437498171 -945.15405867291599 0.016087955933723464 2.8691941454011105 1.7449999999999994 0.015013351477930302 0.003969952863756788 3.3267160899312334 0.011831820712648577 0.025636752908049679 -0.02141713842323589 0.0063961918859432362 0.055153239334933109 0.016078747693888128 -2.5557173941544837 0.0024958622778010757 -0.038773610549340469 0.040498018532330357
decision_type=8 10 8 10 10 2 8 2 8 2 2 2 2 8 8 10 2 2 2 2 2 8 2 10 10 10 10 2 8 2 10 2 10 2 10 2 8 2 2 10 8 10 10 10 8 2 2 2 8 10 2 10 8 10 8 2 10 2 2 8 2 2 2 2 8 2 10 2 2 10 2 2 2 10 2 8 8 2 8 10 8 2 10 10 10 2 10 10 10 10 2 2 2 10 8 10 10 2 10
left_child=1 11 9 -4 -5 32 7 8 91 24 14 12 15 29 23 17 51 -1 50 20 39 -21 -23 -6 25 26 -2 -28 94 -14 31 89 33 55 35 -12 -37 54 41 40 -20 42 43 -39 -24 46 47 48 -32 -50 -8 -17 53 -42 -13 -3 -57 63 -59 -60 -16 -62 -43 71 -41 -26 67 68 -46 73 -44 72 -58 -61 -22 76 79 78 81 -65 -80 -78 -35 -49 86 87 -52 -86 -66 -27 97 -7 -87 -18 -29 96 -76 -9 -19
right_child=2 5 3 4 10 6 18 90 -10 -11 34 37 13 -15 60 16 93 98 19 21 74 22 44 -25 65 30 27 28 -30 -31 45 -33 -34 82 -36 36 -38 38 -40 64 52 62 70 -45 66 -47 -48 83 49 -51 84 -53 -54 -55 -56 56 57 58 59 69 61 -63 -64 75 88 -67 -68 -69 -70 -71 -72 -73 -74 -75 95 -77 77 -79 80 -81 -82 -83 -84 -85 85 92 -88 -89 -90 -91 -92 -93 -94 -95 -96 -97 -98 -99 -100
leaf_value=-0.0016158714110129715 -0.014140656241083276 0.014720356163100554 -0.019092633665204851 0.011562750816380262 0.011034275877090554 0.013301336140123852 0.00088227392919229498 0.019836284523897948 -0.015498489671481552 0.012233234086805904 0.0097067560579339896 0.016313938006641868 0.00095344186305080429 0.0052629366764271506 -0.018028150732724978 -0.020766538752154173 0.004952289439557409 0.0085213317496446016 0.019328669026099927 -0.018847357034098802 0.00025403968348831928 0.016206679305941725 -0.015393495118251324 -0.010632756387766007 -0.00094560436059302089 -0.0033994499774902659 -0.0099231863317564353 0.018031725248843469 -0.0081260572947803311 -0.017840422309121796 -0.016558224880611778 -0.011438361424802063 -0.0098995268063733662 0.0052225414810959225 -0.015567828978696321 -0.012140050763299114 0.0046561711495946645 0.015073332382997446 -0.0045448781395474851 -0.015903677999926827 0.016898624054416101 0.00236263694193879 0.0040690680261019387 -0.0015530361947909985 -0.0051329093146585203 -0.021733918052046542 -0.019084042788603074 0.015855646088699531 -0.010549694713797741 0.015028289007051429 -0.0020283928808183184 -0.0024942068216737188 -0.011138689940055801 -0.0060007604218992074 0.0016357338544425177 -0.0080160047774405479 -0.015344713096563498 0.013544450307221954 0.0093240524993777451 -0.012338664665168983 0.0042605233725725531 -0.016812793408840464 0.016640566282110445 0.0076238907611022441 0.0087330084866003646 0.018834609713413331 -0.013782426778663537 -0.010788073544349701 0.015093122592314592 -0.020182381564154566 -0.010105950242851441 0.0093947021624910167 0.0042333385266653152 0.0052888474619687932 -0.002065245339782181 0.020887139911944682 0.0033911837825691803 0.016697772496999715 0.015827531032727868 -0.0095542640278006991 2.6815094614173835e-06 -0.016155698459124537 -0.01288500123650339 -0.0017617538225592911 -0.00095525185155507044 0.014664991368499932 -0.017395306070204578 -0.019031718295953695 -0.0097967691986360003 0.014095401861475327 -0.00029225642577312299 -0.0020068391001099709 -0.0058719581754087787 0.020693131049546145 0.0026207008880110589 0.018611454718134381 0.015495531561276038 0.0087226776857811592 0.021744901717185412
leaf_weight=5.250978906638923 3.9011578015051809 8.6641284981742483 20.040053681936115 8.1741212503984553 3.9578397870063764 4.968714002519846 8.2733986703678948 5.2593288943171563 7.9121210491284755 7.5809517782181493 7.047530369833118 26.378191018477082 4.9130016062408668 8.7492551803588885 28.416575413197279 4.3127936394885182 4.469440359156577 5.4083282621577373 3.171791031025351 6.4303562538698316 7.7493629204109338 2.6756198089569869 6.3980717458762228 5.2487054439261556 3.9595815548673263 2.5780007522553188 4.4899284876883057 8.6494341865181852 2.7183869243599483 7.6504790913313627 6.7221739394590259 4.7335351947695017 4.7356707062572232 2.3568541212007403 4.8948163632303467 8.709678738377983 7.3203294500708642 11.098968775011601 6.8753796117380253 7.2185719758272144 2.9058645078912377 5.5241866912692812 6.4511079723015445 5.190208723768591 2.8192677740007701 6.1779249086976042 5.1533273374661794 2.7942229602485886 2.5305722365155905 2.1861374247819185 3.9841897916048827 6.2889414858073014 5.5140516301617026 3.1802212717011571 4.991029346361759 4.6992120621725908 3.6834290176630002 4.4473804272711304 3.1610122667625546 3.7380794687196595 6.5980465756729272 10.023275778628884 17.07948306389153 5.7421409599482995 2.8840713063254961 3.10762077011168 2.7658738913014469 2.737107641994954 5.5922904685139647 3.598460353910923 6.4504101779311895 4.1738078286871314 3.7776418840512633 3.9424712993204594 5.0095892511308193 3.6762747149914423 2.9311385760083795 12.151193243451415 11.918635734356947 4.3031070358119905 3.9441404249519119 3.8803976718336344 4.8611831236630669 4.1001665033400059 4.0090984934940916 2.3786627491936088 14.307197089307008 3.8995979316532612 2.7463371232151985 4.8842966388911009 4.7462185472249976 3.7998195923864824 1.8214480988681314 5.335055872797966 3.4473163522779968 5.4820155827328536 4.0525452066212893 18.235372245311737 9.3424197398126108
leaf_count=40 70 136 263 48 31 49 89 64 95 94 42 183 38 57 352 30 43 40 34 83 97 22 84 55 54 47 48 108 41 59 95 90 55 45 59 81 49 67 46 94 33 34 40 39 34 86 107 31 50 26 50 55 59 43 34 53 55 69 33 53 42 125 111 57 42 26 34 31 85 48 36 43 44 21 55 37 42 148 123 34 33 51 60 58 41 63 187 37 35 69 30 45 23 34 51 46 41 184 57
internal_value=0.000106277 0.00297537 -0.00620316 -0.00958116 -0.00735046 0.000753951 -0.00131244 0.00465834 -0.00385922 -0.00147844 -0.00931028 0.00686544 0.00312612 -0.0041846 -0.0124586 0.00700137 0.00133998 0.0125352 -0.00360274 -0.00129692 0.00180347 -0.0065057 -0.00262493 -0.00115007 -0.00301937 -0.00434686 0.00146372 0.00498785 0.00976163 -0.0107467 -0.00755631 0.000335803 0.00397353 0.00469572 -0.00304693 -2.91642e-05 -0.00454655 0.00938338 0.0067449 -0.00302054 0.00267264 0.00829074 0.00417127 0.00987798 -0.00553941 -0.0107609 -0.00736629 -0.00352586 -0.00934054 0.00156328 -0.00822287 -0.0107152 -0.00258179 0.00539571 0.0140738 0.00565179 0.00460578 0.00541972 -0.000497861 -0.0052407 -0.0147105 -0.00856073 0.0133324 0.00727272 -0.00943145 0.00849198 -0.000505361 0.00329022 0.00836177 -0.00964465 -0.00311276 -9.82661e-05 -0.00579434 -0.00349987 0.00772607 0.00903022 0.0077749 0.00993691 0.00594113 8.26933e-05 0.0120763 -0.00808332 -0.00695195 0.00601807 -0.010688 -0.00482207 -0.0142551 -0.0106717 -0.000286287 0.00818124 0.00968453 0.00691 0.00602649 0.0142941 0.0140275 0.0114957 0.0062157 0.0116801 0.0174731
internal_weight=609.22 419.074 190.146 110.431 90.3909 267.315 162.928 44.9216 16.6807 79.7147 82.2168 151.76 61.7207 21.3127 54.2444 40.408 20.4062 20.0017 118.007 79.333 49.9144 29.4186 22.9882 9.20655 72.1338 65.0666 23.2062 19.3051 14.8151 12.5635 41.8604 12.1958 104.386 99.6507 27.9724 23.0775 16.03 90.039 58.6697 27.6209 14.7719 51.7944 29.1907 16.2892 20.3126 29.6645 23.4866 18.3333 11.4389 4.71671 38.6736 10.6017 11.6001 6.08609 31.3692 92.4327 83.7685 79.0693 18.8874 14.44 45.0379 16.6213 22.6037 60.1819 12.849 7.0672 13.9145 11.1487 8.41156 11.279 12.9015 11.6349 7.46107 7.68055 22.2935 48.547 44.8708 34.8255 22.6743 10.0452 15.8628 6.81154 7.21804 6.89439 30.4002 12.1088 18.2914 7.9087 5.63041 7.4623 28.2409 8.76853 4.20011 9.8045 12.0968 14.5442 9.06213 23.4947 14.7507
internal_count=6490 4192 2298 1147 884 3149 1909 467 189 1151 836 1043 453 154 605 299 162 137 1442 952 579 373 290 86 1057 977 318 248 200 97 659 206 1240 1185 231 172 130 590 373 340 169 327 182 106 268 453 367 260 171 76 490 85 135 76 217 1080 944 891 224 155 519 167 145 667 171 80 184 150 119 122 76 142 99 74 239 525 488 397 249 91 156 93 105 89 401 164 237 78 77 116 278 94 86 77 159 142 96 248 97
is_linear=0
shrinkage=0.0158889


Tree=26
num_leaves=100
num_cat=0
split_feature=13 13 16 23 19 19 0 19 0 14 20 19 19 32 16 14 15 13 3 0 13 23 19 31 31 3 11 10 10 14 14 23 29 26 26 8 0 31 16 29 23 26 3 11 29 20 8 15 13 0 27 27 29 20 22 10 13 0 23 10 10 13 10 31 13 32 16 3 29 23 11 19 10 19 29 27 31 22 13 19 0 29 29 0 10 26 13 29 16 32 15 26 27 23 32 14 22 23 23
split_gain=34.6899 11.49 10.4317 10.2472 9.992 11.6203 10.5792 9.19796 14.4628 6.71473 5.51391 5.47873 5.91628 5.25703 7.3205 5.63033 6.27005 5.46232 5.07477 8.98126 5.94814 6.08806 4.71695 9.39448 5.78482 5.05667 5.09609 4.99193 4.69307 4.59631 4.76565 5.57146 4.58885 4.58339 4.54747 4.81176 4.75863 4.25728 4.17472 6.43589 3.86587 4.59752 3.70856 3.63431 4.68166 4.18375 4.52932 4.5344 5.11152 4.46681 3.61208 6.48979 4.78476 4.2013 3.58905 3.60596 3.56936 4.63962 3.51007 3.94999 5.51926 3.49223 5.01338 3.43868 3.38917 4.0214 3.3698 3.36006 7.16547 5.82743 3.24997 3.22893 3.79133 3.16724 3.16635 3.13906 4.4133 3.12423 3.02785 3.00768 2.98589 2.96397 2.76134 2.72577 2.50891 2.44781 2.76174 3.43408 2.44579 4.04072 2.4084 2.35857 2.34803 2.33949 3.03115 2.33189 2.25046 2.22731 3.98794
threshold=-1.1952474058733127 0.056652784347950839 50.06669318712008 -3.2902700846006101 0.0029224453607410252 0.0030717104608278434 0.042663504364253153 0.003999936514374647 0.18329376666036648 0.044438855913772203 0.89011619356936311 0.0037685177674581564 0.0036139131102902759 -0.63008067250681721 178.17758642988164 0.016946921847631507 250309.00000000003 0.021069198202748485 -0.077281483154721928 -0.14176821013804922 -0.0011363661715294334 -2.0288100583769393 0.0024366481595119588 -0.49000000000000016 -0.15000000000000122 0.0063712187777228433 0.0060100971606181124 0.1116176470588235 0.29999999999999943 0.012674650356261296 -0.0088859455448615215 -1.3991622022790817 -370.07878139422877 0.0046282686429116602 0.0022210468727251746 8.5000000000000018 -0.089528936893264785 0.57000000000000572 455.05946192098787 -213.73415676444134 -5.4399756597036637 0.0035056311207861683 0.076366979838865215 0.0020602799151903119 -808.68020669031819 0.6796746606060059 14.500000000000002 267917.00000000006 -0.023748369126758106 0.33429768555466882 0.019819987546653709 0.029808610730308053 -1803.7186868269484 1.4599749321874369 790.75000000001012 0.50003333333333344 0.10000534614632818 -0.043413270943003894 -1.7260733632926526 -0.086249999999999896 -0.025898611111111094 0.0070551860536618967 0.057142857142857155 0.21999999999999978 0.014577500830175314 -1.2559635906210831 177.20119188056768 0.0024500265106697232 -752.69904253628147 -4.1331833903921948 0.0028234949058728036 0.0032187487898693011 0.27978888888888903 0.001619967043085539 -322.10255662714985 -0.031375894556609933 3.069999999999999 1758.999999999982 0.0038732223653282663 0.0027138459203651963 -0.017082751189426423 -186.40080458164229 -525.55797642747905 0.16039581463407274 0.18346250000000028 -0.0016042133661329781 0.0031695489629360659 -1165.0493156313325 145.36209897097686 -0.87878279827037065 234616.50000000003 0.0010137181299840761 -0.010966922669824129 -2.6104516917930085 0.36503853026702165 0.026814063816144543 4820.5000000000045 -2.749135670513704 -2.9414554673933559
decision_type=10 10 10 10 2 2 2 2 2 10 2 2 2 2 10 8 2 10 2 2 8 10 2 2 2 2 10 2 2 10 8 10 10 2 2 2 2 2 10 10 10 2 2 10 8 2 2 2 8 2 2 2 10 2 10 2 10 2 10 2 2 8 2 2 10 2 10 2 10 10 10 2 2 2 8 2 2 8 10 2 2 10 10 2 2 2 8 10 10 2 2 2 2 10 2 10 10 10 10
left_child=4 2 96 11 -1 -6 28 -8 84 18 34 12 13 14 -4 38 40 42 19 33 -21 79 27 -24 82 26 50 73 -7 30 31 58 -12 -5 35 63 -37 -29 39 91 -17 -42 61 45 -45 80 49 48 -48 67 52 -52 -26 70 71 78 57 -36 59 -27 -61 66 -63 -3 65 -39 -15 68 69 -47 97 -31 -73 -20 90 -62 -77 88 -56 -22 -13 -19 -25 -50 -9 86 87 -32 -69 -90 -46 -16 -91 -81 -95 -18 -2 98 -54
right_child=1 10 3 9 5 6 7 8 -10 -11 32 43 -14 17 15 16 95 81 22 20 21 -23 23 24 25 29 -28 37 -30 54 85 -33 -34 -35 56 36 -38 64 -40 -41 41 -43 -44 44 74 46 47 -49 83 -51 51 -53 53 -55 55 -57 -58 -59 -60 60 75 62 -64 -65 -66 -67 -68 77 -70 -71 -72 72 -74 -75 -76 76 -78 -79 -80 93 -82 -83 -84 -85 -86 -87 -88 -89 89 92 -92 -93 -94 94 -96 -97 -98 -99 -100
leaf_value=-0.020382755825133238 0.0084253612494991064 -0.013329375130454043 -0.014514882207223863 0.0039343757733143851 0.014268281400669908 -0.020432138756087223 0.010739806106522308 0 -0.016124733100435759 -0.019480567880928615 0.0077623660052478401 0.0062204049405042254 -0.015212476906636404 0.0051363642166100433 -0.0068435901516785431 -0.01578421915447813 0.017930661228388052 0.00037330127873140876 -0.0039279651227788698 0.0095133884349375836 -0.01457680869687797 -0.018977801997373756 -0.017850128615603315 2.1053418663205801e-05 0.0087565154547202973 0.012369674696104782 -0.015051394512219665 0.0093091740737714437 -0.0047552555763922108 -0.015199044880740096 -0.011419080940849162 0.014833849881585754 -0.0076182133052922979 0.022615188643915877 0.01491751750697257 -0.00088236299398661907 0.016829386586999475 0.0034182090502241432 -0.0026090851364592702 0.023013322867401216 0.010177472729341424 -0.011219382089671139 0.011075878544501365 -0.012858103385472625 0.001604139662222008 -0.014594467199169408 -0.014004909666630464 0.013573841040928521 -0.0011458074885204717 0.019652189968388998 0.015214805040700821 -0.013027393574335178 -0.013957401189219697 0.0081136029004732022 -0.010451222078531356 0.023660745868803453 0.021292231327672193 -0.0026801542198513838 -0.016712135268465697 -0.021044417560257839 0.011893603996552348 -0.0074741554926816261 0.016524585303594113 0.0049257862584853014 0.0021502868276995716 -0.018761354648877751 -0.01104222709387908 0.010878058392923499 0.018097631594519912 0.010588707082902153 0.0023636054533369647 0.016840812545318336 -0.0059431835884022396 0.014340588690827086 -0.0044519491452793122 0.0044362392110289415 -0.017881752726065785 0.013120307403561023 0.011763884781567589 -0.0039553992770441637 -0.0098055143980081833 -0.017334434436108732 0.02090519069760154 0.012844946415848553 0.015863159793013608 -0.013229044782065415 -0.012761202622976885 0.0076130172410569857 0.0068168412961203007 -0.017254371463383576 0.017008936296358669 0.011733268191030989 -0.00042719612671412592 -0.0020352283763860036 0.017505688107573792 0.0012999359727758611 0.025709170956478299 -0.015971635716791388 0.0078940033779719681
leaf_weight=16.099602829664946 5.1500188522040826 4.3024960346519965 3.9414474209770551 6.8244884982705099 5.6358308736234894 18.223054737783972 8.8391558467410487 5.112914386205377 16.825342136900872 4.752576256170868 9.2427215557545441 4.7579819420352578 5.3774298634380093 4.0002630315721062 3.0711044752970382 4.910900989547371 4.939428315497933 3.2179068848490715 2.7517221691086879 8.3419354241341335 2.5863738693296972 5.7365496600978103 10.689357260242103 2.9188369996845722 4.1309842346236065 4.6797469034791019 14.223140589892862 5.4416538476943996 7.2355624586343756 2.2715044887736457 2.8924213200807563 5.6169377379119423 9.1069490276277048 6.6741293836385012 10.690906499512495 5.8933313712477675 9.7154363226145488 2.6380277117714268 3.440822470933198 10.614932595286522 5.2564557637087983 3.8367189220152795 6.0026551429182282 5.2114092987030745 5.664239536970852 3.3862972380593419 5.2761935014277697 6.129527340643107 10.635383454151457 10.278240304440258 5.1335346437990657 2.6086006052792072 4.3145090434700251 2.9648745041340581 1.8931652493774871 3.7482585245743394 11.686551292426882 5.355656178668144 2.8934363983571521 2.9010225217789438 4.0823778593912712 3.449115993455055 4.2772103641182184 4.9719067486003041 6.659241151995956 6.3221933105960488 11.234646482393144 3.3900108914822402 15.91468107420951 4.893630204722287 3.9965604152530423 2.8111522803083062 3.4400516273453832 9.8431922663003188 6.8965225256979528 5.3808765187859517 2.9747594986110926 5.5272544231265774 3.4656176315620542 6.9155257828533685 5.8646580623462778 7.7144731003791076 3.076072232797741 4.5242367088794699 4.3705628477036953 11.262506294995545 4.4312706980854264 6.8902187878266004 5.5233795167878261 4.3179664183408013 4.448762521147728 2.621644102036953 3.81826527416706 3.4742336953058786 3.643038890324533 3.7480568769387901 3.9024589564651251 15.945214975625285 3.1151305967941907
leaf_count=206 50 43 52 60 23 190 43 52 155 62 68 50 75 30 35 54 46 43 41 125 34 91 157 41 43 83 166 74 62 42 30 59 57 73 86 36 78 33 32 101 84 47 64 66 50 50 36 78 88 78 59 49 49 32 46 45 83 47 37 47 43 28 54 47 59 93 97 42 114 62 36 55 45 126 61 75 33 62 53 94 64 82 40 39 21 143 64 91 44 31 55 45 52 53 38 50 27 223 33
internal_value=0.000202516 0.0017362 0.000782213 0.000417746 -0.0093331 -0.00647498 -0.00853824 -0.00277493 -0.00747988 -0.00191023 0.00764522 0.00296192 4.57841e-05 0.00110512 0.00471887 0.00670173 0.00119537 -0.00308944 -0.0014795 0.00330288 -0.00147523 -0.00574698 -0.00267483 -0.00391971 -0.00272769 -0.00346473 -0.00699543 0.00263627 -0.0162178 -0.000639095 -0.00294764 0.0014938 9.84811e-05 0.0137989 0.0102343 0.00507906 0.0103272 -0.00208759 0.0127712 0.0160279 -0.00529828 0.000949242 0.000563735 0.00523957 -0.000506245 0.00659508 0.00778445 0.00226683 -0.00139599 0.0102917 -0.00408885 0.00536876 -0.00628722 -0.00848888 0.00626065 0.0128652 0.0146272 0.00912748 -0.00205567 0.000471879 -0.00346011 -0.00237805 0.00598106 -0.00378763 -0.00629778 -0.012371 -0.00672242 0.00799244 0.0120553 0 -0.0104479 -0.00112558 0.00481126 0.0103078 0.00356335 0.00139931 -0.00412908 0.00340758 0.00354782 -0.000628521 -0.00262779 -0.0123306 0.0117794 0.00333239 0.00784763 -0.00786129 -0.00319395 0.00158468 -5.71682e-05 -0.00316609 0.00902565 0.00192999 -0.0100131 0.0024093 0.00849126 0.0113824 0.0171055 -0.0126673 -0.00481991
internal_weight=597.831 515.489 444.523 435.471 82.342 66.2424 60.6066 35.148 26.3088 227.357 70.966 208.114 91.6552 86.2778 46.3815 42.4401 22.6916 39.8963 222.604 44.1963 30.6977 22.3557 178.408 144.752 134.063 128.068 56.4325 33.656 25.4586 71.6353 54.0056 28.5292 18.3497 13.4986 52.6163 24.8832 15.6088 21.0611 19.7485 16.3077 14.0041 9.09317 28.9639 116.459 22.2209 94.2377 83.6151 26.5653 20.4358 57.0497 42.2094 7.74214 34.4673 30.3363 17.6297 9.10704 27.7331 16.0466 22.9122 20.0188 15.339 22.9612 7.72633 9.2744 15.6195 8.96022 15.2349 46.7715 24.1946 8.27993 27.3714 8.52271 6.2512 12.5949 17.0095 12.438 8.35564 22.5769 5.35878 16.6192 10.6226 10.9324 5.99491 15.1596 9.48348 25.4764 14.2139 9.78264 17.0496 13.6596 10.113 5.69275 8.13623 14.0328 7.11727 8.68749 9.05248 23.3749 7.42964
internal_count=6490 5738 5193 5116 752 546 523 271 228 2975 545 2141 1019 944 546 494 281 398 2913 568 435 310 2345 1919 1762 1681 690 426 252 991 705 377 125 133 420 204 114 259 213 181 185 131 273 1122 232 890 776 241 163 535 524 108 416 373 286 144 216 133 318 281 198 209 82 90 185 126 127 457 226 112 341 142 100 167 166 151 108 231 99 219 114 125 81 127 73 328 185 121 169 127 105 80 83 185 91 96 77 305 82
is_linear=0
shrinkage=0.0158889


Tree=27
num_leaves=100
num_cat=0
split_feature=12 12 23 31 0 16 32 0 0 0 7 10 6 22 10 31 31 7 9 29 10 8 16 28 9 10 31 14 28 7 16 28 0 7 28 9 0 6 22 33 0 0 8 8 12 31 24 10 23 7 7 24 9 6 6 6 19 16 19 12 24 29 12 33 19 12 31 24 24 9 29 23 9 12 14 14 16 6 19 29 6 31 28 22 12 24 19 28 14 23 23 32 31 28 29 29 6 0 14
split_gain=35.6285 12.9337 9.40948 8.26661 7.41266 7.9587 7.25683 7.49222 7.05414 8.19277 11.2335 5.67622 7.65118 5.5539 5.26712 5.01573 6.83688 9.46292 5.72277 5.0059 4.85926 4.77619 8.10956 5.05675 5.02801 4.74708 9.03599 5.19008 4.86389 4.61807 5.34122 4.51563 4.26065 4.12917 5.57017 4.00116 3.96226 3.92837 3.76594 5.17744 4.72659 5.50748 3.85507 4.04955 3.91138 7.1274 3.70626 3.60639 3.60423 5.01915 4.72472 3.41562 3.43296 3.32363 4.03405 3.53793 3.1998 3.18608 4.06946 4.76548 4.08151 4.37172 2.95424 2.89593 2.80043 3.43503 2.68178 2.63904 3.62329 4.03867 4.14328 4.80349 2.45523 5.29726 3.29172 2.77952 4.18176 2.53925 2.45066 2.39668 2.39591 2.32307 2.19969 2.16147 2.10991 2.07693 2.06533 2.05809 2.27655 1.93133 1.89667 1.84823 1.81088 1.72306 1.66737 1.65164 1.64485 1.56979 1.5684
threshold=0.009871573649889635 0.0027132509734862542 -2.5157139280675138 1.5000000000000002 0.40864658664612247 105.16490683352389 -0.85420666180136517 -0.19768943221835025 0.042663504364253153 0.26291224823994869 0.78769841269841279 0.58119666666666669 -1.0000000180025095e-35 1787.5000000000111 0.21510897435897433 0.75999999999999901 1.1800000000000017 0.20436507936507939 1.1000000000000012 -574.76264821306461 1.4224749999999993 9.5000000000000018 106.19655853049552 -345.80762123060805 0.59999999999999987 0.090000000000000052 1.5300000000000005 0.024722030330195727 -252.36854876617272 0.085317460317460334 168.39835070626802 -382.9522958116824 -0.29590588171016574 0.80753968253968267 -619.97362507341415 0.099999999999999936 -0.23639657377828674 0.063644228625854407 147.99999999998377 0.91666666666666685 0.27367969579521617 0.060533073998673144 6.5000000000000009 8.5000000000000018 0.0050652350510764178 1.4699999999999982 1.7272325143838543 0.21510897435897433 -2.5402071332498584 0.62896825396825407 0.8313492063492065 1.4052953055366422 0.34999999999999981 -0.025036513253667732 -0.087894790360760464 0.022915028251150774 0.0063961918859432362 370.64909451680381 0.0028486324942086014 0.0048923164553227446 2.2599805440221741 -411.81131601374756 0.011552829010509158 0.71666666666666667 0.004212198032489122 0.0060401430578676113 0.97999999999999876 3.1435505601848382e-16 0.98001605913002143 0.24999999999999986 -138.61420595074807 -3.9463714959611251 0.14999999999999999 0.0038222634529073269 0.0073865374716492191 0.030503543247129703 367.44942398774293 -0.035611032408575653 0.0023065387918333436 -538.60590332647303 -0.025036513253667732 1.2100000000000002 -903.35461603067176 2762.4999999999714 0.012762917725184645 1.4859151978448624 0.0031622763993353572 -494.01058595538842 -0.029443849302233146 -4.7883115473046374 -4.3851911514251576 -0.053686004540453525 1.4400000000000006 -588.29221728656273 -89.446565479798181 -1590.0013833785056 -0.042714307499362329 -0.0092569410339783924 0.018564156267112639
decision_type=8 10 8 2 2 8 2 2 2 2 2 2 10 10 2 2 2 2 10 10 2 2 10 10 8 2 2 10 8 2 8 8 2 2 10 10 2 10 10 10 2 2 2 2 10 2 10 2 10 2 2 10 10 10 10 10 2 8 2 10 10 10 10 10 2 10 2 10 10 10 10 10 10 10 8 8 10 10 2 10 10 2 10 8 10 10 2 8 10 8 8 2 2 8 10 10 10 2 8
left_child=1 11 46 4 5 -4 -5 -8 19 10 56 14 -13 -6 25 21 67 29 31 -9 -7 24 95 72 35 28 27 -27 33 30 -18 32 92 -1 -35 -3 -34 -11 39 40 41 47 48 -44 83 -46 51 79 49 -40 -51 52 -2 54 -48 62 -10 58 59 -37 85 64 66 -47 -62 -66 -55 -17 -69 70 71 -70 74 -74 -24 77 -77 86 -33 -38 -32 -57 -53 -45 96 98 -75 88 -41 -25 97 -73 -19 -82 -72 -23 -56 -90 -60
right_child=2 15 3 6 13 20 7 8 9 37 -12 12 -14 -15 -16 16 17 18 -20 -21 -22 22 23 89 -26 26 -28 -29 -30 -31 80 78 36 34 -36 57 38 -39 42 87 -42 -43 43 44 45 63 53 -49 -50 50 -52 82 -54 55 84 81 -58 -59 60 -61 61 -63 -64 -65 65 -67 -68 68 69 -71 94 91 73 75 -76 76 -78 -79 -80 -81 93 -83 -84 -85 -86 -87 -88 -89 90 -91 -92 -93 -94 -95 -96 -97 -98 -99 -100
leaf_value=0.018978329497421714 -0.0086871144994022566 -0.014981634335468369 0.0093705295824436027 -0.014860002789623126 -0.0083341765850363635 -0.015106584884936661 0.015768708129075482 -0.020527498978465942 -0.012061048217708179 -0.015215547132401554 0.022426488086212528 0.0097551905617979471 -0.013672007616055821 0.012654537118769661 0.016622067238442839 -0.019844128498854752 -0.017867739605757646 0.00041145773209518504 -0.012268680496061992 0.0025722231832774056 0.0057608728627188974 -0.0001234067225171522 0.0015024793667223787 -0.01159935491058872 0.018084160139260237 -0.014792310449523498 0.012969877107676626 0.0028827572269776291 -0.0040034942044837084 -0.01777241485522265 -0.0080501643578942336 0.0040451515299038468 0.01462158864774098 0.014493962642449378 -0.0032715641726352006 0.0021876951887179539 -0.00032307839265784051 0.0016688212821715234 0.016250635281277473 -2.5327831538600319e-05 0.0066250426966919873 -0.018213271702816829 0.022609721351963093 0.019719823952760163 0.01549124874262073 0.0050427281583839386 -0.010145587588280798 0.0078438590738193186 -0.011566794079775056 -0.016851744319130179 0.0069722887645896877 0.0030195160628396856 0.0099589829000705666 -0.011685812929831431 0.010987662741993131 0.0081867318777948603 0.006757335595934809 0.0097314661143997165 0.0069016404938202838 -0.020127335628765904 -0.011050363944936168 0.015928335972876871 -0.017825970694967462 -0.0095914583570196766 -0.0060438443452608091 0.014578468654248949 0.0085651444409966405 0.0088567705786020204 -0.0077925978303258533 -0.015282081597633133 -0.020280705252716715 0.01516775151167358 -0.0071294582231900298 0.011491903005964791 0.01864831769639861 -0.0067542337442164386 0.015270585091553306 0.015161390226625319 0.020108361114680395 -0.01569509563988904 0.0015198056294340042 -0.0075096947193504706 0.018781786270107684 0.0038043340882425456 0.019474967533188607 -0.013945039515691615 -0.0060285545817522846 -0.0051105621463788794 0.022664270673100791 0.0040979975481443484 0.0017372454583660553 2.1190418008942393e-05 -0.015073395396950453 0.016312221330593249 -0.0035027019973734048 -0.018910665595101815 -0.0041648575590435225 0.0068367074204626907 -0.007795750857723209
leaf_weight=15.030925147235392 5.4380260966718215 4.1089433450251809 3.3897626642137757 9.64509927947074 6.7941706180572492 61.257601042278111 5.8761162832379332 7.0579220941290259 4.5031627481803316 6.9926091548986715 7.4324801387265316 6.6218312904238701 6.2272857092320901 4.9551160056143999 20.115647050086409 2.7864099964499465 3.6685096686705956 3.0762379411607972 5.368978736922144 3.1811039941385371 2.6036803703755131 1.9265067884698508 3.7967765424400568 3.4932928811758757 3.0964839998632661 7.3854167284444001 10.454646974802015 8.3689463716000301 4.5638520922511807 7.5061558010056606 3.0803333157673487 4.7183041926473361 6.9476636881008735 10.106301258318123 7.2170576173812195 4.0349852498620731 5.5130572989583042 6.0986644625663757 4.4863148406147975 6.2034473977983042 6.7114613391458979 7.9577316194772711 4.102948870509862 6.0772684086114177 6.1213459232822087 4.8265327755361787 3.2335174214094868 5.2942456221207967 4.6717267427593461 3.2273840317502618 4.0550634814426303 4.2713437452912331 3.6126491641625762 2.8536238288506883 2.8126549711450926 4.8189483424648625 3.5327315330505371 7.0348151940852395 3.2990742390975374 4.8813622975721955 3.3581466842442733 6.4565810998901751 7.3460088782012463 8.7458825763314945 3.2208427814766765 3.8447914412245154 2.5305739119648933 3.7362497430294743 6.587462487630547 8.9823547983542067 3.0861142054200172 5.0213403152301908 4.9510740619152775 2.6549175493419161 13.164368021767588 5.2284148139879054 2.8455184679478407 18.679945562034852 5.5700018061324954 4.3420848585665253 5.6086747450754046 3.608718172647059 5.1468220441602153 3.8517959471791992 2.7062669079750776 4.1603058744221926 2.9231603937223554 3.3266121596097973 3.8718410991132295 3.2792149046435943 3.6816249210387433 3.3056201599538326 3.9859043024480343 2.6884854184463602 3.2002489939332035 2.7607647432014337 3.2477594288066021 3.8368051238357985 2.8254845310002565
leaf_count=77 87 40 40 122 54 826 25 92 54 76 39 49 52 46 106 26 39 29 61 24 24 29 30 34 24 57 64 51 47 105 41 50 75 64 50 39 58 61 55 43 58 94 65 44 48 54 33 72 84 35 52 54 76 44 46 71 28 85 37 74 28 66 113 135 36 54 31 32 69 139 24 66 57 23 143 83 24 248 41 52 67 70 58 47 47 61 49 37 36 36 43 35 56 24 50 61 57 35 38
internal_value=0.000337217 0.00299293 -0.00542205 -0.00764358 -0.0109105 -0.0129282 -0.00281227 -3.0733e-05 -0.00264851 0.00144756 0.00912775 0.00805986 -0.0016616 0.000660312 0.00956864 0.00138606 -0.000203702 0.0012747 0.00292654 -0.0135591 -0.0141996 0.00397939 0.00678041 0.00835715 0.000272688 0.00717226 0.00190585 -0.00561309 0.0108023 -0.00808647 -0.00270556 0.00363995 0.00268989 0.0129445 0.00720238 -0.00110172 0.00349089 -0.0075867 0.00263425 -0.000411677 -0.00463596 -0.00801899 0.00569399 0.00872424 0.00635823 0.00207027 0.000326128 -0.00212213 -0.000578748 0.00409558 -0.00400444 0.0059289 -0.00102253 -0.00282863 0.00369957 -0.00655817 -0.00382858 0.00040087 -0.00153572 -0.0104807 0.00154717 0.0062878 -0.0116551 -0.00435296 -0.000188435 0.00537171 -0.00216816 -0.00630571 -0.00484088 -0.00669943 -0.00270586 0.00189764 0.00996703 0.00743965 0.0150317 0.0097805 0.00147497 0.0124158 0.0134431 -0.00767918 0.00280385 0.00134661 0.0123188 0.0141869 0.00920115 -0.0060949 0.00253043 0.00554227 0.007694 -0.00421252 0.0117317 0.00963807 -0.00876206 0.00717843 -0.012904 -0.0122148 0.00314595 0.0159506 0
internal_weight=586.895 401.948 184.947 133.32 79.0003 67.251 54.3199 44.6748 38.7987 28.5596 15.4684 96.0919 12.8491 11.7493 83.2428 305.856 189.83 153.124 130.572 10.239 63.8613 116.026 65.704 61.0167 50.3218 63.1271 26.209 15.7544 36.9181 22.5522 15.046 125.203 114.915 32.3543 17.3234 47.2253 107.853 13.0913 100.905 50.7389 29.8186 23.1071 50.1663 33.7258 29.6228 19.6938 51.6269 15.1494 16.4405 11.7688 7.28245 18.4688 9.05068 33.1581 12.0002 21.1579 8.03589 43.1164 36.0816 8.91635 27.1652 16.8804 12.7302 13.5724 10.4238 7.06563 5.3842 36.7058 33.9194 30.1831 21.2008 14.9144 54.2442 37.283 16.9611 32.332 8.07393 24.258 10.2883 9.85514 11.3775 8.42767 9.41817 9.92906 8.76668 10.2849 5.57808 20.9203 17.5937 6.77251 11.3903 8.32696 7.06214 8.29716 6.28636 4.68727 6.06041 7.70865 6.12456
internal_count=6490 4192 2298 1511 990 890 521 399 374 258 121 617 101 100 516 3575 2176 1735 1459 116 850 1399 817 727 582 410 172 108 238 276 171 1398 1307 191 114 558 1222 137 1147 528 334 276 619 393 328 237 787 182 226 142 87 275 163 512 183 329 82 518 433 113 320 184 188 189 118 90 75 441 415 383 244 170 657 484 173 427 107 320 91 110 132 141 112 91 150 136 72 194 157 70 114 101 85 91 74 90 103 71 75
is_linear=0
shrinkage=0.0158889


Tree=28
num_leaves=100
num_cat=0
split_feature=30 9 7 16 30 0 24 21 15 7 14 18 33 30 15 21 32 30 28 15 7 14 17 25 18 21 30 18 21 7 17 32 16 14 18 9 28 21 17 15 9 28 33 2 21 21 25 16 21 14 14 29 9 17 14 15 25 21 24 33 22 17 0 0 30 30 18 14 28 14 28 0 29 16 24 16 22 17 18 32 18 22 2 29 30 0 0 15 33 7 14 7 24 17 21 30 24 16 0
split_gain=41.9504 11.1132 8.97256 7.15509 8.72445 6.01214 7.06696 10.9515 5.91656 6.51638 6.09317 5.69524 5.63698 5.55197 5.53329 5.43464 6.79299 7.99745 12.683 6.55915 5.89493 5.22125 5.19674 4.92241 4.74682 4.73343 4.69913 7.67915 6.23736 5.95883 5.84533 4.44114 4.30965 4.25021 4.20496 4.16383 4.09311 4.72726 5.42645 4.6542 4.01972 4.64647 3.94877 3.96768 3.8996 3.71788 4.92083 3.6075 3.59017 3.45486 3.43598 3.42556 6.59873 3.33716 3.30559 3.28658 3.11722 3.0609 3.00927 2.92654 2.86795 2.94415 2.75853 4.45565 2.73346 2.71364 2.65274 2.60403 2.5788 2.52807 2.51795 2.41977 2.41653 5.06455 4.07808 5.23625 4.27845 4.72112 4.07025 4.02901 3.56563 4.4254 3.21902 2.36707 2.42461 2.8009 2.3315 2.32406 3.50673 2.20336 2.1677 1.95519 1.93076 1.89802 1.89776 1.85373 3.25155 1.76175 1.69409
threshold=95.358258426313995 0.20000000000000001 0.55357142857142871 474.04359286242817 34.39392004887754 -0.38070288893956777 1.6978757274221576 0.67000000000000093 195323.50000000003 0.77182539682539697 0.011564345674644651 0.0012034666333730051 0.78333333333333355 93.376238591267665 771255.00000000012 -2.5699999999999981 -0.56113552338852146 40.204262925918819 -565.60105882526466 260978.50000000003 0.77976190476190488 0.022615058103639705 0.026496704532539609 0.01339405377534242 -0.00063807207023107557 -1.3850000000000013 116.30575075513123 0.0012883624228505622 -0.8049999999999996 0.92261904761904778 -0.013557838306218538 -0.72416709507606225 254.15279837016718 0.027622451873680901 0.0016074601189048955 0.60000000000000042 -704.29677380014664 0.21499999999999989 -0.029292561373673417 242209.00000000003 0.10000000000000007 -473.04016668000344 0.75000000000000011 1.0327859578408172 -0.65500000000000103 0.62000000000000022 -0.014174166824603927 97.153256648297472 0.51500000000000068 0.013466992470944477 0.010877056522746733 -322.10255662714985 0.12500000000000069 -0.098377541085961848 1.0000000180025095e-35 184097.50000000003 0.018944627494951963 -0.35500000000000037 2.342876595130166 0.8500000000000002 974.24999999999284 -0.013557838306218538 0.15542463494427752 0.39133165012538534 22.597209468237526 133.39934350008397 0.00089671160972634798 0.021987750653933939 -432.69701675769528 0.025192942437952868 -395.12995319400324 -0.24210201795726297 -781.16438499697654 139.20091419771629 3.2218344780995478 55.097085648070397 2186.9999999999859 0.0025933940355370448 -0.0046574074586204555 0.24582849221222172 0.0032188226007304429 365.49999999999642 0.98486400669124274 -62.728158020449357 87.342302467235513 0.013589929631805055 -0.06290436127982256 267917.00000000006 0.88333333333333341 0.84722222222222232 0.014588652510944032 0.33928571428571436 3.2218344780995478 -0.065910591349070943 0.080000000000000973 72.559434231442495 2.1389687074333286 196.17493773334607 0.55124109004076038
decision_type=8 10 2 10 10 2 8 2 2 2 8 2 8 10 2 2 2 10 10 2 2 10 10 2 2 2 10 2 2 2 8 2 10 10 2 10 10 2 10 2 10 10 10 2 2 2 2 10 2 10 8 8 10 10 10 2 2 2 10 10 10 10 2 2 10 8 2 10 10 8 10 2 10 10 10 10 10 10 2 2 2 10 2 10 10 2 2 2 8 2 10 2 10 10 2 8 10 10 2
left_child=1 3 5 15 90 -2 12 55 9 10 86 -12 -7 23 25 -1 36 18 48 32 22 -9 45 31 -14 65 27 28 -27 30 -29 71 -20 -16 47 42 51 38 40 49 44 57 43 -25 -38 46 -19 -11 89 -39 54 52 -17 -52 -44 -8 97 -42 -53 -26 61 -37 -30 -64 -40 -4 -15 -51 -21 72 -6 -10 74 -74 75 -33 77 82 -76 -75 81 -80 -77 84 85 -55 -3 88 -81 -18 -5 -41 -22 -82 -78 -73 -97 -48 -83
right_child=2 8 14 4 70 6 7 21 13 34 11 -13 24 66 33 16 17 20 19 68 92 -23 -24 35 59 26 -28 29 62 -31 -32 69 -34 -35 -36 60 37 39 64 91 41 -43 50 -45 -46 -47 56 -49 -50 67 53 58 -54 83 -56 -57 -58 -59 -60 -61 -62 -63 63 -65 -66 -67 -68 -69 -70 -71 -72 95 73 79 78 76 94 -79 80 87 93 98 -84 -85 -86 -87 -88 -89 -90 -91 -92 -93 -94 -95 -96 96 -98 -99 -100
leaf_value=0.01992425228189414 0.0080917305195379995 -0.0050726324660274463 0.0012674622596412037 -0.02229816082168655 -0.0010603219411301911 -0.015771271843053949 -0.0025010797897267894 -0.010538359158609567 -0.0028302734146603841 -0.005915397341548446 -0.0070663950851275808 0.021593204607798171 -0.012577094472066948 0.0026245752955593054 -0.017939378566587137 -0.0052804780390958515 0.0023705109711782478 -0.007887408020243878 0.0016652382380254519 0.0010921815198188319 -0.0015778160026395428 0.0080536025689329511 -0.011154791919983321 0.0030826672537222688 0.019638538163848151 0.006988672713884426 0.011857906167918776 -0.012133353412822583 -0.017915360056785581 0.016686730748917154 0.0092452899717064968 0.0073930147855866823 -0.012759684767577906 0.0022554423848255428 -0.0078274575847173677 0.01117527709045492 0.0018753196048299321 0.017866785589238963 0.003369369046319948 0.0026042119329345043 -0.00088070815172953975 -0.0083300585764794852 -0.0040342848956959228 -0.021057284453630191 0.017888322481323497 -0.0076707029444277961 0.0045554749977479185 0.016126484657323803 0.022892827231485918 -0.008139027910906033 0.0064502586615278745 -0.010754403917174978 0.016625783789361526 -0.01600346966198361 0.010199219015660567 -0.020465357727736985 0.00046890960361264001 0.017578488613425935 0.0056120220861218479 0.0004352914427005143 0.018994400247862406 -0.010352360309046639 0.0017728806307533225 -0.018618301830481989 0.018818144437418249 -0.018031659958389522 0.022795115807439505 0.010568043220051122 0.014799396893359037 -0.0082009066395046272 0.013809660628633326 0.017810257595578954 0.013954838201581278 0.0097541439906613462 -0.01105907802158238 0.018301176409013312 -0.019905069792626854 -0.012115573009694789 -0.001985623636325074 -0.015929651312425599 0.0056490218279479218 0.020619965516054765 -0.0057480953083040099 0.0039118289009283744 0.0027816325327575907 0.0012942122897498973 -0.018443966113406457 0.004676648841264593 0.0030172452251503502 0.015720851930920161 -0.0060000577562879936 -0.011326169968591449 -0.016657808335891335 -0.0092610107480586602 -0.006182479891561809 -0.0072697502108386618 0.016869437184264254 0.019417309146089884 0.0042586029406391952
leaf_weight=6.4351863339543334 3.4895065985620013 5.3403106210753348 2.4930941127240649 4.3370887115597743 5.9534386186860502 4.5258778631687138 3.0486108083277932 8.4023081576451641 2.5052805040031663 2.1943939514458162 4.6522280424833324 2.0045762984082103 2.4658316113054743 3.0330715933814636 8.8931807838380319 5.4807582944631559 6.579453134909274 3.9091256409883561 10.209680534899237 6.7062756810337305 3.2293559135869128 5.9985211044549933 6.5101435482501975 2.1128167100250712 3.6909654140472421 5.7144869547337285 7.5808057934045783 5.5513636884279549 8.3093026732094639 7.4827875904738894 6.1485245823860186 6.848413233645263 9.7089136159047467 3.3934106938540927 4.6374247614294282 2.4693677891045809 6.0889139249920872 5.7912356741726416 3.6850747982971397 4.3051690571010095 4.1278153592720637 6.5580433458089784 7.5959243979305047 5.6729735201224685 11.045852427370848 4.7979017728939644 3.4093847544863873 6.0012069037184119 9.545151060447095 3.201545525342226 3.9061941150575867 6.298900452442469 7.7380229588598013 12.935001518577339 7.6925826175138354 35.58373605273664 5.1834125230088821 4.1242140345275411 4.2474459409713745 3.9177220948040485 2.6510995291173458 2.7176711130887261 7.376143414527176 3.5317304851487279 26.413169731386006 5.2183762649074197 3.7821281887590885 3.0707941073924303 7.0361363003030402 5.7503394596278659 4.6864941911771876 8.0092824324965441 11.05598196480423 7.6246405160054591 3.0215012198314097 3.2320692948997038 6.2344563137739879 3.7142938636243343 4.1142959184944656 5.5685372427105877 3.7880843402817845 7.56016648840159 1.7901459364220498 2.8606100515462485 2.5718787368386975 2.6807927349582306 12.764563733711837 4.5278307516127816 3.7422172967344531 6.0539204701781273 4.8264233060181141 4.8402948789298534 7.4655183739960194 3.5957181919366112 5.566937810741365 2.4510098863393077 2.0163542218506336 7.8026776481419802 2.5802020970731974
leaf_count=68 22 62 57 34 61 77 35 107 33 20 83 38 50 53 110 57 54 43 71 39 46 60 62 34 41 36 66 62 108 38 40 55 96 26 64 35 42 39 25 35 51 58 95 102 67 65 28 95 70 42 66 77 74 196 91 512 63 42 53 52 25 41 66 46 243 54 28 32 38 78 49 77 98 100 42 45 78 52 52 60 32 107 58 49 31 43 183 32 33 35 51 40 68 49 84 55 25 82 46
internal_value=0.000398679 0.00284351 -0.0070577 0.00522698 -0.00379352 -0.0110385 -0.0120986 -0.0147699 0.000150091 -0.00549212 -0.0101755 0.00258579 -0.00215086 0.00143186 -0.00303973 0.00608258 0.00558694 0.00253565 0.00645686 0.000237186 -0.00264454 -0.00274218 0.000844513 0.000805563 0.00447165 -0.000969894 0.000801263 -0.00122339 -0.00697462 0.00620615 -0.000950686 0.00282577 -0.0055099 -0.0124756 0.00355324 -0.00298095 0.0083492 0.0100038 0.0122088 0.0033635 0.00739025 0.00118194 -0.00474949 -0.0146919 0.0124949 0.00417282 0.00714361 0.0101571 0.0156082 0.00965321 -0.00261816 0.00242194 0.00767061 -0.00620225 0.00320868 -0.0191245 0.0109185 0.00886135 -0.00416461 0.0105987 0.00734093 0 -0.0112449 -0.00542351 0.0170518 -0.0120911 0.0148632 0.0010608 0.00848656 0.00145522 0.00583622 0.0106647 0.00217354 0.00552747 2.64726e-05 -0.00413893 -0.00811585 0.000315856 0.00466372 0.000890351 0.00713206 0.0116231 0.00993455 -0.00869465 -0.0107722 -0.0130616 -0.0148293 -0.00416116 -0.00854181 0.00924778 -0.0146967 -0.00495891 -0.0124917 -0.001693 -0.0141098 0.013425 0.00423688 0.0154225 0.0169959
internal_weight=579.794 436.978 142.816 231.403 19.8034 71.1231 67.6336 53.0332 205.575 37.5947 24.7617 6.6568 14.6004 167.98 71.6932 211.599 205.164 98.1471 55.8395 33.661 42.3075 14.4008 31.6126 161.165 10.0745 59.4066 51.6951 44.1143 24.9317 19.1827 11.6999 105.298 19.9186 12.2866 12.833 55.8669 107.017 83.2521 62.0431 21.209 31.9448 14.8101 48.0288 7.78579 17.1348 25.1025 20.3046 8.1956 22.1785 12.0636 40.243 23.7651 13.2188 24.9545 15.2885 38.6323 16.3955 8.25203 10.5463 7.60869 7.83814 5.18704 19.2172 10.9079 30.0982 7.71147 6.8152 6.27234 13.7424 90.3158 10.6399 14.9819 84.5655 32.5192 52.0463 27.3863 20.5379 8.73651 24.66 21.4632 21.6385 14.2547 5.02222 21.0483 18.1877 15.6158 18.1049 13.8386 9.31075 12.6334 9.16351 9.14546 10.6949 7.3838 11.8014 12.4766 4.46736 11.2121 10.1404
internal_count=6490 4825 1665 2100 195 956 934 714 2725 545 366 121 220 2180 709 1905 1837 860 403 244 457 167 343 2099 143 573 462 396 256 140 102 1291 167 136 179 808 977 716 528 188 260 151 707 136 109 281 216 115 159 113 571 261 131 385 186 547 173 93 130 93 101 76 220 112 268 111 81 74 77 1101 110 190 1023 323 700 372 317 155 328 225 286 205 103 319 270 239 245 125 93 89 85 75 114 81 162 157 80 110 153
is_linear=0
shrinkage=0.0158889


Tree=29
num_leaves=100
num_cat=0
split_feature=30 9 7 16 30 26 2 24 13 28 30 3 8 20 6 6 3 7 28 17 30 14 9 18 13 30 26 6 24 17 18 24 14 26 24 26 26 30 28 8 20 7 2 28 17 22 24 13 2 28 20 2 2 9 9 8 3 30 17 18 28 6 26 2 16 17 24 14 13 20 20 16 18 30 6 33 2 28 3 2 8 18 28 30 13 14 9 3 3 30 3 33 17 13 6 14 14 7 2
split_gain=39.5431 10.9408 8.10603 6.98117 6.33144 6.11798 9.02768 8.17101 6.57882 6.40513 5.61593 5.09163 5.06893 6.58133 6.59271 4.96126 4.96525 5.12749 4.74019 4.62531 4.61922 4.58336 4.31453 4.28907 4.20969 4.12531 4.03918 7.45342 8.44469 3.79526 3.65744 3.63517 3.58604 4.40566 4.69992 3.47537 3.45114 4.21767 3.84872 3.37251 3.24651 3.52604 3.1011 2.95898 2.90944 8.05849 7.01938 6.22351 6.48113 5.97929 4.26284 3.97255 5.54416 3.62303 6.32559 5.11469 4.02516 5.36383 4.96777 3.54938 3.36789 3.16468 3.58554 3.1468 5.02125 3.13165 3.10239 3.00814 2.94571 2.8932 2.88203 3.18697 2.79628 2.70624 2.66243 2.62201 2.58075 3.6258 2.94601 2.39238 2.32332 2.29334 2.26581 2.20472 2.19905 2.15765 2.10015 3.43846 3.55258 1.80082 2.58359 1.78172 1.79121 1.75886 1.74939 2.03394 2.05147 1.74164 1.73644
threshold=95.358258426313995 0.20000000000000001 0.55357142857142871 474.04359286242817 34.39392004887754 -0.0003687266594512017 1.0083917501453035 5.2581727389274993e-16 0.0080242310003831741 -405.94777946690203 110.05915679056251 0.14538854118707148 6.5000000000000009 1.2002304634639216 0.039535181376817226 -0.03486013882273719 -0.020991622876300017 0.36706349206349215 -376.44711613103135 -0.040139050878907782 94.657791962466732 0.0077891809884162175 0.10000000000000032 -0.0016047674046574211 -0.0089415413196916194 41.707942111098298 0.0035056311207861683 0.0063970891247951975 1.8687086412941074 0.0025933940355370448 0.0020867384894634471 1.4052953055366422 0.019901154139575886 -0.00019805109408266294 1.741092609036474 0.0027451352217305884 -0.00078710171867107926 24.246052411781559 -497.49137235040484 9.5000000000000018 0.48501244593074727 0.40277777777777785 1.1704755777080524 -425.09165902245036 0.0023199653683040338 1491.2500000000064 3.2218344780995478 0.095201424666177592 1.1668859235633038 -783.99621493418795 0.61881417656228188 0.92294631493329959 1.1255664566260737 0.92500000000000115 0.62500000000000078 13.500000000000002 0.037213900812423713 66.006678401303418 -0.028290983730108573 0.00023259034141672388 -2239.5299123519712 0.16682445463042397 0.012087481127485035 0.98301929055109183 295.96513451908879 -0.10482259174316859 4.0606402200656175 0.02103163093709479 -0.01429088477595541 1.080798095505541 0.86411084288649287 177.20119188056768 0.0016074601189048955 36.450114329998414 -0.070846407020750055 0.81666666666666676 1.0289408365307189 -844.25028029404882 -0.024730886944545335 0.9047606456546855 20.500000000000004 -0.001315198716192947 -446.78175509720671 37.905922443604943 -0.063351292062349504 0.014588652510944032 0.15000000000000027 0.0080345213914613262 -0.077281483154721928 41.707942111098298 -0.047300450115235697 0.91666666666666685 -0.031218675120772973 0.050044279502570982 -0.0012286414252472564 0.027622451873680901 0.013071523947195242 0.36706349206349215 1.2637738308770505
decision_type=8 10 2 10 10 2 2 10 10 10 10 2 2 2 10 10 2 2 8 10 8 8 10 2 8 10 2 10 10 10 2 8 10 2 8 2 2 10 8 2 2 2 2 10 10 10 10 8 2 10 2 2 2 8 8 2 2 10 10 2 8 10 2 2 10 8 10 10 10 2 2 8 2 10 8 8 2 10 2 2 2 2 8 10 10 10 8 2 2 8 2 10 10 8 10 10 10 2 2
left_child=1 3 11 5 85 6 22 -8 9 25 12 19 13 14 29 16 39 -18 20 32 44 24 -1 -24 -12 69 27 30 -29 -4 -14 35 -2 93 -35 -21 37 -9 42 -10 -27 -42 83 -6 47 49 61 48 51 66 -51 79 53 54 55 56 60 -58 -59 -54 -53 62 75 68 76 -62 74 -61 -57 -7 -67 -72 -25 94 -46 -47 -65 78 -78 91 -33 -52 -41 -39 -48 -5 87 88 -75 -85 -91 92 -3 -34 -17 96 -96 -40 -50
right_child=2 18 10 4 43 8 7 36 15 -11 21 -13 26 -15 -16 73 17 -19 -20 31 -22 -23 23 72 -26 40 -28 28 -30 -31 -32 80 33 34 -36 -37 -38 38 97 82 41 -43 -44 -45 45 46 84 -49 98 50 81 52 59 -55 -56 63 57 58 -60 67 65 -63 -64 64 -66 70 -68 -69 -70 -71 71 -73 -74 86 -76 -77 77 -79 -80 -81 -82 -83 -84 89 -86 -87 -88 -89 -90 90 -92 -93 -94 -95 95 -97 -98 -99 -100
leaf_value=0.017329219914869985 -0.01507108606603662 -0.0031682139438596797 -0.012454642057421918 -0.021388081138701883 -0.004912638191225554 0.019851483699414113 -0.016041103137534336 -0.010241190115610064 0.0070300587711595395 -0.012702771941008264 0.010928539113317811 0.0073959317590511619 -0.004079075377948287 -0.01319392105679401 0.016919732704178379 0.022013847390023319 0.00064468083175232718 0.01779124029360345 0.018693455199345781 -0.013380748571655218 0.017350759630153565 0.01616650097017712 0.016618413312712958 -0.0077004043044398042 -0.011265523200965032 0.010784679694353054 -0.015640693217720793 -0.021638911560553701 0.0069751882087831273 0.0074586599352183874 0.01231503827731042 -0.018296880235010991 -0.0017497364596981914 0.0030817527335222712 -0.015981376815923511 0.010876047481427252 -0.010852528872553195 0.0057310482953227678 0.016983454688661831 0.00087078676787616263 0.0070535699433316688 -0.010495239661984819 0.011420521046390811 0.011232515819437929 -0.00013429962704628501 -0.014927103288887172 0.0023464104396076165 0.020410497464156775 -0.014693392049288835 -0.0094342673008747813 0.011191053273623597 0.0069245146900472846 0.016372997473922096 -0.014140211760403356 0.015010884204931404 0.0061341537492036564 0.011559069519226894 -0.014840494856464426 0.0087263439060993268 0.0095265990407735843 0.00043131280075113163 0.010238271975832765 0.0089601645661580107 0.021234323700906124 -0.010201372818116091 -0.019488972387160273 -0.00013839477743203356 -0.011379528414052729 -0.012637835332298928 0.0042339755896920522 -0.011905484886149571 0.0068971611136474688 0.0066938019535308585 -4.0801310863228528e-05 -0.015514536477837005 0.0020640423701263314 0.010521641882356284 0.017054388237225777 -0.014292618845082291 0.016400544712847402 -0.00265816776648943 -0.0017008633113013609 -0.015050015013634075 -0.014312946901988168 0.017811278051488081 -0.0049412533661876007 0.0168386036814448 -0.0047093057205741104 0.014793805719316322 0.0093910555826481126 -0.0064565751480799008 0.012574042193485598 0.010749525435833391 0.013432863891641333 0.014042391887068868 0.020040684247730735 -0.00037073732604116233 0.0048646440351576238 0.0017038707961453457
leaf_weight=11.363573594950141 7.8235182994976666 8.1562548074871284 4.4725375743582862 3.9338696952909249 4.5006222841329873 5.6668954677879828 7.1989368619397274 4.8481346336193374 6.1278183544054619 5.3468126682564607 3.1119148377329111 3.2932564783841363 6.6863621193915623 5.36225876584649 7.1360264159739009 12.339513514190914 7.5195566033944514 10.43369099870324 2.818691777996718 2.4747249493375412 3.1284725721925488 5.655793683603406 4.6266315579414412 6.1710771378129685 4.4981150571256858 4.3313387352973214 12.946408138610421 8.2416523462161404 3.2975432910025111 3.9996063187718391 5.922671876847744 30.81014390848577 3.0050654448568883 5.2744452552869854 7.1209406265988955 2.2586597595363855 4.5396019537001839 6.1735159214586082 6.5679215537384135 3.9179079048335552 3.8789573647081834 7.6447523543611169 5.0412106821313492 6.0180219402536732 3.3747190050780773 7.5502549577504441 3.6465433295816183 3.4493309184908858 7.8346181870438141 6.9863701369613436 7.039990379475058 2.6214221706613898 7.212838404811917 4.8008908340707412 5.352528720162808 3.3993798559531569 6.5543662998825303 5.7450820915400973 2.9627116741612545 3.1754648154601455 5.0142812933772802 3.1617059521377078 2.5853939214721313 4.7442485140636546 2.4572505177929989 9.6674355408176869 5.4893360361456862 2.5863656587898731 3.8867961242795017 6.7784613315016031 7.3635362088680241 2.6706873821094641 6.2118098437786102 5.8884210200049045 20.923768290318556 2.9173922361806044 1.451760031282902 3.015913350507617 2.3399324538186193 5.3791615720838299 2.9425268322229376 6.0015093553811285 4.3173947557806951 3.4039056245237562 7.6620267787948233 4.7072991747409105 7.7469533002004018 4.6133605120703569 12.043988009914758 3.1046489952132088 7.9554076483473199 3.8206405621021977 2.5575344748795059 3.9471084196120501 4.4320390205830318 5.1880216971039763 4.7098576491698623 6.6272105956450105 1.7945463201031087
leaf_count=92 122 103 58 34 50 37 73 44 52 52 28 26 62 70 32 89 67 87 26 58 30 40 47 59 58 53 174 100 38 27 22 458 48 45 105 34 30 44 47 37 44 88 65 60 35 101 43 21 154 104 65 35 68 65 80 37 81 98 46 41 49 24 37 70 31 140 66 38 46 43 124 39 53 47 295 46 53 43 47 44 29 63 39 23 104 51 74 77 122 37 114 25 63 31 39 21 43 66 45
internal_value=0.000476765 0.00287171 -0.00682734 0.00527321 -0.00378599 0.00612433 0.00277519 -0.000960879 0.0083783 0.00231404 -0.00302069 -0.010695 -0.0051546 0.0010535 0.00630102 0.0106256 0.00546985 0.010902 0.000192245 -0.0116719 -0.00012168 0.0060906 0.00996292 0.00457274 -0.00197907 0.00538263 -0.00863946 -0.00456516 -0.0134747 -0.00312134 0.00379297 -0.0152207 -0.00639706 -0.0025017 -0.00806372 -0.00177693 0.00145116 0.00287554 0.00466113 -0.00145075 -2.67443e-05 -0.00448134 0.000973407 0.00438257 -0.000454999 -0.00284821 0.00398124 0.00108904 0.000407499 -0.00663571 7.38484e-05 0.0015606 7.0029e-05 -0.00162289 -0.000629085 -0.00207981 -0.00523987 0.00124211 -0.00671217 0.00940901 -0.00882711 -0.00270062 -0.00619927 0.00418428 0.00847611 -0.0106493 -0.0110759 0 -0.00401079 0.0119938 -0.0134256 -0.00673587 -0.000459496 0.0134502 -0.0134584 -0.0102877 0.0128141 0.00558631 -0.00451523 0.00784736 -0.017023 0.00540707 -0.00787793 -0.00180912 0.0132543 -0.0134212 0.00979269 0.00696106 0.0100521 -0.0051695 -0.00169576 0.0041025 0.000507885 0.00718599 0.0172667 0.0123974 0.00700392 0.01143 -0.0116618
internal_weight=569.502 429.22 140.281 225.919 19.1598 206.759 83.8336 55.4605 122.926 33.6472 71.3309 68.9504 58.0651 20.9704 15.6082 89.2785 32.3164 17.9532 203.301 65.6571 200.482 13.2658 28.3731 17.0095 7.61003 28.3004 37.0946 24.1482 11.5392 8.47214 12.609 38.4861 27.1711 19.3476 12.3954 4.73338 48.2616 43.722 38.8738 14.3631 15.855 11.5237 25.6787 10.5186 197.354 77.339 27.5233 120.015 116.566 49.8157 20.0279 106.936 87.0229 74.0482 69.2473 63.8948 42.5995 15.2622 8.70779 12.9747 27.3374 16.2147 13.053 21.2953 14.0091 24.7159 29.7878 5.76183 7.28618 12.4454 19.7017 10.0342 12.3829 56.9622 24.2985 10.4676 11.5519 6.80761 3.79169 19.9136 33.7527 13.0415 8.2353 20.6375 11.3086 8.64117 30.2927 22.5458 17.9324 14.464 11.0601 14.5344 10.7138 6.95217 26.6694 14.3299 9.1419 13.1951 9.62916
internal_count=6490 4825 1665 2100 195 1905 794 543 1111 317 709 956 583 187 117 794 282 154 2725 930 2699 126 251 159 86 265 396 222 138 85 84 579 351 229 150 92 470 440 396 128 185 132 283 110 2669 983 355 1686 1665 628 232 1466 1231 1084 1019 939 612 225 144 147 387 208 184 327 244 352 396 79 83 80 303 163 112 512 330 147 213 143 100 235 487 128 76 218 147 85 320 246 169 174 151 191 166 79 192 103 82 113 199
is_linear=0
shrinkage=0.0158889


Tree=30
num_leaves=100
num_cat=0
split_feature=30 9 22 2 0 8 20 31 3 15 30 14 31 3 8 11 0 30 30 15 10 0 30 0 1 30 10 29 19 8 23 14 3 29 9 29 1 14 3 9 1 15 14 14 15 10 30 20 3 3 20 8 1 27 27 19 27 29 14 30 30 2 23 31 30 30 23 23 8 20 19 31 15 3 1 27 15 0 0 23 20 10 22 3 30 23 23 23 9 1 27 15 20 3 22 10 1 1 30
split_gain=35.5621 10.7462 6.86143 6.10036 7.9547 7.54394 8.289 6.26844 5.80529 5.34243 5.5759 5.26123 7.47182 7.13656 4.65294 4.47648 4.42807 5.85813 9.88562 6.22407 8.257 5.3838 7.7554 4.92068 4.29411 5.78616 7.93748 6.56156 4.16949 4.26223 4.16863 6.90002 5.08533 8.25962 6.77862 4.27618 4.16526 5.92592 3.97307 3.89893 3.73158 4.58265 3.67705 3.60124 3.52902 3.48682 5.16784 5.87677 4.41027 3.45279 3.30823 3.25597 3.19728 3.17029 3.13092 3.10596 3.06727 3.11442 2.95003 2.86689 2.76316 4.38177 2.75733 5.34543 2.70263 2.63104 3.01721 3.127 2.61353 2.55025 2.31613 2.2404 2.22883 2.18515 2.06723 2.04595 2.35488 2.02047 2.01234 2.00015 2.85398 3.78715 3.1269 3.66821 2.73924 3.61171 2.34293 2.23663 1.98528 1.9542 2.49843 1.83493 1.58073 1.57849 1.34722 1.38452 2.063 1.6473 1.32193
threshold=95.358258426313995 0.20000000000000001 6336.5000000000064 1.0628399109234845 -0.24853196104769351 6.5000000000000009 1.2002304634639216 1.6349999999999991 0.052285587702358922 195323.50000000003 93.376238591267665 0.0039490039195477509 2.5149999999999992 -0.011527327711807421 12.500000000000002 0.0036797542292614119 -0.34138968931337466 23.086647622106508 24.592433312404761 385642.00000000006 2.5074999999999998 0.078830247339864004 28.266201143207674 0.33988023917976901 0.016971372397652566 48.421204429165229 0.18839285714285711 -171.28314960927327 0.0041439047291018079 5.5000000000000009 -3.2448627342955292 0.018137738248992379 -0.077871048419580355 -348.06615438214016 0.60000000000000042 -141.57453580096504 -0.086441592846913037 0.019901154139575886 0.052285587702358922 0.20000000000000065 -0.076971218722757626 363738.00000000006 -0.003132646563277663 0.03608513506082222 373599.50000000006 0.14508293650793655 41.99325432843213 1.2972629666385138 -0.063126584767848479 0.026150646814384063 1.1439885971700923 13.500000000000002 -0.021579695329338396 0.0016697963445158062 -0.0088672624848928332 0.0032501099129814575 -0.0099474628276248738 -498.08658464532175 0.011564345674644651 36.450114329998414 69.288721999922615 0.99916824532323012 -2.3482244251224502 -0.11499999999999842 76.949282513298982 67.458525430414866 -4.8668241830702117 -5.365305436607489 12.500000000000002 0.52518423934482061 0.0050378046716090443 0.66000000000000203 179879.50000000003 -0.023816335758747972 -0.025799517511642774 0.0040708066643976313 228148.50000000003 0.5145129189718094 -0.017082751189426423 -4.6720987268298027 1.2836028566284836 -0.28549166666666653 1970.9999999999911 0.02741462223540703 65.83106516990695 -2.2427257577270399 -3.2134912611558231 -2.749135670513704 0.29999999999999943 -0.037907031352308156 0.01234281824965733 209260.00000000003 1.0059853837092498 -0.0094333546204278789 1058.5000000000102 0.11545642857142872 0.19224722591634638 0.02241694736924749 136.58517256464231
decision_type=8 10 10 2 2 2 2 2 2 2 8 8 2 2 2 8 2 10 10 2 2 2 10 2 2 10 2 10 2 2 10 8 2 10 10 10 2 8 2 10 2 2 8 8 2 2 10 2 2 2 2 2 2 2 2 2 2 10 10 10 10 2 8 2 8 10 8 8 2 2 2 2 2 2 2 2 2 2 2 10 2 2 10 2 10 8 8 10 10 2 2 2 2 2 10 2 2 2 8
left_child=1 16 3 5 7 6 40 98 62 28 14 12 -7 -13 30 -4 -1 23 -19 20 21 24 -23 36 38 26 27 -26 49 53 31 39 34 77 64 71 -18 74 43 -11 -2 42 -42 65 -10 46 47 -16 -47 58 -14 -31 -40 -30 -21 -33 57 -24 -3 -56 73 -62 63 -6 -32 66 67 69 -15 -20 -67 -35 -68 -41 -38 -58 -77 94 -53 -48 82 -82 84 92 -81 86 -86 -83 -57 90 -61 -27 -84 -60 -34 96 -96 -97 -5
right_child=2 9 15 4 8 11 -8 -9 44 10 -12 13 50 68 45 -17 17 18 19 54 -22 22 56 -25 25 91 -28 -29 29 51 32 55 33 35 -36 -37 37 -39 52 60 41 -43 -44 -45 -46 48 79 -49 -50 -51 -52 78 -54 -55 59 88 75 -59 93 89 61 -63 -64 -65 -66 70 72 -69 -70 -71 -72 -73 -74 -75 -76 76 -78 -79 -80 80 81 87 83 -85 85 -87 -88 -89 -90 -91 -92 -93 -94 -95 95 97 -98 -99 -100
leaf_value=-0.0055298956579293099 0.015234215922890407 -0.020774150321770608 0.015877220131688647 -0.00037060595274230311 0.0088238587158440546 -0.019167497028600381 -0.015462600636804906 0.012698796922265498 0.0061431603149961688 -0.0047608693830306905 0.014755384439442755 -0.018140667975468018 -0.011686589290332337 -0.0024419826200605295 0.0081586774547060623 -0.0050687057324177859 0.006294520512069338 0.020157054032579943 0.00096383997941855621 -0.0012195521240336037 -0.016557336436386356 0.013045884122741215 -0.0038249363203765809 0.012418232364046163 0.0016950327356727826 0.0017214840200856121 0.011350418374355988 -0.021679505232015985 0.014866225542503116 -0.013699185154411748 -0.012424423696126449 0.0048635129942339907 -0.018865886882107111 0.016618196501371047 0.02127745445096297 -0.010383707774307849 -0.020617787436918483 0.0063917133117176918 0.0078849637536771138 0.0037180631492171939 0.0038339466114179258 0.013355540433513472 -0.016747077025846473 -0.0044983940507669733 -0.012119679361664651 0.011289654105267584 0.017180591415323538 -0.013539734003428212 -0.010756126133810372 0.0011312708565510193 0.0066032187811962181 0.012289254734859947 -0.012621233795609407 -0.0043896080941465592 0.019107591603937889 -0.003719092882896275 -0.015537550231815868 0.014907715378882367 0.0080007835823771231 -0.0049368633196520883 -0.012826214056980985 0.011537703738722989 -0.018977355618018905 -0.014219016162035874 0.0068908445283101544 0.007669866696390428 0.0047653976554144044 -0.0053698265321079526 0.011631408616591524 0.015737534142744994 -0.0085641865659197673 -0.0003824444421762094 0.016816242491995436 0.016623681577737807 -0.0072306468174030093 -0.010272388233138469 0.0048300875005242092 -0.0023656793806357814 -0.0043583143558337378 0.012911042506653729 -0.0006252317169097982 0.0037388612504530663 -0.0021374805700034101 0.0070734633688952888 0.0044030020088318697 0.016597178971961769 -0.013859021460690988 0.020211923543141667 -0.020472399421316855 0.014837966668566077 0.0095094500571355853 0.016935106938677856 -0.01784013005498572 -0.011249794019954212 -0.017201841403436575 0.0064815722116412138 0 -0.010886611635742411 -0.014099414706544014
leaf_weight=8.7146675800904614 8.1600643619895035 7.8875308334827405 4.9936071457341287 3.0094845783896726 2.7379320082254717 15.314458625856789 4.3775390582159153 5.3859508857131004 5.3391917143017036 5.9861903348937657 6.9149528751149765 3.8809181544929769 3.6322834081947786 5.8593741580843908 5.0454930895939452 4.2761684581637391 7.6961229457519975 12.552669504657386 4.9742050534114242 4.1202329294756046 4.1111810207366934 7.2641823086887589 6.3482886888086796 5.5513694994151583 5.1671695667319026 3.4983151284977776 4.9911477612331501 6.3049371149390963 5.1884577674791235 6.5274910610169155 3.7904003439471108 2.7945220787078124 9.1856418401002902 4.6757852910086513 3.4370510838925838 2.9808700303547102 4.674913649447265 5.4946732856333282 3.1232239613309503 5.4959521936252775 4.317799732554704 4.475569773465395 3.4208513312041742 3.7009520805440763 4.2253542086109519 2.6124645839445293 4.504058761522173 6.5408197157084942 7.435667706653474 3.8436666149646035 5.4207986649125814 2.1827960982918722 3.3362380787730208 3.008611835539341 12.664958320558069 3.5937260892242193 6.543570162728428 2.6867845132946986 1.493596092797816 4.2079268284142 2.8792001064866772 3.3682867055758834 28.247691254131496 11.374418962746855 2.5623019579797983 6.6721550743095559 5.3306465446949067 3.9110856130719194 6.446597196161747 7.3100355910137296 2.5819813963025808 2.9557954538613558 28.634859719313681 10.644449565559624 9.6435363236814684 5.355238573625682 4.0630696313455701 5.0616924818605176 4.6707921251654643 8.9973769392818266 4.6059315670281675 3.2545976592227825 3.354757587425409 4.40652846544981 2.7496231757104397 1.8667351976037014 3.304695894010365 8.379953106399622 4.0477763926610351 7.7467446685768691 7.6849191002547741 4.9808405926451087 3.1308521628379822 1.5708856536075471 6.8024500058963877 2.2933379681780925 2.251902193762362 1.9975537676364181 4.1621099058538675
leaf_count=69 51 94 76 36 41 185 57 52 60 83 81 59 40 48 52 48 52 85 63 33 35 49 82 26 54 35 25 45 64 98 55 62 139 43 27 57 40 51 40 71 37 20 42 45 57 40 46 55 133 63 49 41 35 33 75 44 70 41 49 31 41 51 416 203 44 97 57 43 35 60 32 52 291 113 84 68 52 62 78 125 55 56 53 41 51 31 58 71 43 101 73 61 34 25 79 45 57 30 53
internal_value=0.000542903 0.00284081 -0.00640682 -0.0073553 -0.0108128 -0.0038631 0.0029875 0.000479984 -0.0135285 0.000167975 0.001397 -0.00804061 -0.012615 -0.000908487 0.000749258 0.00644287 0.00524623 0.00570477 0.00683132 0.00575746 0.00409841 0.00485003 -0.000729342 -0.000419718 0.00675293 0.00103572 -0.00441663 -0.0115549 -0.00528513 -0.000725907 -0.00170149 0.00214237 -0.00480956 -0.0074139 0.00513404 0.00427965 -0.00324755 -0.0070612 0.00876695 0.00619679 0.00731861 0.00150489 -0.00575995 0.00997574 -0.00211337 0.00377684 0.00522688 -0.00410799 -0.00464676 -0.0116001 -0.000952493 -0.00618023 -0.00280069 0.00791997 0.0115352 -0.00855763 -0.00497389 0.00228333 -0.0159406 0.0131722 0.00920151 7.97688e-05 -0.0160247 -0.00952568 -0.00462935 0.0109242 0.0123536 0.00629512 0.00508895 0.010134 0.00282797 0.0104276 0.0150611 0.0125639 -0.012314 -0.00904913 -0.0038025 -0.0119274 0.00144379 0.00749001 0.00626171 0.0114536 0.00302582 -0.00346124 0.0072105 0.00020011 -0.00583792 0.0160734 -0.0135336 0.00884886 0.0043597 0.011267 -0.0106943 -0.00193983 -0.0139295 -0.00980406 -0.0131597 -0.00183726 -0.00890085
internal_weight=560.984 421.926 139.058 129.788 64.4821 65.3063 24.7518 12.5575 51.9246 200.283 163.909 40.5544 24.3675 16.1869 156.994 9.26978 221.643 212.928 179.868 167.315 130.89 126.779 32.2611 33.0606 94.5178 24.9424 16.4633 11.4721 36.3738 21.5781 86.8049 38.8101 47.9948 38.205 9.78975 10.6125 27.5092 19.8131 69.5754 28.3741 20.3743 12.2142 7.73865 63.1159 9.56455 70.1896 60.1414 11.5863 10.0481 14.7957 9.05308 13.3811 6.45946 8.19707 36.4248 10.436 24.997 9.03507 10.952 32.3045 22.3879 6.24749 42.36 14.1124 6.3527 59.415 50.1608 16.1953 12.306 12.2842 9.25414 7.63158 33.9655 16.1404 14.3184 15.9619 9.41831 27.5926 6.85359 48.5551 44.0511 16.2405 27.8106 10.8921 16.9184 7.92105 6.05432 11.6346 7.6415 19.6396 11.8928 8.47916 6.48561 3.06448 22.5309 13.3452 9.05435 4.29089 7.17159
internal_count=6490 4825 1665 1541 918 623 207 141 777 2725 2180 416 274 142 2099 124 2100 2031 1778 1693 1380 1345 362 253 983 220 124 99 545 314 1198 508 690 564 126 152 227 175 763 359 150 99 79 688 117 901 728 107 173 231 89 217 75 97 313 149 313 123 168 280 276 92 660 244 99 643 514 166 83 123 129 95 348 184 124 190 120 412 119 621 575 182 393 128 265 140 109 127 87 205 104 96 87 74 350 211 136 75 89
is_linear=0
shrinkage=0.0158889


Tree=31
num_leaves=100
num_cat=0
split_feature=30 12 1 27 5 30 12 6 26 12 20 19 14 32 30 28 13 4 14 31 33 28 14 4 28 32 30 22 5 31 6 22 31 12 30 31 31 32 13 10 10 27 20 19 27 5 31 5 4 4 19 30 26 19 32 12 27 27 13 30 27 32 12 33 5 26 27 13 13 10 19 28 26 12 5 30 10 1 22 14 1 6 19 27 5 19 1 28 4 14 12 28 4 13 22 27 20 27 10
split_gain=34.2148 10.6135 7.20938 6.1543 7.20132 5.89626 5.91893 8.18294 6.0617 5.67908 6.84412 5.62058 9.24617 5.20243 4.76661 5.45969 4.57946 4.43671 4.27168 7.25209 6.90456 7.1515 5.53055 5.44259 4.12216 4.10867 3.94866 3.66059 3.78922 4.70835 3.65808 4.23586 3.64181 4.75736 3.60789 3.58545 5.80059 4.396 4.12238 3.66366 7.97706 4.95041 3.56782 3.54272 3.49337 8.0111 3.30469 3.88677 3.30092 4.43104 3.28104 3.26306 3.66464 3.21059 3.09146 3.791 3.346 3.70248 3.73823 3.07332 3.06394 3.05828 3.01286 3.24553 2.97729 2.80852 2.7719 2.90162 3.27687 2.75219 2.58603 2.52674 2.42592 2.26064 2.9747 2.23222 2.22431 2.17339 4.08606 3.50116 2.16996 2.15828 2.12958 2.07454 2.03088 2.66722 2.01647 1.98846 1.95318 2.50936 1.93495 4.83154 1.85849 1.83068 1.76623 1.74025 1.57173 1.5156 1.48378
threshold=95.358258426313995 0.0035404510244625913 0.087701337423600992 -0.040123704694683675 0.46230158730158738 21.170443580817388 0.013531867393361317 0.18249408293747696 -0.0054034251413594961 0.0051987353900088277 0.51509595072833092 0.0032655142938906594 0.022212714831064798 -1.0067161105060214 53.880094483076199 -200.01558028491436 0.010375108984426317 0.0092561126325261065 -0.015035334336147064 0.6900000000000005 0.81666666666666676 -410.33769129455249 0.022480636468162538 0.11442171621756245 -1629.0130666290793 -0.8724694956479947 90.165509789925252 1.0000000180025095e-35 0.42658730158730163 -0.65000000000000024 -0.00083714354550773462 74.749999999997286 1.6150000000000004 0.014679318671345027 40.204262925918819 1.349999999999999 1.1700000000000037 -0.85420666180136517 -0.0043334338515101604 0.086515151515151545 0.21229499999999993 0.0094383466815166645 0.91427182236180438 0.0033482220063725753 -0.020163526788723681 0.87500000000000011 2.0099999999999993 0.70833333333333348 0.021125549136714359 0.018297541759516044 0.0049604181509315644 66.991991648564024 -0.0020601209505063385 0.0029224453607410252 -0.0075760610383083472 0.0070825291911838836 -0.0041110048617851161 0.0056164229633771665 0.0064921130782923716 74.576617534687074 0.0030440666809229415 1.1142528887025867 0.011552829010509158 0.71666666666666667 0.74404761904761918 0.011681061346973222 -0.028513909256825284 -0.013426109779763514 0.014577500830175314 0.044067647058823552 0.0060201411382696524 -844.25028029404882 0.013595159465333963 0.0069372975494797181 0.67261904761904778 79.874740067153596 0.17496153846153842 0.25383255708007707 3490.4999999999823 -0.019180797016209002 -0.090090761997697652 0.027056689411925076 0.0023429640093779324 0.017963247358239069 0.87500000000000011 0.0099319712158989337 0.0079390472496929671 -501.65967500318243 0.023377168224613113 0.0037702991909108479 0.0087291635471536486 -1442.973947779042 0.01818596479792647 0.0037547363048649456 6772.4999999999936 0.010324826833652325 0.43210696630832318 0.0093168003235377678 0.05770032051282048
decision_type=8 10 2 2 2 10 10 8 2 8 2 2 10 2 10 10 10 10 10 2 10 10 10 8 10 2 8 10 2 2 10 10 2 10 10 2 2 2 10 2 2 2 2 2 2 2 2 2 10 10 2 10 2 2 2 10 2 2 10 8 2 2 10 10 2 2 2 10 8 2 2 10 2 10 2 10 2 2 10 10 2 8 2 2 2 2 2 8 10 10 10 10 10 8 8 2 2 2 2
left_child=1 14 9 -4 61 -3 13 8 -8 16 92 12 -12 24 15 35 -2 -16 23 20 59 42 34 26 -7 80 62 28 29 -26 90 48 33 -27 69 36 38 -37 -1 60 41 -41 65 -39 45 94 -45 -48 49 -32 -29 52 -31 -14 55 95 -57 -58 -59 88 -40 -5 77 -64 -46 75 -56 -68 -69 -21 -50 86 82 -44 -75 -22 -53 79 -79 83 -10 98 -30 84 -15 -86 -61 -54 89 -20 -13 -92 -11 -35 -6 -36 -18 -23 -19
right_child=2 5 3 4 44 6 7 -9 25 10 11 30 53 18 17 -17 96 81 19 22 21 97 -24 -25 27 32 -28 50 72 51 31 -33 -34 93 54 37 -38 43 39 40 -42 -43 73 46 64 -47 47 -49 70 -51 -52 76 87 -55 66 56 57 58 -60 71 -62 -63 63 -65 -66 -67 67 68 -70 -71 -72 -73 -74 74 -76 -77 -78 78 -80 -81 -82 -83 -84 -85 85 -87 -88 -89 -90 -91 91 -93 -94 -95 -96 -97 -98 -99 -100
leaf_value=-0.0049103822505392912 0.01057816901482511 -0.014894210721439916 -0.015868324462539489 -0.0158371268538588 -0.00033791026010119923 -0.01005542878612929 -0.018750693226786821 0.019299119736490827 0.002203174579257036 -0.020392158021212584 -0.014525500462441924 -0.017598242937033957 -0.0011499340119161968 0.015848973073486126 -0.017118726957164435 -0.0071585084034975774 0.0036840373455004063 0.014956277518145138 0.010162981510114105 -0.0044822428879854551 0.016588038414143861 -0.015656139068899497 -0.014726803405110173 -0.008864912162682306 -0.014926653107149523 -0.010869220121588483 0.019599394390714349 0.018781312703258429 0.001009457598612076 -0.0064199647030269763 -0.0066758141263585334 -0.018900525575005763 -0.011230718621277742 0.016867359056217023 -0.011118858377706521 0.019304074830145561 -0.0067506848313486573 -0.001000917996781989 0.021543483931802231 -0.011402652585963393 0.013759939722869029 0.006897529514982282 -0.0043142241201878234 0.020136240266238382 0.016207421921022324 0.013524569810080064 -0.00068765899484307669 0.013438857937037784 -0.00083882087912299217 0.012330920775415144 -0.00068950057484620342 0.0035479462389405138 0.015335098790447014 0.017147403762618092 0.0063373130516261094 0.015593474183389598 -0.011542512138755279 0.016740679188797965 -0.0042524462862914168 0.005357069448479323 0.0078606713395609311 0.0030269594016043857 -0.016432582769694708 0.0048492088058634253 0.001160879376468926 -0.000630606393692176 0.0023344087563427489 -0.014267245659566151 0.0047391182708315261 0.010731835806563174 -0.016389572259992193 0.011780214007345724 -0.0024493397746658901 -0.0023632150280625016 0.018952971989932881 0.0010434919964324892 -0.013646488391845853 -0.011894746306194066 0.0099549871862570308 -0.0055143997923624349 -0.017373007947558739 -0.0062488883534064007 0.01727889076300887 0.0019762905918459576 -0.0063928745447557073 0.012920212212419784 -0.014810412516763639 0.002847015604346356 -0.017876112231870786 -0.013382673067270107 -0.018040152793966348 0.01193695701496799 -0.0033705668760976954 0.0017288804381996221 -0.016122448041324244 0.00098967366770370715 -0.011103773271235134 -0.00020133082156670662 0.0020897424029725727
leaf_weight=5.3275378979742518 5.9982393812388164 5.0333892889320841 5.2367714680731288 6.3072645105421525 2.8797494657337648 3.0513174161314955 7.9054860817268517 2.6087308805435887 1.6806589486077426 16.606451529078189 5.500056901946663 16.627132886089385 3.7103510266169888 14.641265914775436 2.8984538652002838 5.329639045521616 2.1155614592134953 3.0010334700345958 1.6585610909387445 4.0983133586123577 19.438942182809122 2.9089369354769579 9.4487180504947883 6.0027385391294947 3.2111356742680064 2.5882534245029047 4.6906432127580038 10.022450265474616 2.7122638095170251 3.4020456885919002 5.4836647901684135 4.6269784774631253 3.3995907828211793 5.5017364351078832 7.3965060715563578 14.130176632665096 7.4567169155925503 7.5346061605960122 8.5966626415029186 7.4788475073874014 13.659804674331097 6.323556971270591 6.2258606394752842 7.1528840465471175 9.0797860184684414 5.4481752198189497 8.538805656135084 10.562239036895333 5.375023312866686 5.6919339895248413 2.6231373772025099 3.3111408650875083 8.8900257684290391 5.7055474109947681 2.7126634977757922 4.5022053448483357 3.8305295472964609 3.6835625637322664 3.8012862801551819 1.8053988153114917 9.9197269808500987 2.8361676279455423 2.6909636463969937 3.4667704412713647 5.3360155457630745 3.3231838643550864 4.0921967476606396 17.088015526533134 2.2767939893528846 8.0432255370542389 5.1378532517701387 3.084713689982892 2.4427785873413077 2.8816106645390391 2.7994635896757245 2.8291903608478597 3.1856734165921807 3.7301808586344114 3.6706679961644113 3.5919644962996271 4.9713218817487403 4.1493214620277294 9.9159601135179383 6.2883913824334732 2.7667492693290106 3.3193104825913906 2.1075317887589335 5.5693660555407467 4.6528685810044408 1.672915320843458 2.3292273450642824 1.9221388660371292 2.1829548031091681 3.3764261845499295 4.6095920586958528 4.5009365295991302 5.7221130467951298 3.1081581669859588 7.0764464833773673
leaf_count=39 53 45 82 93 40 58 120 27 32 275 75 226 59 201 25 56 37 23 39 34 249 36 125 56 35 51 46 131 56 39 52 81 48 72 95 95 50 56 68 51 95 60 69 48 63 31 52 64 55 29 40 59 92 28 39 67 52 52 46 57 69 22 31 51 59 25 63 233 48 73 53 39 27 56 42 42 55 60 57 47 100 42 146 64 36 37 36 72 61 37 42 28 41 48 53 55 88 37 86
internal_value=0.000615797 0.00289434 -0.00626365 -0.000729216 0.00165557 0.00117011 0.00149411 -0.00486525 -0.00738071 -0.00867499 -0.0102731 -0.00758128 0.000863402 0.00233073 0.00666123 0.00784974 0.000668421 -0.00108198 0.00103687 -0.00049231 0.00367996 0.00686705 -0.00373741 0.0047457 0.00645399 -0.0027695 0.0065198 0.00747692 0.00509424 0.00148612 -0.0102392 -0.00603784 0.00190952 0.00622964 -0.00203379 0.00864197 0.00588876 0.011888 0.00779564 0.00932616 0.00541375 -0.00304148 0.00945061 0.00847811 0.00574427 -0.000252554 0.0111808 0.00727063 -0.00281914 0.00309389 0.0148543 0.00398959 0.00744705 0.0102525 -0.0038045 -6.13952e-05 0.00493657 5.83351e-05 0.00649596 -0.00544448 0.0147353 -0.0101046 0.00486592 -0.00501568 0.0109541 0.0127367 -0.00765369 -0.0094174 -0.0119256 0.00558201 -0.00898027 0.0021318 0.0113381 0.00206055 0.00887746 0.0147204 -0.00525423 0.00653676 -0.00105249 0.00837514 -0.0125796 0.00272307 0.0140394 0.0103253 0.0127 0.00427305 -0.00591473 0.0108783 -0.0118285 -0.00175602 -0.015181 -0.00457152 -0.0186154 0.0116598 -0.0106147 -0.00666867 -0.00706521 -0.0085248 0.00661998
internal_weight=549.84 413.371 136.469 41.7335 36.4968 284.235 279.201 32.0322 29.4235 94.7352 80.8993 62.1099 14.916 247.169 129.136 112.011 13.8359 17.1253 188.832 133.972 58.4973 43.5153 75.475 54.8596 58.3373 21.518 48.8569 55.286 42.6404 27.5694 47.194 26.3155 14.866 11.4664 66.0262 106.682 58.7629 47.9187 51.3061 45.9786 27.4622 13.8024 37.4983 33.7885 27.3533 12.9375 26.2539 19.101 21.6885 11.1756 12.6456 24.3583 17.8614 9.4159 53.8847 27.715 15.8176 11.3154 7.48485 14.982 18.5164 9.14343 44.1663 6.15773 14.4158 25.5913 26.1697 23.457 19.3648 12.1415 10.5129 6.99764 15.071 11.9069 5.68107 22.2681 6.49681 38.0085 7.40085 30.6077 6.65198 14.2268 12.6282 27.0157 20.7273 6.08606 3.91293 14.4594 7.98434 3.33148 20.8785 4.25137 18.7894 8.87816 7.48934 11.8974 7.83767 6.0171 10.0775
internal_count=6490 4825 1665 443 361 3846 3801 498 471 1222 1044 728 162 3303 979 803 178 176 2493 1807 825 556 982 686 810 351 630 752 581 352 566 270 219 171 857 747 432 315 382 343 206 111 483 220 246 124 164 116 189 81 171 317 203 87 750 367 217 150 98 269 137 115 584 82 122 316 383 344 281 107 108 132 229 167 98 291 114 502 117 385 132 151 202 338 274 73 93 164 137 76 296 70 316 120 93 150 125 73 109
is_linear=0
shrinkage=0.0158889


Tree=32
num_leaves=100
num_cat=0
split_feature=13 29 19 31 29 19 31 24 7 20 1 26 0 20 19 27 17 24 25 1 18 24 5 13 29 1 24 24 17 8 0 13 13 10 5 20 26 13 27 1 24 11 1 20 7 29 11 19 13 31 29 13 10 20 13 5 7 24 19 31 27 0 7 19 20 25 1 13 29 26 13 0 0 31 1 1 26 26 27 11 10 19 8 17 29 10 31 17 5 17 13 24 8 29 25 29 7 27 29
split_gain=11.2371 7.46054 6.23451 4.85012 4.57607 13.34 9.88702 9.5479 10.4117 11.422 8.22308 17.4869 11.6993 4.97494 5.08174 5.13024 4.72593 4.06672 6.31771 5.7104 4.57991 4.26936 5.30144 4.11261 4.00837 3.96671 3.80594 3.76253 3.49767 4.33257 4.264 5.1807 4.09464 3.48963 3.97903 3.45476 3.22824 3.03154 2.91032 2.90684 2.83487 2.8233 3.28459 5.63694 4.82025 3.73036 2.75148 4.20731 5.67083 4.57842 3.33175 4.16307 3.18991 4.8208 4.43781 5.12295 4.05837 4.19143 4.30763 3.63394 3.13871 2.87623 3.26149 2.86524 2.7129 2.68655 4.81253 2.67944 3.19024 3.16178 2.62083 2.47944 2.4705 3.07638 2.38182 2.37773 2.31884 2.27304 3.14126 2.26791 2.22191 2.15508 2.39325 2.08378 3.56113 2.00176 1.70048 1.61421 1.56364 1.51911 3.83814 1.51897 1.74888 2.19223 3.9227 1.45561 1.44376 1.38368 1.34867
threshold=0.040498018532330357 -679.30950214568986 0.0059127186973959691 4.6800000000000006 -2064.2612501942126 0.0027655274254577019 1.6150000000000004 4.5459382595036866 0.76388888888888895 0.79268840676653396 0.079206929154047048 -0.0021257308050542929 0.66143119864050115 0.42161260181649346 0.0054276275045850629 0.040395767979895421 -0.12281533182308689 2.5935873533293399 0.014825619348737608 0.25383255708007707 -0.0054645280612949662 1.1438810111112214 0.89484126984126999 -0.0029800241434051861 -1893.6454686611962 0.34382727576978095 0.12978678148864875 4.7891851853727161 0.040055845045577028 12.500000000000002 -0.19337215286168161 0.022162827564699002 0.0070551860536618967 2.1249999999999996 0.69642857142857151 1.4034654885454001 -0.021149778382243797 0.010100629699627517 0.032917388007393973 -0.12895037617346147 2.3198098451926685 0.0057242891068920608 -0.043875195434602492 0.58582605346903127 0.35912698412698418 -25.043011690090644 0.0089786687976089827 0.003510878505189417 -0.00099230932896456005 0.090000000000001648 -1069.1132820046998 -0.0036350795582439609 0.004588888888888803 0.6759327119652131 -0.027262253657977142 0.66468253968253976 0.64484126984126999 4.2455674485898056 0.0041755039404372139 0.1250000000000018 0.010902893096037427 0.095098804876934798 0.22420634920634921 0.0035899215396960399 1.0146913563934119 0.0030394363594136169 -0.007322911322157454 0.0098755020133861077 -364.25863816843787 0.0032035164405651577 0.017989454830248951 -0.18170598400258539 -0.26099342730440284 0.50499999999999912 0.14397769960050102 -0.065874020427478239 0.011529921246060228 0.0047191300367415154 0.0035942099628921702 0.0026952814102639204 -0.054054464285714234 0.0042977845669689742 10.500000000000002 0.011817602020799624 -1041.0599747280162 0.075000000000000011 3.2250000000000019 0.0086161033838282348 0.4781746031746032 -0.041664706496526253 0.072082900785583118 6.7846124130282435e-16 16.500000000000004 -473.40256916015773 0.026674427367600954 -89.446565479798181 0.36706349206349215 -0.0057923652379038839 -275.44622389328373
decision_type=10 10 2 2 10 2 2 8 2 2 2 2 2 2 2 2 10 10 2 2 2 10 2 10 10 2 10 10 10 2 2 10 8 2 2 2 2 8 2 2 8 10 2 2 2 10 10 2 8 2 10 10 2 2 10 2 2 8 2 2 2 2 2 2 2 2 2 10 10 2 10 2 2 2 2 2 2 2 2 10 2 2 2 10 8 2 2 10 2 10 8 10 2 10 2 10 2 2 8
left_child=3 -2 33 4 5 -1 10 -8 9 -9 12 -12 80 26 16 17 81 21 19 20 -19 23 24 -16 -23 -21 -6 -20 29 30 -28 77 -30 34 38 46 -27 85 41 -22 -31 42 89 44 45 -44 50 48 -48 -50 51 -18 53 -52 -54 56 57 58 59 60 -56 62 63 -61 75 -60 -67 68 69 -58 -39 -25 -57 -74 -10 -55 -17 78 -32 -41 -7 82 -15 84 -5 -26 -87 -49 -69 90 -3 -64 93 -93 98 -91 -62 -45 -95
right_child=1 2 -4 83 13 6 7 8 74 -11 11 -13 -14 14 15 76 35 18 27 25 39 22 -24 71 37 36 28 -29 32 40 31 -33 -34 -35 -36 -37 -38 70 -40 79 -42 -43 43 97 -46 -47 47 87 49 -51 52 -53 54 64 55 72 67 -59 65 61 96 -63 91 -65 -66 66 -68 88 -70 -71 -72 -73 73 -75 -76 -77 -78 -79 -80 -81 -82 -83 -84 -85 -86 86 -88 -89 -90 95 -92 92 -94 94 -96 -97 -98 -99 -100
leaf_value=-0.018195183885628661 -0.011151765291689328 0.014927353924664143 0.017487883447088653 0.021535258287268905 -0.0068647553065892871 -0.005156880847504354 -0.013882631012570352 0.011782827284059756 0.0082627499993962149 -0.015547952137641322 -0.014629695111527041 0.016820571558704766 0.012914205153081563 -0.014257740651608666 -0.0062769130022033619 -0.020609344952300476 0.0035447167523181061 -0.0032535298427854137 0.0037915004259143487 -0.01721044672215331 0.00024622000959258596 0.012111134030847912 0.011123853393801772 0.001201422601400167 -0.016522093171481247 -0.0081101775713998646 -0.0095914355473059494 -0.014914364722082409 -0.017810933494018487 0.019177465867930475 0.0014023380359601319 -0.011027398436511737 0.0080481442559838939 -0.0078885740317617848 -0.0064612980223296345 0.011658796430370169 0.012562499260107603 0.008971324714062888 -0.0045510374391980199 0.015661887000877343 0.00037084001642373541 -0.0044529715894088854 0.010523815582157342 0.0041169540533552672 -0.015980317819803556 -0.0076316887784964064 0.016209791406632111 -0.02198264104082405 0.0069544900881321065 -0.012638404239347586 -0.019865181894307929 -0.015126643737867353 0.014361520775688639 -0.0060875539501477893 -0.011777279065005907 0.0027371429137205872 -0.00088671382970725496 -0.011109406619825145 -0.017367225426854583 -0.0072807119105143267 -0.0036312211885625115 -0.0040598071129614955 -0.00056565159263164875 0.011550421785175321 -0.0098149631391064272 -0.0084152938794905922 0.015172368522304846 0.0049904834331973499 -0.0084810760571971348 0.01886893627297824 -0.0082530802516409419 0.017619210956185495 0.0010114284531177423 -0.015420589783015028 0.021782365245977618 0.0064487130197898894 0 -0.0026560192753700184 0.015488221931139906 0.00061431998175789937 -0.019125423237284334 -0.021283504203576765 0.0030362313250733371 0.00056482725053144667 0.0007702642363074918 -0.0095794296640280101 0.0039612234750672224 -0.0040706487645700224 0.019592779706281763 0.010097772294071721 -0.0047778089939645111 0.017310705447906142 0.020560424050331757 0.0021138215044946966 -0.0067444174775372406 0.020381741078846157 0.0099962635463095584 0.014446989087169973 0.015988748219452217
leaf_weight=13.870455775409935 5.9665936147794119 4.9964270861819404 10.742067775689064 4.5972824823111296 6.2597452374175182 4.2301429468207088 5.3956010947003952 7.128293680027129 6.9771560467779663 7.0751723572611809 7.9086016993969706 8.7454751431941968 3.4805128984153262 3.6001877468079311 4.1333249732851973 3.0200775768607846 4.1297509856522074 5.1245412565767756 4.7897397624328715 2.8090168684720975 4.4303232738748113 2.1445537954568854 4.4806752167642108 3.8564442521892479 9.4206299800425821 2.8214617911726236 4.3884603381156913 5.0006278017535806 2.6853565331548443 9.228994396515187 5.9876840566285088 3.1539717409759751 2.3606780860573053 4.5941813606768838 5.7903145384043446 3.9893466569483271 3.7010758612304926 3.8333266591653254 4.9005572879686943 26.252832910977315 2.6587665891274819 4.116033553145825 6.4940978358499697 5.8383141458034489 3.9712908929213873 4.1797244693152704 2.6832364834845066 4.7277236790396264 3.7777344444766667 9.5038724690675718 4.3446223894134191 8.5299033075571042 4.840419220738112 5.6655191630125072 6.2694853264838439 3.8852928876876858 4.3280034530907869 7.8065487500280133 3.747508122585713 5.7601835420355183 3.4069051072001457 6.3395406091585746 2.7812396176159409 2.3768225619569421 7.4827930629253379 7.5098143732175222 2.3678013337776056 3.8967804163694364 4.0068894047290105 3.08704928541556 3.8452562028542161 5.9785163672640911 3.7510539749637237 10.034171213395892 9.1931534595787507 9.1051374115049821 2.1546633178368211 3.1731096208095542 12.959540966898201 2.9386211782693854 17.587977976538244 3.8853267580270767 3.446004225872457 5.630558105185627 3.653426028788088 7.6707417918369156 2.7918700659647584 2.21531140524894 4.6972368312999606 10.643994707614185 4.0111202616244555 4.7244039168581287 4.2143952324986449 3.1295531746000051 4.3855341095477343 8.146418339572838 3.2608763063326478 10.430328072514389 4.6991014713421588
leaf_count=190 74 45 87 48 68 54 96 45 42 65 101 52 15 63 45 45 54 52 58 28 48 24 43 52 149 32 64 34 35 134 65 32 40 34 52 48 56 58 45 285 48 69 56 36 29 46 35 64 46 176 68 122 41 53 98 35 52 69 73 109 33 61 33 31 52 92 60 42 21 45 66 42 53 117 41 89 59 52 144 49 233 65 58 49 30 120 33 54 45 72 33 56 46 44 61 58 45 107 61
internal_value=0.000279774 0.00524412 0.0064212 -0.000743671 -0.00103619 -0.00419148 -0.00156085 0.00452491 0.00802572 -0.00187253 -0.0067538 0.00186253 -0.0123576 -0.000217896 -0.00100473 0.0016901 -0.00256575 0.00247704 0.00529469 0.00765915 0.0103186 -0.000921103 -0.00394481 0.00629242 -0.00641767 -0.00327907 0.00424981 -0.00602511 0.00582579 0.00734986 0.00391955 0.00646139 -0.00605196 0.00476634 0.00562432 -0.00192747 0.0036099 -0.00811455 0.00671532 0.0124258 0.0152448 0.00763918 0.00853442 0.00479166 -0.00230073 0.00333369 -0.00227563 -0.00734917 -0.0025722 -0.00696172 -0.00149358 -0.00911019 -0.000773352 -0.00566764 0.000374787 -0.000309392 0.00119249 -0.000558852 0.000792701 0.00291542 -0.00420191 0.00535631 0.0072772 -0.00128537 -0.00240758 -0.00694485 -0.00214379 0.00741475 0.00208734 0.0080848 0.000302676 0.01169 -0.00800202 -0.0110572 0.0165036 0.00155059 -0.012874 0.0092131 0.011252 0.014211 -0.0166603 -0.0124392 -0.00616102 0.0082984 0.0131021 -0.0113048 -0.00589372 -0.0171461 0.0138155 0.012481 0.00634842 0.0101712 0.0115859 0.00867344 0.00461305 0.0150943 0.0032356 0.0110614 0.011073
internal_weight=556.743 94.8215 88.8549 461.922 448.04 91.5925 77.7221 35.7694 30.3738 14.2035 41.9527 16.6541 25.2986 356.448 303.591 111.198 192.393 106.024 57.8682 48.0779 38.7463 48.1553 34.1871 13.9683 29.7064 9.33155 52.8563 9.79037 46.5966 41.5505 29.6628 25.2743 5.04603 78.1128 73.5186 181.462 6.52254 27.5618 67.7283 33.6218 11.8878 62.8277 58.7117 30.9138 14.6451 10.6738 177.472 22.9079 15.9648 13.2816 154.564 12.6597 141.905 26.5981 115.307 110.466 92.7957 72.7797 64.9732 51.348 12.9373 38.4108 32.0712 8.13701 22.2534 13.6251 9.87762 20.016 11.4219 7.41505 7.67858 9.83496 17.6705 13.7852 16.1703 14.7707 5.17474 22.1203 18.9472 29.1915 21.8181 10.9315 7.04619 13.8813 8.25071 19.8832 10.4626 6.94304 8.59402 27.798 9.00755 23.9342 21.153 16.9386 12.2142 18.7904 6.66778 16.2686 7.82865
internal_count=6434 843 769 5591 5464 934 744 289 193 110 455 153 302 4530 3848 1378 2470 1274 642 550 434 632 493 139 450 116 682 92 614 539 357 293 75 682 648 2284 88 426 596 382 182 551 482 274 131 102 2236 375 257 222 1861 176 1685 262 1423 1382 1177 972 903 678 176 502 441 140 194 225 152 205 118 97 124 94 205 170 83 142 104 261 209 334 287 186 121 127 78 302 153 118 87 208 78 301 268 222 166 130 78 143 105
is_linear=0
shrinkage=0.0158889


Tree=33
num_leaves=100
num_cat=0
split_feature=30 30 18 12 14 28 26 8 8 8 26 28 27 14 13 27 27 28 26 1 14 21 18 23 26 18 27 14 21 23 23 30 24 21 12 28 12 1 1 12 8 1 30 20 27 3 5 3 26 24 21 12 20 18 5 5 28 27 8 30 5 12 8 28 1 12 8 5 8 14 24 28 27 14 27 24 18 23 1 5 23 26 5 11 24 16 30 24 21 21 26 23 24 1 18 20 26 3 11
split_gain=21.7412 14.8805 10.144 7.02227 8.02652 8.493 8.10655 6.07941 7.30505 6.22432 4.83463 5.80071 5.28205 7.92726 6.31225 5.18384 4.50972 4.39757 4.30402 4.28014 4.20876 4.19632 4.10889 3.98384 6.59605 5.27228 3.88352 3.51491 4.9725 4.06904 6.43216 3.49085 3.28541 3.24804 3.21521 3.98089 7.45646 5.65301 5.23011 4.56864 7.06807 6.24177 5.71954 4.50128 4.91761 5.10501 5.62523 3.52847 3.42134 3.2414 3.77386 3.7998 3.16926 6.85849 3.71779 3.39069 3.02297 3.10447 5.80475 6.81521 4.66148 3.58692 4.11073 3.57197 5.4178 2.98127 2.79176 2.72981 2.84469 2.7052 2.6802 2.66494 2.63157 4.71639 3.06337 2.58226 2.57194 2.53126 2.48774 2.47049 2.34781 2.32872 2.31481 3.29572 2.29003 2.4483 2.16689 2.05119 1.91607 1.90833 2.61187 2.40332 2.37862 1.84457 1.81443 1.71016 1.6304 1.59494 1.50673
threshold=75.702469690060852 16.970235368097391 -0.00063807207023107557 0.003864948735871523 0.041035127717856813 -369.50464943068096 0.0064342889294762848 19.500000000000004 15.500000000000002 14.500000000000002 0.0030093720973992659 -828.20738743906065 -0.019493085931451045 -0.015035334336147064 -0.0036350795582439609 -0.0057923652379038839 0.0023031142134704034 -345.80762123060805 -0.0095340118606906925 0.32219649546100776 -0.0054589905240309813 -0.074999999999999276 0.0013644856285176044 -3.4972084112907678 -0.00071927575460012372 0.0026559644705182696 0.029303375927107637 0.0050048828784549368 1.1800000000000017 -2.2367963047862673 -1.8839310119245256 90.165509789925252 2.304641843699978 -0.90500000000000014 0.004133277216582013 -569.41185032625003 0.013683481409851584 -0.13699263703360073 0.079206929154047048 0.012106520048187462 13.500000000000002 -0.079330369956906663 44.094355434660592 0.58718038960987251 -0.0041110048617851161 0.030481595555010513 0.70436507936507942 0.087523661141217915 -0.0084219952708232109 4.0606402200656175 -0.39499999999999952 0.0090294491990580549 0.42825487834033077 -0.00048918420157853895 0.39484126984126988 0.6527777777777779 -410.33769129455249 0.010026737704783907 14.500000000000002 26.761972514733952 0.6884920634920636 0.0023725885011301033 9.5000000000000018 -535.11301893080622 0.047753372321068917 0.0052375234196479908 14.500000000000002 0.77976190476190488 12.500000000000002 -0.0020368291863186445 3.1777408623057006 -1011.6726277989641 -0.012992008675283937 -0.041682317605545909 -0.0083673111787807546 2.2744834718641664 0.0003801446025955626 -3.0631293273913753 0.087701337423600992 0.56547619047619058 -3.2352160877415885 -1.0000000180025095e-35 0.94246031746031755 0.0027404941316885351 4.2973855980781146e-16 449.18464374116365 48.843186263414132 3.5852336939068348 -0.38999999999999962 1.0850000000000011 0.01069164487247032 -3.5036505097394479 4.7561125231004819 0.17677939995805395 0.0012644331146954857 0.44292055401478364 0.0029689287467734586 -0.040237989429093783 0.0090837184705917368
decision_type=8 10 2 10 8 10 2 2 2 2 2 10 2 10 8 2 2 10 2 2 10 2 2 10 2 2 2 10 2 10 10 10 8 2 10 8 10 2 2 10 2 2 10 2 2 2 2 2 2 10 2 10 2 2 2 2 8 2 2 10 2 10 2 10 2 10 2 2 2 10 8 10 2 8 2 10 2 10 2 2 10 2 2 10 10 10 10 8 2 2 2 10 8 2 2 2 2 2 10
left_child=1 17 27 4 5 56 52 8 9 10 12 26 82 -14 -15 -16 71 -1 -18 34 -11 -22 79 25 76 88 75 28 31 98 -31 67 -28 -13 -5 36 39 -38 49 40 41 69 87 -44 45 -45 -47 -40 -46 50 51 65 53 -7 -54 -56 57 58 63 -60 61 -59 -63 -3 -65 -37 -41 68 -2 80 78 -17 73 -42 -74 -12 -25 86 -39 -9 -36 -33 83 -4 -52 -86 -21 -43 -20 90 92 -92 -76 -10 -26 -53 -50 -87 -29
right_child=2 3 7 19 -6 6 -8 22 93 20 11 33 13 14 15 16 18 -19 23 77 21 -23 -24 24 94 -27 32 29 -30 30 -32 81 -34 -35 35 38 37 70 47 66 72 42 43 44 48 46 -48 -49 96 -51 84 95 54 -55 55 -57 -58 60 59 -61 -62 62 -64 64 -66 -67 -68 -69 -70 -71 -72 -73 74 -75 89 -77 -78 -79 -80 -81 -82 -83 -84 -85 85 97 -88 -89 -90 -91 91 -93 -94 -95 -96 -97 -98 -99 -100
leaf_value=-0.0039414168908913066 0.011451620458159737 0.01836754391229637 -0.017717810377178414 -0.0080895723296673071 -0.00749750876137257 0.010983812576313395 -0.013341342718832982 0.0047525615165607566 -0.013622295190420197 0.020048579459593392 -0.017933445138536643 0.014071019345416201 0.018999037444430687 -0.018964977485078104 0.012470924274979062 -0.017967892300394032 0.016761315157940958 -0.023393267260262356 -0.0011695099627891819 -0.0087134642503706537 -0.011476833037910791 0.013162324432941909 -0.0042694117108499447 0.0048775420690751825 0.0061144672967786183 0.0097803489877685747 0.01031063572734231 -0.016071628756087065 -0.014953412177460393 0.008261149016411137 -0.017330760095532673 0.0024554685253054555 -0.010937671501637712 -0.007378933812084743 0.010515380268757339 -0.003946582517939428 0.0072253447858916745 -0.021383265133478491 -0.016896864114580249 0.01520471347470009 -0.001747323699195954 0.01736306735591454 -0.014139887209932983 -0.01491839379987714 -0.0059266234614409321 0.013541004099738338 -0.012491396090520039 0.0039090994197981234 0.015973064164405217 -0.0032039163147612928 0.00099387798649578848 0.0016113194497476761 -0.0015214291554223678 -0.01339066469750565 0.019882862992085262 0.0030292529749013082 0.020112016623221551 0.014372918915415938 -0.011713572836261879 0.011975714435526157 -0.005966937538637463 -0.0091736558600125518 0.011224797034698118 0.01719407862934277 -0.0042981542542801909 0.013546578074032882 -0.0014660393179999225 -0.0073480021875665233 -0.0032003999697446223 -0.013453128854871916 0.0017214513595473059 0.0019333409732877982 -0.00743512167508735 0.02279822827861587 0.016275220246963897 -0.0026820076849683413 -0.014951378109680736 -0.014147665612091727 -0.00048527485423346679 0.021312394870455092 -0.0093057605582350864 -0.016854256013959908 0.0043699502102108826 1.0038522561866704e-05 0.018110759380293721 -0.0018067492081361805 0.008631465686205252 0.0037135216665791469 -0.017370774133801448 -0.0053720328779252877 -0.0095492267904486172 0.0081242042997139424 -0.0002316391399801431 -0.0024663071018993774 0.020817817245641319 -0.016621207370997818 0.0025309620851995417 0.012679528561332745 -0.003250121716463863
leaf_weight=6.1123537989333272 8.6724187154322916 23.967510741204016 6.8320408668369037 6.736830683425068 9.1627610265277308 4.8745444407686591 7.1347587066702536 4.8301476398482901 15.12228014925495 5.1266450416296721 13.093663656152794 3.863175742328167 5.9048838885500947 3.3163894424214959 8.891333842650047 4.6155778523534536 3.6861094683408693 5.8097163736820203 2.7523694345727554 2.9690940817818046 2.9220719262957573 2.8184844432398659 4.0830247662961474 2.2100397823378382 6.0306212035939275 2.997572135180234 3.1784471087157717 25.348260686267171 7.9818358393385997 5.4254555674269795 3.5871180705726129 2.0904529336839914 2.9397382205352187 2.417472139466553 2.3300620345398784 3.2183728879317623 3.599979441612958 7.7520685456693137 3.2343001477420321 9.695223310030995 2.7762388810515404 5.3448808854445859 5.7207328351214519 6.9796902174129993 3.3117337403818956 4.6266040578484535 2.8813316849991679 3.9485185090452433 6.7175088189542382 5.2668803986161938 3.6403964655473855 2.0753747560083857 5.9421028569340733 5.5894033731892723 7.4609135985374433 5.3628879068419337 7.3294525034725657 11.179952140897518 4.818230798467992 6.408899050205946 6.9757212400436392 4.4714464247226697 4.266043352894485 5.3741734838113242 5.3969849031418562 7.028383600525558 3.1450720764696589 4.4312666803598395 4.7960178283974519 12.625749211758366 1.9848314709961421 2.2761754030361905 4.0450123306363848 5.3089212011545879 9.4460862558335101 3.9479666221886864 3.7443295922130346 5.9773655477911216 1.841684461571276 4.9079736582934856 2.4664401784539249 4.0641547385603181 2.5098105305805793 4.0029024798423052 16.671923295129094 3.3135336423292756 3.0672658858820796 6.2776500955224046 6.2843247554264918 2.3878588066436341 2.8431479902938008 3.8012231569737187 2.7103335242718467 5.503409636206924 3.6974543174728751 2.2799945110455155 3.8587429225444794 3.3778556957840911 3.0644588670693329
leaf_count=41 66 167 105 76 60 29 56 59 238 24 179 46 48 37 92 71 16 59 38 32 53 22 42 30 64 18 45 411 121 64 89 32 35 61 36 35 45 125 43 107 28 56 85 91 41 61 48 46 83 55 42 49 44 55 53 38 46 69 31 56 55 40 55 43 34 80 57 57 67 151 21 45 38 77 165 82 72 88 67 15 39 64 21 70 178 26 41 58 87 55 28 50 33 50 29 33 53 53 63
internal_value=0.000308195 0.00283483 -0.00364076 0.00348958 0.00641729 0.00755004 0.0011346 -0.00122458 -0.00229938 -0.000643413 -0.00191957 -0.00724758 0.000364855 0.00251434 0.000368721 0.00196779 -0.000615302 -0.014154 0.00197791 0.00160675 0.0104295 0.000631649 0.00856045 -0.000290577 0.00488703 -0.00699325 -0.0108719 -0.00860376 -0.00457855 -0.0119034 -0.00232283 -0.000823343 0 0.00580825 0.0022128 0.00263144 0.00105029 -0.00915588 0.00620864 0.00251655 0.00129083 -0.00182885 0.00126654 -0.00202999 0.000640889 -0.00569635 0.00328772 -0.00598132 0.00725326 0.00814262 0.00961881 0.0028921 0.00489112 -0.00200368 0.00870723 0.0133424 0.0104211 0.00927705 0.0117905 0.00167877 0.00479116 0.00865389 0.000806671 0.0149552 0.00672519 0.00808626 0.0111981 0.00274245 0.00628102 -0.00974904 -0.0144055 -0.011699 0.00714566 0.0147774 0.00438239 -0.0146513 -0.0077359 -0.00734357 -0.0177016 0.0139302 0.000315792 -0.0105837 -0.00838748 -0.0114704 0.0130887 0.0148744 0 0.0105991 -0.0128884 0.00681235 0.00851203 0.000311461 0.012716 -0.0108319 0.0126707 -0.00869553 0.0115323 0.00587995 -0.0148078
internal_weight=548.891 334.923 213.968 323.001 125.716 116.553 36.3646 144.506 130.685 110.06 99.1924 29.4405 69.7519 56.4072 50.5023 47.1859 38.2946 11.9221 31.4028 197.285 10.8672 5.74056 13.8211 27.7167 15.6824 12.0343 23.1598 69.4614 32.0361 37.4253 9.01257 24.0543 6.11819 6.28065 185.271 178.534 124.479 15.1786 54.0555 109.3 96.4599 63.1411 45.7189 34.0963 28.3756 14.4876 7.50794 7.18282 13.888 46.8727 41.6058 14.6021 29.2299 10.4639 18.7659 12.8238 80.1884 72.859 45.9658 11.2271 26.8932 19.9174 8.73749 34.7387 10.7712 10.2468 12.8403 17.8997 13.4684 17.4223 11.5786 6.89175 33.3188 8.08516 25.2337 17.0416 5.95437 12.0137 9.59375 9.73812 4.7965 6.15461 13.3448 10.8349 27.0037 23.3633 6.03636 11.6225 9.03669 21.1886 18.8008 6.64437 12.1564 20.6257 9.72808 4.35537 10.5763 6.69139 28.4127
internal_count=6434 3606 2828 3506 931 871 275 1794 1678 1390 1291 448 843 647 599 562 470 100 354 2575 99 75 116 338 195 143 341 1034 407 627 153 286 80 107 2414 2338 1698 258 640 1440 1276 802 576 462 377 200 109 89 177 551 496 197 219 84 135 91 596 550 331 87 219 164 95 244 77 115 164 190 133 226 213 116 474 105 369 261 102 161 192 74 75 96 196 175 299 257 73 114 125 331 276 78 198 288 93 82 136 79 474
is_linear=0
shrinkage=0.0158889


end of trees

feature_importances:
iv_at_strike_minus_atmf_x_VIX_VIX9D_spread=138
gamma_x_morning_spx_rv_annualized=133
atmf_iv_10dte_intraday_range=132
rom_roll_skew_30d=132
morning_spx_range_pct=130
theta=126
atmf_iv_30dte_intraday_pct_change=124
vix_curvature_9d_30d_3m=119
iv_term_slope_5d_30d=118
jobless_claims=118
VIX_21d_pct_change=117
spx_1d_returns=112
vega=109
atmf_iv_1dte_percentile_252d=106
morning_vix_change=106
rom_roll_std_30d=106
entry_bid_ask_spread=105
VIX_5d_pct_change=104
morning_spx_log_return=103
morning_spx_rv_annualized=103
spx_5d_returns=98
VVIX_5d_pct_change=96
front_roll_yield=92
VIX_VIX9D_ratio=90
days_until_next_pce=89
leverage=89
vix_z_60d=73
atmf_iv_30dte_percentile_252d=69
spx_10d_returns=69
theta_x_atmf_iv_5dte_percentile_252d=68
morning_atmf_iv_pct_change=66
prior_day_strategy_drawdown_max_5d=52
gamma_x_dte=43
win_rate_30d=31

parameters:
[boosting: gbdt]
[objective: lambdarank]
[metric: ndcg]
[tree_learner: serial]
[device_type: cpu]
[data_sample_strategy: bagging]
[data: ]
[valid: ]
[num_iterations: 2000]
[learning_rate: 0.0158889]
[num_leaves: 100]
[num_threads: 4]
[seed: 20260829]
[deterministic: 1]
[force_col_wise: 0]
[force_row_wise: 0]
[histogram_pool_size: -1]
[max_depth: -1]
[min_data_in_leaf: 35]
[min_sum_hessian_in_leaf: 0.001]
[bagging_fraction: 0.561868]
[pos_bagging_fraction: 1]
[neg_bagging_fraction: 1]
[bagging_freq: 8]
[bagging_seed: 25539]
[bagging_by_query: 0]
[feature_fraction: 0.530593]
[feature_fraction_bynode: 1]
[feature_fraction_seed: 1518]
[extra_trees: 0]
[extra_seed: 10840]
[early_stopping_round: 0]
[early_stopping_min_delta: 0]
[first_metric_only: 0]
[max_delta_step: 0]
[lambda_l1: 0.0369994]
[lambda_l2: 0.618897]
[linear_lambda: 0]
[min_gain_to_split: 0]
[drop_rate: 0.1]
[max_drop: 50]
[skip_drop: 0.5]
[xgboost_dart_mode: 0]
[uniform_drop: 0]
[drop_seed: 2781]
[top_rate: 0.2]
[other_rate: 0.1]
[min_data_per_group: 100]
[max_cat_threshold: 32]
[cat_l2: 10]
[cat_smooth: 10]
[max_cat_to_onehot: 4]
[top_k: 20]
[monotone_constraints: ]
[monotone_constraints_method: basic]
[monotone_penalty: 0]
[feature_contri: ]
[forcedsplits_filename: ]
[refit_decay_rate: 0.9]
[cegb_tradeoff: 1]
[cegb_penalty_split: 0]
[cegb_penalty_feature_lazy: ]
[cegb_penalty_feature_coupled: ]
[path_smooth: 0]
[interaction_constraints: ]
[verbosity: -1]
[saved_feature_importance_type: 0]
[use_quantized_grad: 0]
[num_grad_quant_bins: 4]
[quant_train_renew_leaf: 0]
[stochastic_rounding: 1]
[linear_tree: 0]
[max_bin: 255]
[max_bin_by_feature: ]
[min_data_in_bin: 3]
[bin_construct_sample_cnt: 200000]
[data_random_seed: 4788]
[is_enable_sparse: 1]
[enable_bundle: 1]
[use_missing: 1]
[zero_as_missing: 0]
[feature_pre_filter: 1]
[pre_partition: 0]
[two_round: 0]
[header: 0]
[label_column: ]
[weight_column: ]
[group_column: ]
[ignore_column: ]
[categorical_feature: ]
[forcedbins_filename: ]
[precise_float_parser: 0]
[parser_config_file: ]
[objective_seed: 17936]
[num_class: 1]
[is_unbalance: 0]
[scale_pos_weight: 1]
[sigmoid: 1]
[boost_from_average: 1]
[reg_sqrt: 0]
[alpha: 0.9]
[fair_c: 1]
[poisson_max_delta_step: 0.7]
[tweedie_variance_power: 1.5]
[lambdarank_truncation_level: 5]
[lambdarank_norm: 1]
[label_gain: 0,1,3,7,15]
[lambdarank_position_bias_regularization: 0]
[eval_at: 1,3]
[multi_error_top_k: 1]
[auc_mu_weights: ]
[num_machines: 1]
[local_listen_port: 12400]
[time_out: 120]
[machine_list_filename: ]
[machines: ]
[gpu_platform_id: -1]
[gpu_device_id: -1]
[gpu_device_id_list: ]
[gpu_use_dp: 0]
[num_gpu: 1]

end of parameters

pandas_categorical:[]
