logged_at,kind,root,day,detail,usd,mb
2026-09-30T20:15:44,probe,SPXW,2019-06-03,semantics probe,6e-06,0.003
2026-09-30T20:16:27,definition,SPXW,2019-06-06,parent,0.017481,3.754
2026-09-30T20:16:31,definition,SPXW,2019-06-05,parent,0.017317,3.719
2026-09-30T20:16:45,definition,SPXW,2019-06-04,parent,0.017257,3.706
2026-09-30T20:16:58,chain,SPXW,2019-06-05,09:30-16:15 n=193,0.011647,6.253
2026-09-30T20:17:12,chain,SPXW,2019-06-04,09:30-16:15 n=193,0.011647,6.253
2026-09-30T20:17:30,definition,SPXW,2019-06-03,parent,0.01733,3.722
2026-09-30T20:17:45,chain,SPXW,2019-06-06,09:30-16:15 n=258,0.01557,8.359
2026-09-30T20:18:09,chain,SPXW,2019-06-03,09:30-16:15 n=192,0.011587,6.221
2026-09-30T20:18:15,surface-09:35,SPXW,2019-06-05,09:35-09:36 n=2000,0.002682,1.44
2026-09-30T20:18:33,chain-next,SPXW,2019-06-05,09:30-16:15 n=193,0.011647,6.253
2026-09-30T20:18:46,surface-09:35,SPXW,2019-06-05,09:35-09:36 n=520,0.000697,0.374
2026-09-30T20:20:16,chain,SPXW,2019-06-05,09:30-16:15 n=193,0.011647,6.253
2026-09-30T20:22:43,surface-09:35,SPXW,2019-06-05,09:35-09:36 n=2000,0.002682,1.44
2026-09-30T20:23:24,surface-09:35,SPXW,2019-06-05,09:35-09:36 n=520,0.000697,0.374
2026-09-30T20:24:46,surface-10:00,SPXW,2019-06-05,10:00-10:01 n=2000,0.00298,1.6
2026-09-30T20:25:27,surface-10:00,SPXW,2019-06-05,10:00-10:01 n=520,0.000775,0.416
2026-09-30T20:26:50,surface-15:59,SPXW,2019-06-05,15:59-16:00 n=2000,0.00298,1.6
2026-09-30T20:28:43,chain,SPXW,2019-06-04,09:30-16:15 n=193,0.011647,6.253
2026-09-30T20:28:54,chain,SPXW,2019-06-05,09:30-16:15 n=193,0.011647,6.253
2026-09-30T20:29:05,chain,SPXW,2019-06-06,09:30-16:15 n=258,0.01557,8.359
2026-09-30T20:29:10,chain-next,SPXW,2019-06-05,09:30-16:15 n=193,0.011647,6.253
2026-09-30T20:32:15,chain,SPXW,2019-06-04,09:30-16:15 n=193,0.011647,6.253
2026-09-30T20:34:30,chain-next,SPXW,2019-06-05,09:30-16:15 n=193,0.011647,6.253
2026-09-30T20:36:10,surface-09:35,SPXW,2019-06-04,09:35-09:36 n=2000,0.002682,1.44
2026-09-30T20:37:05,surface-09:35,SPXW,2019-06-04,09:35-09:36 n=312,0.000418,0.225
2026-09-30T20:38:44,surface-10:00,SPXW,2019-06-04,10:00-10:01 n=2000,0.00298,1.6
2026-09-30T20:39:29,surface-10:00,SPXW,2019-06-04,10:00-10:01 n=312,0.000465,0.25
2026-09-30T20:39:52,surface-15:59,SPXW,2019-06-04,15:59-16:00 n=2000,0.00298,1.6
2026-09-30T20:40:33,surface-15:59,SPXW,2019-06-04,15:59-16:00 n=312,0.000465,0.25
2026-09-30T20:41:36,chain,SPXW,2019-06-04,09:30-16:15 n=193,0.011647,6.253
2026-09-30T20:42:18,chain-next,SPXW,2019-06-05,09:30-16:15 n=193,0.011647,6.253
2026-09-30T20:43:22,surface-09:35,SPXW,2019-06-04,09:35-09:36 n=2000,0.002682,1.44
2026-09-30T20:44:10,surface-09:35,SPXW,2019-06-04,09:35-09:36 n=312,0.000418,0.225
2026-09-30T20:45:16,surface-10:00,SPXW,2019-06-04,10:00-10:01 n=2000,0.00298,1.6
2026-09-30T20:45:37,surface-10:00,SPXW,2019-06-04,10:00-10:01 n=312,0.000465,0.25
2026-09-30T20:45:57,surface-15:59,SPXW,2019-06-04,15:59-16:00 n=2000,0.00298,1.6
2026-09-30T20:46:31,surface-15:59,SPXW,2019-06-04,15:59-16:00 n=312,0.000465,0.25
2026-09-30T20:46:41,surface-path,SPXW,2019-06-04,09:30-16:15 n=64,0.003862,2.074
2026-09-30T20:47:12,chain,SPXW,2019-06-03,09:30-16:15 n=192,0.011587,6.221
2026-09-30T20:47:15,chain,SPXW,2019-06-05,09:30-16:15 n=193,0.011647,6.253
2026-09-30T20:47:29,chain,SPXW,2019-06-06,09:30-16:15 n=258,0.01557,8.359
2026-09-30T20:48:18,chain-next,SPXW,2019-06-07,09:30-16:15 n=258,0.01557,8.359
2026-09-30T20:48:21,surface-09:35,SPXW,2019-06-03,09:35-09:36 n=2000,0.002682,1.44
2026-09-30T20:48:22,surface-09:35,SPXW,2019-06-05,09:35-09:36 n=2000,0.002682,1.44
2026-09-30T20:48:55,surface-09:35,SPXW,2019-06-03,09:35-09:36 n=270,0.000362,0.194
2026-09-30T20:49:09,definition,SPXW,2019-06-10,parent,0.017555,3.77
2026-09-30T20:49:11,surface-09:35,SPXW,2019-06-05,09:35-09:36 n=520,0.000697,0.374
2026-09-30T20:49:45,surface-10:00,SPXW,2019-06-03,10:00-10:01 n=2000,0.00298,1.6
2026-09-30T20:49:49,chain,SPXW,2019-06-10,09:30-16:15 n=188,0.011346,6.091
2026-09-30T20:49:59,surface-09:35,SPXW,2019-06-06,09:35-09:36 n=2000,0.002682,1.44
2026-09-30T20:50:02,surface-10:00,SPXW,2019-06-05,10:00-10:01 n=2000,0.00298,1.6
2026-09-30T20:50:27,surface-10:00,SPXW,2019-06-05,10:00-10:01 n=520,0.000775,0.416
2026-09-30T20:51:04,surface-10:00,SPXW,2019-06-03,10:00-10:01 n=270,0.000402,0.216
2026-09-30T20:51:21,surface-09:35,SPXW,2019-06-06,09:35-09:36 n=482,0.000646,0.347
2026-09-30T20:51:32,surface-09:35,SPXW,2019-06-10,09:35-09:36 n=2000,0.002682,1.44
2026-09-30T20:52:59,definition,SPXW,2019-06-17,parent,0.017401,3.737
2026-09-30T20:53:00,definition,SPXW,2019-06-18,parent,0.017237,3.702
2026-09-30T20:53:03,definition,SPXW,2019-06-19,parent,0.017676,3.796
2026-09-30T20:53:12,definition,SPXW,2019-06-20,parent,0.01731,3.717
2026-09-30T20:53:13,chain,SPXW,2019-06-18,09:30-16:15 n=193,0.011647,6.253
2026-09-30T20:53:18,chain,SPXW,2019-06-19,09:30-16:15 n=200,0.01207,6.48
2026-09-30T20:53:24,chain,SPXW,2019-06-17,09:30-16:15 n=192,0.011587,6.221
2026-09-30T20:53:36,surface-09:35,SPXW,2019-06-17,09:35-09:36 n=2000,0.002682,1.44
2026-09-30T20:53:54,chain-next,SPXW,2019-06-19,09:30-16:15 n=193,0.011647,6.253
2026-09-30T20:53:55,chain,SPXW,2019-06-20,09:30-16:15 n=317,0.019131,10.271
2026-09-30T20:54:17,chain-next,SPXW,2019-06-21,09:30-16:15 n=317,0.019131,10.271
2026-09-30T20:54:24,surface-09:35,SPXW,2019-06-17,09:35-09:36 n=740,0.000992,0.533
2026-09-30T20:54:46,surface-09:35,SPXW,2019-06-19,09:35-09:36 n=2000,0.002682,1.44
2026-09-30T20:55:12,surface-09:35,SPXW,2019-06-20,09:35-09:36 n=2000,0.002682,1.44
2026-09-30T20:55:41,surface-10:00,SPXW,2019-06-17,10:00-10:01 n=2000,0.00298,1.6
2026-09-30T20:56:12,definition,SPXW,2019-06-21,parent,0.017672,3.795
2026-09-30T20:56:12,surface-09:35,SPXW,2019-06-20,09:35-09:36 n=1154,0.001548,0.831
2026-09-30T20:56:32,chain,SPXW,2019-06-21,09:30-16:15 n=316,0.019071,10.238
2026-09-30T20:56:52,surface-10:00,SPXW,2019-06-17,10:00-10:01 n=740,0.001103,0.592
2026-09-30T20:57:22,surface-15:59,SPXW,2019-06-17,15:59-16:00 n=2000,0.00298,1.6
2026-09-30T20:57:27,surface-10:00,SPXW,2019-06-20,10:00-10:01 n=2000,0.00298,1.6
2026-09-30T20:57:30,surface-09:35,SPXW,2019-06-21,09:35-09:36 n=2000,0.002682,1.44
2026-09-30T20:57:37,surface-09:35,SPXW,2019-06-19,09:35-09:36 n=1150,0.001542,0.828
2026-09-30T20:58:07,surface-10:00,SPXW,2019-06-20,10:00-10:01 n=1154,0.00172,0.923
2026-09-30T20:58:30,surface-09:35,SPXW,2019-06-21,09:35-09:36 n=572,0.000767,0.412
2026-09-30T20:58:41,surface-15:59,SPXW,2019-06-17,15:59-16:00 n=740,0.001103,0.592
2026-09-30T20:59:24,chain+path,SPXW,2019-06-03,09:30-16:15 n=260,0.015691,nan
2026-09-30T20:59:24,chain+path,SPXW,2019-06-06,09:30-16:15 n=326,0.019674,nan
2026-09-30T20:59:33,definition,SPXW,2019-06-07,parent,0.0179,nan
2026-09-30T20:59:38,chain-next,SPXW,2019-06-07,09:30-16:15 n=258,0.01557,nan
2026-09-30T20:59:39,definition,SPXW,2019-06-11,parent,0.017699,nan
2026-09-30T20:59:42,chain+path,SPXW,2019-06-05,09:30-16:15 n=261,0.015751,nan
2026-09-30T20:59:43,chain+path,SPXW,2019-06-10,09:30-16:15 n=260,0.015691,nan
2026-09-30T21:00:16,chain+path,SPXW,2019-06-11,09:30-16:15 n=264,0.015932,nan
2026-09-30T21:00:17,chain+path,SPXW,2019-06-07,09:30-16:15 n=330,0.019915,nan
2026-09-30T21:00:40,surface-09:35,SPXW,2019-06-06,09:35-09:36 n=2000,0.002682,nan
2026-09-30T21:00:45,chain-next,SPXW,2019-06-12,09:30-16:15 n=192,0.011587,nan
2026-09-30T21:00:56,surface-09:35,SPXW,2019-06-03,09:35-09:36 n=2000,0.002682,nan
2026-09-30T21:01:00,surface-09:35,SPXW,2019-06-10,09:35-09:36 n=2000,0.002682,nan
2026-09-30T21:01:07,surface-09:35,SPXW,2019-06-10,09:35-09:36 n=284,0.000381,nan
2026-09-30T21:01:20,surface-09:35,SPXW,2019-06-06,09:35-09:36 n=482,0.000646,nan
2026-09-30T21:01:31,surface-09:35,SPXW,2019-06-11,09:35-09:36 n=2000,0.002682,nan
2026-09-30T21:01:32,surface-10:00,SPXW,2019-06-06,10:00-10:01 n=2000,0.00298,nan
2026-09-30T21:01:37,surface-10:00,SPXW,2019-06-10,10:00-10:01 n=2000,0.00298,nan
2026-09-30T21:01:37,surface-09:35,SPXW,2019-06-05,09:35-09:36 n=2000,0.002682,nan
2026-09-30T21:01:45,surface-09:35,SPXW,2019-06-07,09:35-09:36 n=2000,0.002682,nan
2026-09-30T21:01:47,surface-09:35,SPXW,2019-06-03,09:35-09:36 n=270,0.000362,nan
2026-09-30T21:01:48,surface-09:35,SPXW,2019-06-11,09:35-09:36 n=460,0.000617,nan
2026-09-30T21:02:03,surface-10:00,SPXW,2019-06-10,10:00-10:01 n=284,0.000423,nan
2026-09-30T21:02:17,surface-10:00,SPXW,2019-06-06,10:00-10:01 n=482,0.000718,nan
2026-09-30T21:02:27,surface-09:35,SPXW,2019-06-05,09:35-09:36 n=520,0.000697,nan
2026-09-30T21:02:28,surface-10:00,SPXW,2019-06-03,10:00-10:01 n=2000,0.00298,nan
2026-09-30T21:03:00,surface-10:00,SPXW,2019-06-03,10:00-10:01 n=270,0.000402,nan
2026-09-30T21:03:04,surface-10:00,SPXW,2019-06-05,10:00-10:01 n=2000,0.00298,nan
2026-09-30T21:03:05,surface-15:59,SPXW,2019-06-10,15:59-16:00 n=2000,0.00298,nan
2026-09-30T21:03:26,surface-15:59,SPXW,2019-06-03,15:59-16:00 n=2000,0.00298,nan
2026-09-30T21:03:28,surface-15:59,SPXW,2019-06-10,15:59-16:00 n=284,0.000423,nan
2026-09-30T21:03:31,surface-10:00,SPXW,2019-06-11,10:00-10:01 n=2000,0.00298,nan
2026-09-30T21:03:32,surface-10:00,SPXW,2019-06-05,10:00-10:01 n=520,0.000775,nan
2026-09-30T21:03:49,surface-15:59,SPXW,2019-06-03,15:59-16:00 n=270,0.000402,nan
2026-09-30T21:03:53,surface-15:59,SPXW,2019-06-06,15:59-16:00 n=2000,0.00298,nan
2026-09-30T21:03:59,surface-15:59,SPXW,2019-06-05,15:59-16:00 n=2000,0.00298,nan
2026-09-30T21:04:01,definition,SPXW,2019-06-12,parent,0.017699,nan
2026-09-30T21:04:12,surface-09:35,SPXW,2019-06-07,09:35-09:36 n=240,0.000322,nan
2026-09-30T21:04:26,definition,SPXW,2019-06-13,parent,0.017709,nan
2026-09-30T21:04:26,surface-10:00,SPXW,2019-06-11,10:00-10:01 n=460,0.000685,nan
2026-09-30T21:04:40,chain+path,SPXW,2019-06-12,09:30-16:15 n=261,0.015751,nan
2026-09-30T21:04:42,surface-15:59,SPXW,2019-06-06,15:59-16:00 n=482,0.000718,nan
2026-09-30T21:04:50,surface-15:59,SPXW,2019-06-05,15:59-16:00 n=520,0.000775,nan
2026-09-30T21:05:01,surface-15:59,SPXW,2019-06-11,15:59-16:00 n=2000,0.00298,nan
2026-09-30T21:05:26,surface-09:35,SPXW,2019-06-12,09:35-09:36 n=2000,0.002682,nan
2026-09-30T21:05:27,chain+path,SPXW,2019-06-13,09:30-16:15 n=329,0.019855,nan
2026-09-30T21:05:39,chain-next,SPXW,2019-06-14,09:30-16:15 n=257,0.01551,nan
2026-09-30T21:05:43,definition,SPXW,2019-06-14,parent,0.018112,nan
2026-09-30T21:05:49,chain+path,SPXW,2019-06-14,09:30-16:15 n=329,0.019855,nan
2026-09-30T21:05:49,chain+path,SPXW,2019-06-17,09:30-16:15 n=264,0.015932,nan
2026-09-30T21:05:54,surface-09:35,SPXW,2019-06-12,09:35-09:36 n=790,0.001059,nan
2026-09-30T21:05:57,surface-10:00,SPXW,2019-06-07,10:00-10:01 n=2000,0.00298,nan
2026-09-30T21:06:00,surface-15:59,SPXW,2019-06-11,15:59-16:00 n=460,0.000685,nan
2026-09-30T21:06:14,surface-10:00,SPXW,2019-06-07,10:00-10:01 n=240,0.000358,nan
2026-09-30T21:06:44,surface-09:35,SPXW,2019-06-14,09:35-09:36 n=2000,0.002682,nan
2026-09-30T21:06:46,chain+path,SPXW,2019-06-18,09:30-16:15 n=265,0.015993,nan
2026-09-30T21:06:55,surface-15:59,SPXW,2019-06-07,15:59-16:00 n=2000,0.00298,nan
2026-09-30T21:07:03,surface-09:35,SPXW,2019-06-14,09:35-09:36 n=682,0.000915,nan
2026-09-30T21:07:18,surface-15:59,SPXW,2019-06-07,15:59-16:00 n=240,0.000358,nan
2026-09-30T21:07:20,surface-09:35,SPXW,2019-06-17,09:35-09:36 n=2000,0.002682,nan
2026-09-30T21:07:39,surface-09:35,SPXW,2019-06-13,09:35-09:36 n=2000,0.002682,nan
2026-09-30T21:07:46,surface-09:35,SPXW,2019-06-17,09:35-09:36 n=740,0.000992,nan
2026-09-30T21:07:57,surface-10:00,SPXW,2019-06-12,10:00-10:01 n=2000,0.00298,nan
2026-09-30T21:08:04,surface-10:00,SPXW,2019-06-12,10:00-10:01 n=790,0.001177,nan
2026-09-30T21:08:15,chain+path,SPXW,2019-06-19,09:30-16:15 n=268,0.016174,nan
2026-09-30T21:08:16,surface-10:00,SPXW,2019-06-14,10:00-10:01 n=2000,0.00298,nan
2026-09-30T21:08:19,chain-next,SPXW,2019-06-19,09:30-16:15 n=193,0.011647,nan
2026-09-30T21:08:39,surface-09:35,SPXW,2019-06-13,09:35-09:36 n=682,0.000915,nan
2026-09-30T21:08:45,surface-15:59,SPXW,2019-06-12,15:59-16:00 n=2000,0.00298,nan
2026-09-30T21:08:50,surface-09:35,SPXW,2019-06-18,09:35-09:36 n=2000,0.002682,nan
2026-09-30T21:09:09,surface-10:00,SPXW,2019-06-13,10:00-10:01 n=2000,0.00298,nan
2026-09-30T21:09:28,surface-10:00,SPXW,2019-06-17,10:00-10:01 n=2000,0.00298,nan
2026-09-30T21:09:38,surface-15:59,SPXW,2019-06-12,15:59-16:00 n=790,0.001177,nan
2026-09-30T21:09:49,surface-10:00,SPXW,2019-06-14,10:00-10:01 n=682,0.001016,nan
2026-09-30T21:09:50,surface-10:00,SPXW,2019-06-13,10:00-10:01 n=682,0.001016,nan
2026-09-30T21:10:01,surface-10:00,SPXW,2019-06-17,10:00-10:01 n=740,0.001103,nan
2026-09-30T21:10:12,chain+path,SPXW,2019-06-20,09:30-16:15 n=389,0.023476,nan
2026-09-30T21:10:13,surface-09:35,SPXW,2019-06-19,09:35-09:36 n=2000,0.002682,nan
2026-09-30T21:10:20,surface-09:35,SPXW,2019-06-18,09:35-09:36 n=732,0.000982,nan
2026-09-30T21:10:36,chain-next,SPXW,2019-06-21,09:30-16:15 n=317,0.019131,nan
2026-09-30T21:10:38,surface-15:59,SPXW,2019-06-17,15:59-16:00 n=2000,0.00298,nan
2026-09-30T21:10:49,surface-09:35,SPXW,2019-06-19,09:35-09:36 n=1150,0.001542,nan
2026-09-30T21:11:04,surface-15:59,SPXW,2019-06-17,15:59-16:00 n=740,0.001103,nan
2026-09-30T21:11:19,surface-10:00,SPXW,2019-06-18,10:00-10:01 n=2000,0.00298,nan
2026-09-30T21:11:26,chain+path,SPXW,2019-06-21,09:30-16:15 n=388,0.023416,nan
2026-09-30T21:11:35,surface-10:00,SPXW,2019-06-18,10:00-10:01 n=732,0.001091,nan
2026-09-30T21:11:36,surface-09:35,SPXW,2019-06-21,09:35-09:36 n=2000,0.002682,nan
2026-09-30T21:11:44,surface-09:35,SPXW,2019-06-21,09:35-09:36 n=572,0.000767,nan
2026-09-30T21:12:12,chain+path,SPXW,2019-06-13,09:30-16:15 n=329,0.019855,nan
2026-09-30T21:12:12,chain+path,SPXW,2019-06-21,09:30-16:15 n=388,0.023416,nan
2026-09-30T21:12:28,chain+path,SPXW,2019-06-20,09:30-16:15 n=389,0.023476,nan
2026-09-30T21:12:30,chain+path,SPXW,2019-06-19,09:30-16:15 n=268,0.016174,nan
2026-09-30T21:12:34,chain-next,SPXW,2019-06-21,09:30-16:15 n=317,0.019131,nan
2026-09-30T21:12:42,definition,SPXW,2019-06-25,parent,0.017408,nan
2026-09-30T21:12:48,surface-09:35,SPXW,2019-06-20,09:35-09:36 n=815,0.001093,nan
2026-09-30T21:12:50,surface-09:35,SPXW,2019-06-19,09:35-09:36 n=848,0.001137,nan
2026-09-30T21:12:55,chain-next,SPXW,2019-06-14,09:30-16:15 n=257,0.01551,nan
2026-09-30T21:12:57,surface-10:00,SPXW,2019-06-20,10:00-10:01 n=815,0.001214,nan
2026-09-30T21:13:05,surface-15:59,SPXW,2019-06-20,15:59-16:00 n=815,0.001214,nan
2026-09-30T21:13:05,chain+path,SPXW,2019-06-25,09:30-16:15 n=264,0.015932,nan
2026-09-30T21:13:10,surface-09:35,SPXW,2019-06-13,09:35-09:36 n=844,0.001132,nan
2026-09-30T21:13:13,surface-10:00,SPXW,2019-06-19,10:00-10:01 n=848,0.001264,nan
2026-09-30T21:13:14,surface-09:35,SPXW,2019-06-21,09:35-09:36 n=771,0.001034,nan
2026-09-30T21:13:20,definition,SPXW,2019-06-24,parent,0.017951,nan
2026-09-30T21:13:28,surface-15:59,SPXW,2019-06-19,15:59-16:00 n=848,0.001264,nan
2026-09-30T21:13:33,surface-10:00,SPXW,2019-06-13,10:00-10:01 n=844,0.001258,nan
2026-09-30T21:13:33,chain-next,SPXW,2019-06-26,09:30-16:15 n=196,0.011829,nan
2026-09-30T21:13:45,chain+path,SPXW,2019-06-24,09:30-16:15 n=278,0.016777,nan
2026-09-30T21:13:50,definition,SPXW,2019-06-26,parent,0.017408,nan
2026-09-30T21:14:00,chain+path,SPXW,2019-06-18,09:30-16:15 n=265,0.015993,nan
2026-09-30T21:14:08,chain+path,SPXW,2019-06-14,09:30-16:15 n=329,0.019855,nan
2026-09-30T21:14:10,definition,SPXW,2019-06-27,parent,0.016975,nan
2026-09-30T21:14:10,surface-10:00,SPXW,2019-06-21,10:00-10:01 n=771,0.001149,nan
2026-09-30T21:14:15,surface-15:59,SPXW,2019-06-13,15:59-16:00 n=844,0.001258,nan
2026-09-30T21:14:17,chain-next,SPXW,2019-06-19,09:30-16:15 n=193,0.011647,nan
2026-09-30T21:14:28,surface-09:35,SPXW,2019-06-24,09:35-09:36 n=795,0.001066,nan
2026-09-30T21:14:30,chain+path,SPXW,2019-06-26,09:30-16:15 n=264,0.015932,nan
2026-09-30T21:14:46,surface-09:35,SPXW,2019-06-18,09:35-09:36 n=815,0.001093,nan
2026-09-30T21:14:49,definition,SPXW,2019-06-28,parent,0.017374,nan
2026-09-30T21:14:53,surface-15:59,SPXW,2019-06-21,15:59-16:00 n=771,0.001149,nan
2026-09-30T21:14:57,surface-10:00,SPXW,2019-06-24,10:00-10:01 n=795,0.001185,nan
2026-09-30T21:15:17,surface-09:35,SPXW,2019-06-25,09:35-09:36 n=805,0.00108,nan
2026-09-30T21:15:20,surface-15:59,SPXW,2019-06-24,15:59-16:00 n=795,0.001185,nan
2026-09-30T21:15:24,surface-10:00,SPXW,2019-06-18,10:00-10:01 n=815,0.001214,nan
2026-09-30T21:15:36,chain+path,SPXW,2019-06-28,09:30-16:15 n=372,0.02245,nan
2026-09-30T21:15:36,surface-09:35,SPXW,2019-06-14,09:35-09:36 n=856,0.001148,nan
2026-09-30T21:15:47,surface-09:35,SPXW,2019-06-26,09:35-09:36 n=858,0.001151,nan
2026-09-30T21:15:47,surface-15:59,SPXW,2019-06-18,15:59-16:00 n=815,0.001214,nan
2026-09-30T21:15:58,chain+path,SPXW,2019-06-27,09:30-16:15 n=376,0.022691,nan
2026-09-30T21:16:03,surface-10:00,SPXW,2019-06-14,10:00-10:01 n=856,0.001276,nan
2026-09-30T21:16:12,surface-10:00,SPXW,2019-06-26,10:00-10:01 n=858,0.001279,nan
2026-09-30T21:16:15,surface-10:00,SPXW,2019-06-25,10:00-10:01 n=805,0.0012,nan
2026-09-30T21:16:16,surface-09:35,SPXW,2019-06-28,09:35-09:36 n=825,0.001106,nan
2026-09-30T21:16:30,surface-15:59,SPXW,2019-06-26,15:59-16:00 n=858,0.001279,nan
2026-09-30T21:16:32,surface-10:00,SPXW,2019-06-28,10:00-10:01 n=825,0.001229,nan
2026-09-30T21:16:51,chain-next,SPXW,2019-06-28,09:30-16:15 n=304,0.018346,nan
2026-09-30T21:16:59,surface-15:59,SPXW,2019-06-14,15:59-16:00 n=856,0.001276,nan
2026-09-30T21:17:04,surface-15:59,SPXW,2019-06-25,15:59-16:00 n=805,0.0012,nan
2026-09-30T21:17:27,surface-15:59,SPXW,2019-06-28,15:59-16:00 n=825,0.001229,nan
2026-09-30T21:17:30,surface-09:35,SPXW,2019-06-27,09:35-09:36 n=857,0.001149,nan
2026-09-30T21:18:17,surface-10:00,SPXW,2019-06-27,10:00-10:01 n=857,0.001277,nan
2026-09-30T21:18:30,surface-15:59,SPXW,2019-06-27,15:59-16:00 n=857,0.001277,nan
2026-09-30T21:19:48,definition,XSP,2021-01-04,parent est,0.014965,nan
2026-09-30T21:19:49,definition,XSP,2021-01-08,parent est,0.015489,nan
2026-09-30T21:20:04,definition,XSP,2021-01-06,parent est,0.01512,nan
2026-09-30T21:20:04,definition,SPY,2021-01-11,parent est,0.01761,nan
2026-09-30T21:20:04,definition,SPXW,2017-01-19,parent est,0.00957,nan
2026-09-30T21:20:05,definition,SPXW,2017-01-12,parent est,0.010105,nan
2026-09-30T21:20:05,definition,SPXW,2017-01-25,parent est,0.010042,nan
2026-09-30T21:20:05,definition,SPXW,2017-01-09,parent est,0.010455,nan
2026-09-30T21:20:05,definition,SPXW,2017-01-24,parent est,0.009998,nan
2026-09-30T21:20:05,definition,SPXW,2017-01-04,parent est,0.010496,nan
2026-09-30T21:20:05,definition,XSP,2021-01-11,parent est,0.015168,nan
2026-09-30T21:20:05,definition,SPXW,2017-01-13,parent est,0.010525,nan
2026-09-30T21:20:05,definition,SPXW,2017-01-30,parent est,0.01006,nan
2026-09-30T21:20:06,definition,SPY,2021-01-07,parent est,0.017362,nan
2026-09-30T21:20:06,definition,SPY,2021-01-05,parent est,0.017045,nan
2026-09-30T21:20:06,definition,SPXW,2017-01-10,parent est,0.010481,nan
2026-09-30T21:20:07,definition,SPXW,2017-01-17,parent est,0.010333,nan
2026-09-30T21:20:11,definition,SPY,2021-01-04,parent est,0.016968,nan
2026-09-30T21:20:11,definition,SPXW,2017-01-31,parent est,0.01002,nan
2026-09-30T21:20:11,definition,XSP,2021-01-05,parent est,0.01494,nan
2026-09-30T21:20:11,definition,SPXW,2017-01-27,parent est,0.010625,nan
2026-09-30T21:20:12,definition,SPXW,2017-01-03,parent est,0.010916,nan
2026-09-30T21:20:12,chain+path,SPXW,2017-01-09,09:30-16:15 n=189 est,0.012543,nan
2026-09-30T21:20:12,chain+path,SPXW,2017-01-24,09:30-16:15 n=189 est,0.012543,nan
2026-09-30T21:20:13,chain+path,SPXW,2017-01-04,09:30-16:15 n=192 est,0.012742,nan
2026-09-30T21:20:14,chain+path,SPXW,2017-01-10,09:30-16:15 n=186 est,0.012344,nan
2026-09-30T21:20:14,definition,SPXW,2017-01-06,parent est,0.011023,nan
2026-09-30T21:20:17,definition,SPXW,2017-01-18,parent est,0.009968,nan
2026-09-30T21:20:17,surface-09:35,SPXW,2017-01-09,09:35-09:36 n=536 est,8.8e-05,nan
2026-09-30T21:20:19,definition,SPXW,2017-01-23,parent est,0.009976,nan
2026-09-30T21:20:20,chain+path,XSP,2021-01-08,09:30-16:15 n=157 est,0.01042,nan
2026-09-30T21:20:21,chain+path,SPXW,2017-01-06,09:30-16:15 n=253 est,0.016791,nan
2026-09-30T21:20:22,chain+path,SPXW,2017-01-25,09:30-16:15 n=190 est,0.01261,nan
2026-09-30T21:20:22,chain+path,SPXW,2017-01-12,09:30-16:15 n=244 est,0.016193,nan
2026-09-30T21:20:24,chain-next,SPXW,2017-01-25,09:30-16:15 n=133 est,0.008827,nan
2026-09-30T21:20:25,surface-09:35,SPXW,2017-01-04,09:35-09:36 n=582 est,9.6e-05,nan
2026-09-30T21:20:25,chain+path,SPXW,2017-01-23,09:30-16:15 n=186 est,0.012344,nan
2026-09-30T21:20:27,definition,SPXW,2017-01-20,parent est,0.009972,nan
2026-09-30T21:20:28,chain+path,SPXW,2017-01-13,09:30-16:15 n=248 est,0.016459,nan
2026-09-30T21:20:28,chain+path,SPY,2021-01-07,09:30-16:15 n=155 est,0.010287,nan
2026-09-30T21:20:29,chain+path,SPXW,2017-01-17,09:30-16:15 n=180 est,0.011946,nan
2026-09-30T21:20:30,definition,SPY,2021-01-08,parent est,0.017853,nan
2026-09-30T21:20:31,chain-next,SPXW,2017-01-13,09:30-16:15 n=192 est,0.012742,nan
2026-09-30T21:20:32,surface-10:00,SPXW,2017-01-04,10:00-10:01 n=582 est,9.6e-05,nan
2026-09-30T21:20:32,chain-next,SPXW,2017-01-11,09:30-16:15 n=130 est,0.008628,nan
2026-09-30T21:20:33,definition,SPXW,2017-01-26,parent est,0.010201,nan
2026-09-30T21:20:33,definition,SPXW,2017-01-11,parent est,0.010481,nan
2026-09-30T21:20:33,definition,SPXW,2017-01-05,parent est,0.010599,nan
2026-09-30T21:20:34,surface-09:35,SPXW,2017-01-13,09:35-09:36 n=542 est,8.9e-05,nan
2026-09-30T21:20:35,chain+path,SPXW,2017-01-03,09:30-16:15 n=193 est,0.012809,nan
2026-09-30T21:20:36,surface-09:35,SPXW,2017-01-24,09:35-09:36 n=460 est,7.6e-05,nan
2026-09-30T21:20:36,surface-09:35,SPXW,2017-01-23,09:35-09:36 n=451 est,7.4e-05,nan
2026-09-30T21:20:37,chain+path,SPXW,2017-01-27,09:30-16:15 n=240 est,0.015928,nan
2026-09-30T21:20:41,surface-10:00,SPXW,2017-01-13,10:00-10:01 n=542 est,8.9e-05,nan
2026-09-30T21:20:41,chain+path,SPXW,2017-01-18,09:30-16:15 n=191 est,0.012676,nan
2026-09-30T21:20:43,surface-10:00,SPXW,2017-01-24,10:00-10:01 n=460 est,7.6e-05,nan
2026-09-30T21:20:44,definition,XSP,2021-01-12,parent est,0.015216,nan
2026-09-30T21:20:44,definition,XSP,2021-01-07,parent est,0.015024,nan
2026-09-30T21:20:45,surface-10:00,SPXW,2017-01-09,10:00-10:01 n=536 est,8.8e-05,nan
2026-09-30T21:20:45,chain+path,SPXW,2017-01-19,09:30-16:15 n=187 est,0.012411,nan
2026-09-30T21:20:46,chain+path,SPXW,2017-01-20,09:30-16:15 n=182 est,0.012079,nan
2026-09-30T21:20:49,chain+path,SPXW,2017-01-11,09:30-16:15 n=186 est,0.012344,nan
2026-09-30T21:20:51,chain-next,SPXW,2017-01-23,09:30-16:15 n=130 est,0.008628,nan
2026-09-30T21:20:53,surface-09:35,SPXW,2017-01-25,09:35-09:36 n=437 est,7.2e-05,nan
2026-09-30T21:20:53,definition,SPY,2021-01-06,parent est,0.017525,nan
2026-09-30T21:20:57,chain-next,SPXW,2017-01-23,09:30-16:15 n=131 est,0.008694,nan
2026-09-30T21:21:00,surface-09:35,SPXW,2017-01-10,09:35-09:36 n=535 est,8.8e-05,nan
2026-09-30T21:21:01,surface-10:00,SPXW,2017-01-23,10:00-10:01 n=451 est,7.4e-05,nan
2026-09-30T21:21:02,surface-09:35,SPXW,2017-01-20,09:35-09:36 n=493 est,8.1e-05,nan
2026-09-30T21:21:04,surface-15:59,SPXW,2017-01-24,15:59-16:00 n=460 est,7.6e-05,nan
2026-09-30T21:21:05,chain+path,XSP,2021-01-05,09:30-16:15 n=129 est,0.008561,nan
2026-09-30T21:21:06,surface-09:35,SPXW,2017-01-27,09:35-09:36 n=429 est,7e-05,nan
2026-09-30T21:21:07,chain+path,SPY,2021-01-05,09:30-16:15 n=129 est,0.008561,nan
2026-09-30T21:21:07,surface-10:00,SPXW,2017-01-25,10:00-10:01 n=437 est,7.2e-05,nan
2026-09-30T21:21:09,surface-09:35,SPXW,2017-01-12,09:35-09:36 n=547 est,9e-05,nan
2026-09-30T21:21:19,surface-15:59,SPXW,2017-01-23,15:59-16:00 n=451 est,7.4e-05,nan
2026-09-30T21:21:20,surface-10:00,SPXW,2017-01-27,10:00-10:01 n=429 est,7e-05,nan
2026-09-30T21:21:20,surface-09:35,SPXW,2017-01-18,09:35-09:36 n=451 est,7.4e-05,nan
2026-09-30T21:21:22,chain+path,XSP,2021-01-06,09:30-16:15 n=129 est,0.008561,nan
2026-09-30T21:21:22,definition,SPXW,2017-02-01,parent est,0.009548,nan
2026-09-30T21:21:23,surface-09:35,SPXW,2017-01-11,09:35-09:36 n=551 est,9.1e-05,nan
2026-09-30T21:21:24,surface-10:00,SPXW,2017-01-12,10:00-10:01 n=547 est,9e-05,nan
2026-09-30T21:21:25,chain+path,SPXW,2017-01-26,09:30-16:15 n=240 est,0.015928,nan
2026-09-30T21:21:25,chain+path,SPY,2021-01-11,09:30-16:15 n=135 est,0.00896,nan
2026-09-30T21:21:26,surface-09:35,SPXW,2017-01-17,09:35-09:36 n=447 est,7.3e-05,nan
2026-09-30T21:21:29,surface-09:35,SPXW,2017-01-06,09:35-09:36 n=556 est,9.1e-05,nan
2026-09-30T21:21:29,chain+path,XSP,2021-01-04,09:30-16:15 n=137 est,0.009092,nan
2026-09-30T21:21:30,surface-10:00,SPXW,2017-01-11,10:00-10:01 n=551 est,9.1e-05,nan
2026-09-30T21:21:32,definition,XSP,2021-01-13,parent est,0.015611,nan
2026-09-30T21:21:32,chain+path,SPY,2021-01-06,09:30-16:15 n=129 est,0.008561,nan
2026-09-30T21:21:34,chain-next,SPY,2021-01-08,09:30-16:15 n=155 est,0.010287,nan
2026-09-30T21:21:35,surface-15:59,SPXW,2017-01-12,15:59-16:00 n=547 est,9e-05,nan
2026-09-30T21:21:38,surface-15:59,SPXW,2017-01-25,15:59-16:00 n=437 est,7.2e-05,nan
2026-09-30T21:21:40,surface-15:59,SPXW,2017-01-09,15:59-16:00 n=536 est,8.8e-05,nan
2026-09-30T21:21:40,surface-10:00,SPXW,2017-01-20,10:00-10:01 n=493 est,8.1e-05,nan
2026-09-30T21:21:41,definition,SPXW,2017-02-02,parent est,0.009618,nan
2026-09-30T21:21:44,definition,SPY,2021-01-12,parent est,0.017539,nan
2026-09-30T21:21:45,surface-15:59,SPXW,2017-01-27,15:59-16:00 n=429 est,7e-05,nan
2026-09-30T21:21:47,definition,SPY,2021-01-14,parent est,0.01772,nan
2026-09-30T21:21:48,surface-10:00,SPXW,2017-01-18,10:00-10:01 n=451 est,7.4e-05,nan
2026-09-30T21:21:48,surface-10:00,SPXW,2017-01-17,10:00-10:01 n=447 est,7.3e-05,nan
2026-09-30T21:21:49,chain+path,SPXW,2017-02-02,09:30-16:15 n=243 est,0.016127,nan
2026-09-30T21:21:50,definition,SPXW,2017-02-07,parent est,0.009411,nan
2026-09-30T21:21:51,definition,SPY,2021-01-13,parent est,0.01793,nan
2026-09-30T21:21:52,chain+path,SPXW,2017-01-30,09:30-16:15 n=201 est,0.01334,nan
2026-09-30T21:21:52,surface-15:59,SPXW,2017-01-04,15:59-16:00 n=582 est,9.6e-05,nan
2026-09-30T21:21:53,surface-15:59,SPXW,2017-01-13,15:59-16:00 n=542 est,8.9e-05,nan
2026-09-30T21:21:56,definition,SPXW,2017-02-06,parent est,0.009456,nan
2026-09-30T21:21:56,definition,SPXW,2017-02-03,parent est,0.010013,nan
2026-09-30T21:21:57,surface-09:35,SPXW,2017-01-30,09:35-09:36 n=424 est,7e-05,nan
2026-09-30T21:21:58,chain-next,SPXW,2017-02-03,09:30-16:15 n=187 est,0.012411,nan
2026-09-30T21:21:59,surface-15:59,SPXW,2017-01-20,15:59-16:00 n=493 est,8.1e-05,nan
2026-09-30T21:21:59,surface-10:00,SPXW,2017-01-10,10:00-10:01 n=535 est,8.8e-05,nan
2026-09-30T21:22:01,surface-10:00,SPXW,2017-01-30,10:00-10:01 n=424 est,7e-05,nan
2026-09-30T21:22:01,chain+path,SPXW,2017-02-03,09:30-16:15 n=238 est,0.015795,nan
2026-09-30T21:22:01,surface-09:35,SPXW,2017-01-19,09:35-09:36 n=426 est,7e-05,nan
2026-09-30T21:22:03,definition,SPXW,2017-02-09,parent est,0.009467,nan
2026-09-30T21:22:05,chain+path,SPY,2021-01-04,09:30-16:15 n=128 est,0.008495,nan
2026-09-30T21:22:08,chain-next,SPXW,2017-01-27,09:30-16:15 n=184 est,0.012211,nan
2026-09-30T21:22:08,surface-10:00,SPXW,2017-01-06,10:00-10:01 n=556 est,9.1e-05,nan
2026-09-30T21:22:12,surface-15:59,SPXW,2017-01-11,15:59-16:00 n=551 est,9.1e-05,nan
2026-09-30T21:22:13,definition,SPXW,2017-02-10,parent est,0.010027,nan
2026-09-30T21:22:13,surface-09:35,SPXW,2017-01-03,09:35-09:36 n=620 est,0.000102,nan
2026-09-30T21:22:13,definition,SPXW,2017-02-13,parent est,0.009463,nan
2026-09-30T21:22:16,chain+path,XSP,2021-01-11,09:30-16:15 n=139 est,0.009225,nan
2026-09-30T21:22:17,surface-15:59,SPXW,2017-01-17,15:59-16:00 n=447 est,7.3e-05,nan
2026-09-30T21:22:18,definition,SPY,2021-01-15,parent est,0.018192,nan
2026-09-30T21:22:20,chain+path,XSP,2021-01-12,09:30-16:15 n=141 est,0.009358,nan
2026-09-30T21:22:20,chain+path,SPXW,2017-02-06,09:30-16:15 n=196 est,0.013008,nan
2026-09-30T21:22:22,chain+path,SPXW,2017-01-31,09:30-16:15 n=259 est,0.017189,nan
2026-09-30T21:22:24,chain-next,SPY,2021-01-06,09:30-16:15 n=129 est,0.008561,nan
2026-09-30T21:22:24,definition,SPXW,2017-02-08,parent est,0.009411,nan
2026-09-30T21:22:26,surface-15:59,SPXW,2017-01-18,15:59-16:00 n=451 est,7.4e-05,nan
2026-09-30T21:22:26,chain+path,SPY,2021-01-14,09:30-16:15 n=312 est,0.020706,nan
2026-09-30T21:22:26,chain-next,XSP,2021-01-06,09:30-16:15 n=129 est,0.008561,nan
2026-09-30T21:22:27,chain+path,SPXW,2017-02-09,09:30-16:15 n=238 est,0.015795,nan
2026-09-30T21:22:27,surface-09:35,SPXW,2017-02-02,09:35-09:36 n=455 est,7.5e-05,nan
2026-09-30T21:22:28,chain+path,SPXW,2017-02-10,09:30-16:15 n=243 est,0.016127,nan
2026-09-30T21:22:29,surface-10:00,SPXW,2017-01-19,10:00-10:01 n=426 est,7e-05,nan
2026-09-30T21:22:30,definition,XSP,2021-01-14,parent est,0.015389,nan
2026-09-30T21:22:30,surface-15:59,SPXW,2017-01-06,15:59-16:00 n=556 est,9.1e-05,nan
2026-09-30T21:22:32,chain-next,SPXW,2017-02-10,09:30-16:15 n=186 est,0.012344,nan
2026-09-30T21:22:33,surface-15:59,SPXW,2017-01-10,15:59-16:00 n=535 est,8.8e-05,nan
2026-09-30T21:22:35,surface-10:00,SPXW,2017-02-02,10:00-10:01 n=455 est,7.5e-05,nan
2026-09-30T21:22:35,surface-09:35,SPXW,2017-02-06,09:35-09:36 n=435 est,7.1e-05,nan
2026-09-30T21:22:36,surface-10:00,SPXW,2017-01-03,10:00-10:01 n=620 est,0.000102,nan
2026-09-30T21:22:37,surface-15:59,SPXW,2017-01-30,15:59-16:00 n=424 est,7e-05,nan
2026-09-30T21:22:37,surface-09:35,SPXW,2017-02-03,09:35-09:36 n=463 est,7.6e-05,nan
2026-09-30T21:22:40,definition,SPXW,2017-02-17,parent est,0.010599,nan
2026-09-30T21:22:44,chain+path,SPXW,2017-02-17,09:30-16:15 n=199 est,0.013207,nan
2026-09-30T21:22:44,chain+path,SPXW,2017-02-07,09:30-16:15 n=199 est,0.013207,nan
2026-09-30T21:22:46,surface-15:59,SPXW,2017-02-02,15:59-16:00 n=455 est,7.5e-05,nan
2026-09-30T21:22:46,surface-09:35,SPXW,2017-01-26,09:35-09:36 n=440 est,7.2e-05,nan
2026-09-30T21:22:47,chain+path,SPXW,2017-02-01,09:30-16:15 n=191 est,0.012676,nan
2026-09-30T21:22:48,surface-09:35,SPXW,2017-01-31,09:35-09:36 n=460 est,7.6e-05,nan
2026-09-30T21:22:49,definition,XSP,2021-01-15,parent est,0.016986,nan
2026-09-30T21:22:49,chain-next,SPXW,2017-02-21,09:30-16:15 n=143 est,0.00949,nan
2026-09-30T21:22:50,chain+path,SPXW,2017-01-05,09:30-16:15 n=253 est,0.016791,nan
2026-09-30T21:22:53,surface-09:35,SPXW,2017-02-10,09:35-09:36 n=435 est,7.1e-05,nan
2026-09-30T21:22:55,chain-next,SPXW,2017-02-08,09:30-16:15 n=143 est,0.00949,nan
2026-09-30T21:22:56,surface-10:00,SPXW,2017-01-31,10:00-10:01 n=460 est,7.6e-05,nan
2026-09-30T21:22:57,surface-10:00,SPXW,2017-02-06,10:00-10:01 n=435 est,7.1e-05,nan
2026-09-30T21:23:00,definition,SPXW,2017-02-21,parent est,0.011005,nan
2026-09-30T21:23:01,definition,SPY,2021-01-19,parent est,0.017204,nan
2026-09-30T21:23:02,definition,SPXW,2017-02-22,parent est,0.010769,nan
2026-09-30T21:23:03,chain+path,XSP,2021-01-07,09:30-16:15 n=157 est,0.01042,nan
2026-09-30T21:23:04,surface-15:59,SPXW,2017-02-06,15:59-16:00 n=435 est,7.1e-05,nan
2026-09-30T21:23:10,definition,SPXW,2017-02-15,parent est,0.009965,nan
2026-09-30T21:23:10,chain+path,SPY,2021-01-08,09:30-16:15 n=155 est,0.010287,nan
2026-09-30T21:23:10,surface-10:00,SPXW,2017-02-10,10:00-10:01 n=435 est,7.1e-05,nan
2026-09-30T21:23:12,chain+path,SPXW,2017-02-22,09:30-16:15 n=204 est,0.013539,nan
2026-09-30T21:23:13,surface-09:35,SPXW,2017-02-17,09:35-09:36 n=550 est,9e-05,nan
2026-09-30T21:23:14,surface-10:00,SPXW,2017-02-03,10:00-10:01 n=463 est,7.6e-05,nan
2026-09-30T21:23:14,chain-next,SPXW,2017-01-06,09:30-16:15 n=201 est,0.01334,nan
2026-09-30T21:23:15,surface-15:59,SPXW,2017-01-03,15:59-16:00 n=620 est,0.000102,nan
2026-09-30T21:23:15,definition,SPXW,2017-02-16,parent est,0.010197,nan
2026-09-30T21:23:16,surface-15:59,SPXW,2017-01-19,15:59-16:00 n=426 est,7e-05,nan
2026-09-30T21:23:17,chain+path,XSP,2021-01-13,09:30-16:15 n=141 est,0.009358,nan
2026-09-30T21:23:19,surface-15:59,SPXW,2017-01-31,15:59-16:00 n=460 est,7.6e-05,nan
2026-09-30T21:23:20,chain+path,SPXW,2017-02-13,09:30-16:15 n=199 est,0.013207,nan
2026-09-30T21:23:21,surface-09:35,SPXW,2017-01-05,09:35-09:36 n=548 est,9e-05,nan
2026-09-30T21:23:22,chain+path,SPXW,2017-02-08,09:30-16:15 n=199 est,0.013207,nan
2026-09-30T21:23:22,definition,XSP,2021-01-19,parent est,0.0163,nan
2026-09-30T21:23:24,surface-09:35,SPXW,2017-02-09,09:35-09:36 n=451 est,7.4e-05,nan
2026-09-30T21:23:25,chain-next,XSP,2021-01-13,09:30-16:15 n=141 est,0.009358,nan
2026-09-30T21:23:26,surface-10:00,SPXW,2017-01-05,10:00-10:01 n=548 est,9e-05,nan
2026-09-30T21:23:26,surface-15:59,SPXW,2017-02-10,15:59-16:00 n=435 est,7.1e-05,nan
2026-09-30T21:23:27,surface-09:35,SPXW,2017-02-22,09:35-09:36 n=474 est,7.8e-05,nan
2026-09-30T21:23:29,surface-09:35,SPXW,2017-02-01,09:35-09:36 n=466 est,7.7e-05,nan
2026-09-30T21:23:30,definition,SPXW,2017-02-28,parent est,0.010732,nan
2026-09-30T21:23:31,surface-10:00,SPXW,2017-02-09,10:00-10:01 n=451 est,7.4e-05,nan
2026-09-30T21:23:32,surface-10:00,SPXW,2017-01-26,10:00-10:01 n=440 est,7.2e-05,nan
2026-09-30T21:23:32,definition,SPXW,2017-02-14,parent est,0.009887,nan
2026-09-30T21:23:35,surface-10:00,SPXW,2017-02-17,10:00-10:01 n=550 est,9e-05,nan
2026-09-30T21:23:35,surface-15:59,SPXW,2017-02-03,15:59-16:00 n=463 est,7.6e-05,nan
2026-09-30T21:23:36,surface-15:59,SPXW,2017-02-09,15:59-16:00 n=451 est,7.4e-05,nan
2026-09-30T21:23:38,surface-09:35,SPXW,2017-02-07,09:35-09:36 n=440 est,7.2e-05,nan
2026-09-30T21:23:39,definition,SPXW,2017-02-23,parent est,0.010879,nan
2026-09-30T21:23:40,definition,SPY,2021-01-20,parent est,0.016901,nan
2026-09-30T21:23:41,chain+path,SPXW,2017-02-15,09:30-16:15 n=200 est,0.013273,nan
2026-09-30T21:23:45,surface-09:35,SPXW,2017-02-13,09:35-09:36 n=425 est,7e-05,nan
2026-09-30T21:23:46,surface-09:35,SPXW,2017-02-15,09:35-09:36 n=430 est,7.1e-05,nan
2026-09-30T21:23:47,chain+path,SPY,2021-01-13,09:30-16:15 n=141 est,0.009358,nan
2026-09-30T21:23:47,chain+path,SPXW,2017-02-28,09:30-16:15 n=258 est,0.017123,nan
2026-09-30T21:23:47,definition,SPXW,2017-03-03,parent est,0.010547,nan
2026-09-30T21:23:53,surface-15:59,SPXW,2017-01-05,15:59-16:00 n=548 est,9e-05,nan
2026-09-30T21:23:54,definition,SPXW,2017-02-27,parent est,0.010717,nan
2026-09-30T21:23:55,chain+path,SPY,2021-01-12,09:30-16:15 n=141 est,0.009358,nan
2026-09-30T21:23:55,surface-10:00,SPXW,2017-02-15,10:00-10:01 n=430 est,7.1e-05,nan
2026-09-30T21:23:58,surface-15:59,SPXW,2017-02-15,15:59-16:00 n=430 est,7.1e-05,nan
2026-09-30T21:23:59,chain+path,SPXW,2017-02-27,09:30-16:15 n=198 est,0.013141,nan
2026-09-30T21:24:00,chain+path,SPXW,2017-02-21,09:30-16:15 n=204 est,0.013539,nan
2026-09-30T21:24:01,surface-10:00,SPXW,2017-02-13,10:00-10:01 n=425 est,7e-05,nan
2026-09-30T21:24:02,definition,SPXW,2017-03-02,parent est,0.010142,nan
2026-09-30T21:24:03,chain+path,SPY,2021-01-20,09:30-16:15 n=145 est,0.009623,nan
2026-09-30T21:24:03,chain+path,SPXW,2017-02-16,09:30-16:15 n=199 est,0.013207,nan
2026-09-30T21:24:03,definition,XSP,2021-01-20,parent est,0.01585,nan
2026-09-30T21:24:03,surface-10:00,SPXW,2017-02-01,10:00-10:01 n=466 est,7.7e-05,nan
2026-09-30T21:24:04,definition,SPXW,2017-03-07,parent est,0.009935,nan
2026-09-30T21:24:04,surface-10:00,SPXW,2017-02-07,10:00-10:01 n=440 est,7.2e-05,nan
2026-09-30T21:24:05,definition,SPXW,2017-03-01,parent est,0.010267,nan
2026-09-30T21:24:07,surface-09:35,SPXW,2017-02-08,09:35-09:36 n=437 est,7.2e-05,nan
2026-09-30T21:24:07,surface-09:35,SPXW,2017-02-28,09:35-09:36 n=486 est,8e-05,nan
2026-09-30T21:24:08,definition,SPXW,2017-03-08,parent est,0.009935,nan
2026-09-30T21:24:15,definition,XSP,2021-01-21,parent est,0.015758,nan
2026-09-30T21:24:17,surface-15:59,SPXW,2017-02-13,15:59-16:00 n=425 est,7e-05,nan
2026-09-30T21:24:17,surface-10:00,SPXW,2017-02-22,10:00-10:01 n=474 est,7.8e-05,nan
2026-09-30T21:24:20,definition,SPXW,2017-02-24,parent est,0.011281,nan
2026-09-30T21:24:20,surface-15:59,SPXW,2017-02-17,15:59-16:00 n=550 est,9e-05,nan
2026-09-30T21:24:23,surface-15:59,SPXW,2017-02-01,15:59-16:00 n=466 est,7.7e-05,nan
2026-09-30T21:24:24,chain+path,SPXW,2017-03-02,09:30-16:15 n=243 est,0.016127,nan
2026-09-30T21:24:24,surface-10:00,SPXW,2017-02-08,10:00-10:01 n=437 est,7.2e-05,nan
2026-09-30T21:24:26,definition,SPXW,2017-03-09,parent est,0.009493,nan
2026-09-30T21:24:27,chain+path,SPXW,2017-02-24,09:30-16:15 n=237 est,0.015729,nan
2026-09-30T21:24:27,surface-15:59,SPXW,2017-02-07,15:59-16:00 n=440 est,7.2e-05,nan
2026-09-30T21:24:28,surface-15:59,SPXW,2017-01-26,15:59-16:00 n=440 est,7.2e-05,nan
2026-09-30T21:24:28,definition,SPY,2021-01-21,parent est,0.016842,nan
2026-09-30T21:24:28,chain-next,SPXW,2017-03-03,09:30-16:15 n=187 est,0.012411,nan
2026-09-30T21:24:31,chain+path,XSP,2021-01-15,09:30-16:15 n=278 est,0.01845,nan
2026-09-30T21:24:32,chain+path,SPXW,2017-03-09,09:30-16:15 n=246 est,0.016326,nan
2026-09-30T21:24:33,surface-09:35,SPXW,2017-02-24,09:35-09:36 n=472 est,7.8e-05,nan
2026-09-30T21:24:34,surface-10:00,SPXW,2017-02-28,10:00-10:01 n=486 est,8e-05,nan
2026-09-30T21:24:35,chain+path,SPXW,2017-02-14,09:30-16:15 n=199 est,0.013207,nan
2026-09-30T21:24:37,definition,SPXW,2017-03-06,parent est,0.009961,nan
2026-09-30T21:24:38,chain-next,SPXW,2017-03-10,09:30-16:15 n=190 est,0.01261,nan
2026-09-30T21:24:42,surface-15:59,SPXW,2017-02-28,15:59-16:00 n=486 est,8e-05,nan
2026-09-30T21:24:42,definition,SPXW,2017-03-13,parent est,0.009312,nan
2026-09-30T21:24:43,chain+path,SPXW,2017-03-03,09:30-16:15 n=243 est,0.016127,nan
2026-09-30T21:24:43,surface-09:35,SPXW,2017-03-09,09:35-09:36 n=482 est,7.9e-05,nan
2026-09-30T21:24:46,chain-next,SPXW,2017-02-15,09:30-16:15 n=143 est,0.00949,nan
2026-09-30T21:24:47,chain-next,SPXW,2017-02-21,09:30-16:15 n=143 est,0.00949,nan
2026-09-30T21:24:48,surface-09:35,SPXW,2017-02-27,09:35-09:36 n=461 est,7.6e-05,nan
2026-09-30T21:24:48,definition,SPY,2021-01-22,parent est,0.017082,nan
2026-09-30T21:24:49,chain+path,SPXW,2017-02-23,09:30-16:15 n=237 est,0.015729,nan
2026-09-30T21:24:50,chain-next,XSP,2021-01-08,09:30-16:15 n=157 est,0.01042,nan
2026-09-30T21:24:52,surface-09:35,SPXW,2017-02-21,09:35-09:36 n=471 est,7.7e-05,nan
2026-09-30T21:24:53,surface-09:35,SPXW,2017-03-02,09:35-09:36 n=498 est,8.2e-05,nan
2026-09-30T21:24:53,surface-09:35,SPXW,2017-02-14,09:35-09:36 n=451 est,7.4e-05,nan
2026-09-30T21:24:54,surface-10:00,SPXW,2017-03-09,10:00-10:01 n=482 est,7.9e-05,nan
2026-09-30T21:24:55,surface-15:59,SPXW,2017-02-22,15:59-16:00 n=474 est,7.8e-05,nan
2026-09-30T21:24:58,chain-next,SPY,2021-01-13,09:30-16:15 n=141 est,0.009358,nan
2026-09-30T21:25:00,chain+path,SPXW,2017-03-06,09:30-16:15 n=204 est,0.013539,nan
2026-09-30T21:25:03,surface-10:00,SPXW,2017-02-21,10:00-10:01 n=471 est,7.7e-05,nan
2026-09-30T21:25:03,surface-10:00,SPXW,2017-03-02,10:00-10:01 n=498 est,8.2e-05,nan
2026-09-30T21:25:05,chain+path,XSP,2021-01-20,09:30-16:15 n=145 est,0.009623,nan
2026-09-30T21:25:05,chain+path,SPXW,2017-03-07,09:30-16:15 n=205 est,0.013605,nan
2026-09-30T21:25:05,surface-15:59,SPXW,2017-03-09,15:59-16:00 n=482 est,7.9e-05,nan
2026-09-30T21:25:06,chain-next,SPXW,2017-02-24,09:30-16:15 n=181 est,0.012012,nan
2026-09-30T21:25:06,surface-09:35,SPXW,2017-03-06,09:35-09:36 n=457 est,7.5e-05,nan
2026-09-30T21:25:07,chain+path,SPY,2021-01-19,09:30-16:15 n=145 est,0.009623,nan
2026-09-30T21:25:07,surface-10:00,SPXW,2017-02-27,10:00-10:01 n=461 est,7.6e-05,nan
2026-09-30T21:25:09,definition,SPXW,2017-03-14,parent est,0.00926,nan
2026-09-30T21:25:10,chain+path,SPXW,2017-03-13,09:30-16:15 n=209 est,0.013871,nan
2026-09-30T21:25:12,chain-next,SPXW,2017-03-08,09:30-16:15 n=149 est,0.009889,nan
2026-09-30T21:25:14,chain+path,SPXW,2017-03-01,09:30-16:15 n=202 est,0.013406,nan
2026-09-30T21:25:15,definition,XSP,2021-01-25,parent est,0.016039,nan
2026-09-30T21:25:16,definition,SPXW,2017-03-20,parent est,0.01006,nan
2026-09-30T21:25:17,surface-15:59,SPXW,2017-02-08,15:59-16:00 n=437 est,7.2e-05,nan
2026-09-30T21:25:20,surface-15:59,SPXW,2017-02-27,15:59-16:00 n=461 est,7.6e-05,nan
2026-09-30T21:25:20,definition,SPY,2021-01-26,parent est,0.016341,nan
2026-09-30T21:25:20,definition,SPY,2021-01-25,parent est,0.016713,nan
2026-09-30T21:25:21,surface-09:35,SPXW,2017-03-01,09:35-09:36 n=496 est,8.1e-05,nan
2026-09-30T21:25:22,chain+path,XSP,2021-01-14,09:30-16:15 n=279 est,0.018516,nan
2026-09-30T21:25:23,definition,SPXW,2017-03-10,parent est,0.009906,nan
2026-09-30T21:25:24,surface-09:35,SPXW,2017-02-16,09:35-09:36 n=521 est,8.6e-05,nan
2026-09-30T21:25:24,definition,XSP,2021-01-26,parent est,0.015843,nan
2026-09-30T21:25:24,chain+path,XSP,2021-01-19,09:30-16:15 n=145 est,0.009623,nan
2026-09-30T21:25:26,chain+path,SPY,2021-01-15,09:30-16:15 n=311 est,0.02064,nan
2026-09-30T21:25:26,surface-15:59,SPXW,2017-03-02,15:59-16:00 n=498 est,8.2e-05,nan
2026-09-30T21:25:29,surface-10:00,SPXW,2017-03-01,10:00-10:01 n=496 est,8.1e-05,nan
2026-09-30T21:25:30,chain+path,SPXW,2017-03-10,09:30-16:15 n=246 est,0.016326,nan
2026-09-30T21:25:32,definition,XSP,2023-01-04,parent est,0.019844,nan
2026-09-30T21:25:33,surface-15:59,SPXW,2017-03-01,15:59-16:00 n=496 est,8.1e-05,nan
2026-09-30T21:25:34,surface-09:35,SPXW,2017-03-03,09:35-09:36 n=483 est,7.9e-05,nan
2026-09-30T21:25:35,definition,SPXW,2017-03-16,parent est,0.009168,nan
2026-09-30T21:25:36,surface-10:00,SPXW,2017-02-24,10:00-10:01 n=472 est,7.8e-05,nan
2026-09-30T21:25:36,definition,SPY,2025-01-03,parent est,0.01817,nan
2026-09-30T21:25:37,definition,SPY,2023-01-12,parent est,0.014888,nan
2026-09-30T21:25:38,definition,SPXW,2017-03-21,parent est,0.010016,nan
2026-09-30T21:25:38,definition,SPY,2025-01-02,parent est,0.018602,nan
2026-09-30T21:25:39,definition,XSP,2023-01-10,parent est,0.020025,nan
2026-09-30T21:25:40,definition,XSP,2025-01-03,parent est,0.02472,nan
2026-09-30T21:25:41,definition,SPY,2025-01-13,parent est,0.017971,nan
2026-09-30T21:25:42,definition,XSP,2025-01-13,parent est,0.025081,nan
2026-09-30T21:25:44,definition,SPXW,2017-03-15,parent est,0.009607,nan
2026-09-30T21:25:44,surface-09:35,SPXW,2017-03-10,09:35-09:36 n=488 est,8e-05,nan
2026-09-30T21:25:44,definition,SPXW,2022-01-12,parent est,0.026069,nan
2026-09-30T21:25:45,definition,SPY,2023-01-04,parent est,0.013616,nan
2026-09-30T21:25:45,definition,SPXW,2022-01-07,parent est,0.027342,nan
2026-09-30T21:25:46,definition,SPY,2023-01-11,parent est,0.014608,nan
2026-09-30T21:25:46,chain+path,SPXW,2017-03-21,09:30-16:15 n=204 est,0.013539,nan
2026-09-30T21:25:47,definition,XSP,2023-01-06,parent est,0.020265,nan
2026-09-30T21:25:47,definition,SPXW,2022-01-19,parent est,0.025791,nan
2026-09-30T21:25:47,definition,XSP,2025-01-06,parent est,0.024675,nan
2026-09-30T21:25:47,chain+path,XSP,2023-01-04,09:30-16:15 n=163 est,0.010818,nan
2026-09-30T21:25:47,definition,SPY,2023-01-10,parent est,0.014213,nan
2026-09-30T21:25:48,chain+path,SPXW,2017-03-16,09:30-16:15 n=210 est,0.013937,nan
2026-09-30T21:25:48,definition,SPY,2023-01-03,parent est,0.013774,nan
2026-09-30T21:25:48,chain+path,XSP,2025-01-13,09:30-16:15 n=181 est,0.012012,nan
2026-09-30T21:25:49,definition,XSP,2023-01-05,parent est,0.019708,nan
2026-09-30T21:25:50,surface-09:35,SPXW,2017-03-13,09:35-09:36 n=486 est,8e-05,nan
2026-09-30T21:25:50,chain-next,SPXW,2017-03-22,09:30-16:15 n=148 est,0.009822,nan
2026-09-30T21:25:51,surface-10:00,SPXW,2017-03-06,10:00-10:01 n=457 est,7.5e-05,nan
2026-09-30T21:25:51,chain+path,SPY,2021-01-22,09:30-16:15 n=168 est,0.01115,nan
2026-09-30T21:25:51,surface-10:00,SPXW,2017-02-16,10:00-10:01 n=521 est,8.6e-05,nan
2026-09-30T21:25:51,chain+path,SPY,2025-01-02,09:30-16:15 n=147 est,0.009756,nan
2026-09-30T21:25:52,definition,SPXW,2017-03-24,parent est,0.010507,nan
2026-09-30T21:25:53,chain+path,XSP,2021-01-25,09:30-16:15 n=144 est,0.009557,nan
2026-09-30T21:25:54,chain+path,XSP,2025-01-06,09:30-16:15 n=186 est,0.012344,nan
2026-09-30T21:25:56,surface-10:00,SPXW,2017-02-14,10:00-10:01 n=451 est,7.4e-05,nan
2026-09-30T21:25:56,definition,SPXW,2022-01-10,parent est,0.026372,nan
2026-09-30T21:25:56,chain+path,SPXW,2017-03-08,09:30-16:15 n=205 est,0.013605,nan
2026-09-30T21:25:57,surface-15:59,SPXW,2017-03-06,15:59-16:00 n=457 est,7.5e-05,nan
2026-09-30T21:25:57,chain+path,SPY,2025-01-13,09:30-16:15 n=124 est,0.008229,nan
2026-09-30T21:25:57,chain+path,SPXW,2017-03-24,09:30-16:15 n=237 est,0.015729,nan
2026-09-30T21:25:59,chain+path,XSP,2021-01-26,09:30-16:15 n=147 est,0.009756,nan
2026-09-30T21:26:00,definition,SPXW,2022-01-11,parent est,0.025881,nan
2026-09-30T21:26:00,definition,SPXW,2022-01-06,parent est,0.02684,nan
2026-09-30T21:26:00,chain+path,SPY,2023-01-11,09:30-16:15 n=156 est,0.010353,nan
2026-09-30T21:26:01,definition,SPXW,2022-01-05,parent est,0.027357,nan
2026-09-30T21:26:01,surface-10:00,SPXW,2017-03-10,10:00-10:01 n=488 est,8e-05,nan
2026-09-30T21:26:02,definition,XSP,2023-01-11,parent est,0.02018,nan
2026-09-30T21:26:02,definition,SPXW,2017-03-22,parent est,0.010057,nan
2026-09-30T21:26:03,surface-09:35,SPXW,2017-03-08,09:35-09:36 n=475 est,7.8e-05,nan
2026-09-30T21:26:03,definition,SPY,2025-01-08,parent est,0.018347,nan
2026-09-30T21:26:03,definition,SPY,2025-01-07,parent est,0.018557,nan
2026-09-30T21:26:03,surface-15:59,SPXW,2017-02-14,15:59-16:00 n=451 est,7.4e-05,nan
2026-09-30T21:26:04,chain+path,SPXW,2017-03-20,09:30-16:15 n=214 est,0.014202,nan
2026-09-30T21:26:06,definition,SPXW,2022-01-24,parent est,0.025679,nan
2026-09-30T21:26:06,definition,SPY,2025-01-15,parent est,0.018085,nan
2026-09-30T21:26:07,definition,XSP,2023-01-12,parent est,0.020519,nan
2026-09-30T21:26:09,definition,XSP,2025-01-07,parent est,0.024985,nan
2026-09-30T21:26:10,definition,SPY,2025-01-14,parent est,0.018181,nan
2026-09-30T21:26:11,definition,SPXW,2017-03-17,parent est,0.009574,nan
2026-09-30T21:26:11,definition,SPXW,2022-01-21,parent est,0.026313,nan
2026-09-30T21:26:11,definition,SPXW,2017-03-23,parent est,0.010101,nan
2026-09-30T21:26:11,definition,SPXW,2022-01-20,parent est,0.025734,nan
2026-09-30T21:26:11,surface-15:59,SPXW,2017-02-24,15:59-16:00 n=472 est,7.8e-05,nan
2026-09-30T21:26:12,definition,XSP,2023-01-03,parent est,0.020158,nan
2026-09-30T21:26:12,surface-09:35,SPXW,2017-03-07,09:35-09:36 n=469 est,7.7e-05,nan
2026-09-30T21:26:13,definition,XSP,2025-01-15,parent est,0.024775,nan
2026-09-30T21:26:13,definition,XSP,2021-01-27,parent est,0.016157,nan
2026-09-30T21:26:14,chain+path,SPY,2025-01-08,09:30-16:15 n=158 est,0.010486,nan
2026-09-30T21:26:15,definition,SPY,2025-01-10,parent est,0.018137,nan
2026-09-30T21:26:16,definition,SPXW,2022-01-04,parent est,0.02729,nan
2026-09-30T21:26:18,chain+path,SPXW,2017-03-23,09:30-16:15 n=237 est,0.015729,nan
2026-09-30T21:26:18,chain+path,XSP,2025-01-07,09:30-16:15 n=186 est,0.012344,nan
2026-09-30T21:26:18,surface-15:59,SPXW,2017-03-10,15:59-16:00 n=488 est,8e-05,nan
2026-09-30T21:26:19,chain+path,SPXW,2017-03-17,09:30-16:15 n=209 est,0.013871,nan
2026-09-30T21:26:19,surface-09:35,SPXW,2017-03-21,09:35-09:36 n=564 est,9.3e-05,nan
2026-09-30T21:26:19,surface-10:00,SPXW,2017-03-13,10:00-10:01 n=486 est,8e-05,nan
2026-09-30T21:26:21,definition,XSP,2025-01-16,parent est,0.025266,nan
2026-09-30T21:26:21,definition,XSP,2021-01-22,parent est,0.016131,nan
2026-09-30T21:26:21,chain+path,SPXW,2022-01-11,09:30-16:15 n=392 est,0.026016,nan
2026-09-30T21:26:22,definition,SPY,2021-01-27,parent est,0.016972,nan
2026-09-30T21:26:22,definition,XSP,2025-01-02,parent est,0.024948,nan
2026-09-30T21:26:22,definition,SPY,2023-01-05,parent est,0.013435,nan
2026-09-30T21:26:23,chain-next,SPXW,2017-03-24,09:30-16:15 n=181 est,0.012012,nan
2026-09-30T21:26:23,definition,SPY,2023-01-13,parent est,0.015294,nan
2026-09-30T21:26:23,surface-09:35,SPXW,2017-03-20,09:35-09:36 n=553 est,9.1e-05,nan
2026-09-30T21:26:24,definition,SPXW,2017-03-28,parent est,0.009917,nan
2026-09-30T21:26:24,chain+path,SPY,2025-01-15,09:30-16:15 n=164 est,0.010884,nan
2026-09-30T21:26:27,surface-15:59,SPXW,2017-03-13,15:59-16:00 n=486 est,8e-05,nan
2026-09-30T21:26:28,chain+path,XSP,2023-01-03,09:30-16:15 n=163 est,0.010818,nan
2026-09-30T21:26:29,definition,SPY,2025-01-16,parent est,0.017989,nan
2026-09-30T21:26:29,chain+path,XSP,2025-01-16,09:30-16:15 n=186 est,0.012344,nan
2026-09-30T21:26:30,chain+path,SPXW,2022-01-05,09:30-16:15 n=443 est,0.0294,nan
2026-09-30T21:26:30,definition,SPXW,2017-03-30,parent est,0.010042,nan
2026-09-30T21:26:30,definition,SPY,2025-01-17,parent est,0.017827,nan
2026-09-30T21:26:31,surface-09:35,SPXW,2017-02-23,09:35-09:36 n=481 est,7.9e-05,nan
2026-09-30T21:26:31,chain+path,SPY,2025-01-10,09:30-16:15 n=173 est,0.011481,nan
2026-09-30T21:26:31,definition,XSP,2023-01-13,parent est,0.020777,nan
2026-09-30T21:26:34,chain+path,SPY,2025-01-03,09:30-16:15 n=176 est,0.011681,nan
2026-09-30T21:26:34,surface-09:35,SPXW,2017-03-23,09:35-09:36 n=589 est,9.7e-05,nan
2026-09-30T21:26:36,surface-10:00,SPXW,2017-03-20,10:00-10:01 n=553 est,9.1e-05,nan
2026-09-30T21:26:37,chain+path,SPY,2021-01-27,09:30-16:15 n=144 est,0.009557,nan
2026-09-30T21:26:38,surface-10:00,SPXW,2017-03-07,10:00-10:01 n=469 est,7.7e-05,nan
2026-09-30T21:26:39,definition,XSP,2021-01-28,parent est,0.01581,nan
2026-09-30T21:26:41,chain+path,SPY,2023-01-12,09:30-16:15 n=155 est,0.010287,nan
2026-09-30T21:26:41,definition,SPY,2021-01-28,parent est,0.016776,nan
2026-09-30T21:26:41,surface-15:59,SPXW,2017-03-20,15:59-16:00 n=553 est,9.1e-05,nan
2026-09-30T21:26:42,definition,XSP,2023-01-09,parent est,0.019911,nan
2026-09-30T21:26:44,chain+path,XSP,2025-01-02,09:30-16:15 n=181 est,0.012012,nan
2026-09-30T21:26:44,definition,SPY,2023-01-06,parent est,0.014375,nan
2026-09-30T21:26:44,definition,SPY,2025-01-06,parent est,0.017764,nan
2026-09-30T21:26:45,definition,SPY,2023-01-09,parent est,0.013929,nan
2026-09-30T21:26:45,chain-next,XSP,2021-01-27,09:30-16:15 n=147 est,0.009756,nan
2026-09-30T21:26:46,surface-10:00,SPXW,2017-03-23,10:00-10:01 n=589 est,9.7e-05,nan
2026-09-30T21:26:47,chain-next,SPXW,2017-03-20,09:30-16:15 n=153 est,0.010154,nan
2026-09-30T21:26:48,surface-15:59,SPXW,2017-02-16,15:59-16:00 n=521 est,8.6e-05,nan
2026-09-30T21:26:48,chain+path,SPXW,2017-03-14,09:30-16:15 n=209 est,0.013871,nan
2026-09-30T21:26:48,definition,SPY,2025-01-22,parent est,0.017182,nan
2026-09-30T21:26:48,surface-15:59,SPXW,2017-03-07,15:59-16:00 n=469 est,7.7e-05,nan
2026-09-30T21:26:49,chain+path,SPY,2023-01-03,09:30-16:15 n=145 est,0.009623,nan
2026-09-30T21:26:50,surface-09:35,SPXW,2017-03-24,09:35-09:36 n=595 est,9.8e-05,nan
2026-09-30T21:26:51,chain+path,XSP,2021-01-21,09:30-16:15 n=168 est,0.01115,nan
2026-09-30T21:26:51,chain-next,SPY,2021-01-15,09:30-16:15 n=312 est,0.020706,nan
2026-09-30T21:26:51,chain+path,SPY,2021-01-26,09:30-16:15 n=144 est,0.009557,nan
2026-09-30T21:26:51,surface-10:00,SPXW,2017-02-23,10:00-10:01 n=481 est,7.9e-05,nan
2026-09-30T21:26:51,surface-09:35,SPXW,2022-01-05,09:35-09:36 n=1391 est,0.000229,nan
2026-09-30T21:26:52,definition,SPXW,2022-01-03,parent est,0.027865,nan
2026-09-30T21:26:53,chain+path,SPXW,2017-03-15,09:30-16:15 n=208 est,0.013804,nan
2026-09-30T21:26:53,surface-09:35,SPXW,2017-03-17,09:35-09:36 n=555 est,9.1e-05,nan
2026-09-30T21:26:53,definition,SPXW,2017-03-27,parent est,0.009942,nan
2026-09-30T21:26:54,definition,SPY,2025-01-23,parent est,0.017547,nan
2026-09-30T21:26:56,chain+path,SPY,2025-01-17,09:30-16:15 n=314 est,0.020839,nan
2026-09-30T21:26:57,definition,SPXW,2017-03-29,parent est,0.009935,nan
2026-09-30T21:26:57,chain+path,SPY,2025-01-14,09:30-16:15 n=152 est,0.010088,nan
2026-09-30T21:26:58,chain+path,SPXW,2017-03-27,09:30-16:15 n=202 est,0.013406,nan
2026-09-30T21:26:58,definition,SPXW,2022-01-25,parent est,0.025413,nan
2026-09-30T21:26:58,definition,SPXW,2022-01-14,parent est,0.027237,nan
2026-09-30T21:26:59,chain+path,XSP,2023-01-09,09:30-16:15 n=160 est,0.010619,nan
2026-09-30T21:26:59,chain+path,SPY,2023-01-10,09:30-16:15 n=143 est,0.00949,nan
2026-09-30T21:26:59,chain+path,SPY,2023-01-09,09:30-16:15 n=143 est,0.00949,nan
2026-09-30T21:26:59,definition,XSP,2025-01-10,parent est,0.024786,nan
2026-09-30T21:27:00,surface-09:35,SPXW,2017-03-15,09:35-09:36 n=586 est,9.6e-05,nan
2026-09-30T21:27:00,surface-10:00,SPXW,2022-01-05,10:00-10:01 n=1391 est,0.000229,nan
2026-09-30T21:27:00,chain+path,SPXW,2022-01-19,09:30-16:15 n=381 est,0.025286,nan
2026-09-30T21:27:01,surface-15:59,SPXW,2017-03-23,15:59-16:00 n=589 est,9.7e-05,nan
2026-09-30T21:27:02,surface-10:00,SPXW,2017-03-21,10:00-10:01 n=564 est,9.3e-05,nan
2026-09-30T21:27:03,surface-15:59,SPXW,2017-02-21,15:59-16:00 n=471 est,7.7e-05,nan
2026-09-30T21:27:03,surface-10:00,SPXW,2017-03-08,10:00-10:01 n=475 est,7.8e-05,nan
2026-09-30T21:27:03,definition,SPXW,2017-03-31,parent est,0.010492,nan
2026-09-30T21:27:05,surface-10:00,SPXW,2017-03-03,10:00-10:01 n=483 est,7.9e-05,nan
2026-09-30T21:27:06,definition,SPY,2021-02-01,parent est,0.017775,nan
2026-09-30T21:27:07,surface-10:00,SPXW,2017-03-24,10:00-10:01 n=595 est,9.8e-05,nan
2026-09-30T21:27:07,definition,SPXW,2017-04-05,parent est,0.009762,nan
2026-09-30T21:27:07,definition,XSP,2025-01-08,parent est,0.024959,nan
2026-09-30T21:27:08,definition,XSP,2025-01-22,parent est,0.025044,nan
2026-09-30T21:27:10,chain+path,SPXW,2017-03-22,09:30-16:15 n=204 est,0.013539,nan
2026-09-30T21:27:10,definition,SPXW,2022-01-18,parent est,0.026639,nan
2026-09-30T21:27:11,surface-15:59,SPXW,2017-03-08,15:59-16:00 n=475 est,7.8e-05,nan
2026-09-30T21:27:12,chain+path,SPXW,2017-04-05,09:30-16:15 n=199 est,0.013207,nan
2026-09-30T21:27:12,surface-15:59,SPXW,2022-01-05,15:59-16:00 n=1391 est,0.000229,nan
2026-09-30T21:27:13,chain-next,SPXW,2017-03-15,09:30-16:15 n=153 est,0.010154,nan
2026-09-30T21:27:13,chain+path,SPXW,2017-03-28,09:30-16:15 n=201 est,0.01334,nan
2026-09-30T21:27:13,surface-15:59,SPXW,2017-03-24,15:59-16:00 n=595 est,9.8e-05,nan
2026-09-30T21:27:14,chain+path,XSP,2025-01-08,09:30-16:15 n=186 est,0.012344,nan
2026-09-30T21:27:14,chain+path,XSP,2025-01-10,09:30-16:15 n=229 est,0.015198,nan
2026-09-30T21:27:15,definition,XSP,2021-01-29,parent est,0.016385,nan
2026-09-30T21:27:16,definition,XSP,2023-01-18,parent est,0.020036,nan
2026-09-30T21:27:17,definition,SPY,2023-01-18,parent est,0.01467,nan
2026-09-30T21:27:19,surface-15:59,SPXW,2017-03-21,15:59-16:00 n=564 est,9.3e-05,nan
2026-09-30T21:27:19,chain+path,SPXW,2022-01-07,09:30-16:15 n=493 est,0.032719,nan
2026-09-30T21:27:20,definition,SPY,2021-01-29,parent est,0.0181,nan
2026-09-30T21:27:20,chain+path,SPY,2025-01-07,09:30-16:15 n=162 est,0.010751,nan
2026-09-30T21:27:20,chain-next,XSP,2021-01-15,09:30-16:15 n=279 est,0.018516,nan
2026-09-30T21:27:21,chain+path,XSP,2025-01-22,09:30-16:15 n=187 est,0.012411,nan
2026-09-30T21:27:21,surface-15:59,SPXW,2017-02-23,15:59-16:00 n=481 est,7.9e-05,nan
2026-09-30T21:27:22,definition,SPXW,2017-04-06,parent est,0.009836,nan
2026-09-30T21:27:22,chain+path,XSP,2021-01-27,09:30-16:15 n=147 est,0.009756,nan
2026-09-30T21:27:23,chain+path,SPXW,2022-01-14,09:30-16:15 n=479 est,0.03179,nan
2026-09-30T21:27:24,surface-10:00,SPXW,2017-03-15,10:00-10:01 n=586 est,9.6e-05,nan
2026-09-30T21:27:24,chain+path,XSP,2025-01-15,09:30-16:15 n=186 est,0.012344,nan
2026-09-30T21:27:28,chain+path,SPXW,2017-04-06,09:30-16:15 n=238 est,0.015795,nan
2026-09-30T21:27:29,definition,SPXW,2022-01-13,parent est,0.02549,nan
2026-09-30T21:27:29,surface-15:59,SPXW,2017-03-03,15:59-16:00 n=483 est,7.9e-05,nan
2026-09-30T21:27:29,chain+path,SPY,2023-01-05,09:30-16:15 n=142 est,0.009424,nan
2026-09-30T21:27:30,chain+path,SPXW,2017-03-31,09:30-16:15 n=281 est,0.018649,nan
2026-09-30T21:27:30,surface-09:35,SPXW,2022-01-07,09:35-09:36 n=1330 est,0.000218,nan
2026-09-30T21:27:30,chain+path,SPXW,2017-03-30,09:30-16:15 n=280 est,0.018583,nan
2026-09-30T21:27:31,definition,SPXW,2017-04-07,parent est,0.010245,nan
2026-09-30T21:27:31,surface-09:35,SPXW,2017-03-27,09:35-09:36 n=593 est,9.7e-05,nan
2026-09-30T21:27:31,definition,SPXW,2019-01-10,parent est,0.020327,nan
2026-09-30T21:27:32,definition,SPY,2023-01-20,parent est,0.015382,nan
2026-09-30T21:27:32,definition,SPXW,2019-01-14,parent est,0.019826,nan
2026-09-30T21:27:32,definition,SPXW,2023-07-10,parent est,0.023942,nan
2026-09-30T21:27:32,definition,SPXW,2019-01-16,parent est,0.019782,nan
2026-09-30T21:27:33,chain+path,SPY,2021-01-21,09:30-16:15 n=168 est,0.01115,nan
2026-09-30T21:27:33,definition,SPXW,2019-01-07,parent est,0.02035,nan
2026-09-30T21:27:34,definition,SPXW,2023-07-17,parent est,0.024679,nan
2026-09-30T21:27:34,definition,SPXW,2022-01-26,parent est,0.025889,nan
2026-09-30T21:27:34,chain+path,XSP,2025-01-03,09:30-16:15 n=231 est,0.015331,nan
2026-09-30T21:27:35,definition,SPXW,2023-07-14,parent est,0.02479,nan
2026-09-30T21:27:35,chain+path,SPXW,2022-01-10,09:30-16:15 n=415 est,0.027542,nan
2026-09-30T21:27:36,definition,SPXW,2017-04-04,parent est,0.009762,nan
2026-09-30T21:27:36,definition,SPXW,2023-07-18,parent est,0.024628,nan
2026-09-30T21:27:36,definition,SPXW,2019-01-09,parent est,0.019985,nan
2026-09-30T21:27:37,chain+path,SPXW,2017-03-29,09:30-16:15 n=201 est,0.01334,nan
2026-09-30T21:27:37,surface-09:35,SPXW,2017-03-22,09:35-09:36 n=591 est,9.7e-05,nan
2026-09-30T21:27:37,definition,XSP,2025-01-23,parent est,0.025564,nan
2026-09-30T21:27:37,definition,SPXW,2019-01-15,parent est,0.019538,nan
2026-09-30T21:27:38,chain+path,SPY,2025-01-22,09:30-16:15 n=156 est,0.010353,nan
2026-09-30T21:27:38,chain-next,SPXW,2017-03-29,09:30-16:15 n=145 est,0.009623,nan
2026-09-30T21:27:38,surface-09:35,SPXW,2017-03-31,09:35-09:36 n=571 est,9.4e-05,nan
2026-09-30T21:27:39,surface-09:35,SPXW,2022-01-19,09:35-09:36 n=1635 est,0.000269,nan
2026-09-30T21:27:39,definition,SPXW,2025-03-04,parent est,0.033242,nan
2026-09-30T21:27:40,definition,SPXW,2017-04-11,parent est,0.009684,nan
2026-09-30T21:27:40,definition,XSP,2021-02-02,parent est,0.016101,nan
2026-09-30T21:27:41,chain+path,SPXW,2019-01-14,09:30-16:15 n=268 est,0.017786,nan
2026-09-30T21:27:41,definition,SPXW,2023-07-19,parent est,0.025015,nan
2026-09-30T21:27:41,definition,SPY,2025-01-24,parent est,0.017536,nan
2026-09-30T21:27:42,definition,SPXW,2023-07-13,parent est,0.024041,nan
2026-09-30T21:27:43,definition,SPXW,2025-03-12,parent est,0.036797,nan
2026-09-30T21:27:43,definition,SPXW,2019-01-04,parent est,0.021072,nan
2026-09-30T21:27:44,definition,XSP,2025-01-17,parent est,0.025118,nan
2026-09-30T21:27:44,surface-15:59,SPXW,2017-03-15,15:59-16:00 n=586 est,9.6e-05,nan
2026-09-30T21:27:44,surface-09:35,SPXW,2017-03-29,09:35-09:36 n=561 est,9.2e-05,nan
2026-09-30T21:27:44,chain+path,SPXW,2017-04-11,09:30-16:15 n=197 est,0.013074,nan
2026-09-30T21:27:45,definition,SPY,2025-01-21,parent est,0.017905,nan
2026-09-30T21:27:45,definition,SPXW,2025-03-06,parent est,0.033615,nan
2026-09-30T21:27:45,definition,SPY,2023-01-17,parent est,0.014984,nan
2026-09-30T21:27:45,definition,SPXW,2025-03-13,parent est,0.036355,nan
2026-09-30T21:27:45,surface-09:35,SPXW,2022-01-10,09:35-09:36 n=1431 est,0.000235,nan
2026-09-30T21:27:46,chain+path,SPY,2025-01-23,09:30-16:15 n=160 est,0.010619,nan
2026-09-30T21:27:47,definition,SPXW,2019-01-11,parent est,0.020682,nan
2026-09-30T21:27:48,definition,SPXW,2017-04-17,parent est,0.009282,nan
2026-09-30T21:27:49,definition,SPXW,2023-07-03,parent est,0.02521,nan
2026-09-30T21:27:49,surface-10:00,SPXW,2017-03-17,10:00-10:01 n=555 est,9.1e-05,nan
2026-09-30T21:27:50,definition,XSP,2025-01-24,parent est,0.025679,nan
2026-09-30T21:27:50,definition,XSP,2025-01-14,parent est,0.025125,nan
2026-09-30T21:27:50,surface-10:00,SPXW,2017-03-22,10:00-10:01 n=591 est,9.7e-05,nan
2026-09-30T21:27:50,definition,SPXW,2023-07-06,parent est,0.024023,nan
2026-09-30T21:27:51,surface-09:35,SPXW,2017-03-14,09:35-09:36 n=474 est,7.8e-05,nan
2026-09-30T21:27:52,chain+path,SPY,2023-01-18,09:30-16:15 n=159 est,0.010552,nan
2026-09-30T21:27:52,chain+path,SPY,2023-01-04,09:30-16:15 n=145 est,0.009623,nan
2026-09-30T21:27:53,surface-09:35,SPXW,2017-04-05,09:35-09:36 n=568 est,9.3e-05,nan
2026-09-30T21:27:53,chain+path,SPXW,2025-03-06,09:30-16:15 n=430 est,0.027585,nan
2026-09-30T21:27:54,chain+path,SPXW,2023-07-18,09:30-16:15 n=292 est,0.019379,nan
2026-09-30T21:27:54,definition,SPY,2025-01-28,parent est,0.018236,nan
2026-09-30T21:27:54,chain+path,SPXW,2025-03-13,09:30-16:15 n=465 est,0.029151,nan
2026-09-30T21:27:54,definition,SPXW,2023-07-11,parent est,0.023514,nan
2026-09-30T21:27:55,chain+path,XSP,2025-01-24,09:30-16:15 n=254 est,0.016857,nan
2026-09-30T21:27:55,definition,SPXW,2025-03-10,parent est,0.034504,nan
2026-09-30T21:27:56,chain+path,SPXW,2019-01-15,09:30-16:15 n=251 est,0.016658,nan
2026-09-30T21:27:56,surface-15:59,SPXW,2017-03-22,15:59-16:00 n=591 est,9.7e-05,nan
2026-09-30T21:27:56,chain-next,SPXW,2017-04-12,09:30-16:15 n=141 est,0.009358,nan
2026-09-30T21:27:57,surface-10:00,SPXW,2017-03-29,10:00-10:01 n=561 est,9.2e-05,nan
2026-09-30T21:27:57,surface-10:00,SPXW,2017-03-31,10:00-10:01 n=571 est,9.4e-05,nan
2026-09-30T21:27:57,definition,XSP,2025-01-27,parent est,0.025465,nan
2026-09-30T21:27:57,chain-next,SPXW,2022-01-12,09:30-16:15 n=308 est,0.020441,nan
2026-09-30T21:27:57,definition,SPXW,2025-03-05,parent est,0.033969,nan
2026-09-30T21:27:57,chain+path,SPY,2021-01-25,09:30-16:15 n=141 est,0.009358,nan
2026-09-30T21:27:57,definition,SPXW,2017-04-03,parent est,0.009769,nan
2026-09-30T21:27:58,surface-09:35,SPXW,2023-07-18,09:35-09:36 n=884 est,0.000145,nan
2026-09-30T21:28:00,surface-15:59,SPXW,2017-03-31,15:59-16:00 n=571 est,9.4e-05,nan
2026-09-30T21:28:01,definition,XSP,2025-01-21,parent est,0.025159,nan
2026-09-30T21:28:02,surface-10:00,SPXW,2022-01-07,10:00-10:01 n=1330 est,0.000218,nan
2026-09-30T21:28:02,chain+path,SPY,2025-01-28,09:30-16:15 n=129 est,0.008561,nan
2026-09-30T21:28:02,chain+path,SPXW,2017-04-04,09:30-16:15 n=199 est,0.013207,nan
2026-09-30T21:28:02,definition,SPXW,2019-01-17,parent est,0.019435,nan
2026-09-30T21:28:03,chain+path,SPXW,2017-04-07,09:30-16:15 n=238 est,0.015795,nan
2026-09-30T21:28:03,definition,SPY,2025-01-30,parent est,0.018019,nan
2026-09-30T21:28:04,definition,XSP,2025-01-28,parent est,0.025288,nan
2026-09-30T21:28:05,chain+path,SPXW,2023-07-13,09:30-16:15 n=301 est,0.019976,nan
2026-09-30T21:28:05,surface-10:00,SPXW,2017-04-05,10:00-10:01 n=568 est,9.3e-05,nan
2026-09-30T21:28:05,chain-next,SPY,2021-01-27,09:30-16:15 n=144 est,0.009557,nan
2026-09-30T21:28:06,chain-next,SPXW,2017-03-20,09:30-16:15 n=154 est,0.01022,nan
2026-09-30T21:28:06,chain+path,SPXW,2023-07-11,09:30-16:15 n=285 est,0.018915,nan
2026-09-30T21:28:06,chain+path,SPXW,2022-01-24,09:30-16:15 n=379 est,0.025153,nan
2026-09-30T21:28:06,definition,SPY,2023-01-25,parent est,0.01453,nan
2026-09-30T21:28:06,chain+path,SPXW,2025-03-10,09:30-16:15 n=416 est,0.02642,nan
2026-09-30T21:28:06,surface-15:59,SPXW,2017-03-29,15:59-16:00 n=561 est,9.2e-05,nan
2026-09-30T21:28:07,definition,SPXW,2017-04-10,parent est,0.009677,nan
2026-09-30T21:28:07,definition,SPXW,2017-04-19,parent est,0.009268,nan
2026-09-30T21:28:08,definition,XSP,2021-02-01,parent est,0.016134,nan
2026-09-30T21:28:08,chain+path,SPXW,2023-07-10,09:30-16:15 n=281 est,0.018649,nan
2026-09-30T21:28:09,chain+path,XSP,2025-01-21,09:30-16:15 n=190 est,0.01261,nan
2026-09-30T21:28:09,chain+path,SPY,2025-01-06,09:30-16:15 n=158 est,0.010486,nan
2026-09-30T21:28:10,definition,SPXW,2017-04-18,parent est,0.009268,nan
2026-09-30T21:28:10,definition,SPXW,2025-03-18,parent est,0.034566,nan
2026-09-30T21:28:11,chain+path,XSP,2023-01-11,09:30-16:15 n=170 est,0.011282,nan
2026-09-30T21:28:11,chain+path,SPY,2023-01-20,09:30-16:15 n=258 est,0.017123,nan
2026-09-30T21:28:11,definition,SPXW,2017-04-20,parent est,0.008843,nan
2026-09-30T21:28:12,surface-09:35,SPXW,2017-03-16,09:35-09:36 n=523 est,8.6e-05,nan
2026-09-30T21:28:12,surface-09:35,SPXW,2023-07-11,09:35-09:36 n=1078 est,0.000177,nan
2026-09-30T21:28:12,surface-09:35,SPXW,2025-03-10,09:35-09:36 n=1709 est,0.000281,nan
2026-09-30T21:28:12,surface-10:00,SPXW,2022-01-19,10:00-10:01 n=1635 est,0.000269,nan
2026-09-30T21:28:12,chain-next,SPXW,2017-04-05,09:30-16:15 n=143 est,0.00949,nan
2026-09-30T21:28:12,definition,SPXW,2025-03-17,parent est,0.035577,nan
2026-09-30T21:28:13,surface-09:35,SPXW,2025-03-06,09:35-09:36 n=1727 est,0.000284,nan
2026-09-30T21:28:13,chain-next,SPXW,2017-03-31,09:30-16:15 n=224 est,0.014866,nan
2026-09-30T21:28:14,definition,SPY,2023-01-19,parent est,0.014423,nan
2026-09-30T21:28:14,chain+path,SPY,2025-01-30,09:30-16:15 n=134 est,0.008893,nan
2026-09-30T21:28:14,chain+path,XSP,2023-01-10,09:30-16:15 n=161 est,0.010685,nan
2026-09-30T21:28:14,surface-10:00,SPXW,2017-03-14,10:00-10:01 n=474 est,7.8e-05,nan
2026-09-30T21:28:15,definition,XSP,2025-01-29,parent est,0.024915,nan
2026-09-30T21:28:15,chain+path,XSP,2025-01-27,09:30-16:15 n=182 est,0.012079,nan
2026-09-30T21:28:16,surface-09:35,SPXW,2019-01-14,09:35-09:36 n=811 est,0.000133,nan
2026-09-30T21:28:18,surface-10:00,SPXW,2017-03-27,10:00-10:01 n=593 est,9.7e-05,nan
2026-09-30T21:28:19,chain+path,SPXW,2019-01-09,09:30-16:15 n=287 est,0.019047,nan
2026-09-30T21:28:19,definition,SPXW,2017-04-12,parent est,0.009684,nan
2026-09-30T21:28:19,chain+path,SPY,2025-01-16,09:30-16:15 n=165 est,0.010951,nan
2026-09-30T21:28:19,chain+path,XSP,2025-01-28,09:30-16:15 n=181 est,0.012012,nan
2026-09-30T21:28:19,definition,SPY,2025-01-31,parent est,0.018491,nan
2026-09-30T21:28:19,definition,SPY,2025-01-29,parent est,0.018074,nan
2026-09-30T21:28:19,definition,SPXW,2019-01-02,parent est,0.020748,nan
2026-09-30T21:28:19,definition,SPY,2025-01-27,parent est,0.017709,nan
2026-09-30T21:28:20,surface-09:35,SPXW,2017-04-04,09:35-09:36 n=589 est,9.7e-05,nan
2026-09-30T21:28:20,surface-09:35,SPXW,2022-01-11,09:35-09:36 n=1406 est,0.000231,nan
2026-09-30T21:28:21,surface-15:59,SPXW,2017-03-14,15:59-16:00 n=474 est,7.8e-05,nan
2026-09-30T21:28:21,chain+path,XSP,2025-01-17,09:30-16:15 n=310 est,0.020574,nan
2026-09-30T21:28:22,chain+path,SPXW,2019-01-07,09:30-16:15 n=286 est,0.018981,nan
2026-09-30T21:28:22,definition,SPY,2023-01-23,parent est,0.014718,nan
2026-09-30T21:28:22,surface-10:00,SPXW,2025-03-06,10:00-10:01 n=1727 est,0.000284,nan
2026-09-30T21:28:23,chain+path,SPXW,2022-01-06,09:30-16:15 n=521 est,0.034577,nan
2026-09-30T21:28:25,surface-09:35,SPXW,2023-07-10,09:35-09:36 n=1046 est,0.000172,nan
2026-09-30T21:28:26,chain+path,SPXW,2017-04-03,09:30-16:15 n=197 est,0.013074,nan
2026-09-30T21:28:26,chain+path,SPY,2025-01-27,09:30-16:15 n=137 est,0.009092,nan
2026-09-30T21:28:26,definition,SPXW,2023-07-07,parent est,0.02406,nan
2026-09-30T21:28:26,definition,SPY,2025-02-03,parent est,0.018152,nan
2026-09-30T21:28:28,surface-09:35,SPXW,2019-01-09,09:35-09:36 n=897 est,0.000147,nan
2026-09-30T21:28:28,chain+path,XSP,2021-01-22,09:30-16:15 n=168 est,0.01115,nan
2026-09-30T21:28:29,definition,SPXW,2017-04-13,parent est,0.009706,nan
2026-09-30T21:28:29,definition,SPY,2021-02-02,parent est,0.017971,nan
2026-09-30T21:28:30,chain-next,XSP,2021-01-22,09:30-16:15 n=168 est,0.01115,nan
2026-09-30T21:28:31,surface-09:35,SPXW,2019-01-07,09:35-09:36 n=847 est,0.000139,nan
2026-09-30T21:28:31,surface-09:35,SPXW,2017-03-30,09:35-09:36 n=567 est,9.3e-05,nan
2026-09-30T21:28:33,surface-15:59,SPXW,2017-03-27,15:59-16:00 n=593 est,9.7e-05,nan
2026-09-30T21:28:33,chain+path,SPXW,2023-07-19,09:30-16:15 n=303 est,0.020109,nan
2026-09-30T21:28:33,surface-15:59,SPXW,2025-03-06,15:59-16:00 n=1727 est,0.000284,nan
2026-09-30T21:28:33,chain+path,SPY,2025-02-03,09:30-16:15 n=160 est,0.010619,nan
2026-09-30T21:28:33,chain+path,SPXW,2017-04-13,09:30-16:15 n=244 est,0.016193,nan
2026-09-30T21:28:34,chain+path,SPXW,2022-01-26,09:30-16:15 n=405 est,0.026879,nan
2026-09-30T21:28:34,definition,SPXW,2017-04-24,parent est,0.00999,nan
2026-09-30T21:28:34,chain+path,SPXW,2023-07-07,09:30-16:15 n=358 est,0.023759,nan
2026-09-30T21:28:35,chain+path,SPXW,2019-01-02,09:30-16:15 n=281 est,0.018649,nan
2026-09-30T21:28:36,surface-10:00,SPXW,2019-01-07,10:00-10:01 n=847 est,0.000139,nan
2026-09-30T21:28:37,chain+path,XSP,2025-01-23,09:30-16:15 n=191 est,0.012676,nan
2026-09-30T21:28:37,definition,SPXW,2019-01-03,parent est,0.020623,nan
2026-09-30T21:28:38,surface-15:59,SPXW,2017-04-05,15:59-16:00 n=568 est,9.3e-05,nan
2026-09-30T21:28:38,surface-10:00,SPXW,2023-07-11,10:00-10:01 n=1078 est,0.000177,nan
2026-09-30T21:28:38,definition,SPXW,2025-03-07,parent est,0.035127,nan
2026-09-30T21:28:39,definition,SPXW,2019-01-08,parent est,0.019985,nan
2026-09-30T21:28:39,chain+path,SPXW,2025-03-18,09:30-16:15 n=475 est,0.028372,nan
2026-09-30T21:28:39,definition,SPXW,2023-07-12,parent est,0.023506,nan
2026-09-30T21:28:39,chain+path,SPXW,2019-01-11,09:30-16:15 n=336 est,0.022299,nan
2026-09-30T21:28:40,surface-09:35,SPXW,2017-04-07,09:35-09:36 n=595 est,9.8e-05,nan
2026-09-30T21:28:41,surface-10:00,SPXW,2017-03-30,10:00-10:01 n=567 est,9.3e-05,nan
2026-09-30T21:28:41,definition,SPY,2021-02-03,parent est,0.018074,nan
2026-09-30T21:28:41,surface-10:00,SPXW,2025-03-10,10:00-10:01 n=1709 est,0.000281,nan
2026-09-30T21:28:41,chain-next,SPXW,2017-04-07,09:30-16:15 n=182 est,0.012079,nan
2026-09-30T21:28:42,chain+path,XSP,2021-02-02,09:30-16:15 n=152 est,0.010088,nan
2026-09-30T21:28:43,chain+path,XSP,2023-01-05,09:30-16:15 n=159 est,0.010552,nan
2026-09-30T21:28:43,chain+path,SPXW,2017-04-12,09:30-16:15 n=198 est,0.013141,nan
2026-09-30T21:28:43,surface-09:35,SPXW,2017-04-13,09:35-09:36 n=671 est,0.00011,nan
2026-09-30T21:28:43,chain+path,SPXW,2017-04-20,09:30-16:15 n=198 est,0.013141,nan
2026-09-30T21:28:44,surface-15:59,SPXW,2023-07-11,15:59-16:00 n=1078 est,0.000177,nan
2026-09-30T21:28:44,surface-10:00,SPXW,2017-03-16,10:00-10:01 n=523 est,8.6e-05,nan
2026-09-30T21:28:44,surface-09:35,SPXW,2023-07-19,09:35-09:36 n=1019 est,0.000167,nan
2026-09-30T21:28:45,chain+path,SPXW,2025-03-17,09:30-16:15 n=448 est,0.026408,nan
2026-09-30T21:28:45,chain+path,XSP,2025-01-29,09:30-16:15 n=178 est,0.011813,nan
2026-09-30T21:28:46,surface-09:35,SPXW,2023-07-13,09:35-09:36 n=958 est,0.000157,nan
2026-09-30T21:28:47,surface-09:35,SPXW,2017-04-06,09:35-09:36 n=602 est,9.9e-05,nan
2026-09-30T21:28:47,surface-09:35,SPXW,2023-07-07,09:35-09:36 n=1055 est,0.000173,nan
2026-09-30T21:28:48,definition,SPXW,2025-03-03,parent est,0.034124,nan
2026-09-30T21:28:48,surface-15:59,SPXW,2017-03-30,15:59-16:00 n=567 est,9.3e-05,nan
2026-09-30T21:28:49,definition,SPY,2025-02-07,parent est,0.017551,nan
2026-09-30T21:28:49,surface-10:00,SPXW,2023-07-18,10:00-10:01 n=884 est,0.000145,nan
2026-09-30T21:28:50,chain+path,SPY,2025-01-29,09:30-16:15 n=129 est,0.008561,nan
2026-09-30T21:28:51,definition,XSP,2021-02-03,parent est,0.016171,nan
2026-09-30T21:28:51,surface-15:59,SPXW,2025-03-10,15:59-16:00 n=1709 est,0.000281,nan
2026-09-30T21:28:51,definition,XSP,2025-02-03,parent est,0.024616,nan
2026-09-30T21:28:51,chain+path,XSP,2023-01-13,09:30-16:15 n=191 est,0.012676,nan
2026-09-30T21:28:52,definition,XSP,2023-01-20,parent est,0.020825,nan
2026-09-30T21:28:53,definition,XSP,2025-02-05,parent est,0.024403,nan
2026-09-30T21:28:54,definition,XSP,2021-02-04,parent est,0.016168,nan
2026-09-30T21:28:54,surface-15:59,SPXW,2022-01-07,15:59-16:00 n=1330 est,0.000218,nan
2026-09-30T21:28:54,surface-10:00,SPXW,2017-04-04,10:00-10:01 n=589 est,9.7e-05,nan
2026-09-30T21:28:55,surface-10:00,SPXW,2023-07-07,10:00-10:01 n=1055 est,0.000173,nan
2026-09-30T21:28:55,chain+path,SPXW,2023-07-03,09:30-16:15 n=306 est,0.01126,nan
2026-09-30T21:28:55,chain+path,SPXW,2023-07-06,09:30-16:15 n=308 est,0.020441,nan
2026-09-30T21:28:56,chain+path,SPY,2023-01-23,09:30-16:15 n=158 est,0.010486,nan
2026-09-30T21:28:56,definition,SPXW,2017-04-25,parent est,0.010271,nan
2026-09-30T21:28:56,surface-10:00,SPXW,2023-07-19,10:00-10:01 n=1019 est,0.000167,nan
2026-09-30T21:28:56,surface-10:00,SPXW,2019-01-09,10:00-10:01 n=897 est,0.000147,nan
2026-09-30T21:28:57,chain-next,SPXW,2019-01-16,09:30-16:15 n=187 est,0.012411,nan
2026-09-30T21:28:57,chain+path,SPY,2021-02-03,09:30-16:15 n=150 est,0.009955,nan
2026-09-30T21:28:57,definition,XSP,2025-02-06,parent est,0.024458,nan
2026-09-30T21:28:57,chain+path,SPXW,2019-01-08,09:30-16:15 n=283 est,0.018782,nan
2026-09-30T21:28:58,chain+path,XSP,2025-02-03,09:30-16:15 n=181 est,0.012012,nan
2026-09-30T21:28:59,surface-09:35,SPXW,2017-03-28,09:35-09:36 n=589 est,9.7e-05,nan
2026-09-30T21:29:00,surface-10:00,SPXW,2017-04-07,10:00-10:01 n=595 est,9.8e-05,nan
2026-09-30T21:29:00,chain+path,XSP,2025-02-05,09:30-16:15 n=183 est,0.012145,nan
2026-09-30T21:29:01,definition,SPY,2025-02-06,parent est,0.017665,nan
2026-09-30T21:29:01,surface-10:00,SPXW,2017-04-13,10:00-10:01 n=671 est,0.00011,nan
2026-09-30T21:29:02,surface-10:00,SPXW,2023-07-13,10:00-10:01 n=958 est,0.000157,nan
2026-09-30T21:29:02,surface-15:59,SPXW,2019-01-09,15:59-16:00 n=897 est,0.000147,nan
2026-09-30T21:29:02,surface-09:35,SPXW,2017-04-03,09:35-09:36 n=585 est,9.6e-05,nan
2026-09-30T21:29:03,chain+path,SPY,2023-01-17,09:30-16:15 n=159 est,0.010552,nan
2026-09-30T21:29:03,definition,XSP,2025-02-04,parent est,0.024414,nan
2026-09-30T21:29:04,surface-10:00,SPXW,2022-01-10,10:00-10:01 n=1431 est,0.000235,nan
2026-09-30T21:29:06,definition,SPXW,2023-07-05,parent est,0.024141,nan
2026-09-30T21:29:06,surface-09:35,SPXW,2017-04-11,09:35-09:36 n=627 est,0.000103,nan
2026-09-30T21:29:07,surface-10:00,SPXW,2017-03-28,10:00-10:01 n=589 est,9.7e-05,nan
2026-09-30T21:29:07,surface-15:59,SPXW,2017-03-16,15:59-16:00 n=523 est,8.6e-05,nan
2026-09-30T21:29:07,chain+path,SPY,2025-01-21,09:30-16:15 n=150 est,0.009955,nan
2026-09-30T21:29:07,surface-09:35,SPXW,2023-07-06,09:35-09:36 n=1136 est,0.000187,nan
2026-09-30T21:29:07,definition,SPXW,2017-04-21,parent est,0.009968,nan
2026-09-30T21:29:08,chain+path,XSP,2023-01-12,09:30-16:15 n=168 est,0.01115,nan
2026-09-30T21:29:08,surface-09:35,SPXW,2022-01-24,09:35-09:36 n=1439 est,0.000236,nan
2026-09-30T21:29:08,surface-15:59,SPXW,2017-04-13,15:59-16:00 n=671 est,0.00011,nan
2026-09-30T21:29:09,definition,SPXW,2025-03-14,parent est,0.036318,nan
2026-09-30T21:29:10,surface-09:35,SPXW,2023-07-03,09:35-09:36 n=995 est,0.000163,nan
2026-09-30T21:29:10,definition,SPXW,2017-04-27,parent est,0.010031,nan
2026-09-30T21:29:11,chain+path,SPXW,2023-07-17,09:30-16:15 n=281 est,0.018649,nan
2026-09-30T21:29:11,surface-10:00,SPXW,2017-04-03,10:00-10:01 n=585 est,9.6e-05,nan
2026-09-30T21:29:11,definition,XSP,2025-02-07,parent est,0.024491,nan
2026-09-30T21:29:11,definition,SPY,2023-01-24,parent est,0.014519,nan
2026-09-30T21:29:12,surface-09:35,SPXW,2022-01-14,09:35-09:36 n=1322 est,0.000217,nan
2026-09-30T21:29:12,definition,SPY,2023-01-27,parent est,0.015378,nan
2026-09-30T21:29:12,chain+path,SPY,2023-01-25,09:30-16:15 n=158 est,0.010486,nan
2026-09-30T21:29:13,surface-15:59,SPXW,2017-03-28,15:59-16:00 n=589 est,9.7e-05,nan
2026-09-30T21:29:14,chain+path,SPXW,2017-04-21,09:30-16:15 n=198 est,0.013141,nan
2026-09-30T21:29:15,chain-next,SPY,2021-01-22,09:30-16:15 n=168 est,0.01115,nan
2026-09-30T21:29:15,surface-15:59,SPXW,2023-07-07,15:59-16:00 n=1055 est,0.000173,nan
2026-09-30T21:29:15,chain-next,SPXW,2019-01-09,09:30-16:15 n=223 est,0.0148,nan
2026-09-30T21:29:15,surface-10:00,SPXW,2023-07-10,10:00-10:01 n=1046 est,0.000172,nan
2026-09-30T21:29:15,chain+path,SPY,2025-01-24,09:30-16:15 n=192 est,0.012742,nan
2026-09-30T21:29:16,chain+path,XSP,2025-02-04,09:30-16:15 n=183 est,0.012145,nan
2026-09-30T21:29:16,surface-09:35,SPXW,2025-03-18,09:35-09:36 n=1608 est,0.000264,nan
2026-09-30T21:29:16,chain+path,XSP,2023-01-06,09:30-16:15 n=181 est,0.012012,nan
2026-09-30T21:29:16,surface-10:00,SPXW,2017-04-06,10:00-10:01 n=602 est,9.9e-05,nan
2026-09-30T21:29:17,surface-09:35,SPXW,2023-07-17,09:35-09:36 n=868 est,0.000143,nan
2026-09-30T21:29:17,chain+path,SPXW,2017-04-19,09:30-16:15 n=199 est,0.013207,nan
2026-09-30T21:29:17,surface-09:35,SPXW,2019-01-11,09:35-09:36 n=898 est,0.000148,nan
2026-09-30T21:29:18,definition,SPXW,2022-01-27,parent est,0.025498,nan
2026-09-30T21:29:18,definition,SPXW,2017-04-28,parent est,0.010348,nan
2026-09-30T21:29:18,chain+path,SPXW,2019-01-10,09:30-16:15 n=332 est,0.022034,nan
2026-09-30T21:29:18,chain+path,XSP,2025-02-06,09:30-16:15 n=175 est,0.011614,nan
2026-09-30T21:29:19,surface-09:35,SPXW,2017-04-12,09:35-09:36 n=661 est,0.000109,nan
2026-09-30T21:29:19,definition,XSP,2023-01-24,parent est,0.020527,nan
2026-09-30T21:29:19,chain+path,SPXW,2017-04-17,09:30-16:15 n=197 est,0.013074,nan
2026-09-30T21:29:19,definition,SPXW,2017-04-26,parent est,0.010407,nan
2026-09-30T21:29:20,surface-15:59,SPXW,2023-07-13,15:59-16:00 n=958 est,0.000157,nan
2026-09-30T21:29:20,surface-10:00,SPXW,2023-07-03,10:00-10:01 n=995 est,0.000163,nan
2026-09-30T21:29:20,surface-15:59,SPXW,2019-01-07,15:59-16:00 n=847 est,0.000139,nan
2026-09-30T21:29:20,definition,SPXW,2019-01-18,parent est,0.020021,nan
2026-09-30T21:29:20,surface-10:00,SPXW,2023-07-06,10:00-10:01 n=1136 est,0.000187,nan
2026-09-30T21:29:20,definition,XSP,2023-01-23,parent est,0.020416,nan
2026-09-30T21:29:22,chain+path,SPY,2023-01-19,09:30-16:15 n=151 est,0.010021,nan
2026-09-30T21:29:22,chain-next,SPXW,2017-04-24,09:30-16:15 n=142 est,0.009424,nan
2026-09-30T21:29:23,chain+path,SPXW,2017-04-26,09:30-16:15 n=202 est,0.013406,nan
2026-09-30T21:29:24,surface-15:59,SPXW,2022-01-19,15:59-16:00 n=1635 est,0.000269,nan
2026-09-30T21:29:24,chain+path,XSP,2023-01-18,09:30-16:15 n=172 est,0.011415,nan
2026-09-30T21:29:25,surface-15:59,SPXW,2023-07-03,15:59-16:00 n=995 est,0.0,nan
2026-09-30T21:29:25,definition,SPY,2023-01-30,parent est,0.015072,nan
2026-09-30T21:29:25,surface-15:59,SPXW,2017-04-03,15:59-16:00 n=585 est,9.6e-05,nan
2026-09-30T21:29:25,chain+path,SPXW,2017-04-24,09:30-16:15 n=198 est,0.013141,nan
2026-09-30T21:29:25,chain+path,SPXW,2019-01-04,09:30-16:15 n=337 est,0.022366,nan
2026-09-30T21:29:26,surface-15:59,SPXW,2023-07-10,15:59-16:00 n=1046 est,0.000172,nan
2026-09-30T21:29:26,surface-10:00,SPXW,2019-01-14,10:00-10:01 n=811 est,0.000133,nan
2026-09-30T21:29:26,surface-10:00,SPXW,2023-07-17,10:00-10:01 n=868 est,0.000143,nan
2026-09-30T21:29:27,surface-10:00,SPXW,2022-01-11,10:00-10:01 n=1406 est,0.000231,nan
2026-09-30T21:29:27,surface-10:00,SPXW,2019-01-11,10:00-10:01 n=898 est,0.000148,nan
2026-09-30T21:29:27,surface-09:35,SPXW,2017-04-17,09:35-09:36 n=572 est,9.4e-05,nan
2026-09-30T21:29:27,definition,SPY,2025-02-04,parent est,0.018012,nan
2026-09-30T21:29:27,chain-next,XSP,2021-02-03,09:30-16:15 n=152 est,0.010088,nan
2026-09-30T21:29:28,chain+path,SPXW,2019-01-18,09:30-16:15 n=430 est,0.028538,nan
2026-09-30T21:29:28,surface-10:00,SPXW,2025-03-18,10:00-10:01 n=1608 est,0.000264,nan
2026-09-30T21:29:29,chain-next,SPXW,2017-04-24,09:30-16:15 n=142 est,0.009424,nan
2026-09-30T21:29:29,surface-15:59,SPXW,2023-07-06,15:59-16:00 n=1136 est,0.000187,nan
2026-09-30T21:29:30,chain+path,XSP,2021-01-28,09:30-16:15 n=228 est,0.015132,nan
2026-09-30T21:29:30,definition,SPY,2025-02-12,parent est,0.017171,nan
2026-09-30T21:29:31,definition,SPY,2025-02-11,parent est,0.017311,nan
2026-09-30T21:29:32,surface-09:35,SPXW,2025-03-13,09:35-09:36 n=1569 est,0.000256,nan
2026-09-30T21:29:32,chain+path,SPY,2023-01-13,09:30-16:15 n=186 est,0.012344,nan
2026-09-30T21:29:33,chain+path,XSP,2025-01-14,09:30-16:15 n=182 est,0.012079,nan
2026-09-30T21:29:33,chain+path,SPXW,2022-01-03,09:30-16:15 n=452 est,0.029998,nan
2026-09-30T21:29:33,chain+path,SPXW,2025-03-14,09:30-16:15 n=508 est,0.029661,nan
2026-09-30T21:29:33,chain+path,SPY,2025-02-06,09:30-16:15 n=139 est,0.009225,nan
2026-09-30T21:29:34,definition,SPXW,2017-05-02,parent est,0.0129,nan
2026-09-30T21:29:34,definition,XSP,2025-01-31,parent est,0.024926,nan
2026-09-30T21:29:34,chain+path,SPY,2025-02-07,09:30-16:15 n=170 est,0.011282,nan
2026-09-30T21:29:35,definition,SPXW,2025-03-20,parent est,0.033984,nan
2026-09-30T21:29:35,surface-09:35,SPXW,2019-01-15,09:35-09:36 n=822 est,0.000135,nan
2026-09-30T21:29:35,definition,XSP,2025-01-30,parent est,0.02479,nan
2026-09-30T21:29:36,surface-15:59,SPXW,2019-01-11,15:59-16:00 n=898 est,0.000148,nan
2026-09-30T21:29:36,surface-09:35,SPXW,2025-03-17,09:35-09:36 n=1383 est,0.000227,nan
2026-09-30T21:29:37,surface-15:59,SPXW,2023-07-19,15:59-16:00 n=1019 est,0.000167,nan
2026-09-30T21:29:37,chain+path,SPY,2025-02-04,09:30-16:15 n=161 est,0.010685,nan
2026-09-30T21:29:37,surface-10:00,SPXW,2017-04-11,10:00-10:01 n=627 est,0.000103,nan
2026-09-30T21:29:37,surface-09:35,SPXW,2019-01-04,09:35-09:36 n=928 est,0.000152,nan
2026-09-30T21:29:37,definition,SPXW,2023-07-21,parent est,0.026077,nan
2026-09-30T21:29:39,surface-09:35,SPXW,2017-04-24,09:35-09:36 n=501 est,8.2e-05,nan
2026-09-30T21:29:39,surface-15:59,SPXW,2017-04-04,15:59-16:00 n=589 est,9.7e-05,nan
2026-09-30T21:29:39,surface-10:00,SPXW,2025-03-13,10:00-10:01 n=1569 est,0.000257,nan
2026-09-30T21:29:41,surface-09:35,SPXW,2019-01-08,09:35-09:36 n=955 est,0.000157,nan
2026-09-30T21:29:41,surface-15:59,SPXW,2023-07-18,15:59-16:00 n=884 est,0.000145,nan
2026-09-30T21:29:42,surface-15:59,SPXW,2025-03-18,15:59-16:00 n=1608 est,0.000264,nan
2026-09-30T21:29:42,chain+path,SPY,2021-01-28,09:30-16:15 n=172 est,0.011415,nan
2026-09-30T21:29:43,surface-09:35,SPXW,2017-04-26,09:35-09:36 n=448 est,7.4e-05,nan
2026-09-30T21:29:44,surface-10:00,SPXW,2025-03-17,10:00-10:01 n=1383 est,0.000224,nan
2026-09-30T21:29:45,chain+path,SPXW,2025-03-07,09:30-16:15 n=507 est,0.032123,nan
2026-09-30T21:29:45,definition,SPY,2023-01-26,parent est,0.014456,nan
2026-09-30T21:29:46,definition,XSP,2023-01-25,parent est,0.020656,nan
2026-09-30T21:29:46,surface-10:00,SPXW,2017-04-24,10:00-10:01 n=501 est,8.2e-05,nan
2026-09-30T21:29:47,chain+path,SPXW,2022-01-25,09:30-16:15 n=376 est,0.024954,nan
2026-09-30T21:29:47,definition,SPXW,2017-05-03,parent est,0.013376,nan
2026-09-30T21:29:48,chain+path,SPY,2021-02-01,09:30-16:15 n=152 est,0.010088,nan
2026-09-30T21:29:48,definition,SPXW,2025-03-11,parent est,0.036049,nan
2026-09-30T21:29:48,chain+path,SPY,2025-01-31,09:30-16:15 n=246 est,0.016326,nan
2026-09-30T21:29:48,surface-15:59,SPXW,2017-04-11,15:59-16:00 n=627 est,0.000103,nan
2026-09-30T21:29:49,surface-10:00,SPXW,2022-01-24,10:00-10:01 n=1439 est,0.000236,nan
2026-09-30T21:29:50,surface-10:00,SPXW,2017-04-12,10:00-10:01 n=661 est,0.000109,nan
2026-09-30T21:29:51,definition,SPY,2021-02-04,parent est,0.018284,nan
2026-09-30T21:29:51,surface-10:00,SPXW,2019-01-08,10:00-10:01 n=955 est,0.000157,nan
2026-09-30T21:29:51,surface-15:59,SPXW,2017-04-07,15:59-16:00 n=595 est,9.8e-05,nan
2026-09-30T21:29:51,definition,SPY,2023-01-31,parent est,0.014785,nan
2026-09-30T21:29:51,surface-09:35,SPXW,2025-03-07,09:35-09:36 n=1716 est,0.000281,nan
2026-09-30T21:29:52,definition,SPXW,2023-07-26,parent est,0.02531,nan
2026-09-30T21:29:52,surface-10:00,SPXW,2022-01-14,10:00-10:01 n=1322 est,0.000217,nan
2026-09-30T21:29:52,surface-15:59,SPXW,2017-04-24,15:59-16:00 n=501 est,8.2e-05,nan
2026-09-30T21:29:52,chain+path,XSP,2021-02-04,09:30-16:15 n=166 est,0.011017,nan
2026-09-30T21:29:53,definition,SPXW,2019-01-23,parent est,0.019848,nan
2026-09-30T21:29:54,definition,SPY,2025-02-10,parent est,0.017576,nan
2026-09-30T21:29:55,definition,SPXW,2023-07-20,parent est,0.025963,nan
2026-09-30T21:29:55,surface-09:35,SPXW,2017-04-19,09:35-09:36 n=517 est,8.5e-05,nan
2026-09-30T21:29:55,definition,XSP,2025-02-12,parent est,0.024502,nan
2026-09-30T21:29:56,surface-15:59,SPXW,2019-01-08,15:59-16:00 n=955 est,0.000157,nan
2026-09-30T21:29:56,definition,XSP,2025-02-11,parent est,0.024546,nan
2026-09-30T21:29:56,chain+path,SPXW,2017-04-10,09:30-16:15 n=197 est,0.013074,nan
2026-09-30T21:29:57,chain+path,XSP,2021-02-03,09:30-16:15 n=152 est,0.010088,nan
2026-09-30T21:29:57,definition,SPY,2023-02-01,parent est,0.015367,nan
2026-09-30T21:29:57,definition,SPXW,2017-05-01,parent est,0.012963,nan
2026-09-30T21:29:59,chain+path,XSP,2021-01-29,09:30-16:15 n=227 est,0.015065,nan
2026-09-30T21:29:59,surface-15:59,SPXW,2022-01-11,15:59-16:00 n=1406 est,0.000231,nan
2026-09-30T21:29:59,chain+path,SPXW,2017-04-28,09:30-16:15 n=247 est,0.016393,nan
2026-09-30T21:29:59,definition,SPXW,2023-07-28,parent est,0.025221,nan
2026-09-30T21:29:59,surface-09:35,SPXW,2022-01-03,09:35-09:36 n=1390 est,0.000228,nan
2026-09-30T21:30:00,surface-09:35,SPXW,2022-01-26,09:35-09:36 n=1769 est,0.000291,nan
2026-09-30T21:30:00,surface-10:00,SPXW,2017-04-26,10:00-10:01 n=448 est,7.4e-05,nan
2026-09-30T21:30:00,surface-10:00,SPXW,2019-01-04,10:00-10:01 n=928 est,0.000152,nan
2026-09-30T21:30:01,chain+path,XSP,2025-02-12,09:30-16:15 n=182 est,0.012079,nan
2026-09-30T21:30:01,definition,SPY,2025-02-05,parent est,0.017661,nan
2026-09-30T21:30:02,definition,SPY,2023-02-02,parent est,0.015231,nan
2026-09-30T21:30:03,definition,SPXW,2022-01-28,parent est,0.026125,nan
2026-09-30T21:30:03,chain+path,SPXW,2022-01-21,09:30-16:15 n=576 est,0.038227,nan
2026-09-30T21:30:04,definition,SPXW,2017-05-08,parent est,0.013723,nan
2026-09-30T21:30:04,definition,SPXW,2025-03-19,parent est,0.033685,nan
2026-09-30T21:30:04,definition,SPY,2021-02-08,parent est,0.0181,nan
2026-09-30T21:30:04,definition,SPXW,2023-07-27,parent est,0.025162,nan
2026-09-30T21:30:05,definition,XSP,2025-02-13,parent est,0.024771,nan
2026-09-30T21:30:06,definition,XSP,2023-01-19,parent est,0.020217,nan
2026-09-30T21:30:06,surface-15:59,SPXW,2017-04-26,15:59-16:00 n=448 est,7.4e-05,nan
2026-09-30T21:30:06,chain+path,SPXW,2019-01-23,09:30-16:15 n=259 est,0.017189,nan
2026-09-30T21:30:07,chain+path,SPXW,2023-07-12,09:30-16:15 n=284 est,0.018848,nan
2026-09-30T21:30:08,surface-15:59,SPXW,2019-01-14,15:59-16:00 n=811 est,0.000133,nan
2026-09-30T21:30:09,chain+path,SPXW,2017-05-03,09:30-16:15 n=198 est,0.013141,nan
2026-09-30T21:30:09,surface-15:59,SPXW,2017-03-17,15:59-16:00 n=555 est,9.1e-05,nan
2026-09-30T21:30:09,surface-09:35,SPXW,2019-01-02,09:35-09:36 n=1094 est,0.00018,nan
2026-09-30T21:30:09,definition,SPXW,2025-03-21,parent est,0.033198,nan
2026-09-30T21:30:10,surface-15:59,SPXW,2022-01-24,15:59-16:00 n=1439 est,0.000236,nan
2026-09-30T21:30:11,chain-next,SPXW,2022-01-26,09:30-16:15 n=298 est,0.019777,nan
2026-09-30T21:30:11,surface-15:59,SPXW,2022-01-10,15:59-16:00 n=1431 est,0.000235,nan
2026-09-30T21:30:12,chain+path,XSP,2025-02-13,09:30-16:15 n=181 est,0.012012,nan
2026-09-30T21:30:13,definition,SPY,2025-02-13,parent est,0.017694,nan
2026-09-30T21:30:13,surface-09:35,SPXW,2017-04-10,09:35-09:36 n=591 est,9.7e-05,nan
2026-09-30T21:30:13,chain+path,SPXW,2025-03-19,09:30-16:15 n=476 est,0.028894,nan
2026-09-30T21:30:14,surface-09:35,SPXW,2017-05-03,09:35-09:36 n=445 est,7.3e-05,nan
2026-09-30T21:30:14,chain+path,SPXW,2022-01-12,09:30-16:15 n=421 est,0.02794,nan
2026-09-30T21:30:15,surface-09:35,SPXW,2017-04-21,09:35-09:36 n=516 est,8.5e-05,nan
2026-09-30T21:30:15,surface-09:35,SPXW,2019-01-18,09:35-09:36 n=865 est,0.000142,nan
2026-09-30T21:30:15,definition,SPY,2025-02-19,parent est,0.018052,nan
2026-09-30T21:30:17,definition,SPY,2021-02-05,parent est,0.018465,nan
2026-09-30T21:30:17,surface-15:59,SPXW,2023-07-17,15:59-16:00 n=868 est,0.000143,nan
2026-09-30T21:30:17,chain+path,SPXW,2023-07-21,09:30-16:15 n=507 est,0.033648,nan
2026-09-30T21:30:19,definition,SPXW,2023-07-25,parent est,0.02528,nan
2026-09-30T21:30:19,chain+path,SPY,2023-01-30,09:30-16:15 n=162 est,0.010751,nan
2026-09-30T21:30:20,chain+path,SPXW,2017-05-01,09:30-16:15 n=197 est,0.013074,nan
2026-09-30T21:30:20,surface-10:00,SPXW,2017-04-17,10:00-10:01 n=572 est,9.4e-05,nan
2026-09-30T21:30:20,surface-09:35,SPXW,2019-01-23,09:35-09:36 n=962 est,0.000158,nan
2026-09-30T21:30:21,surface-09:35,SPXW,2025-03-14,09:35-09:36 n=1485 est,0.000244,nan
2026-09-30T21:30:21,surface-09:35,SPXW,2017-04-20,09:35-09:36 n=492 est,8.1e-05,nan
2026-09-30T21:30:21,definition,XSP,2025-02-10,parent est,0.02483,nan
2026-09-30T21:30:22,chain+path,XSP,2025-02-07,09:30-16:15 n=216 est,0.014335,nan
2026-09-30T21:30:22,surface-15:59,SPXW,2022-01-14,15:59-16:00 n=1322 est,0.000217,nan
2026-09-30T21:30:22,surface-09:35,SPXW,2017-04-28,09:35-09:36 n=445 est,7.3e-05,nan
2026-09-30T21:30:23,surface-10:00,SPXW,2019-01-18,10:00-10:01 n=865 est,0.000142,nan
2026-09-30T21:30:24,surface-15:59,SPXW,2019-01-04,15:59-16:00 n=928 est,0.000152,nan
2026-09-30T21:30:24,chain+path,SPXW,2025-03-20,09:30-16:15 n=470 est,0.027491,nan
2026-09-30T21:30:24,definition,XSP,2021-02-08,parent est,0.016079,nan
2026-09-30T21:30:25,chain+path,SPXW,2025-03-11,09:30-16:15 n=435 est,0.027868,nan
2026-09-30T21:30:26,surface-09:35,SPXW,2017-05-01,09:35-09:36 n=448 est,7.4e-05,nan
2026-09-30T21:30:27,surface-10:00,SPXW,2019-01-15,10:00-10:01 n=822 est,0.000135,nan
2026-09-30T21:30:28,surface-15:59,SPXW,2017-04-17,15:59-16:00 n=572 est,9.4e-05,nan
2026-09-30T21:30:28,surface-10:00,SPXW,2025-03-14,10:00-10:01 n=1485 est,0.000244,nan
2026-09-30T21:30:28,surface-10:00,SPXW,2017-04-21,10:00-10:01 n=516 est,8.5e-05,nan
2026-09-30T21:30:30,surface-10:00,SPXW,2017-04-19,10:00-10:01 n=517 est,8.5e-05,nan
2026-09-30T21:30:30,chain+path,SPXW,2019-01-16,09:30-16:15 n=252 est,0.016724,nan
2026-09-30T21:30:30,chain+path,SPXW,2017-04-25,09:30-16:15 n=201 est,0.01334,nan
2026-09-30T21:30:31,chain+path,XSP,2021-02-01,09:30-16:15 n=152 est,0.010088,nan
2026-09-30T21:30:31,surface-15:59,SPXW,2025-03-13,15:59-16:00 n=1569 est,0.000256,nan
2026-09-30T21:30:31,chain+path,SPXW,2022-01-04,09:30-16:15 n=419 est,0.027808,nan
2026-09-30T21:30:32,surface-15:59,SPXW,2017-04-12,15:59-16:00 n=661 est,0.000109,nan
2026-09-30T21:30:32,chain-next,SPXW,2022-01-07,09:30-16:15 n=409 est,0.027144,nan
2026-09-30T21:30:32,surface-10:00,SPXW,2017-05-01,10:00-10:01 n=448 est,7.4e-05,nan
2026-09-30T21:30:33,surface-10:00,SPXW,2019-01-02,10:00-10:01 n=1094 est,0.00018,nan
2026-09-30T21:30:34,definition,XSP,2023-01-27,parent est,0.020932,nan
2026-09-30T21:30:35,definition,XSP,2025-02-19,parent est,0.025173,nan
2026-09-30T21:30:35,surface-15:59,SPXW,2025-03-17,15:59-16:00 n=1383 est,0.000227,nan
2026-09-30T21:30:36,definition,XSP,2021-02-05,parent est,0.016492,nan
2026-09-30T21:30:37,chain+path,SPY,2021-02-05,09:30-16:15 n=169 est,0.011216,nan
2026-09-30T21:30:37,surface-10:00,SPXW,2017-04-20,10:00-10:01 n=492 est,8.1e-05,nan
2026-09-30T21:30:38,chain+path,SPY,2025-02-11,09:30-16:15 n=160 est,0.010619,nan
2026-09-30T21:30:39,definition,SPXW,2017-05-09,parent est,0.01363,nan
2026-09-30T21:30:39,surface-10:00,SPXW,2025-03-07,10:00-10:01 n=1716 est,0.000282,nan
2026-09-30T21:30:40,surface-15:59,SPXW,2017-05-01,15:59-16:00 n=448 est,7.4e-05,nan
2026-09-30T21:30:40,chain+path,SPXW,2022-01-27,09:30-16:15 n=474 est,0.031458,nan
2026-09-30T21:30:40,surface-09:35,SPXW,2019-01-16,09:35-09:36 n=891 est,0.000146,nan
2026-09-30T21:30:40,chain+path,SPY,2025-02-19,09:30-16:15 n=137 est,0.009092,nan
2026-09-30T21:30:40,chain+path,SPY,2023-01-24,09:30-16:15 n=153 est,0.010154,nan
2026-09-30T21:30:41,surface-09:35,SPXW,2022-01-06,09:35-09:36 n=1493 est,0.000245,nan
2026-09-30T21:30:41,definition,XSP,2023-01-26,parent est,0.020564,nan
2026-09-30T21:30:41,surface-09:35,SPXW,2023-07-21,09:35-09:36 n=900 est,0.000148,nan
2026-09-30T21:30:41,chain+path,XSP,2023-01-23,09:30-16:15 n=166 est,0.011017,nan
2026-09-30T21:30:42,chain+path,SPXW,2019-01-03,09:30-16:15 n=336 est,0.022299,nan
2026-09-30T21:30:42,chain+path,SPY,2021-02-02,09:30-16:15 n=150 est,0.009955,nan
2026-09-30T21:30:42,chain+path,SPXW,2017-04-27,09:30-16:15 n=248 est,0.016459,nan
2026-09-30T21:30:43,definition,SPY,2025-02-14,parent est,0.017713,nan
2026-09-30T21:30:44,definition,XSP,2022-01-03,parent est,0.01657,nan
2026-09-30T21:30:44,definition,SPXW,2017-05-10,parent est,0.013796,nan
2026-09-30T21:30:45,chain+path,XSP,2025-02-10,09:30-16:15 n=183 est,0.012145,nan
2026-09-30T21:30:45,chain+path,XSP,2025-02-11,09:30-16:15 n=181 est,0.012012,nan
2026-09-30T21:30:45,chain+path,SPXW,2023-07-27,09:30-16:15 n=322 est,0.02137,nan
2026-09-30T21:30:46,definition,SPXW,2017-05-04,parent est,0.013409,nan
2026-09-30T21:30:46,definition,XSP,2022-01-10,parent est,0.016618,nan
2026-09-30T21:30:46,chain+path,SPXW,2025-03-05,09:30-16:15 n=433 est,0.02777,nan
2026-09-30T21:30:47,surface-15:59,SPXW,2025-03-14,15:59-16:00 n=1485 est,0.000242,nan
2026-09-30T21:30:47,surface-09:35,SPXW,2023-07-12,09:35-09:36 n=975 est,0.00016,nan
2026-09-30T21:30:47,chain-next,SPXW,2017-04-28,09:30-16:15 n=192 est,0.012742,nan
2026-09-30T21:30:48,definition,SPY,2024-01-09,parent est,0.013778,nan
2026-09-30T21:30:49,surface-09:35,SPXW,2025-03-11,09:35-09:36 n=1918 est,0.000315,nan
2026-09-30T21:30:49,definition,XSP,2024-01-04,parent est,0.020401,nan
2026-09-30T21:30:49,surface-15:59,SPXW,2017-04-19,15:59-16:00 n=517 est,8.5e-05,nan
2026-09-30T21:30:50,surface-10:00,SPXW,2017-04-28,10:00-10:01 n=445 est,7.3e-05,nan
2026-09-30T21:30:50,chain-next,SPXW,2019-01-04,09:30-16:15 n=276 est,0.018317,nan
2026-09-30T21:30:50,surface-10:00,SPXW,2017-04-10,10:00-10:01 n=591 est,9.7e-05,nan
2026-09-30T21:30:50,definition,SPY,2022-01-11,parent est,0.017285,nan
2026-09-30T21:30:50,chain+path,SPY,2021-01-29,09:30-16:15 n=171 est,0.011349,nan
2026-09-30T21:30:50,definition,SPY,2025-02-18,parent est,0.017613,nan
2026-09-30T21:30:51,definition,XSP,2022-01-11,parent est,0.016592,nan
2026-09-30T21:30:51,definition,SPXW,2019-01-25,parent est,0.02011,nan
2026-09-30T21:30:51,surface-15:59,SPXW,2017-04-06,15:59-16:00 n=602 est,9.9e-05,nan
2026-09-30T21:30:51,definition,SPXW,2019-01-28,parent est,0.019203,nan
2026-09-30T21:30:52,surface-09:35,SPXW,2023-07-27,09:35-09:36 n=1037 est,0.00017,nan
2026-09-30T21:30:53,surface-15:59,SPXW,2019-01-02,15:59-16:00 n=1094 est,0.00018,nan
2026-09-30T21:30:54,chain+path,SPY,2024-01-09,09:30-16:15 n=134 est,0.008893,nan
2026-09-30T21:30:54,definition,XSP,2024-01-05,parent est,0.020339,nan
2026-09-30T21:30:56,definition,SPY,2021-02-09,parent est,0.017787,nan
2026-09-30T21:30:56,definition,SPY,2025-02-20,parent est,0.017967,nan
2026-09-30T21:30:57,definition,XSP,2024-01-08,parent est,0.020003,nan
2026-09-30T21:30:57,definition,SPXW,2017-05-11,parent est,0.013833,nan
2026-09-30T21:30:57,surface-15:59,SPXW,2017-04-28,15:59-16:00 n=445 est,7.3e-05,nan
2026-09-30T21:30:57,definition,SPY,2023-02-06,parent est,0.015452,nan
2026-09-30T21:30:58,definition,SPY,2025-02-21,parent est,0.018273,nan
2026-09-30T21:30:58,chain+path,SPY,2023-01-06,09:30-16:15 n=176 est,0.011681,nan
2026-09-30T21:30:59,chain+path,SPXW,2017-05-04,09:30-16:15 n=238 est,0.015795,nan
2026-09-30T21:31:01,definition,XSP,2024-01-03,parent est,0.020361,nan
2026-09-30T21:31:01,surface-10:00,SPXW,2023-07-21,10:00-10:01 n=900 est,0.000148,nan
2026-09-30T21:31:01,chain+path,SPXW,2017-05-08,09:30-16:15 n=199 est,0.013207,nan
2026-09-30T21:31:01,definition,XSP,2025-02-20,parent est,0.02535,nan
2026-09-30T21:31:02,chain+path,SPY,2025-02-20,09:30-16:15 n=146 est,0.009606,nan
2026-09-30T21:31:02,definition,SPXW,2022-02-01,parent est,0.024698,nan
2026-09-30T21:31:03,surface-10:00,SPXW,2025-03-11,10:00-10:01 n=1918 est,0.000315,nan
2026-09-30T21:31:03,surface-10:00,SPXW,2017-05-03,10:00-10:01 n=445 est,7.3e-05,nan
2026-09-30T21:31:03,definition,SPXW,2022-02-03,parent est,0.024631,nan
2026-09-30T21:31:03,definition,SPY,2022-01-04,parent est,0.017351,nan
2026-09-30T21:31:03,chain+path,XSP,2022-01-03,09:30-16:15 n=168 est,0.01115,nan
2026-09-30T21:31:04,surface-15:59,SPXW,2019-01-18,15:59-16:00 n=865 est,0.000142,nan
2026-09-30T21:31:04,definition,SPY,2022-01-10,parent est,0.017455,nan
2026-09-30T21:31:04,definition,XSP,2025-02-14,parent est,0.02503,nan
2026-09-30T21:31:05,definition,XSP,2025-02-24,parent est,0.025712,nan
2026-09-30T21:31:05,chain+path,XSP,2024-01-08,09:30-16:15 n=151 est,0.010021,nan
2026-09-30T21:31:06,definition,SPY,2024-01-10,parent est,0.015275,nan
2026-09-30T21:31:07,chain-next,SPXW,2017-05-05,09:30-16:15 n=182 est,0.012079,nan
2026-09-30T21:31:07,chain+path,XSP,2024-01-04,09:30-16:15 n=156 est,0.010353,nan
2026-09-30T21:31:07,chain+path,SPXW,2017-04-18,09:30-16:15 n=199 est,0.013207,nan
2026-09-30T21:31:07,surface-10:00,SPXW,2022-01-26,10:00-10:01 n=1769 est,0.000291,nan
2026-09-30T21:31:07,chain+path,XSP,2025-01-31,09:30-16:15 n=250 est,0.016592,nan
2026-09-30T21:31:07,chain-next,SPXW,2019-01-11,09:30-16:15 n=272 est,0.018052,nan
2026-09-30T21:31:07,surface-10:00,SPXW,2019-01-23,10:00-10:01 n=962 est,0.000158,nan
2026-09-30T21:31:08,surface-15:59,SPXW,2017-04-10,15:59-16:00 n=591 est,9.7e-05,nan
2026-09-30T21:31:08,definition,XSP,2021-02-09,parent est,0.015972,nan
2026-09-30T21:31:09,chain+path,SPY,2025-02-14,09:30-16:15 n=164 est,0.010884,nan
2026-09-30T21:31:09,chain+path,XSP,2023-01-25,09:30-16:15 n=171 est,0.011349,nan
2026-09-30T21:31:10,surface-15:59,SPXW,2017-04-21,15:59-16:00 n=516 est,8.5e-05,nan
2026-09-30T21:31:10,definition,XSP,2022-01-04,parent est,0.016459,nan
2026-09-30T21:31:10,definition,SPXW,2023-07-24,parent est,0.026132,nan
2026-09-30T21:31:11,definition,SPXW,2017-05-16,parent est,0.013605,nan
2026-09-30T21:31:11,surface-15:59,SPXW,2017-04-20,15:59-16:00 n=492 est,8.1e-05,nan
2026-09-30T21:31:11,chain+path,SPXW,2023-07-25,09:30-16:15 n=290 est,0.019246,nan
2026-09-30T21:31:12,definition,XSP,2022-01-07,parent est,0.016927,nan
2026-09-30T21:31:12,definition,SPY,2024-01-05,parent est,0.014445,nan
2026-09-30T21:31:12,surface-09:35,SPXW,2017-04-27,09:35-09:36 n=452 est,7.4e-05,nan
2026-09-30T21:31:12,definition,SPXW,2025-03-26,parent est,0.031837,nan
2026-09-30T21:31:13,chain+path,SPXW,2017-05-10,09:30-16:15 n=204 est,0.013539,nan
2026-09-30T21:31:13,definition,XSP,2025-02-21,parent est,0.025461,nan
2026-09-30T21:31:14,chain+path,SPY,2025-02-18,09:30-16:15 n=138 est,0.009159,nan
2026-09-30T21:31:14,definition,SPXW,2019-01-24,parent est,0.019748,nan
2026-09-30T21:31:15,definition,SPY,2024-01-08,parent est,0.014158,nan
2026-09-30T21:31:15,chain+path,XSP,2025-02-24,09:30-16:15 n=187 est,0.009994,nan
2026-09-30T21:31:15,chain+path,SPY,2023-02-06,09:30-16:15 n=162 est,0.010751,nan
2026-09-30T21:31:17,surface-09:35,SPXW,2022-01-25,09:35-09:36 n=1569 est,0.000258,nan
2026-09-30T21:31:18,chain+path,SPY,2025-02-12,09:30-16:15 n=160 est,0.010619,nan
2026-09-30T21:31:18,chain+path,SPXW,2017-05-16,09:30-16:15 n=199 est,0.013207,nan
2026-09-30T21:31:18,surface-09:35,SPXW,2022-01-12,09:35-09:36 n=1483 est,0.000244,nan
2026-09-30T21:31:19,definition,SPY,2022-01-07,parent est,0.017886,nan
2026-09-30T21:31:19,definition,XSP,2022-01-13,parent est,0.016437,nan
2026-09-30T21:31:20,definition,SPY,2023-02-03,parent est,0.016016,nan
2026-09-30T21:31:20,chain+path,SPY,2022-01-10,09:30-16:15 n=102 est,0.006769,nan
2026-09-30T21:31:21,chain+path,XSP,2025-01-30,09:30-16:15 n=179 est,0.01188,nan
2026-09-30T21:31:21,surface-09:35,SPXW,2025-03-19,09:35-09:36 n=1610 est,0.000263,nan
2026-09-30T21:31:21,definition,SPXW,2017-05-17,parent est,0.013605,nan
2026-09-30T21:31:22,chain+path,SPY,2024-01-08,09:30-16:15 n=133 est,0.008827,nan
2026-09-30T21:31:22,definition,SPXW,2017-05-18,parent est,0.013343,nan
2026-09-30T21:31:22,chain+path,SPXW,2022-01-28,09:30-16:15 n=473 est,0.031391,nan
2026-09-30T21:31:22,chain+path,XSP,2025-02-21,09:30-16:15 n=273 est,0.012943,nan
2026-09-30T21:31:22,chain+path,XSP,2025-02-14,09:30-16:15 n=207 est,0.013738,nan
2026-09-30T21:31:22,definition,SPXW,2017-05-22,parent est,0.013147,nan
2026-09-30T21:31:22,chain+path,SPY,2024-01-10,09:30-16:15 n=133 est,0.008827,nan
2026-09-30T21:31:23,surface-09:35,SPXW,2023-07-25,09:35-09:36 n=974 est,0.00016,nan
2026-09-30T21:31:24,chain-next,SPXW,2017-05-17,09:30-16:15 n=143 est,0.00949,nan
2026-09-30T21:31:24,definition,XSP,2024-01-16,parent est,0.020814,nan
2026-09-30T21:31:25,definition,SPXW,2017-05-23,parent est,0.013099,nan
2026-09-30T21:31:25,definition,SPXW,2025-03-25,parent est,0.032213,nan
2026-09-30T21:31:25,surface-15:59,SPXW,2025-03-07,15:59-16:00 n=1716 est,0.000282,nan
2026-09-30T21:31:26,surface-09:35,SPXW,2017-05-04,09:35-09:36 n=449 est,7.4e-05,nan
2026-09-30T21:31:26,surface-09:35,SPXW,2017-05-08,09:35-09:36 n=434 est,7.1e-05,nan
2026-09-30T21:31:27,definition,SPXW,2022-01-31,parent est,0.025007,nan
2026-09-30T21:31:27,definition,SPXW,2023-07-31,parent est,0.025527,nan
2026-09-30T21:31:27,surface-09:35,SPXW,2022-01-21,09:35-09:36 n=1700 est,0.000279,nan
2026-09-30T21:31:28,chain+path,SPY,2023-02-01,09:30-16:15 n=162 est,0.010751,nan
2026-09-30T21:31:28,chain+path,XSP,2024-01-03,09:30-16:15 n=156 est,0.010353,nan
2026-09-30T21:31:29,surface-10:00,SPXW,2025-03-19,10:00-10:01 n=1610 est,0.000263,nan
2026-09-30T21:31:29,surface-10:00,SPXW,2023-07-12,10:00-10:01 n=975 est,0.00016,nan
2026-09-30T21:31:30,chain-next,SPXW,2017-04-19,09:30-16:15 n=143 est,0.00949,nan
2026-09-30T21:31:30,definition,SPY,2023-02-08,parent est,0.015216,nan
2026-09-30T21:31:30,surface-09:35,SPXW,2017-05-16,09:35-09:36 n=488 est,8e-05,nan
2026-09-30T21:31:30,surface-10:00,SPXW,2023-07-25,10:00-10:01 n=974 est,0.00016,nan
2026-09-30T21:31:30,definition,SPY,2024-01-11,parent est,0.015994,nan
2026-09-30T21:31:31,definition,XSP,2023-01-31,parent est,0.020493,nan
2026-09-30T21:31:33,definition,SPXW,2017-05-15,parent est,0.013616,nan
2026-09-30T21:31:33,chain+path,SPXW,2019-01-17,09:30-16:15 n=430 est,0.028538,nan
2026-09-30T21:31:34,definition,SPXW,2019-01-22,parent est,0.020497,nan
2026-09-30T21:31:34,chain-next,SPY,2021-02-03,09:30-16:15 n=150 est,0.009955,nan
2026-09-30T21:31:34,chain+path,SPXW,2023-07-05,09:30-16:15 n=303 est,0.020109,nan
2026-09-30T21:31:35,chain+path,SPY,2025-02-10,09:30-16:15 n=156 est,0.010353,nan
2026-09-30T21:31:35,definition,XSP,2025-02-18,parent est,0.024742,nan
2026-09-30T21:31:35,surface-15:59,SPXW,2023-07-25,15:59-16:00 n=974 est,0.00016,nan
2026-09-30T21:31:35,definition,XSP,2024-01-09,parent est,0.019771,nan
2026-09-30T21:31:36,surface-10:00,SPXW,2017-05-04,10:00-10:01 n=449 est,7.4e-05,nan
2026-09-30T21:31:36,surface-10:00,SPXW,2017-05-08,10:00-10:01 n=434 est,7.1e-05,nan
2026-09-30T21:31:36,definition,SPXW,2017-05-12,parent est,0.01415,nan
2026-09-30T21:31:36,surface-15:59,SPXW,2019-01-23,15:59-16:00 n=962 est,0.000158,nan
2026-09-30T21:31:36,surface-10:00,SPXW,2019-01-16,10:00-10:01 n=891 est,0.000146,nan
2026-09-30T21:31:37,definition,SPXW,2023-08-01,parent est,0.025579,nan
2026-09-30T21:31:38,chain+path,SPXW,2017-05-02,09:30-16:15 n=198 est,0.013141,nan
2026-09-30T21:31:38,definition,SPY,2022-01-12,parent est,0.01744,nan
2026-09-30T21:31:38,definition,SPY,2024-01-12,parent est,0.015806,nan
2026-09-30T21:31:38,definition,SPY,2024-01-03,parent est,0.014759,nan
2026-09-30T21:31:38,surface-09:35,SPXW,2017-04-18,09:35-09:36 n=538 est,8.8e-05,nan
2026-09-30T21:31:39,surface-09:35,SPXW,2019-01-03,09:35-09:36 n=935 est,0.000154,nan
2026-09-30T21:31:39,definition,XSP,2022-01-12,parent est,0.016651,nan
2026-09-30T21:31:39,surface-09:35,SPXW,2025-03-05,09:35-09:36 n=1790 est,0.000294,nan
2026-09-30T21:31:39,definition,SPY,2024-01-16,parent est,0.015655,nan
2026-09-30T21:31:40,definition,SPY,2023-02-07,parent est,0.015194,nan
2026-09-30T21:31:41,surface-10:00,SPXW,2022-01-06,10:00-10:01 n=1493 est,0.000245,nan
2026-09-30T21:31:41,chain+path,SPXW,2017-05-18,09:30-16:15 n=299 est,0.019844,nan
2026-09-30T21:31:42,definition,SPY,2022-01-06,parent est,0.017381,nan
2026-09-30T21:31:42,surface-15:59,SPXW,2017-05-08,15:59-16:00 n=434 est,7.1e-05,nan
2026-09-30T21:31:42,surface-09:35,SPXW,2023-07-05,09:35-09:36 n=1103 est,0.000181,nan
2026-09-30T21:31:42,surface-15:59,SPXW,2022-01-26,15:59-16:00 n=1769 est,0.000291,nan
2026-09-30T21:31:43,chain+path,XSP,2024-01-09,09:30-16:15 n=152 est,0.010088,nan
2026-09-30T21:31:43,definition,XSP,2025-02-28,parent est,0.025597,nan
2026-09-30T21:31:43,surface-09:35,SPXW,2025-03-20,09:35-09:36 n=1589 est,0.00026,nan
2026-09-30T21:31:44,chain+path,SPXW,2025-03-12,09:30-16:15 n=464 est,0.029355,nan
2026-09-30T21:31:44,definition,XSP,2023-01-17,parent est,0.020372,nan
2026-09-30T21:31:44,chain+path,SPXW,2017-05-23,09:30-16:15 n=195 est,0.012942,nan
2026-09-30T21:31:44,chain+path,SPXW,2023-07-20,09:30-16:15 n=324 est,0.021503,nan
2026-09-30T21:31:44,chain+path,SPXW,2017-05-17,09:30-16:15 n=199 est,0.013207,nan
2026-09-30T21:31:44,chain+path,SPY,2024-01-16,09:30-16:15 n=143 est,0.00949,nan
2026-09-30T21:31:45,surface-15:59,SPXW,2017-05-04,15:59-16:00 n=449 est,7.4e-05,nan
2026-09-30T21:31:45,chain+path,XSP,2023-01-31,09:30-16:15 n=178 est,0.011813,nan
2026-09-30T21:31:45,chain-next,SPY,2021-01-29,09:30-16:15 n=172 est,0.011415,nan
2026-09-30T21:31:46,chain+path,SPY,2024-01-11,09:30-16:15 n=137 est,0.009092,nan
2026-09-30T21:31:46,surface-10:00,SPXW,2022-01-25,10:00-10:01 n=1569 est,0.000258,nan
2026-09-30T21:31:47,chain+path,SPXW,2022-01-18,09:30-16:15 n=374 est,0.024821,nan
2026-09-30T21:31:47,definition,SPY,2022-01-03,parent est,0.017569,nan
2026-09-30T21:31:47,surface-15:59,SPXW,2023-07-21,15:59-16:00 n=900 est,0.000148,nan
2026-09-30T21:31:48,surface-15:59,SPXW,2019-01-15,15:59-16:00 n=822 est,0.000135,nan
2026-09-30T21:31:49,chain+path,SPY,2021-02-08,09:30-16:15 n=153 est,0.010154,nan
2026-09-30T21:31:49,definition,XSP,2025-02-25,parent est,0.02549,nan
2026-09-30T21:31:50,chain+path,SPXW,2025-03-25,09:30-16:15 n=409 est,0.025367,nan
2026-09-30T21:31:50,surface-09:35,SPXW,2017-05-17,09:35-09:36 n=495 est,8.1e-05,nan
2026-09-30T21:31:50,chain+path,XSP,2022-01-07,09:30-16:15 n=128 est,0.008495,nan
2026-09-30T21:31:51,chain+path,SPXW,2023-07-14,09:30-16:15 n=331 est,0.021967,nan
2026-09-30T21:31:51,surface-10:00,SPXW,2023-07-27,10:00-10:01 n=1037 est,0.00017,nan
2026-09-30T21:31:51,definition,SPXW,2019-01-29,parent est,0.01907,nan
2026-09-30T21:31:51,chain+path,XSP,2023-01-19,09:30-16:15 n=165 est,0.010951,nan
2026-09-30T21:31:52,chain-next,SPXW,2017-05-03,09:30-16:15 n=142 est,0.009424,nan
2026-09-30T21:31:53,chain-next,SPXW,2017-05-24,09:30-16:15 n=135 est,0.00896,nan
2026-09-30T21:31:53,definition,SPXW,2025-03-27,parent est,0.031295,nan
2026-09-30T21:31:54,chain+path,SPXW,2023-08-01,09:30-16:15 n=319 est,0.021171,nan
2026-09-30T21:31:54,surface-09:35,SPXW,2023-07-20,09:35-09:36 n=1052 est,0.000173,nan
2026-09-30T21:31:55,chain+path,SPXW,2019-01-24,09:30-16:15 n=355 est,0.02356,nan
2026-09-30T21:31:55,surface-10:00,SPXW,2022-01-03,10:00-10:01 n=1390 est,0.000228,nan
2026-09-30T21:31:55,definition,SPY,2025-02-24,parent est,0.018469,nan
2026-09-30T21:31:55,surface-10:00,SPXW,2017-04-27,10:00-10:01 n=452 est,7.4e-05,nan
2026-09-30T21:31:56,chain+path,SPXW,2017-05-11,09:30-16:15 n=239 est,0.015862,nan
2026-09-30T21:31:58,surface-15:59,SPXW,2017-05-03,15:59-16:00 n=445 est,7.3e-05,nan
2026-09-30T21:31:58,definition,SPXW,2022-02-02,parent est,0.024886,nan
2026-09-30T21:31:58,chain+path,XSP,2025-02-18,09:30-16:15 n=183 est,0.012145,nan
2026-09-30T21:31:59,chain+path,XSP,2022-01-12,09:30-16:15 n=153 est,0.010154,nan
2026-09-30T21:32:00,surface-10:00,SPXW,2023-07-20,10:00-10:01 n=1052 est,0.000173,nan
2026-09-30T21:32:00,surface-15:59,SPXW,2023-07-12,15:59-16:00 n=975 est,0.00016,nan
2026-09-30T21:32:00,surface-09:35,SPXW,2017-05-23,09:35-09:36 n=505 est,8.3e-05,nan
2026-09-30T21:32:00,surface-09:35,SPXW,2023-08-01,09:35-09:36 n=1178 est,0.000194,nan
2026-09-30T21:32:00,chain+path,SPY,2023-02-02,09:30-16:15 n=163 est,0.010818,nan
2026-09-30T21:32:00,chain+path,SPXW,2019-01-28,09:30-16:15 n=257 est,0.017056,nan
2026-09-30T21:32:01,chain+path,SPY,2025-02-13,09:30-16:15 n=160 est,0.010619,nan
2026-09-30T21:32:01,surface-10:00,SPXW,2017-05-16,10:00-10:01 n=488 est,8e-05,nan
2026-09-30T21:32:01,definition,XSP,2022-01-05,parent est,0.016488,nan
2026-09-30T21:32:01,chain+path,SPY,2023-01-27,09:30-16:15 n=183 est,0.012145,nan
2026-09-30T21:32:01,chain+path,SPY,2025-02-05,09:30-16:15 n=161 est,0.010685,nan
2026-09-30T21:32:01,chain+path,SPXW,2022-01-13,09:30-16:15 n=506 est,0.033582,nan
2026-09-30T21:32:02,definition,XSP,2024-01-10,parent est,0.020409,nan
2026-09-30T21:32:02,definition,XSP,2024-01-18,parent est,0.020965,nan
2026-09-30T21:32:03,surface-15:59,SPXW,2019-01-16,15:59-16:00 n=891 est,0.000146,nan
2026-09-30T21:32:04,surface-09:35,SPXW,2022-01-28,09:35-09:36 n=1766 est,0.00029,nan
2026-09-30T21:32:04,definition,SPY,2021-02-16,parent est,0.018484,nan
2026-09-30T21:32:04,chain+path,SPXW,2017-05-09,09:30-16:15 n=200 est,0.013273,nan
2026-09-30T21:32:04,chain+path,SPY,2022-01-04,09:30-16:15 n=137 est,0.009092,nan
2026-09-30T21:32:05,chain+path,XSP,2023-01-20,09:30-16:15 n=208 est,0.013804,nan
2026-09-30T21:32:05,chain+path,XSP,2025-02-20,09:30-16:15 n=181 est,0.008968,nan
2026-09-30T21:32:05,chain+path,XSP,2023-01-17,09:30-16:15 n=173 est,0.011481,nan
2026-09-30T21:32:06,surface-15:59,SPXW,2023-07-20,15:59-16:00 n=1052 est,0.000173,nan
2026-09-30T21:32:06,definition,XSP,2023-01-30,parent est,0.020752,nan
2026-09-30T21:32:06,definition,SPXW,2023-08-02,parent est,0.024805,nan
2026-09-30T21:32:06,surface-10:00,SPXW,2017-04-18,10:00-10:01 n=538 est,8.8e-05,nan
2026-09-30T21:32:06,definition,SPY,2024-01-02,parent est,0.015386,nan
2026-09-30T21:32:06,definition,SPXW,2019-01-31,parent est,0.019442,nan
2026-09-30T21:32:08,surface-15:59,SPXW,2022-01-25,15:59-16:00 n=1569 est,0.000258,nan
2026-09-30T21:32:08,surface-15:59,SPXW,2025-03-11,15:59-16:00 n=1918 est,0.000315,nan
2026-09-30T21:32:08,chain+path,XSP,2022-01-10,09:30-16:15 n=139 est,0.009225,nan
2026-09-30T21:32:10,chain+path,XSP,2024-01-10,09:30-16:15 n=151 est,0.010021,nan
2026-09-30T21:32:11,definition,SPY,2021-02-10,parent est,0.017905,nan
2026-09-30T21:32:11,surface-15:59,SPXW,2017-05-16,15:59-16:00 n=488 est,8e-05,nan
2026-09-30T21:32:11,chain+path,SPY,2022-01-07,09:30-16:15 n=182 est,0.012079,nan
2026-09-30T21:32:11,definition,SPXW,2017-05-26,parent est,0.013608,nan
2026-09-30T21:32:12,chain-next,SPXW,2017-05-12,09:30-16:15 n=183 est,0.012145,nan
2026-09-30T21:32:12,definition,SPXW,2019-02-01,parent est,0.019719,nan
2026-09-30T21:32:14,surface-15:59,SPXW,2025-03-19,15:59-16:00 n=1610 est,0.000263,nan
2026-09-30T21:32:14,chain+path,XSP,2021-02-09,09:30-16:15 n=144 est,0.009557,nan
2026-09-30T21:32:14,chain+path,XSP,2024-01-05,09:30-16:15 n=233 est,0.015463,nan
2026-09-30T21:32:14,chain+path,SPXW,2023-08-02,09:30-16:15 n=311 est,0.02064,nan
2026-09-30T21:32:15,chain+path,SPXW,2017-05-22,09:30-16:15 n=193 est,0.012809,nan
2026-09-30T21:32:15,definition,SPXW,2017-05-24,parent est,0.013103,nan
2026-09-30T21:32:15,chain-next,SPXW,2017-05-19,09:30-16:15 n=243 est,0.016127,nan
2026-09-30T21:32:16,chain+path,XSP,2022-01-05,09:30-16:15 n=137 est,0.009092,nan
2026-09-30T21:32:16,definition,SPY,2024-01-19,parent est,0.014829,nan
2026-09-30T21:32:16,chain+path,XSP,2021-02-08,09:30-16:15 n=152 est,0.010088,nan
2026-09-30T21:32:17,chain+path,SPY,2023-02-03,09:30-16:15 n=182 est,0.012079,nan
2026-09-30T21:32:17,chain-next,SPXW,2022-01-05,09:30-16:15 n=327 est,0.021702,nan
2026-09-30T21:32:18,surface-09:35,SPXW,2019-01-10,09:35-09:36 n=837 est,0.000137,nan
2026-09-30T21:32:18,chain+path,SPY,2023-01-26,09:30-16:15 n=157 est,0.01042,nan
2026-09-30T21:32:19,definition,XSP,2021-02-10,parent est,0.016024,nan
2026-09-30T21:32:19,surface-09:35,SPXW,2017-05-11,09:35-09:36 n=435 est,7.1e-05,nan
2026-09-30T21:32:20,definition,XSP,2024-01-17,parent est,0.020766,nan
2026-09-30T21:32:20,definition,SPY,2025-03-04,parent est,0.018838,nan
2026-09-30T21:32:20,definition,SPXW,2019-01-30,parent est,0.01907,nan
2026-09-30T21:32:21,surface-10:00,SPXW,2025-03-05,10:00-10:01 n=1790 est,0.000294,nan
2026-09-30T21:32:21,chain-next,XSP,2021-01-29,09:30-16:15 n=228 est,0.015132,nan
2026-09-30T21:32:22,definition,SPXW,2017-05-05,parent est,0.013726,nan
2026-09-30T21:32:22,definition,SPY,2023-02-10,parent est,0.014626,nan
2026-09-30T21:32:22,surface-10:00,SPXW,2023-07-05,10:00-10:01 n=1103 est,0.000181,nan
2026-09-30T21:32:22,definition,SPY,2024-01-18,parent est,0.01498,nan
2026-09-30T21:32:23,chain+path,SPXW,2019-01-31,09:30-16:15 n=338 est,0.022432,nan
2026-09-30T21:32:23,chain+path,SPY,2024-01-12,09:30-16:15 n=157 est,0.01042,nan
2026-09-30T21:32:23,definition,SPXW,2017-05-31,parent est,0.013011,nan
2026-09-30T21:32:23,chain+path,SPY,2023-01-31,09:30-16:15 n=162 est,0.010751,nan
2026-09-30T21:32:24,surface-10:00,SPXW,2022-01-12,10:00-10:01 n=1483 est,0.000244,nan
2026-09-30T21:32:24,chain-next,XSP,2021-02-05,09:30-16:15 n=166 est,0.011017,nan
2026-09-30T21:32:25,chain+path,SPY,2025-02-24,09:30-16:15 n=153 est,0.010019,nan
2026-09-30T21:32:26,definition,XSP,2022-01-18,parent est,0.016603,nan
2026-09-30T21:32:26,definition,SPXW,2017-05-25,parent est,0.013225,nan
2026-09-30T21:32:26,surface-15:59,SPXW,2022-01-06,15:59-16:00 n=1493 est,0.000245,nan
2026-09-30T21:32:27,surface-09:35,SPXW,2017-05-10,09:35-09:36 n=429 est,7e-05,nan
2026-09-30T21:32:27,chain+path,SPXW,2017-05-24,09:30-16:15 n=195 est,0.012942,nan
2026-09-30T21:32:27,chain+path,SPXW,2017-05-26,09:30-16:15 n=244 est,0.016193,nan
2026-09-30T21:32:28,definition,XSP,2023-02-01,parent est,0.020951,nan
2026-09-30T21:32:28,definition,XSP,2023-02-06,parent est,0.021666,nan
2026-09-30T21:32:28,definition,SPXW,2023-08-04,parent est,0.024974,nan
2026-09-30T21:32:29,definition,SPY,2025-02-28,parent est,0.018749,nan
2026-09-30T21:32:30,definition,SPY,2024-01-17,parent est,0.015279,nan
2026-09-30T21:32:31,definition,XSP,2025-03-04,parent est,0.024982,nan
2026-09-30T21:32:31,chain+path,SPY,2024-01-02,09:30-16:15 n=137 est,0.009092,nan
2026-09-30T21:32:31,surface-15:59,SPXW,2017-04-27,15:59-16:00 n=452 est,7.4e-05,nan
2026-09-30T21:32:31,chain+path,SPXW,2017-05-25,09:30-16:15 n=240 est,0.015928,nan
2026-09-30T21:32:32,surface-09:35,SPXW,2023-08-02,09:35-09:36 n=1143 est,0.000188,nan
2026-09-30T21:32:32,chain+path,XSP,2025-02-19,09:30-16:15 n=183 est,0.012145,nan
2026-09-30T21:32:32,surface-09:35,SPXW,2019-01-31,09:35-09:36 n=786 est,0.000129,nan
2026-09-30T21:32:32,chain+path,SPY,2021-02-09,09:30-16:15 n=144 est,0.009557,nan
2026-09-30T21:32:32,definition,SPY,2022-01-14,parent est,0.017606,nan
2026-09-30T21:32:33,definition,SPY,2025-03-03,parent est,0.018812,nan
2026-09-30T21:32:33,definition,XSP,2021-02-11,parent est,0.01585,nan
2026-09-30T21:32:33,definition,SPY,2023-02-14,parent est,0.014014,nan
2026-09-30T21:32:33,chain+path,SPXW,2019-01-22,09:30-16:15 n=271 est,0.017985,nan
2026-09-30T21:32:34,definition,SPXW,2017-05-19,parent est,0.01366,nan
2026-09-30T21:32:34,definition,XSP,2023-02-02,parent est,0.020881,nan
2026-09-30T21:32:34,definition,SPXW,2017-05-30,parent est,0.013398,nan
2026-09-30T21:32:34,surface-09:35,SPXW,2017-05-02,09:35-09:36 n=442 est,7.3e-05,nan
2026-09-30T21:32:34,definition,SPY,2025-02-26,parent est,0.018587,nan
2026-09-30T21:32:34,chain+path,SPXW,2019-02-01,09:30-16:15 n=360 est,0.023892,nan
2026-09-30T21:32:35,chain+path,SPXW,2025-03-27,09:30-16:15 n=408 est,0.025587,nan
2026-09-30T21:32:35,chain+path,SPXW,2022-02-03,09:30-16:15 n=480 est,0.031856,nan
2026-09-30T21:32:36,surface-10:00,SPXW,2017-05-11,10:00-10:01 n=435 est,7.1e-05,nan
2026-09-30T21:32:36,surface-09:35,SPXW,2019-01-28,09:35-09:36 n=744 est,0.000122,nan
2026-09-30T21:32:36,surface-09:35,SPXW,2022-01-18,09:35-09:36 n=1327 est,0.000218,nan
2026-09-30T21:32:37,surface-10:00,SPXW,2019-01-03,10:00-10:01 n=935 est,0.000154,nan
2026-09-30T21:32:38,definition,XSP,2021-02-12,parent est,0.016182,nan
2026-09-30T21:32:38,chain+path,SPY,2024-01-17,09:30-16:15 n=143 est,0.00949,nan
2026-09-30T21:32:39,definition,XSP,2025-02-27,parent est,0.025273,nan
2026-09-30T21:32:39,surface-10:00,SPXW,2025-03-20,10:00-10:01 n=1589 est,0.000261,nan
2026-09-30T21:32:40,chain+path,SPXW,2017-05-31,09:30-16:15 n=244 est,0.016193,nan
2026-09-30T21:32:40,surface-15:59,SPXW,2023-07-05,15:59-16:00 n=1103 est,0.000181,nan
2026-09-30T21:32:40,chain+path,SPY,2025-03-03,09:30-16:15 n=169 est,0.011208,nan
2026-09-30T21:32:40,chain+path,SPXW,2017-05-19,09:30-16:15 n=298 est,0.019777,nan
2026-09-30T21:32:40,chain+path,SPY,2023-02-07,09:30-16:15 n=163 est,0.010818,nan
2026-09-30T21:32:40,definition,SPY,2021-02-12,parent est,0.017871,nan
2026-09-30T21:32:40,chain-next,SPXW,2017-05-10,09:30-16:15 n=144 est,0.009557,nan
2026-09-30T21:32:41,definition,XSP,2022-01-20,parent est,0.016142,nan
2026-09-30T21:32:42,chain+path,XSP,2023-01-24,09:30-16:15 n=166 est,0.011017,nan
2026-09-30T21:32:42,chain-next,SPXW,2019-01-18,09:30-16:15 n=366 est,0.02429,nan
2026-09-30T21:32:42,chain-next,SPXW,2017-05-26,09:30-16:15 n=184 est,0.012211,nan
2026-09-30T21:32:42,surface-15:59,SPXW,2023-07-27,15:59-16:00 n=1037 est,0.00017,nan
2026-09-30T21:32:42,surface-09:35,SPXW,2025-03-27,09:35-09:36 n=1431 est,0.000235,nan
2026-09-30T21:32:44,surface-10:00,SPXW,2017-05-17,10:00-10:01 n=495 est,8.1e-05,nan
2026-09-30T21:32:44,surface-15:59,SPXW,2025-03-05,15:59-16:00 n=1790 est,0.000294,nan
2026-09-30T21:32:44,chain+path,SPXW,2017-05-30,09:30-16:15 n=193 est,0.012809,nan
2026-09-30T21:32:44,chain+path,SPY,2021-02-04,09:30-16:15 n=168 est,0.01115,nan
2026-09-30T21:32:44,chain+path,XSP,2024-01-17,09:30-16:15 n=159 est,0.010552,nan
2026-09-30T21:32:45,chain+path,XSP,2022-01-11,09:30-16:15 n=153 est,0.010154,nan
2026-09-30T21:32:45,definition,SPY,2025-02-27,parent est,0.01872,nan
2026-09-30T21:32:45,surface-10:00,SPXW,2023-08-01,10:00-10:01 n=1178 est,0.000194,nan
2026-09-30T21:32:45,definition,SPXW,2025-03-24,parent est,0.033128,nan
2026-09-30T21:32:46,surface-09:35,SPXW,2017-05-26,09:35-09:36 n=475 est,7.8e-05,nan
2026-09-30T21:32:46,surface-09:35,SPXW,2022-01-04,09:35-09:36 n=1241 est,0.000204,nan
2026-09-30T21:32:46,chain+path,XSP,2025-02-27,09:30-16:15 n=182 est,0.010585,nan
2026-09-30T21:32:46,definition,SPXW,2017-06-01,parent est,0.013206,nan
2026-09-30T21:32:47,chain-next,SPY,2022-01-05,09:30-16:15 n=137 est,0.009092,nan
2026-09-30T21:32:47,chain+path,XSP,2025-03-04,09:30-16:15 n=194 est,0.010786,nan
2026-09-30T21:32:48,definition,SPY,2024-01-22,parent est,0.01574,nan
2026-09-30T21:32:48,surface-10:00,SPXW,2017-05-02,10:00-10:01 n=442 est,7.3e-05,nan
2026-09-30T21:32:50,chain+path,SPXW,2019-01-25,09:30-16:15 n=356 est,0.023627,nan
2026-09-30T21:32:50,surface-10:00,SPXW,2025-03-27,10:00-10:01 n=1431 est,0.000235,nan
2026-09-30T21:32:50,chain+path,XSP,2023-02-06,09:30-16:15 n=179 est,0.01188,nan
2026-09-30T21:32:50,chain+path,SPY,2025-02-27,09:30-16:15 n=139 est,0.009225,nan
2026-09-30T21:32:50,chain+path,SPXW,2019-01-29,09:30-16:15 n=257 est,0.017056,nan
2026-09-30T21:32:51,definition,SPXW,2023-08-07,parent est,0.025159,nan
2026-09-30T21:32:51,chain-next,SPXW,2017-04-26,09:30-16:15 n=145 est,0.009623,nan
2026-09-30T21:32:52,definition,SPXW,2025-03-28,parent est,0.03079,nan
2026-09-30T21:32:52,surface-10:00,SPXW,2022-01-21,10:00-10:01 n=1700 est,0.000279,nan
2026-09-30T21:32:52,chain+path,XSP,2024-01-16,09:30-16:15 n=159 est,0.010552,nan
2026-09-30T21:32:52,definition,SPY,2023-02-16,parent est,0.01359,nan
2026-09-30T21:32:52,chain+path,XSP,2025-02-28,09:30-16:15 n=262 est,0.011801,nan
2026-09-30T21:32:52,chain+path,XSP,2022-01-20,09:30-16:15 n=136 est,0.009026,nan
2026-09-30T21:32:52,surface-10:00,SPXW,2019-01-10,10:00-10:01 n=837 est,0.000137,nan
2026-09-30T21:32:53,surface-10:00,SPXW,2022-01-18,10:00-10:01 n=1327 est,0.000218,nan
2026-09-30T21:32:53,chain+path,SPXW,2019-01-30,09:30-16:15 n=257 est,0.017056,nan
2026-09-30T21:32:53,chain+path,SPXW,2025-03-24,09:30-16:15 n=400 est,0.022784,nan
2026-09-30T21:32:53,surface-15:59,SPXW,2022-01-03,15:59-16:00 n=1390 est,0.000228,nan
2026-09-30T21:32:54,chain+path,XSP,2024-01-18,09:30-16:15 n=162 est,0.010751,nan
2026-09-30T21:32:54,chain+path,XSP,2021-02-11,09:30-16:15 n=168 est,0.01115,nan
2026-09-30T21:32:56,surface-10:00,SPXW,2022-01-04,10:00-10:01 n=1241 est,0.000204,nan
2026-09-30T21:32:56,definition,XSP,2022-01-06,parent est,0.016348,nan
2026-09-30T21:32:56,definition,SPXW,2022-02-08,parent est,0.023569,nan
2026-09-30T21:32:57,definition,XSP,2024-01-22,parent est,0.021644,nan
2026-09-30T21:32:57,chain-next,SPY,2021-02-10,09:30-16:15 n=144 est,0.009557,nan
2026-09-30T21:32:57,surface-15:59,SPXW,2017-04-18,15:59-16:00 n=538 est,8.8e-05,nan
2026-09-30T21:32:57,surface-09:35,SPXW,2023-07-14,09:35-09:36 n=852 est,0.00014,nan
2026-09-30T21:33:00,surface-09:35,SPXW,2025-03-25,09:35-09:36 n=1413 est,0.000232,nan
2026-09-30T21:33:00,chain+path,XSP,2023-01-26,09:30-16:15 n=172 est,0.011415,nan
2026-09-30T21:33:01,surface-09:35,SPXW,2019-01-17,09:35-09:36 n=910 est,0.000149,nan
2026-09-30T21:33:01,definition,SPY,2024-01-04,parent est,0.01474,nan
2026-09-30T21:33:01,definition,XSP,2021-02-16,parent est,0.016558,nan
2026-09-30T21:33:02,surface-09:35,SPXW,2017-05-18,09:35-09:36 n=611 est,0.0001,nan
2026-09-30T21:33:02,definition,SPXW,2022-02-04,parent est,0.025103,nan
2026-09-30T21:33:02,chain-next,XSP,2022-01-21,09:30-16:15 n=136 est,0.009026,nan
2026-09-30T21:33:02,chain+path,SPXW,2017-05-15,09:30-16:15 n=202 est,0.013406,nan
2026-09-30T21:33:02,definition,SPXW,2019-02-04,parent est,0.018904,nan
2026-09-30T21:33:03,surface-09:35,SPXW,2017-05-22,09:35-09:36 n=526 est,8.6e-05,nan
2026-09-30T21:33:03,surface-10:00,SPXW,2023-07-14,10:00-10:01 n=852 est,0.00014,nan
2026-09-30T21:33:03,definition,SPY,2022-01-18,parent est,0.017049,nan
2026-09-30T21:33:03,surface-09:35,SPXW,2017-05-30,09:35-09:36 n=430 est,7.1e-05,nan
2026-09-30T21:33:03,surface-09:35,SPXW,2025-03-12,09:35-09:36 n=1698 est,0.000278,nan
2026-09-30T21:33:03,surface-15:59,SPXW,2022-01-12,15:59-16:00 n=1483 est,0.000244,nan
2026-09-30T21:33:04,chain-next,SPY,2021-02-05,09:30-16:15 n=168 est,0.01115,nan
2026-09-30T21:33:05,chain+path,SPY,2025-02-28,09:30-16:15 n=221 est,0.014667,nan
2026-09-30T21:33:05,chain-next,SPXW,2019-01-30,09:30-16:15 n=193 est,0.012809,nan
2026-09-30T21:33:05,chain+path,XSP,2022-01-04,09:30-16:15 n=136 est,0.009026,nan
2026-09-30T21:33:07,definition,SPY,2024-01-23,parent est,0.014987,nan
2026-09-30T21:33:07,definition,SPY,2023-02-13,parent est,0.014195,nan
2026-09-30T21:33:08,surface-15:59,SPXW,2017-05-17,15:59-16:00 n=495 est,8.1e-05,nan
2026-09-30T21:33:08,definition,XSP,2025-03-07,parent est,0.026047,nan
2026-09-30T21:33:08,chain+path,SPXW,2019-02-04,09:30-16:15 n=259 est,0.017189,nan
2026-09-30T21:33:08,chain+path,SPXW,2017-05-12,09:30-16:15 n=243 est,0.016127,nan
2026-09-30T21:33:09,surface-10:00,SPXW,2017-05-30,10:00-10:01 n=430 est,7.1e-05,nan
2026-09-30T21:33:09,surface-09:35,SPXW,2017-05-31,09:35-09:36 n=448 est,7.4e-05,nan
2026-09-30T21:33:10,surface-09:35,SPXW,2017-05-24,09:35-09:36 n=514 est,8.4e-05,nan
2026-09-30T21:33:10,definition,XSP,2024-01-12,parent est,0.02115,nan
2026-09-30T21:33:12,surface-09:35,SPXW,2017-05-19,09:35-09:36 n=602 est,9.9e-05,nan
2026-09-30T21:33:12,chain+path,SPY,2024-01-03,09:30-16:15 n=136 est,0.009026,nan
2026-09-30T21:33:13,chain+path,SPY,2023-02-08,09:30-16:15 n=163 est,0.010818,nan
2026-09-30T21:33:13,definition,SPY,2022-01-05,parent est,0.017517,nan
2026-09-30T21:33:14,surface-10:00,SPXW,2017-05-18,10:00-10:01 n=611 est,0.0001,nan
2026-09-30T21:33:15,surface-10:00,SPXW,2023-08-02,10:00-10:01 n=1143 est,0.000188,nan
2026-09-30T21:33:16,surface-10:00,SPXW,2019-01-28,10:00-10:01 n=744 est,0.000122,nan
2026-09-30T21:33:16,definition,XSP,2022-01-14,parent est,0.016916,nan
2026-09-30T21:33:16,chain+path,SPY,2025-03-04,09:30-16:15 n=168 est,0.011149,nan
2026-09-30T21:33:16,surface-10:00,SPXW,2017-05-24,10:00-10:01 n=514 est,8.4e-05,nan
2026-09-30T21:33:16,surface-10:00,SPXW,2017-05-31,10:00-10:01 n=448 est,7.4e-05,nan
2026-09-30T21:33:16,surface-09:35,SPXW,2019-01-22,09:35-09:36 n=855 est,0.00014,nan
2026-09-30T21:33:17,surface-15:59,SPXW,2023-08-01,15:59-16:00 n=1178 est,0.000194,nan
2026-09-30T21:33:18,surface-10:00,SPXW,2025-03-25,10:00-10:01 n=1413 est,0.000232,nan
2026-09-30T21:33:19,chain+path,SPXW,2022-02-02,09:30-16:15 n=374 est,0.024821,nan
2026-09-30T21:33:20,chain+path,XSP,2025-02-25,09:30-16:15 n=189 est,0.010886,nan
2026-09-30T21:33:20,surface-15:59,SPXW,2025-03-20,15:59-16:00 n=1589 est,0.000259,nan
2026-09-30T21:33:21,chain+path,SPY,2021-02-10,09:30-16:15 n=145 est,0.009623,nan
2026-09-30T21:33:21,surface-10:00,SPXW,2019-01-31,10:00-10:01 n=786 est,0.000129,nan
2026-09-30T21:33:21,chain+path,SPY,2025-02-21,09:30-16:15 n=226 est,0.014892,nan
2026-09-30T21:33:21,definition,SPXW,2017-06-05,parent est,0.013295,nan
2026-09-30T21:33:21,chain+path,SPY,2022-01-18,09:30-16:15 n=154 est,0.01022,nan
2026-09-30T21:33:22,surface-10:00,SPXW,2017-05-23,10:00-10:01 n=505 est,8.3e-05,nan
2026-09-30T21:33:23,definition,XSP,2023-02-03,parent est,0.022094,nan
2026-09-30T21:33:23,surface-09:35,SPXW,2017-05-15,09:35-09:36 n=477 est,7.8e-05,nan
2026-09-30T21:33:24,definition,SPXW,2025-03-31,parent est,0.031207,nan
2026-09-30T21:33:24,chain+path,XSP,2022-01-06,09:30-16:15 n=128 est,0.008495,nan
2026-09-30T21:33:24,chain+path,SPXW,2023-07-24,09:30-16:15 n=294 est,0.019512,nan
2026-09-30T21:33:24,surface-10:00,SPXW,2017-05-10,10:00-10:01 n=429 est,7e-05,nan
2026-09-30T21:33:25,chain+path,SPXW,2017-05-05,09:30-16:15 n=239 est,0.015862,nan
2026-09-30T21:33:25,surface-10:00,SPXW,2017-05-19,10:00-10:01 n=602 est,9.9e-05,nan
2026-09-30T21:33:25,surface-15:59,SPXW,2019-01-10,15:59-16:00 n=837 est,0.000137,nan
2026-09-30T21:33:25,definition,XSP,2025-03-06,parent est,0.025723,nan
2026-09-30T21:33:26,definition,XSP,2023-02-07,parent est,0.021426,nan
2026-09-30T21:33:26,surface-15:59,SPXW,2019-01-28,15:59-16:00 n=744 est,0.000122,nan
2026-09-30T21:33:26,surface-15:59,SPXW,2025-03-25,15:59-16:00 n=1413 est,0.000227,nan
2026-09-30T21:33:27,definition,XSP,2022-01-21,parent est,0.016831,nan
2026-09-30T21:33:27,definition,XSP,2024-01-23,parent est,0.02132,nan
2026-09-30T21:33:27,chain+path,SPXW,2017-06-05,09:30-16:15 n=189 est,0.012543,nan
2026-09-30T21:33:28,chain+path,XSP,2021-02-05,09:30-16:15 n=167 est,0.011083,nan
2026-09-30T21:33:28,definition,SPXW,2022-02-09,parent est,0.023724,nan
2026-09-30T21:33:28,surface-09:35,SPXW,2019-02-01,09:35-09:36 n=739 est,0.000121,nan
2026-09-30T21:33:29,definition,XSP,2022-01-19,parent est,0.016219,nan
2026-09-30T21:33:29,surface-10:00,SPXW,2017-05-15,10:00-10:01 n=477 est,7.8e-05,nan
2026-09-30T21:33:30,definition,SPY,2025-03-07,parent est,0.019874,nan
2026-09-30T21:33:30,definition,XSP,2024-01-19,parent est,0.021165,nan
2026-09-30T21:33:30,definition,SPY,2021-02-17,parent est,0.018222,nan
2026-09-30T21:33:30,surface-09:35,SPXW,2023-07-24,09:35-09:36 n=951 est,0.000156,nan
2026-09-30T21:33:31,surface-15:59,SPXW,2023-08-02,15:59-16:00 n=1143 est,0.000188,nan
2026-09-30T21:33:32,definition,SPXW,2023-08-03,parent est,0.024989,nan
2026-09-30T21:33:32,definition,SPY,2022-01-13,parent est,0.017259,nan
2026-09-30T21:33:33,surface-09:35,SPXW,2017-05-05,09:35-09:36 n=427 est,7e-05,nan
2026-09-30T21:33:33,chain+path,XSP,2022-01-14,09:30-16:15 n=205 est,0.013605,nan
2026-09-30T21:33:33,surface-15:59,SPXW,2017-05-11,15:59-16:00 n=435 est,7.1e-05,nan
2026-09-30T21:33:33,chain+path,SPXW,2025-03-31,09:30-16:15 n=687 est,0.04296,nan
2026-09-30T21:33:33,definition,SPY,2023-02-21,parent est,0.01366,nan
2026-09-30T21:33:34,chain+path,SPY,2023-02-13,09:30-16:15 n=163 est,0.010818,nan
2026-09-30T21:33:34,chain+path,SPXW,2025-03-21,09:30-16:15 n=640 est,0.034196,nan
2026-09-30T21:33:34,definition,SPY,2025-03-11,parent est,0.019804,nan
2026-09-30T21:33:35,chain+path,XSP,2024-01-23,09:30-16:15 n=170 est,0.011282,nan
2026-09-30T21:33:35,definition,SPXW,2017-06-02,parent est,0.013564,nan
2026-09-30T21:33:35,surface-10:00,SPXW,2022-01-28,10:00-10:01 n=1766 est,0.00029,nan
2026-09-30T21:33:36,surface-15:59,SPXW,2017-05-23,15:59-16:00 n=505 est,8.3e-05,nan
2026-09-30T21:33:36,chain+path,SPY,2023-02-14,09:30-16:15 n=165 est,0.010951,nan
2026-09-30T21:33:36,chain+path,SPY,2025-03-07,09:30-16:15 n=199 est,0.013192,nan
2026-09-30T21:33:36,surface-09:35,SPXW,2017-04-25,09:35-09:36 n=437 est,7.2e-05,nan
2026-09-30T21:33:36,chain+path,XSP,2024-01-22,09:30-16:15 n=169 est,0.011216,nan
2026-09-30T21:33:37,chain-next,SPXW,2022-01-28,09:30-16:15 n=370 est,0.024556,nan
2026-09-30T21:33:37,surface-10:00,SPXW,2019-02-01,10:00-10:01 n=739 est,0.000121,nan
2026-09-30T21:33:37,definition,SPY,2021-02-18,parent est,0.017787,nan
2026-09-30T21:33:38,surface-10:00,SPXW,2023-07-24,10:00-10:01 n=951 est,0.000156,nan
2026-09-30T21:33:39,chain+path,SPY,2023-02-10,09:30-16:15 n=179 est,0.01188,nan
2026-09-30T21:33:39,chain+path,SPY,2024-01-18,09:30-16:15 n=146 est,0.00969,nan
2026-09-30T21:33:39,definition,SPY,2023-02-15,parent est,0.013678,nan
2026-09-30T21:33:39,chain+path,XSP,2024-01-19,09:30-16:15 n=205 est,0.013605,nan
2026-09-30T21:33:40,definition,SPXW,2023-08-08,parent est,0.024793,nan
2026-09-30T21:33:41,surface-15:59,SPXW,2019-01-03,15:59-16:00 n=935 est,0.000154,nan
2026-09-30T21:33:41,chain+path,SPXW,2023-08-03,09:30-16:15 n=313 est,0.020773,nan
2026-09-30T21:33:42,surface-15:59,SPXW,2019-02-01,15:59-16:00 n=739 est,0.000121,nan
2026-09-30T21:33:42,chain+path,SPY,2022-01-12,09:30-16:15 n=122 est,0.008097,nan
2026-09-30T21:33:42,surface-10:00,SPXW,2019-01-17,10:00-10:01 n=910 est,0.000149,nan
2026-09-30T21:33:42,surface-15:59,SPXW,2022-01-18,15:59-16:00 n=1327 est,0.000218,nan
2026-09-30T21:33:43,definition,SPY,2024-01-24,parent est,0.01505,nan
2026-09-30T21:33:43,definition,SPXW,2019-02-05,parent est,0.018967,nan
2026-09-30T21:33:43,surface-15:59,SPXW,2017-05-24,15:59-16:00 n=514 est,8.4e-05,nan
2026-09-30T21:33:44,chain+path,SPY,2025-02-26,09:30-16:15 n=135 est,0.008933,nan
2026-09-30T21:33:44,surface-15:59,SPXW,2019-01-31,15:59-16:00 n=786 est,0.000129,nan
2026-09-30T21:33:45,chain-next,XSP,2021-02-10,09:30-16:15 n=144 est,0.009557,nan
2026-09-30T21:33:45,chain+path,XSP,2023-01-27,09:30-16:15 n=188 est,0.012477,nan
2026-09-30T21:33:46,surface-15:59,SPXW,2022-01-04,15:59-16:00 n=1241 est,0.000204,nan
2026-09-30T21:33:46,chain+path,XSP,2021-02-12,09:30-16:15 n=167 est,0.011083,nan
2026-09-30T21:33:46,chain+path,SPXW,2023-07-26,09:30-16:15 n=307 est,0.020375,nan
2026-09-30T21:33:46,definition,SPY,2021-02-19,parent est,0.017849,nan
2026-09-30T21:33:47,surface-15:59,SPXW,2023-07-14,15:59-16:00 n=852 est,0.00014,nan
2026-09-30T21:33:48,surface-09:35,SPXW,2017-05-09,09:35-09:36 n=433 est,7.1e-05,nan
2026-09-30T21:33:48,definition,SPXW,2025-04-03,parent est,0.029134,nan
2026-09-30T21:33:48,definition,SPY,2022-01-19,parent est,0.016798,nan
2026-09-30T21:33:48,chain+path,SPY,2021-02-17,09:30-16:15 n=141 est,0.009358,nan
2026-09-30T21:33:48,chain+path,SPY,2022-01-13,09:30-16:15 n=206 est,0.013672,nan
2026-09-30T21:33:48,chain+path,SPXW,2023-08-08,09:30-16:15 n=299 est,0.019844,nan
2026-09-30T21:33:49,chain+path,SPY,2022-01-11,09:30-16:15 n=122 est,0.008097,nan
2026-09-30T21:33:49,surface-15:59,SPXW,2025-03-27,15:59-16:00 n=1431 est,0.000233,nan
2026-09-30T21:33:49,definition,SPXW,2017-06-07,parent est,0.013343,nan
2026-09-30T21:33:49,surface-09:35,SPXW,2019-01-30,09:35-09:36 n=814 est,0.000134,nan
2026-09-30T21:33:50,surface-15:59,SPXW,2017-05-30,15:59-16:00 n=430 est,7.1e-05,nan
2026-09-30T21:33:50,chain+path,SPXW,2017-06-02,09:30-16:15 n=239 est,0.015862,nan
2026-09-30T21:33:50,chain+path,SPY,2024-01-05,09:30-16:15 n=233 est,0.015463,nan
2026-09-30T21:33:51,definition,SPY,2023-02-09,parent est,0.014744,nan
2026-09-30T21:33:51,definition,SPY,2025-03-05,parent est,0.019642,nan
2026-09-30T21:33:52,surface-09:35,SPXW,2017-05-25,09:35-09:36 n=499 est,8.2e-05,nan
2026-09-30T21:33:53,chain-next,XSP,2021-02-12,09:30-16:15 n=168 est,0.01115,nan
2026-09-30T21:33:53,definition,SPY,2025-03-13,parent est,0.020685,nan
2026-09-30T21:33:54,chain+path,XSP,2023-02-02,09:30-16:15 n=177 est,0.011747,nan
2026-09-30T21:33:54,surface-09:35,SPXW,2025-03-31,09:35-09:36 n=1711 est,0.000281,nan
2026-09-30T21:33:54,chain-next,XSP,2022-01-12,09:30-16:15 n=153 est,0.010154,nan
2026-09-30T21:33:54,surface-15:59,SPXW,2017-05-02,15:59-16:00 n=442 est,7.3e-05,nan
2026-09-30T21:33:55,definition,SPXW,2022-02-10,parent est,0.023455,nan
2026-09-30T21:33:56,chain+path,SPXW,2017-06-07,09:30-16:15 n=195 est,0.012942,nan
2026-09-30T21:33:56,surface-09:35,SPXW,2025-03-24,09:35-09:36 n=1274 est,0.000208,nan
2026-09-30T21:33:57,surface-09:35,SPXW,2025-03-21,09:35-09:36 n=1319 est,0.000216,nan
2026-09-30T21:33:58,chain+path,XSP,2022-01-21,09:30-16:15 n=136 est,0.009026,nan
2026-09-30T21:33:58,chain+path,XSP,2022-01-13,09:30-16:15 n=206 est,0.013672,nan
2026-09-30T21:33:59,definition,SPXW,2017-06-08,parent est,0.013442,nan
2026-09-30T21:34:00,surface-10:00,SPXW,2019-01-30,10:00-10:01 n=814 est,0.000134,nan
2026-09-30T21:34:00,chain+path,SPXW,2022-01-20,09:30-16:15 n=582 est,0.038625,nan
2026-09-30T21:34:00,chain+path,SPY,2025-03-13,09:30-16:15 n=204 est,0.013538,nan
2026-09-30T21:34:00,surface-09:35,SPXW,2017-06-02,09:35-09:36 n=422 est,6.9e-05,nan
2026-09-30T21:34:01,definition,SPXW,2019-02-06,parent est,0.018967,nan
2026-09-30T21:34:01,definition,SPY,2025-03-14,parent est,0.020434,nan
2026-09-30T21:34:01,definition,SPY,2023-02-23,parent est,0.014659,nan
2026-09-30T21:34:02,surface-09:35,SPXW,2023-08-08,09:35-09:36 n=1126 est,0.000185,nan
2026-09-30T21:34:02,surface-09:35,SPXW,2022-02-02,09:35-09:36 n=1500 est,0.000246,nan
2026-09-30T21:34:02,surface-10:00,SPXW,2025-03-12,10:00-10:01 n=1698 est,0.000277,nan
2026-09-30T21:34:03,definition,XSP,2022-01-24,parent est,0.016529,nan
2026-09-30T21:34:03,surface-09:35,SPXW,2017-06-07,09:35-09:36 n=470 est,7.7e-05,nan
2026-09-30T21:34:03,chain-next,XSP,2022-01-07,09:30-16:15 n=128 est,0.008495,nan
2026-09-30T21:34:04,surface-15:59,SPXW,2022-01-21,15:59-16:00 n=1700 est,0.000279,nan
2026-09-30T21:34:05,chain+path,SPY,2024-01-24,09:30-16:15 n=136 est,0.009026,nan
2026-09-30T21:34:05,surface-09:35,SPXW,2019-01-29,09:35-09:36 n=852 est,0.00014,nan
2026-09-30T21:34:05,definition,SPY,2023-02-17,parent est,0.01397,nan
2026-09-30T21:34:05,chain+path,SPXW,2019-02-05,09:30-16:15 n=254 est,0.016857,nan
2026-09-30T21:34:06,surface-09:35,SPXW,2017-06-05,09:35-09:36 n=425 est,7e-05,nan
2026-09-30T21:34:06,surface-15:59,SPXW,2017-05-15,15:59-16:00 n=477 est,7.8e-05,nan
2026-09-30T21:34:06,definition,SPY,2025-03-06,parent est,0.019874,nan
2026-09-30T21:34:07,definition,SPXW,2022-02-14,parent est,0.023318,nan
2026-09-30T21:34:07,definition,SPXW,2023-08-09,parent est,0.024727,nan
2026-09-30T21:34:07,surface-15:59,SPXW,2023-07-24,15:59-16:00 n=951 est,0.000156,nan
2026-09-30T21:34:08,chain-next,SPXW,2022-01-14,09:30-16:15 n=390 est,0.025883,nan
2026-09-30T21:34:08,definition,XSP,2021-02-22,parent est,0.015684,nan
2026-09-30T21:34:09,definition,SPXW,2017-06-12,parent est,0.013689,nan
2026-09-30T21:34:09,surface-10:00,SPXW,2017-05-22,10:00-10:01 n=526 est,8.6e-05,nan
2026-09-30T21:34:09,surface-15:59,SPXW,2025-03-12,15:59-16:00 n=1698 est,0.000278,nan
2026-09-30T21:34:09,definition,SPY,2021-02-22,parent est,0.017986,nan
2026-09-30T21:34:11,surface-09:35,SPXW,2019-01-25,09:35-09:36 n=790 est,0.00013,nan
2026-09-30T21:34:11,surface-10:00,SPXW,2025-03-31,10:00-10:01 n=1711 est,0.000279,nan
2026-09-30T21:34:12,surface-09:35,SPXW,2017-05-12,09:35-09:36 n=491 est,8.1e-05,nan
2026-09-30T21:34:13,chain+path,SPY,2025-03-06,09:30-16:15 n=182 est,0.012075,nan
2026-09-30T21:34:13,chain+path,XSP,2022-01-24,09:30-16:15 n=132 est,0.00876,nan
2026-09-30T21:34:14,definition,XSP,2022-01-26,parent est,0.017573,nan
2026-09-30T21:34:14,definition,XSP,2024-01-25,parent est,0.021585,nan
2026-09-30T21:34:14,surface-10:00,SPXW,2019-01-22,10:00-10:01 n=855 est,0.00014,nan
2026-09-30T21:34:16,definition,XSP,2023-02-08,parent est,0.021264,nan
2026-09-30T21:34:16,definition,XSP,2023-02-13,parent est,0.020564,nan
2026-09-30T21:34:16,definition,XSP,2024-01-11,parent est,0.021235,nan
2026-09-30T21:34:16,surface-15:59,SPXW,2017-05-19,15:59-16:00 n=602 est,9.9e-05,nan
2026-09-30T21:34:16,surface-15:59,SPXW,2019-01-30,15:59-16:00 n=814 est,0.000134,nan
2026-09-30T21:34:16,surface-15:59,SPXW,2017-05-10,15:59-16:00 n=429 est,7e-05,nan
2026-09-30T21:34:16,definition,XSP,2021-02-19,parent est,0.016013,nan
2026-09-30T21:34:17,surface-15:59,SPXW,2017-05-22,15:59-16:00 n=526 est,8.6e-05,nan
2026-09-30T21:34:17,chain+path,SPY,2025-03-14,09:30-16:15 n=227 est,0.015063,nan
2026-09-30T21:34:18,surface-10:00,SPXW,2019-01-29,10:00-10:01 n=852 est,0.00014,nan
2026-09-30T21:34:18,definition,XSP,2021-02-18,parent est,0.015743,nan
2026-09-30T21:34:18,chain+path,SPY,2021-02-18,09:30-16:15 n=210 est,0.013937,nan
2026-09-30T21:34:18,definition,SPY,2024-01-25,parent est,0.015869,nan
2026-09-30T21:34:19,surface-10:00,SPXW,2017-05-09,10:00-10:01 n=433 est,7.1e-05,nan
2026-09-30T21:34:19,chain+path,SPXW,2017-06-08,09:30-16:15 n=228 est,0.015132,nan
2026-09-30T21:34:20,chain+path,SPY,2023-02-17,09:30-16:15 n=276 est,0.018317,nan
2026-09-30T21:34:20,definition,SPXW,2025-04-04,parent est,0.031856,nan
2026-09-30T21:34:20,chain+path,XSP,2021-02-22,09:30-16:15 n=145 est,0.009623,nan
2026-09-30T21:34:21,definition,SPXW,2017-06-13,parent est,0.01335,nan
2026-09-30T21:34:22,chain+path,SPXW,2022-02-04,09:30-16:15 n=460 est,0.030529,nan
2026-09-30T21:34:22,chain+path,SPY,2022-01-05,09:30-16:15 n=138 est,0.009159,nan
2026-09-30T21:34:22,surface-10:00,SPXW,2017-04-25,10:00-10:01 n=437 est,7.2e-05,nan
2026-09-30T21:34:22,definition,SPXW,2022-02-15,parent est,0.02275,nan
2026-09-30T21:34:22,surface-15:59,SPXW,2019-01-17,15:59-16:00 n=910 est,0.000149,nan
2026-09-30T21:34:23,chain+path,SPXW,2017-06-12,09:30-16:15 n=177 est,0.011747,nan
2026-09-30T21:34:23,definition,XSP,2021-02-17,parent est,0.016179,nan
2026-09-30T21:34:23,definition,XSP,2025-03-10,parent est,0.025594,nan
2026-09-30T21:34:23,chain+path,XSP,2025-03-07,09:30-16:15 n=233 est,0.012196,nan
2026-09-30T21:34:24,surface-10:00,SPXW,2017-05-26,10:00-10:01 n=475 est,7.8e-05,nan
2026-09-30T21:34:24,definition,SPXW,2019-02-11,parent est,0.018679,nan
2026-09-30T21:34:24,definition,SPXW,2019-02-08,parent est,0.019472,nan
2026-09-30T21:34:24,surface-15:59,SPXW,2017-05-09,15:59-16:00 n=433 est,7.1e-05,nan
2026-09-30T21:34:26,surface-15:59,SPXW,2019-01-22,15:59-16:00 n=855 est,0.00014,nan
2026-09-30T21:34:26,surface-09:35,SPXW,2023-07-26,09:35-09:36 n=1069 est,0.000176,nan
2026-09-30T21:34:26,definition,XSP,2024-01-24,parent est,0.02122,nan
2026-09-30T21:34:27,chain+path,SPXW,2025-03-04,09:30-16:15 n=403 est,0.025567,nan
2026-09-30T21:34:28,surface-15:59,SPXW,2017-05-31,15:59-16:00 n=448 est,7.4e-05,nan
2026-09-30T21:34:28,chain+path,SPXW,2025-04-04,09:30-16:15 n=480 est,0.030421,nan
2026-09-30T21:34:29,definition,SPXW,2023-08-15,parent est,0.024373,nan
2026-09-30T21:34:29,chain+path,SPY,2024-01-23,09:30-16:15 n=148 est,0.009822,nan
2026-09-30T21:34:29,chain+path,SPXW,2025-04-03,09:30-16:15 n=372 est,0.023659,nan
2026-09-30T21:34:29,surface-15:59,SPXW,2017-05-26,15:59-16:00 n=475 est,7.8e-05,nan
2026-09-30T21:34:29,definition,SPY,2025-03-17,parent est,0.019889,nan
2026-09-30T21:34:30,definition,SPXW,2022-02-07,parent est,0.024093,nan
2026-09-30T21:34:30,chain+path,SPXW,2023-08-09,09:30-16:15 n=307 est,0.020375,nan
2026-09-30T21:34:30,chain+path,SPXW,2017-06-13,09:30-16:15 n=189 est,0.012543,nan
2026-09-30T21:34:30,surface-10:00,SPXW,2017-05-25,10:00-10:01 n=499 est,8.2e-05,nan
2026-09-30T21:34:31,surface-09:35,SPXW,2022-01-13,09:35-09:36 n=1371 est,0.000225,nan
2026-09-30T21:34:31,chain+path,SPXW,2019-02-08,09:30-16:15 n=327 est,0.021702,nan
2026-09-30T21:34:32,definition,SPY,2022-01-20,parent est,0.016728,nan
2026-09-30T21:34:33,surface-10:00,SPXW,2023-07-26,10:00-10:01 n=1069 est,0.000176,nan
2026-09-30T21:34:33,definition,SPXW,2017-06-15,parent est,0.012981,nan
2026-09-30T21:34:33,definition,XSP,2022-01-27,parent est,0.017539,nan
2026-09-30T21:34:33,chain-next,SPXW,2019-02-06,09:30-16:15 n=190 est,0.01261,nan
2026-09-30T21:34:33,chain+path,SPXW,2017-06-01,09:30-16:15 n=235 est,0.015596,nan
2026-09-30T21:34:34,surface-10:00,SPXW,2022-02-02,10:00-10:01 n=1500 est,0.000246,nan
2026-09-30T21:34:34,definition,SPXW,2019-02-12,parent est,0.018513,nan
2026-09-30T21:34:34,surface-10:00,SPXW,2023-08-08,10:00-10:01 n=1126 est,0.000185,nan
2026-09-30T21:34:35,chain+path,SPY,2023-02-15,09:30-16:15 n=160 est,0.010619,nan
2026-09-30T21:34:36,chain+path,XSP,2024-01-25,09:30-16:15 n=161 est,0.010685,nan
2026-09-30T21:34:36,surface-09:35,SPXW,2025-04-03,09:35-09:36 n=1484 est,0.000244,nan
2026-09-30T21:34:37,surface-10:00,SPXW,2017-05-05,10:00-10:01 n=427 est,7e-05,nan
2026-09-30T21:34:37,definition,XSP,2024-01-02,parent est,0.020626,nan
2026-09-30T21:34:37,surface-09:35,SPXW,2023-08-03,09:35-09:36 n=1236 est,0.000203,nan
2026-09-30T21:34:37,chain+path,XSP,2021-02-10,09:30-16:15 n=145 est,0.009623,nan
2026-09-30T21:34:37,chain-next,XSP,2022-01-05,09:30-16:15 n=136 est,0.009026,nan
2026-09-30T21:34:37,definition,SPY,2024-01-29,parent est,0.0164,nan
2026-09-30T21:34:38,chain+path,SPXW,2025-03-03,09:30-16:15 n=411 est,0.025494,nan
2026-09-30T21:34:39,surface-10:00,SPXW,2022-01-13,10:00-10:01 n=1371 est,0.000225,nan
2026-09-30T21:34:39,chain+path,XSP,2021-02-17,09:30-16:15 n=141 est,0.009358,nan
2026-09-30T21:34:39,chain-next,SPXW,2017-06-09,09:30-16:15 n=172 est,0.011415,nan
2026-09-30T21:34:40,surface-10:00,SPXW,2025-03-24,10:00-10:01 n=1274 est,0.000208,nan
2026-09-30T21:34:40,chain+path,XSP,2024-01-12,09:30-16:15 n=164 est,0.010884,nan
2026-09-30T21:34:41,chain+path,SPY,2024-01-22,09:30-16:15 n=146 est,0.00969,nan
2026-09-30T21:34:41,chain+path,SPXW,2019-02-11,09:30-16:15 n=256 est,0.01699,nan
2026-09-30T21:34:42,chain-next,SPXW,2019-01-25,09:30-16:15 n=291 est,0.019313,nan
2026-09-30T21:34:42,chain+path,SPXW,2023-07-28,09:30-16:15 n=359 est,0.023826,nan
2026-09-30T21:34:43,definition,SPXW,2025-04-07,parent est,0.036329,nan
2026-09-30T21:34:43,definition,SPXW,2017-06-21,parent est,0.013593,nan
2026-09-30T21:34:44,chain-next,SPXW,2017-06-02,09:30-16:15 n=179 est,0.01188,nan
2026-09-30T21:34:44,definition,XSP,2025-02-26,parent est,0.025398,nan
2026-09-30T21:34:44,definition,SPXW,2017-06-06,parent est,0.01325,nan
2026-09-30T21:34:45,surface-09:35,SPXW,2025-03-03,09:35-09:36 n=1548 est,0.000254,nan
2026-09-30T21:34:45,surface-15:59,SPXW,2017-05-05,15:59-16:00 n=427 est,7e-05,nan
2026-09-30T21:34:45,surface-09:35,SPXW,2023-08-09,09:35-09:36 n=1029 est,0.000169,nan
2026-09-30T21:34:45,surface-15:59,SPXW,2017-05-18,15:59-16:00 n=611 est,0.0001,nan
2026-09-30T21:34:45,definition,XSP,2021-02-23,parent est,0.015548,nan
2026-09-30T21:34:46,chain+path,XSP,2023-02-07,09:30-16:15 n=180 est,0.011946,nan
2026-09-30T21:34:46,definition,XSP,2022-01-28,parent est,0.017842,nan
2026-09-30T21:34:46,definition,SPXW,2017-06-19,parent est,0.013479,nan
2026-09-30T21:34:47,surface-10:00,SPXW,2017-06-02,10:00-10:01 n=422 est,6.9e-05,nan
2026-09-30T21:34:47,surface-15:59,SPXW,2022-01-13,15:59-16:00 n=1371 est,0.000225,nan
2026-09-30T21:34:48,surface-09:35,SPXW,2022-01-27,09:35-09:36 n=1707 est,0.00028,nan
2026-09-30T21:34:48,surface-10:00,SPXW,2023-08-03,10:00-10:01 n=1236 est,0.000203,nan
2026-09-30T21:34:49,definition,SPY,2022-01-21,parent est,0.017171,nan
2026-09-30T21:34:50,surface-09:35,SPXW,2019-02-11,09:35-09:36 n=739 est,0.000121,nan
2026-09-30T21:34:50,chain+path,SPXW,2019-02-12,09:30-16:15 n=240 est,0.015928,nan
2026-09-30T21:34:52,chain-next,SPXW,2017-06-14,09:30-16:15 n=129 est,0.008561,nan
2026-09-30T21:34:52,surface-10:00,SPXW,2023-08-09,10:00-10:01 n=1029 est,0.000169,nan
2026-09-30T21:34:52,chain+path,XSP,2025-03-10,09:30-16:15 n=206 est,0.010889,nan
2026-09-30T21:34:53,chain+path,SPY,2023-02-16,09:30-16:15 n=159 est,0.010552,nan
2026-09-30T21:34:53,chain+path,XSP,2022-01-19,09:30-16:15 n=161 est,0.010685,nan
2026-09-30T21:34:54,definition,SPY,2024-01-31,parent est,0.016381,nan
2026-09-30T21:34:54,definition,XSP,2025-03-13,parent est,0.026235,nan
2026-09-30T21:34:54,definition,XSP,2022-01-31,parent est,0.017315,nan
2026-09-30T21:34:55,definition,SPXW,2023-08-10,parent est,0.02465,nan
2026-09-30T21:34:55,chain+path,SPXW,2023-08-07,09:30-16:15 n=283 est,0.018782,nan
2026-09-30T21:34:55,chain+path,XSP,2024-01-24,09:30-16:15 n=161 est,0.010685,nan
2026-09-30T21:34:56,surface-15:59,SPXW,2017-06-02,15:59-16:00 n=422 est,6.9e-05,nan
2026-09-30T21:34:56,surface-09:35,SPXW,2017-06-12,09:35-09:36 n=536 est,8.8e-05,nan
2026-09-30T21:34:56,surface-09:35,SPXW,2023-07-28,09:35-09:36 n=1028 est,0.000169,nan
2026-09-30T21:34:57,surface-15:59,SPXW,2023-08-03,15:59-16:00 n=1236 est,0.000203,nan
2026-09-30T21:34:57,chain-next,SPXW,2019-02-13,09:30-16:15 n=176 est,0.011681,nan
2026-09-30T21:34:57,surface-15:59,SPXW,2019-01-29,15:59-16:00 n=852 est,0.00014,nan
2026-09-30T21:34:58,definition,SPY,2024-02-01,parent est,0.016271,nan
2026-09-30T21:34:58,definition,SPXW,2017-06-23,parent est,0.013693,nan
2026-09-30T21:34:59,definition,XSP,2024-02-01,parent est,0.022079,nan
2026-09-30T21:35:00,surface-09:35,SPXW,2025-04-04,09:35-09:36 n=1602 est,0.000263,nan
2026-09-30T21:35:00,surface-10:00,SPXW,2019-01-25,10:00-10:01 n=790 est,0.00013,nan
2026-09-30T21:35:00,definition,SPXW,2019-02-07,parent est,0.019051,nan
2026-09-30T21:35:00,surface-10:00,SPXW,2017-05-12,10:00-10:01 n=491 est,8.1e-05,nan
2026-09-30T21:35:01,chain+path,SPXW,2023-08-04,09:30-16:15 n=384 est,0.025485,nan
2026-09-30T21:35:01,definition,XSP,2024-01-26,parent est,0.021851,nan
2026-09-30T21:35:03,chain+path,SPXW,2023-08-10,09:30-16:15 n=322 est,0.02137,nan
2026-09-30T21:35:03,chain-next,SPY,2022-01-12,09:30-16:15 n=122 est,0.008097,nan
2026-09-30T21:35:03,chain+path,SPY,2021-02-12,09:30-16:15 n=168 est,0.01115,nan
2026-09-30T21:35:04,definition,SPY,2023-02-27,parent est,0.014718,nan
2026-09-30T21:35:04,surface-09:35,SPXW,2019-02-12,09:35-09:36 n=743 est,0.000122,nan
2026-09-30T21:35:04,surface-09:35,SPXW,2019-01-24,09:35-09:36 n=832 est,0.000137,nan
2026-09-30T21:35:04,chain+path,XSP,2024-01-02,09:30-16:15 n=157 est,0.01042,nan
2026-09-30T21:35:04,chain+path,SPXW,2017-06-19,09:30-16:15 n=195 est,0.012942,nan
2026-09-30T21:35:05,chain+path,SPXW,2023-07-31,09:30-16:15 n=493 est,0.032719,nan
2026-09-30T21:35:05,definition,SPXW,2017-06-16,parent est,0.013306,nan
2026-09-30T21:35:05,surface-15:59,SPXW,2017-05-25,15:59-16:00 n=499 est,8.2e-05,nan
2026-09-30T21:35:05,surface-15:59,SPXW,2022-01-28,15:59-16:00 n=1766 est,0.00029,nan
2026-09-30T21:35:05,definition,SPXW,2022-02-11,parent est,0.023897,nan
2026-09-30T21:35:06,surface-09:35,SPXW,2023-08-07,09:35-09:36 n=1124 est,0.000185,nan
2026-09-30T21:35:06,definition,SPY,2023-02-22,parent est,0.014799,nan
2026-09-30T21:35:07,definition,XSP,2024-01-31,parent est,0.022076,nan
2026-09-30T21:35:07,definition,SPY,2024-01-26,parent est,0.01605,nan
2026-09-30T21:35:07,chain+path,SPXW,2019-02-07,09:30-16:15 n=322 est,0.02137,nan
2026-09-30T21:35:07,surface-10:00,SPXW,2025-03-21,10:00-10:01 n=1319 est,0.000214,nan
2026-09-30T21:35:07,surface-10:00,SPXW,2017-06-12,10:00-10:01 n=536 est,8.8e-05,nan
2026-09-30T21:35:07,chain+path,SPY,2024-01-19,09:30-16:15 n=262 est,0.017388,nan
2026-09-30T21:35:07,surface-15:59,SPXW,2019-01-25,15:59-16:00 n=790 est,0.00013,nan
2026-09-30T21:35:08,definition,SPXW,2017-06-09,parent est,0.013829,nan
2026-09-30T21:35:08,chain+path,XSP,2024-02-01,09:30-16:15 n=167 est,0.011083,nan
2026-09-30T21:35:08,chain+path,XSP,2022-01-28,09:30-16:15 n=179 est,0.01188,nan
2026-09-30T21:35:08,definition,SPXW,2017-06-20,parent est,0.013564,nan
2026-09-30T21:35:08,chain-next,XSP,2022-01-14,09:30-16:15 n=206 est,0.013672,nan
2026-09-30T21:35:08,chain+path,SPY,2022-01-19,09:30-16:15 n=131 est,0.008694,nan
2026-09-30T21:35:09,chain+path,SPXW,2022-02-01,09:30-16:15 n=367 est,0.024357,nan
2026-09-30T21:35:09,definition,SPY,2023-02-24,parent est,0.015032,nan
2026-09-30T21:35:10,definition,SPXW,2017-06-26,parent est,0.013132,nan
2026-09-30T21:35:10,definition,SPXW,2022-02-16,parent est,0.023023,nan
2026-09-30T21:35:10,surface-10:00,SPXW,2019-02-12,10:00-10:01 n=743 est,0.000122,nan
2026-09-30T21:35:11,surface-09:35,SPXW,2019-02-08,09:35-09:36 n=782 est,0.000128,nan
2026-09-30T21:35:11,surface-09:35,SPXW,2023-08-04,09:35-09:36 n=1231 est,0.000202,nan
2026-09-30T21:35:11,chain+path,SPY,2022-01-06,09:30-16:15 n=182 est,0.012079,nan
2026-09-30T21:35:12,surface-15:59,SPXW,2025-03-21,15:59-16:00 n=1319 est,0.000215,nan
2026-09-30T21:35:12,surface-15:59,SPXW,2023-08-09,15:59-16:00 n=1029 est,0.000169,nan
2026-09-30T21:35:12,surface-10:00,SPXW,2023-07-28,10:00-10:01 n=1028 est,0.000169,nan
2026-09-30T21:35:12,surface-10:00,SPXW,2025-04-04,10:00-10:01 n=1602 est,0.000263,nan
2026-09-30T21:35:13,chain+path,XSP,2023-02-13,09:30-16:15 n=178 est,0.011813,nan
2026-09-30T21:35:13,definition,XSP,2021-02-24,parent est,0.01557,nan
2026-09-30T21:35:13,chain+path,SPY,2023-02-09,09:30-16:15 n=162 est,0.010751,nan
2026-09-30T21:35:14,chain+path,SPXW,2025-03-28,09:30-16:15 n=493 est,0.030308,nan
2026-09-30T21:35:14,chain+path,SPY,2024-02-01,09:30-16:15 n=135 est,0.00896,nan
2026-09-30T21:35:15,chain+path,SPY,2024-01-31,09:30-16:15 n=164 est,0.010884,nan
2026-09-30T21:35:15,chain+path,SPY,2024-01-25,09:30-16:15 n=131 est,0.008694,nan
2026-09-30T21:35:16,definition,SPXW,2025-04-01,parent est,0.030473,nan
2026-09-30T21:35:16,surface-09:35,SPXW,2022-02-04,09:35-09:36 n=1439 est,0.000236,nan
2026-09-30T21:35:16,surface-15:59,SPXW,2023-08-08,15:59-16:00 n=1126 est,0.000185,nan
2026-09-30T21:35:16,definition,XSP,2021-02-25,parent est,0.015308,nan
2026-09-30T21:35:16,chain+path,XSP,2024-01-31,09:30-16:15 n=178 est,0.011813,nan
2026-09-30T21:35:16,chain+path,SPXW,2017-06-26,09:30-16:15 n=193 est,0.012809,nan
2026-09-30T21:35:16,surface-09:35,SPXW,2017-06-01,09:35-09:36 n=445 est,7.3e-05,nan
2026-09-30T21:35:16,chain+path,XSP,2023-01-30,09:30-16:15 n=176 est,0.011681,nan
2026-09-30T21:35:16,chain+path,SPY,2022-01-14,09:30-16:15 n=205 est,0.013605,nan
2026-09-30T21:35:17,surface-15:59,SPXW,2017-06-12,15:59-16:00 n=536 est,8.8e-05,nan
2026-09-30T21:35:18,surface-10:00,SPXW,2025-03-03,10:00-10:01 n=1548 est,0.000254,nan
2026-09-30T21:35:18,definition,SPY,2025-02-25,parent est,0.018705,nan
2026-09-30T21:35:18,chain+path,SPXW,2017-06-06,09:30-16:15 n=191 est,0.012676,nan
2026-09-30T21:35:18,definition,XSP,2023-02-09,parent est,0.020918,nan
2026-09-30T21:35:18,surface-10:00,SPXW,2023-08-04,10:00-10:01 n=1231 est,0.000202,nan
2026-09-30T21:35:19,chain+path,SPXW,2025-04-07,09:30-16:15 n=432 est,0.027661,nan
2026-09-30T21:35:19,surface-10:00,SPXW,2023-08-07,10:00-10:01 n=1124 est,0.000185,nan
2026-09-30T21:35:20,surface-15:59,SPXW,2017-05-12,15:59-16:00 n=491 est,8.1e-05,nan
2026-09-30T21:35:20,definition,SPXW,2017-06-14,parent est,0.01335,nan
2026-09-30T21:35:20,chain+path,SPY,2023-02-23,09:30-16:15 n=144 est,0.009557,nan
2026-09-30T21:35:21,surface-09:35,SPXW,2017-06-26,09:35-09:36 n=505 est,8.3e-05,nan
2026-09-30T21:35:21,chain+path,SPY,2021-02-16,09:30-16:15 n=144 est,0.009557,nan
2026-09-30T21:35:22,chain-next,SPY,2022-01-14,09:30-16:15 n=206 est,0.013672,nan
2026-09-30T21:35:22,chain+path,SPXW,2022-02-08,09:30-16:15 n=356 est,0.023627,nan
2026-09-30T21:35:22,surface-15:59,SPXW,2019-02-12,15:59-16:00 n=743 est,0.000122,nan
2026-09-30T21:35:22,surface-10:00,SPXW,2025-04-03,10:00-10:01 n=1484 est,0.000244,nan
2026-09-30T21:35:23,surface-09:35,SPXW,2017-06-08,09:35-09:36 n=480 est,7.9e-05,nan
2026-09-30T21:35:23,definition,SPY,2025-03-19,parent est,0.019553,nan
2026-09-30T21:35:24,chain+path,SPY,2024-01-29,09:30-16:15 n=133 est,0.008827,nan
2026-09-30T21:35:24,surface-15:59,SPXW,2025-03-03,15:59-16:00 n=1548 est,0.000254,nan
2026-09-30T21:35:24,definition,XSP,2024-02-05,parent est,0.022135,nan
2026-09-30T21:35:25,chain+path,SPY,2022-01-03,09:30-16:15 n=163 est,0.010818,nan
2026-09-30T21:35:25,definition,XSP,2025-03-14,parent est,0.026121,nan
2026-09-30T21:35:25,chain+path,SPY,2024-01-04,09:30-16:15 n=136 est,0.009026,nan
2026-09-30T21:35:25,surface-10:00,SPXW,2017-06-05,10:00-10:01 n=425 est,7e-05,nan
2026-09-30T21:35:26,chain+path,SPXW,2017-06-16,09:30-16:15 n=292 est,0.019379,nan
2026-09-30T21:35:26,surface-15:59,SPXW,2023-07-26,15:59-16:00 n=1069 est,0.000176,nan
2026-09-30T21:35:27,chain+path,SPXW,2017-06-09,09:30-16:15 n=232 est,0.015397,nan
2026-09-30T21:35:27,definition,XSP,2023-02-14,parent est,0.020416,nan
2026-09-30T21:35:28,definition,XSP,2022-01-25,parent est,0.017167,nan
2026-09-30T21:35:28,chain+path,XSP,2024-01-26,09:30-16:15 n=170 est,0.011282,nan
2026-09-30T21:35:29,surface-09:35,SPXW,2019-02-04,09:35-09:36 n=712 est,0.000117,nan
2026-09-30T21:35:29,surface-15:59,SPXW,2023-08-07,15:59-16:00 n=1124 est,0.000185,nan
2026-09-30T21:35:29,chain+path,XSP,2022-01-31,09:30-16:15 n=178 est,0.011813,nan
2026-09-30T21:35:30,definition,XSP,2025-03-11,parent est,0.026151,nan
2026-09-30T21:35:30,surface-10:00,SPXW,2017-06-08,10:00-10:01 n=480 est,7.9e-05,nan
2026-09-30T21:35:31,chain+path,XSP,2025-03-14,09:30-16:15 n=245 est,0.0127,nan
2026-09-30T21:35:31,definition,SPY,2025-03-10,parent est,0.019568,nan
2026-09-30T21:35:31,surface-09:35,SPXW,2025-03-04,09:35-09:36 n=1637 est,0.000269,nan
2026-09-30T21:35:32,surface-09:35,SPXW,2017-06-19,09:35-09:36 n=523 est,8.6e-05,nan
2026-09-30T21:35:32,definition,SPY,2024-02-02,parent est,0.015924,nan
2026-09-30T21:35:32,surface-09:35,SPXW,2023-08-10,09:35-09:36 n=1020 est,0.000168,nan
2026-09-30T21:35:33,surface-09:35,SPXW,2025-04-07,09:35-09:36 n=1966 est,0.000323,nan
2026-09-30T21:35:33,surface-15:59,SPXW,2017-04-25,15:59-16:00 n=437 est,7.2e-05,nan
2026-09-30T21:35:33,definition,SPY,2022-01-25,parent est,0.01692,nan
2026-09-30T21:35:33,chain-next,SPXW,2017-06-07,09:30-16:15 n=135 est,0.00896,nan
2026-09-30T21:35:34,chain+path,XSP,2023-02-01,09:30-16:15 n=176 est,0.011681,nan
2026-09-30T21:35:34,definition,SPY,2025-03-12,parent est,0.020582,nan
