tree
version=v4
num_class=1
num_tree_per_iteration=1
label_index=0
max_feature_idx=34
objective=lambdarank
feature_names=VIX_21d_pct_change VIX_5d_pct_change VIX_VIX9D_spread VVIX_5d_pct_change days_until_next_pce entry_bid_ask_spread entry_bid_ask_spread_pct entry_bid_ask_spread_pct_wd_rank gamma gamma_x_dte gamma_x_morning_spx_rv_annualized iv_at_strike_minus_atmf iv_at_strike_minus_atmf_wd_rank iv_at_strike_minus_atmf_x_VIX_VIX9D_spread iv_term_slope_5d_30d leverage morning_atmf_iv_pct_change morning_spx_directionality morning_spx_range_pct morning_spx_rv_annualized morning_vix_change prior_day_strategy_drawdown_max_5d rom_roll_skew_30d rom_roll_std_30d spx_10d_returns spx_1d_returns spx_252d_rv spx_5d_returns spx_realized_skew_21d theta theta_x_atmf_iv_5dte_percentile_252d vega vix_pcr_21d_avg vix_z_60d win_rate_30d
feature_infos=[-0.52839210998206809:4.8438162544169607] [-0.46669080376538741:1.6965317919075145] [-28.090000000000003:6.4700000000000024] [-0.32030341620065339:0.85349160517591693] [0:44] [0.049999999999999822:30] [0.0053050397877982946:1.9748427672955975] [1:8.5] [0.00033523060713275678:0.072209098383669706] [0:0.033556061189271305] [0.00050198565975699322:0.029708705204148592] [-0.040643324853528728:0.35516611695907097] [1:8.5] [-6.5795764598266988:0.58289359397191487] [-0.50666580450779986:0.067287322754047196] [12.51586456957032:1073.1554712918908] [-0.33382759238393778:0.8768424828297523] [-0.99475890985327808:0.99778270509972999] [0.00070837031052892977:0.047613469070574892] [0.17917490989228085:8.150433863579746] [-17.640000000000001:24.859999999999999] [0:30374.000000000073] [-5.4772255750516701:5.0258428426019996] [7.1417041269969607e-17:24.825182971967418] [-0.23386323847009061:0.19052471618843292] [-0.11984050283657066:0.093827657101993367] [0.067700138624190859:0.34896258123526319] [-0.1796662632195084:0.17397425583266291] [-3.020948396923655:1.8366420072588208] [-7697.42948726533:-96.192032199531141] [-7575.2480668325461:0] [10.153572579096968:166.46298008069991] [0.33857142857142858:1.6957142857142857] [-2.0836522372647459:6.9859947436689716] [0.46666666666666667:1]
tree_sizes=12395 12430 12457 12444 12476 12470 12493 12434 12513 12434 12519 12474 12440 12473 12443 12463 12495 12465 12481 12425 12529

Tree=0
num_leaves=115
num_cat=0
split_feature=31 12 11 29 5 12 17 23 0 0 31 20 33 26 0 23 11 30 29 29 17 24 0 0 22 12 29 30 33 3 3 33 15 3 28 3 4 6 31 31 15 24 4 5 17 17 24 3 1 12 25 26 18 21 28 30 4 1 30 20 33 0 0 11 4 1 33 28 0 1 33 24 3 29 31 12 6 21 31 20 33 15 17 26 4 6 31 15 31 3 25 31 15 25 33 0 17 17 24 25 21 33 20 31 2 28 28 25 23 4 4 28 1 20
split_gain=361.065 41.3353 29.7504 18.439 14.6943 14.0091 6.81514 6.83115 6.11371 5.22401 4.90921 5.08561 4.94956 7.55839 4.75274 4.31024 5.3895 4.67719 4.3021 4.20052 3.86745 3.79188 4.04456 3.69625 3.5719 3.542 3.51668 5.52576 3.53369 3.50627 3.52018 3.30018 3.29888 3.30578 4.28821 3.86727 3.68762 3.257 3.26551 3.16393 3.08591 3.99835 5.52714 3.07548 3.02036 2.90778 2.87909 3.61681 3.40406 2.86066 2.7938 5.07036 3.40792 4.04821 4.93065 2.71769 2.70987 2.50333 2.45239 2.83995 3.80762 3.35965 2.91239 2.56514 3.28542 2.44382 3.95531 3.55261 2.63025 4.44476 2.36181 2.39298 2.68481 2.90658 2.89931 2.66702 2.94638 2.30365 2.29393 3.49681 3.62907 4.01091 2.18348 2.11494 3.19497 2.08108 2.80832 3.10819 2.03214 2.02682 2.02432 3.05427 2.01481 2.00419 1.98862 3.00626 1.95251 4.02111 4.0903 3.59558 2.5134 4.79773 3.57712 1.91708 1.90395 1.88367 1.86896 1.83846 1.83027 1.82899 1.82732 1.81758 2.08834 1.78235
threshold=74.942459761985319 4.2500000000000009 0.00082198769546561201 -254.37982441752794 0.14999999999999999 4.2500000000000009 0.55757474507474147 1.7554062976484806e-16 -0.034509734936239982 0.58409687942034016 116.09800964918409 0.30999999999999966 -0.21397304138062087 0.11779930709427983 0.20443181358247933 11.221383608242066 0.040887441328075043 -781.46219283132359 -836.58672725111467 -429.00484510805211 0.87318888517204896 -0.0045791972881860646 0.10508391345057812 0.43453225291677028 -4.2208870798067695 6.7500000000000009 -454.67239831431328 -271.06989459938967 2.5933615027516823 -0.077281483154721928 -0.11576498250008398 -1.3105943198389463 57.06494544439758 -0.075493484484968718 0.29555398736715638 -0.10719586445132133 16.500000000000004 0.045064429562652636 93.898654183362979 34.456404773508034 360.04397211647682 0.0098118589781194272 8.5000000000000018 0.29999999999999943 -0.30615467648246047 0.69334943926456982 -0.016784681161255751 -0.061439796757695668 -0.083063434816321488 5.2500000000000009 -0.0034049398357926526 0.12255794339542878 0.0024220946740364743 3738.9999999999823 -0.097353589670273924 -69.449395227816851 10.500000000000002 -0.15540494841675298 -86.32784190199537 -0.4649999999999998 -1.0067161105060214 0.12743863168128491 0.51768785908952974 0.020492123736381377 10.500000000000002 0.047963463308395411 0.52174602209473753 -0.17605378420712398 -0.046291621911922647 -0.024951560070897712 1.8211988170364075 -0.021395612648293646 -0.029342691469279144 -604.91405647821432 41.944792067737076 7.5000000000000009 0.16216216216216223 559.99999999998238 27.037107221068677 0.33500000000000091 -1.1903775838834145 453.8660889023061 -0.10387103671086745 0.16667513424481348 9.5000000000000018 0.13783604065735727 40.858400621870729 158.31589870895661 52.121682881290447 -0.039009936000964023 -0.01264609227006269 29.434903495672163 164.18667741064874 -0.00066143050801303882 -0.36145509577606538 -0.050430651790592633 -0.25404839359745612 0.21064479969428276 0.026044093229845803 0.0025064699827971331 1274.9999999999893 -0.0086950612376902291 -1.0250000000000001 110.95452206094656 2.5100000000000011 -0.43387836778118272 -0.43387836778118272 -0.0087086363766978297 1.6312299034590843 7.5000000000000009 7.5000000000000009 -0.8419975205982263 0.020384066702677232 -0.16999999999999901
decision_type=8 2 10 10 10 2 2 10 2 2 8 2 2 2 2 10 10 10 10 8 2 2 2 2 10 2 10 10 2 2 2 2 10 2 2 2 2 8 10 10 10 2 2 10 2 2 2 2 2 2 2 2 2 10 2 10 2 2 8 2 2 2 2 8 2 2 2 2 2 2 2 2 2 8 10 2 10 10 10 2 2 10 2 2 2 10 10 10 10 2 2 8 10 2 2 2 2 2 2 2 8 2 2 10 2 2 2 2 10 2 2 2 2 2
left_child=1 19 9 4 20 18 7 -5 55 10 11 31 -12 93 21 16 58 -18 32 23 25 22 -15 24 113 39 28 -28 85 30 -29 -2 -4 34 35 94 43 38 -33 -3 41 -31 -43 -37 105 46 -26 48 56 -7 51 110 -53 89 107 -9 -48 -58 59 70 -61 90 63 64 -63 68 67 -67 106 -70 71 -6 73 75 -74 76 -73 -25 -42 80 -80 -82 -76 84 -40 86 -27 -88 -41 -54 -62 -92 109 -14 -34 -96 -52 98 99 -98 -99 102 -102 -100 -60 -20 -49 -55 -36 -65 -35 -19 -113 -1
right_child=2 3 5 6 15 49 -8 8 -10 -11 12 -13 13 14 -16 -17 17 111 44 -21 -22 -23 -24 77 45 26 27 29 -30 40 -32 37 33 50 108 36 -38 -39 83 88 78 42 -44 -45 -46 -47 47 65 -50 -51 96 52 53 54 -56 -57 57 -59 104 60 61 62 -64 92 -66 66 -68 -69 69 -71 -72 72 74 -75 82 -77 -78 -79 79 -81 81 -83 -84 -85 -86 -87 87 -89 -90 -91 91 -93 -94 -95 95 -97 97 100 103 -101 101 -103 -104 -105 -106 -107 -108 -109 -110 -111 -112 112 -114 -115
leaf_value=-0.0045434040842871866 -0.071539430328556933 -0.042593532930302769 0.04112183562148157 0.065546242758628567 0.082112654788396952 -0.0076557046117753883 -0.051082784880722494 0.071539744687620366 -0.036704186757579353 -0.014164651806072633 -0.08890011386331359 -0.082085096114613718 -0.042380421644651084 -0.067012632614752418 -0.10003914474918858 -0.013821947487230944 0.012259487498006257 0.1023155702828195 0.0067902104091225116 0.071596602907873494 0.0057200825528130207 -0.075731750138875495 0.00060926730053719044 -0.019546375554009492 -0.07518732667626235 0.082688431273427482 2.4968692762855259e-05 0.063145233549259439 0.014763079573362394 0.080369577721617597 -0.001089751186417948 0.025020070507223428 -0.093033040998093341 -0.0087897883885899152 -0.0092127926666588488 -0.023330524222226617 -0.063148501555134795 0.032081211714610827 -0.081907292445497312 0.067809784339116511 0.098330441000013646 0.066629690283799739 -4.0083808994675641e-05 0.096258629545037153 0.0034933033010750968 0.027382468042762856 -0.083530784211831841 -0.018556273358191235 0.059313685287077936 0.032732586797881276 -0.080838847281984316 0.040482550608703774 -0.016396627444851555 -0.069447432621680308 0.045579866949133269 0.0024930059078527148 0.078772863015896505 -0.040821037261405319 0.081181713107797315 0.058150533769976982 0.035343228627064356 0.060429307936373293 -0.024156705351880581 -0.013347649653105134 -0.0386574283854128 -0.050809289503468941 -0.073721922595538059 0.068593247547833483 0.048891436496817368 -0.064802680487285727 -0.0211444523688681 0.043274360283603638 0.10522038478963787 -0.01605834127625147 -0.013692223965411308 0.10391857213436215 -0.050099902895452034 0.058169748138833327 0.081295762852540809 0.099059979202332463 0.05836853244774478 -0.02353691266247911 0.065654471018296356 -0.086131004376986744 0.054700569773099117 0.038266518291209459 0.0015838706280328584 0.066146614116796232 0.030612202896187032 -0.081268922512571229 -0.071467447101410966 -0.0074401249212139222 0.095058068062790532 0.020095345588424601 0.05561758972567523 -0.061523421218028639 0.0098423531633225099 -0.087274230391534938 -0.0049127979663242047 -0.081766308805394983 -0.05631112045289683 -0.083758027057008702 0.065577931016415611 0.098627505169443616 0.023062986244680447 -0.07779353386600521 -0.08275041990798751 0.002839965427074966 0.091619641995524942 0.072639862271240405 0.089028861074698082 0.082313925365589624 0.034732792558655322 0.063233838699622499
leaf_weight=3.2672374336980283 3.6874050742480895 1.2675680741667772 1.1816624958300952 5.5361883603036466 3.430202982388443 13.178278828505428 5.6313725039362899 2.9178424701094663 7.6381574533879704 4.6297062374651423 51.032112581655383 8.2543016010895354 2.6009793654084206 5.1005871258676034 12.547534828074275 5.7913680374622336 4.8792641637846854 4.2893897965550432 1.0414184145629408 1.5281635094434012 3.9609612859785548 16.291358650662009 4.9663523454219103 1.7697882140055288 4.3971112854778793 45.731767073273659 5.1693955101072779 4.4596901796758175 3.160937786102294 7.3585223034024265 5.3128061164170486 1.9089500843547291 3.0626712362281969 1.0932877305895119 0.90028108377009575 1.0553478961810467 1.3763790130615232 3.1570352520793685 0.92581224441528298 6.4970041909255114 8.8686918728053588 6.7426950074732286 7.4593021329492331 1.3867499353364108 9.3039825921878201 2.2301788232289246 1.3116033757105472 1.6535035641863993 2.2706400519236949 8.0355021418072266 11.737300838343794 1.1724989851936722 1.6324062738567651 3.6659129424951971 2.1877369438298038 3.6436018794775009 0.89392893807962526 1.0401891237124798 3.7875906233675769 4.2626422406174269 2.0852028159424671 1.6773818084038787 2.642348311841487 1.3934185821562999 2.119824084918946 1.0454649250023069 1.6347527955658732 2.0479769362136713 1.6693943915888669 2.2765529439784613 1.8549823192879547 4.1308920606970787 2.5096575878560499 4.4597458862699622 1.7149567636661234 1.4054379928857086 1.2201201533898709 2.7276512756943703 5.2365013528615236 5.6913619600236407 3.8115186635404843 3.0392430145293474 2.265736049041152 2.839264050591737 0.9537155544385314 4.7986271120607844 2.4253774788230684 17.896102704107761 12.19099304685369 9.8158509768545574 2.6666800193488589 10.075792029500008 2.7023607809096575 3.2650947440415612 0.79847735539078657 2.4770422806032011 2.012508857296786 8.9036701293662155 1.070452452637255 3.049281308427453 1.2101166285574438 3.4510534764267513 1.4929343119729308 0.92879567015916098 2.867859860882163 2.5949376157950601 6.5559940645471215 1.3715190545190123 1.1349200611002741 1.3705100733786819 1.0339189758524296 5.7912214770913089 5.011887451633811 1.6333392863161815
leaf_count=96 117 21 56 44 93 509 54 33 58 72 751 192 44 70 210 63 98 40 50 39 49 241 57 47 131 399 47 36 41 63 46 79 80 33 35 45 43 123 35 219 66 59 73 46 348 97 37 50 71 264 380 38 44 116 71 47 52 34 100 133 57 69 66 30 63 44 58 66 55 59 40 148 55 56 68 10 29 101 38 44 41 39 78 80 52 36 38 395 456 309 26 288 39 41 35 138 79 252 46 90 31 113 75 33 75 84 193 44 53 48 54 57 53 82
internal_value=-0.000614845 0.0365596 -0.052176 0.0439956 0.0484444 -0.0310453 0.000579609 0.0153997 -0.00427032 -0.0700374 -0.0722317 -0.049104 -0.077453 -0.0643357 -0.0728579 0.0306323 0.0338326 0.0579162 -0.0410439 -0.0142134 0.0579887 -0.0597838 -0.033768 -0.0176992 -0.0237403 0.0593038 0.0623748 0.0530141 0.0703275 0.0577331 0.0283472 -0.0287069 -0.0463338 -0.0478779 -0.0225382 -0.0367404 0.00572454 -0.0123303 -0.0335685 0.0381078 0.0636595 0.0484335 0.0317009 0.0449788 -0.0126897 -0.0308651 -0.0357505 -0.0278849 0.0096284 0.00766934 -0.0533895 -0.0384033 -0.0468164 -0.0523783 -0.0208623 0.0334607 -0.0253873 0.0148604 0.0258666 0.0220568 0.0114673 0.00394427 0.0250552 0.0391488 0.00525201 -0.0401428 -0.00741782 0.0280683 -0.0527967 -0.0166635 0.0362835 0.0413593 0.0332924 0.0173371 0.0605748 0.0393642 0.0217495 0.0276561 0.0758844 0.0644875 0.0479293 0.0220875 0.0316405 -0.0573072 -0.0128248 0.0727951 0.0752773 0.0584651 0.0436664 -0.0721177 -0.0130198 -0.0210284 0.0624666 -0.00768293 -0.0622204 -0.0326082 -0.063056 -0.0534868 -0.0200255 -0.0455248 -0.0690763 -0.0423394 0.0109394 0.0441055 0.0564402 -0.0537227 -0.0699865 -0.0498723 0.0476287 0.0296674 0.0394522 0.072598 0.0604578 0.0183457
internal_weight=538.323 312.806 225.517 272.853 247.486 103.357 25.3672 19.7358 14.1996 122.16 117.531 21.7265 95.804 44.7719 38.9058 86.4065 80.6151 19.9718 82.1431 39.9535 161.079 26.3583 10.0669 38.4253 33.9279 157.118 137.163 63.1497 74.0128 57.9803 9.7725 13.4722 69.2028 68.0211 12.1919 10.1567 3.81848 9.78478 6.62774 19.9556 48.2078 21.5605 14.202 2.4421 12.9403 29.0273 26.7971 22.4 5.51636 21.2138 55.8292 21.9731 19.8459 18.6734 7.22517 6.56144 3.24572 1.93412 60.6433 53.9879 30.9962 26.7335 11.9058 9.2635 3.79721 16.8836 4.72819 3.09344 12.1554 3.94595 22.9917 21.1367 17.7065 11.2162 6.49035 6.75645 5.35101 4.49744 26.6473 17.7786 12.0873 6.85076 3.98069 4.71879 1.87953 70.8519 66.0532 20.3215 18.688 11.4483 14.8277 12.7425 5.46629 5.86607 6.33819 3.27552 33.8561 22.1188 7.06104 5.06179 15.0578 6.1541 2.70305 1.99925 6.65545 3.63636 8.2095 5.03743 2.0352 2.76393 2.12721 15.0925 10.8031 4.90058
internal_count=11394 5636 5758 4324 4088 3594 236 182 138 2164 2092 678 1414 663 578 1882 1819 248 2821 1312 2206 368 127 1273 1125 2157 1461 552 909 505 82 486 2339 2283 475 387 134 369 246 696 423 195 132 91 482 947 850 719 194 773 1808 709 622 584 231 80 123 86 1571 1396 819 686 315 249 132 525 168 110 357 114 577 537 444 243 201 187 177 148 228 162 118 80 146 167 87 868 832 433 675 353 371 314 117 85 253 173 1099 719 248 169 471 219 106 79 175 134 243 160 88 78 87 150 110 178
is_linear=0
shrinkage=0.0534619


Tree=1
num_leaves=115
num_cat=0
split_feature=11 31 31 33 29 26 17 12 10 31 26 3 11 11 4 19 18 26 30 8 4 17 23 16 16 31 17 29 30 28 17 23 18 4 16 19 28 13 20 20 16 10 13 28 30 17 10 11 16 3 29 13 19 1 16 7 7 13 20 21 2 18 19 29 28 29 27 22 29 2 16 18 2 33 5 27 4 13 18 18 8 18 7 2 16 27 27 5 8 20 26 5 1 23 20 7 18 3 2 21 5 10 8 33 21 21 4 28 2 30 30 23 4 10
split_gain=685.872 112.458 111.075 32.5828 30.1614 29.876 25.0683 23.9299 22.1782 22.2154 21.6915 21.6527 19.4615 17.6465 17.2555 17.7228 17.1884 20.7081 16.3806 14.6792 14.2159 14.1471 14.0946 13.6444 13.6013 14.2399 12.3672 12.0115 14.382 12.657 11.9764 11.718 11.6864 14.4355 11.103 18.3133 15.0192 13.7544 13.9543 13.0472 11.0021 10.6376 10.6905 10.1856 11.25 17.1469 14.0278 9.86101 14.2381 14.2838 17.8357 13.097 12.4701 9.82938 9.60757 9.59748 9.31712 11.1963 9.25871 9.19097 13.6851 12.7357 9.26323 9.62891 9.12653 10.3535 8.90723 8.80641 10.82 11.5922 10.0082 8.66526 10.3274 12.824 12.7783 15.7675 15.6298 15.0835 14.5084 11.0864 14.4455 15.0558 10.2933 9.82319 9.62522 9.49382 19.882 8.93022 8.42658 12.1757 8.38838 8.26252 8.2109 8.10078 9.24612 13.9217 9.13455 8.02458 8.01254 10.4566 7.95814 7.73599 7.66549 8.57826 11.3588 7.59695 7.42634 7.17884 9.74084 6.86095 15.7266 6.79851 12.9594 6.59344
threshold=0.0015551767759979798 52.121682881290447 120.36013071798912 -0.20379791385415977 -209.86520500711239 0.12510885120040097 0.87318888517204896 4.2500000000000009 0.0069173234075996471 19.751897719444546 0.12446230577612248 -0.16866364587354207 0.026619170347515018 0.0036980978235526961 6.5000000000000009 1.2794599487473628 0.005316126681112106 0.14799207945739254 -165.96541625498728 0.031434172586183591 13.500000000000002 0.61935609252336776 0.094652728161464181 -0.063332677410252988 -0.0097797828411385051 62.951926171279005 0.28471555736837401 -918.66553446297746 -1354.8562154864701 -0.80328741778447599 -0.40500151438865889 1.4663332893736121 0.0028692709749642471 16.500000000000004 -0.11707647256156216 0.35177904377202579 -0.42044373191576756 0.0090874680718558108 -0.26500000000000051 -1.7949999999999997 -0.10736616125828861 0.010933640427108348 0.011560612739800413 -0.96884894835723545 -254.14179554691017 -0.1115256859643166 0.0032313216226587311 0.027743112056292461 -0.0021257560935665771 -0.083442700796608246 -444.0846493375256 0.021494285169486985 0.8013138444427732 -0.0099966076190861047 -0.040385101057367749 3.2500000000000004 5.2500000000000009 0.010248979981837608 -0.29000000000000176 3065.5000000000159 0.92499999999999993 0.0024549970137330806 0.44339211865528688 -702.86022531639549 -1.2545857695747809 -403.04753852701919 -0.0021472844634396466 -5.365305436607489 -576.73412590017517 1.0749999999999995 0.028744348536403622 0.0071275391958501811 1.8350000000000002 0.17654148110382481 0.34999999999999981 0.022848895250279447 19.500000000000004 0.057451109377364626 0.001881102718292306 0.0034794435180006632 0.0098659208544514595 0.0064240357148714214 4.7500000000000009 -4.544999999999999 -0.055659193084577833 -0.025765297353516733 -0.010726384943006593 0.39999999999999974 0.014506797730115813 0.020000000000000465 0.11723539683783388 0.12500000000000069 -0.0016297824655322477 2.6310619954654766 0.18499999999999964 2.2500000000000004 0.0036629908816679323 -0.05608277593479493 0.82500000000000118 1648.2500000000302 0.29999999999999943 0.0063719786587165391 0.005234168186199175 -0.67240252502225206 1040.500000000013 1546.7499999999793 5.5000000000000009 -0.12675567325516504 0.92499999999999993 -382.97190944824291 -544.37383552251538 3.9348112773137847 18.500000000000004 0.0097789605331649616
decision_type=10 10 8 2 10 2 2 2 10 10 2 2 8 10 2 2 2 2 10 10 2 2 10 10 10 10 2 10 10 2 2 10 2 2 10 2 2 10 2 2 10 10 10 2 10 2 10 10 10 2 10 10 2 2 8 2 2 10 2 10 2 2 2 8 2 8 2 10 10 2 8 2 2 2 10 2 2 10 2 2 10 2 2 2 10 2 2 10 10 2 2 10 2 8 2 2 2 2 2 8 10 10 10 2 10 10 2 2 2 10 10 10 2 10
left_child=2 4 7 -4 6 10 8 11 9 16 21 -1 -6 18 15 107 17 -2 24 41 22 90 -11 32 25 -3 88 28 -10 -29 -9 58 -22 -34 36 -36 -15 -38 -39 56 -27 42 59 -25 45 -45 -47 48 49 -24 52 -52 91 -21 -54 -28 57 -37 -31 61 -61 62 63 -13 -41 71 105 -49 70 -70 -69 72 73 82 75 76 77 78 -74 92 81 84 -66 -73 -81 -86 -87 -88 -20 -90 -5 -51 -75 94 96 -96 100 -85 99 -43 -42 -76 -84 -104 -105 -30 -94 108 -7 110 -26 112 -46 -99
right_child=1 13 3 5 12 14 -8 30 27 20 -12 19 -14 34 -16 -17 -18 -19 26 53 23 -23 47 43 109 40 55 29 66 31 -32 -33 33 -35 35 39 37 38 -40 64 93 98 -44 44 111 46 -48 67 -50 50 51 -53 54 -55 -56 -57 -58 -59 -60 60 -62 -63 -64 -65 65 -67 -68 68 69 -71 -72 83 74 79 101 -77 -78 -79 -80 80 -82 -83 102 97 85 86 87 -89 89 -91 -92 -93 106 -95 95 -97 -98 113 -100 -101 -102 -103 103 104 -106 -107 -108 -109 -110 -111 -112 -113 -114 -115
leaf_value=0.083173647381020469 0.042618663662318659 0.095360793978676514 -0.081051848821113034 -0.027002635404880359 -0.067742926704304471 0.030723864461111829 -0.021704317980156717 -0.0057327277903998454 0.057769289558820103 0.075703397339940928 0.045974776696753768 -0.060759947900320681 0.032985344989159629 0.029257398298223575 -0.07827686350173263 -0.096712077033679372 0.060264535583570485 -0.046206494972078634 0.075437311386191197 0.049876617910862085 -0.029572343908760242 0.018804990454106576 -0.030753012550938652 0.091344260531114524 -0.044179838685931755 -0.078500860391164398 -0.056424257532144112 -0.029142963305979368 -0.04806573878313157 -0.058986030183969182 0.063434917888192041 0.060962416570693373 -0.01466991406460688 0.071489626996620467 0.060124416964289586 0.049655026853441843 -0.086645060285016284 0.070109738719893275 -0.04002212804644073 -0.019989627369874374 0.051765168457642542 -0.055961788614046701 0.059304795914598162 0.062827554853041978 0.064743337862969444 -0.034488920898211491 0.035027025931753143 0.081577881339290892 0.064047130383128578 0.095228979044935505 0.037280846955489062 -0.037308679846208247 0.059279851139944162 -0.027978327880682868 -0.0085468754748144263 0.027838194095278504 0.076605725741111422 -0.019575309685127978 0.04135768505791837 -0.032514118567812944 0.067069100220038175 -0.04977497508672566 0.069138718196404741 0.03488390249697234 0.05101457900337223 0.072922022759725841 -0.078820390807527507 0.089444029386792093 -0.016288160426164065 0.054872241341351907 0.019304687009923598 0.046614796117527835 0.056066379351508135 0.075402904598438958 0.0049144717322428056 -0.054114422644038707 0.10008582939717564 0.040889993428717041 -0.026728793016884658 -0.059071697102868768 -0.045602434305868952 0.092698811665940406 0.068977885308378353 0.04124530872425558 0.060436260803475327 -0.052632933869640561 0.041444129664517576 -0.025062501031842967 0.04870090559587268 -0.05708153146719374 -0.07422470312192031 0.033802122879966402 -0.031963987874930162 0.050031944702260203 0.057565925957520823 -0.042420803426893063 -0.063979316248185369 -0.012457817924914584 -0.068005225366428612 0.024800222671381992 -0.040953967226969104 0.077063174679713228 0.032495349683535249 -0.035629289033567803 0.052046217641451016 0.044708495425338356 0.042164434431043382 -0.053638202784885354 -0.039520180837836663 -0.06704856210591896 0.034651765026181322 0.083872508121670186 -0.014432559422452015 -0.060116489273983199
leaf_weight=5.3502126261591902 12.422015190124513 4.0865839160978785 178.870574824512 24.082322210073471 12.108021184802054 12.499836940318344 17.511436464264989 13.464352281764151 5.8188039790838983 83.470401311293244 11.603188589215277 6.918875340372324 9.9567568264901656 14.348033878952263 86.39312356710434 10.783156398683785 14.04490058030933 18.80984895862639 12.114281954243781 11.23725240211934 14.156807872466741 11.327878575772045 10.305267201736568 12.561416052281855 30.536787172779437 5.5769116915762416 8.304133912548421 8.2669126167893392 5.3078524991869962 4.8364907242357731 15.207522797398267 29.030719140544534 10.147446358576419 12.213652282953261 23.997585970908403 17.280796006321911 10.308784365653993 4.6489013973623505 10.972279903478919 28.041973966173828 5.1426599137485045 11.548896715044977 4.5250066593289366 19.537427339702845 21.144191002473239 16.822968028485775 16.293614067137241 42.29382748156786 49.619597841054201 20.865910556167368 13.569292448461058 13.268268255516885 11.712896063923834 7.8338175788521758 12.106410615146162 7.1594667937606564 13.819606259465216 10.834235835820435 5.6617147484794241 8.9666025284677726 6.9789429572410873 43.42548915091902 4.6211045030504456 5.2640197016298789 52.097829956561327 7.6658056601881972 8.4083651695400441 22.31210183724761 11.426681578159334 15.217999268323181 7.9005140503868487 8.4222536571323854 6.8730987086892119 10.224914986640217 8.0121884793043154 16.680509846657515 4.4394692415371528 17.173338603228331 48.456785222515464 6.5756361447274676 17.002097919583321 5.6592378737404934 7.0914424024522296 6.4060871535912147 8.6432302892208082 14.232002263888711 22.041665483266122 7.7797648310661307 9.6294171940535289 4.5460857655853024 19.51000152900815 9.0299200043082219 6.1444746069610146 7.8676246441900721 10.673914638347926 6.2962572462856761 11.832403324544428 41.486398816108704 31.542962276376784 7.5464391428977242 5.3663395531475544 9.0240966975688917 22.735974153969437 17.042897466570142 5.5720976479351512 4.7363515794277191 10.257192596793173 10.877686770632865 10.219037028029559 15.944930242374538 9.4402279611676949 18.97085265815258 8.1735479366034252 10.346056101843713
leaf_count=30 54 53 796 72 70 48 56 91 62 306 27 77 41 93 366 41 57 77 98 67 51 33 57 59 236 65 82 47 39 27 113 215 39 62 176 179 65 55 67 169 48 67 23 100 108 54 75 138 208 85 63 47 57 58 50 53 97 103 52 76 51 393 57 29 457 70 44 111 46 41 40 60 59 77 62 124 34 131 422 63 140 53 55 101 70 88 140 47 85 59 81 37 50 76 86 66 106 304 225 69 37 72 196 127 51 44 109 37 35 108 64 82 50 93
internal_value=0.00166508 0.0227478 -0.0478581 -0.06452 0.0390593 -0.0495182 0.0412879 -0.0138673 0.0431576 0.0470209 -0.0203304 -0.0221304 -0.0223058 0.00778397 -0.0643543 -0.0372033 0.0112304 -0.0108644 -0.00811943 -0.0258978 0.0504445 -0.0343641 0.0567635 0.0368233 -0.0187107 -0.000288778 0.0204725 0.0153554 -0.0152529 0.0309012 0.0309861 0.0434782 0.00838306 0.032428 0.0124006 0.0146099 -0.0145736 -0.0388394 -0.00714462 0.0122712 -0.00776604 -0.0322616 -0.0201907 0.0459663 0.0402847 0.0231623 -0.000281795 0.0501542 0.041017 0.0284161 0.0359986 0.000399126 0.0537694 0.0178979 0.0248438 -0.0174321 0.0407124 0.0229824 -0.00490627 -0.0249428 0.011121 -0.0344937 0.00501339 -0.0194445 0.00946856 0.0115457 -0.0383605 0.063077 0.0492658 0.0243712 0.071156 0.0103331 0.013947 0.0208266 0.000694816 -0.00705852 0.00316368 -0.00282047 -0.0164091 0.00795078 -0.00179175 0.00969873 0.0341884 -0.00721509 0.00171552 0.00934159 -0.000725393 0.0240796 0.0427653 0.0147034 -0.048188 0.0767484 0.0378928 0.000651261 -0.00926862 0.0204493 -0.0318437 -0.0150282 -0.0514652 -0.024053 0.00443093 0.0432286 0.0174445 0.00933067 -0.0139685 -0.00430185 0.0143764 -0.0180086 -0.000880431 -0.0374204 -0.0255455 0.0589183 0.0426758 -0.0220116
internal_weight=1877.5 1316.9 560.598 376.167 630.041 197.296 607.976 184.431 590.465 518.398 66.5234 155.76 22.0648 686.857 130.773 44.3797 45.2768 31.2319 154.518 150.409 473.121 54.9202 323.099 150.022 112.765 56.8427 41.7534 72.0672 24.2714 47.7958 28.6719 39.5289 36.5179 22.3611 532.339 492.061 40.278 25.93 15.6212 468.063 52.7561 131.338 80.7 113.504 100.943 52.654 33.1166 239.629 140.478 90.858 80.5527 26.8376 53.7151 19.0711 23.8193 15.4636 41.9346 28.115 10.4982 76.175 15.9455 60.2295 16.804 12.1829 426.129 398.087 18.4526 99.1511 56.8573 26.6447 30.2126 390.421 323.76 213.1 110.659 93.6232 76.9427 72.5032 55.3299 108.56 81.9336 64.9315 104.54 66.6608 59.2723 52.6967 44.0534 29.8214 26.2898 14.1755 43.5923 29.8958 26.6266 47.1792 39.3116 16.9702 22.3414 58.2385 50.6383 19.0953 10.509 17.0363 52.4424 45.351 22.615 10.0442 16.4017 33.5966 22.7189 55.9219 39.977 48.2886 29.3177 51.8325
internal_count=11394 8432 2962 1536 2851 740 2740 1426 2684 2154 213 1222 111 5581 527 161 188 131 1322 1192 1966 186 1286 680 945 537 377 530 189 341 204 294 152 101 4259 3979 280 187 122 3803 484 1067 706 528 469 229 129 980 604 396 339 110 229 125 107 135 379 282 79 683 127 556 163 106 3424 3255 127 376 238 87 151 3185 2627 1723 904 770 646 612 481 837 601 461 886 558 408 345 275 187 242 144 153 122 236 419 343 152 191 498 361 136 85 134 429 374 178 83 159 120 83 408 300 240 158 397
is_linear=0
shrinkage=0.0534619


Tree=2
num_leaves=115
num_cat=0
split_feature=31 12 6 0 10 4 31 16 18 26 30 4 8 29 25 10 3 10 10 0 8 28 30 1 7 32 2 11 26 3 17 7 9 17 25 17 11 18 29 26 8 18 9 2 8 25 17 24 17 8 0 29 17 33 2 26 28 32 31 32 11 25 17 10 28 17 8 18 28 25 15 4 8 30 30 6 16 8 7 31 1 14 33 30 33 28 15 18 30 26 33 18 29 3 26 6 4 33 8 18 8 30 18 4 0 25 29 31 6 28 2 1 8 17
split_gain=409.699 78.1557 70.7233 22.8313 19.9101 18.6561 17.3705 22.2301 16.9885 16.571 16.1827 14.45 14.4191 13.4353 13.7107 15.0277 12.9344 12.8806 11.7363 11.4131 14.3945 10.9585 19.7418 13.4923 13.0665 11.2129 11.9511 10.1558 13.3697 10.8557 10.5031 10.0616 10.0005 12.4036 12.3832 9.67369 9.52311 9.29825 9.80217 9.13183 9.12773 17.6497 21.9312 11.3732 11.3134 8.9498 8.99893 8.88562 8.85143 8.66949 8.33762 12.6413 8.21021 12.662 11.7608 7.89344 15.4407 7.85505 7.77831 8.82663 9.86006 7.71646 7.67691 9.47828 9.64673 7.24637 7.23904 8.26917 7.20216 7.19455 6.92414 6.86053 6.85981 6.82908 8.21664 11.9187 6.82598 6.74627 6.7396 6.64879 8.27387 6.61224 20.2202 10.4185 9.87622 8.83817 11.3988 8.66772 16.9141 7.42854 7.34481 7.50809 6.75632 6.5361 6.48606 7.8588 7.84704 6.4566 6.43363 6.41044 10.2818 7.78883 7.37386 7.32149 9.75592 11.1766 8.5749 7.39472 6.64043 6.3182 6.30662 7.44749 6.27198 6.22091
threshold=92.760235838972093 5.7500000000000009 0.12926433047110705 0.10508391345057812 0.0023652274507270626 5.5000000000000009 61.791896807323646 -0.014897752436425602 0.0044305841406304895 0.12510885120040097 -2647.782957765171 13.500000000000002 0.02950361061699051 -386.08022128277344 -0.0034049398357926526 0.0015324115146453311 -0.052433825476312194 0.001305941970231594 0.01418495074881468 1.0312633969990725 0.0021624788695368074 0.11104162212521324 -962.52656577263724 0.1109138094678407 3.2500000000000004 0.44071428571428578 1.2049999999999994 0.0031078679835647165 0.11779930709427983 0.19792536237793115 0.38641919983079093 7.2500000000000009 0.0071293452360591458 0.23954695468362028 0.0083393773782221032 0.44498084291187567 -0.001045260401593674 0.0023929149000060245 -692.03769750559411 0.13327997215457807 0.0050156612844780707 0.0051511768394693911 0.0026952814102639204 3.2000000000000006 0.015601409350906344 0.018514906009363011 -0.77462626456700068 -0.03868110102413979 -0.091542177629120272 0.014051093893089639 -0.18226283106732663 -516.20067490824738 0.54050199033888668 1.5578992822394515 0.88 0.13263219530666315 -0.054275589719321338 0.59095238095238101 28.269298332416799 0.92333333333333345 0.025694262896183599 -0.0074972941082265812 -0.11823944079140107 0.016706417536683889 -0.35915777518592157 -0.64126265288194928 0.010342545211910463 0.0057668144811855648 -0.42694421942712307 -0.0062840052572483143 161.88460751498349 19.500000000000004 0.0095403921556350101 -241.15697958426534 -890.45821339859958 0.15450928381962872 0.026885516200284679 0.0051888053923760556 4.7500000000000009 65.821517424968206 -0.027699485812226195 0.027214165953749581 -0.8522531083421675 -50.741560355793546 -1.1903775838834145 -0.58365554471280612 453.8660889023061 0.0023146015278151192 -421.00753693012376 0.12589742897436088 -0.55399956929062133 0.0030712478650807909 -516.20067490824738 -0.081535658502806072 0.12936712455193441 0.097560975609756143 14.500000000000002 -0.34188804067295758 0.013766326053961412 0.0021691984835346123 0.022109213934855234 -107.31027286562184 0.0030542989055042189 8.5000000000000018 0.061970003446258144 -0.00059765102920106272 -757.39443346025985 80.817648735661038 0.034582419772772634 0.53965383390247712 1.0949999999999991 -0.045154264762528144 0.0039862991029811614 0.10849240134620337
decision_type=8 2 8 2 10 2 10 8 2 2 10 2 8 10 2 10 2 10 10 2 10 2 10 2 2 2 2 10 2 2 2 2 10 2 2 2 10 2 8 2 10 2 10 2 10 2 2 2 2 10 2 10 2 2 2 2 2 2 10 2 10 2 2 10 2 2 10 2 2 2 10 2 10 8 10 10 10 10 2 8 2 10 2 10 2 2 10 2 8 2 2 2 10 2 2 8 2 2 10 2 8 8 2 2 2 2 10 10 10 2 2 2 10 2
left_child=1 6 10 -4 13 8 7 -1 -5 -7 -2 18 21 14 15 -3 -15 -18 50 20 -6 25 -23 24 48 26 98 30 -29 71 76 36 52 34 68 -19 -9 -38 66 -26 41 43 47 58 45 46 -42 -43 -24 -28 70 99 55 54 -54 56 69 -56 113 60 -60 -17 -20 64 -64 -11 -39 78 -34 -27 -8 94 -35 74 -49 112 79 -48 -68 -13 -81 83 84 85 -83 87 89 -79 -89 -87 110 92 -92 -71 -30 96 -96 -98 -12 -52 101 103 -103 104 106 -106 107 -101 -109 -16 111 -91 -76 -22
right_child=2 4 3 5 19 9 11 31 -10 65 12 27 -14 16 109 61 17 35 62 -21 40 22 23 -25 39 32 49 28 29 -31 -32 -33 33 72 -36 -37 37 38 -40 -41 44 42 -44 -45 -46 -47 77 73 -50 -51 51 -53 53 -55 57 -57 -58 -59 59 -61 -62 -63 63 -65 -66 -67 67 -69 -70 93 -72 -73 -74 -75 75 -77 -78 81 -80 80 -82 82 -84 -85 -86 86 -88 88 -90 90 91 -93 -94 -95 95 -97 97 -99 -100 100 -102 102 -104 -105 105 -107 -108 108 -110 -111 -112 -113 -114 -115
leaf_value=0.038471190066949039 0.05624388346223811 -0.028498473810505562 -0.071339894124475348 0.040068069269497901 0.066333442176149615 -0.013725187438111228 0.0079654034317173349 -0.07088446291608147 -0.042336140576661845 -0.017276231156958904 -0.00029046501847759435 0.081057846246766263 0.082214985862928983 -0.014886844518657402 0.067951655803606403 0.061801072641227028 -0.012141462535373539 0.066006198679932501 -0.084489965414459411 -0.033913805980109096 -0.018356451568154204 0.052486393294937476 -0.084563628164195992 0.077590176523123458 -0.03129120845165264 0.0098642072076652616 -0.0042413389243747823 -0.061422644558267042 0.095060931981941765 -0.059830929455811567 -0.069911554426419137 -0.071140880629592021 0.070065667456082989 -0.0056359901854175828 -0.061750892450932293 0.010020853651476817 -0.046125604977563003 0.032502866936012724 0.090239518523408571 0.057930965182663871 -0.020560967384213945 0.075535997512094277 -0.033859691149013604 0.057255252399696109 -0.028232397009494797 -0.035470498804270119 0.073550078050319961 0.055585994768500728 -0.020892623891251485 0.088393112233540821 -0.049480867910710165 0.048003632988697961 -0.084208672775330423 0.072020230920471759 0.056953975152983533 -0.064455601367383722 0.059033165327813331 -0.035079708424285302 -0.013869511738881016 -0.058851778290509422 0.051805427485050758 0.0063426280453799371 0.060069797755672172 -0.078938534092706139 -0.047771188383240938 -0.081822949483052576 -0.033056729013069719 -0.086373102781472699 0.00053174183716704073 -0.001908360830970501 -0.051976545521553424 0.072603674267819177 -0.076445171227098291 0.077910158156736839 -0.027630167890705111 0.061092504970691699 -0.042779161779311209 0.063732680908892947 0.06375164067095003 0.053602180513529454 -0.043008259604070322 0.015906294696994217 0.059258409796295548 0.065692195486659888 -0.058582916436242957 0.066365468808170666 -0.011535438782532704 0.032083490927231374 -0.045538139683080292 -0.024755239473256668 0.017997564617597953 0.033601039573916802 -0.067437951625236955 -0.068638632104032454 0.067841215873379462 0.074987698106350087 -0.039809299155379223 0.019604523236213946 -0.085104509607406967 0.057555587625062972 0.07599978525661541 -0.023772455713402932 0.08488263125238274 -0.038469369379011291 0.0018273438986745583 -0.066187957435972153 -0.052854281248885922 0.050424551241608884 -0.03675818365473555 0.020080535296520829 0.070820537201686351 0.060015499319187274 0.029011571637869042 -0.077720223248992484
leaf_weight=61.844576982781291 7.8420331571251145 10.265285495668648 166.05621383246034 13.912889711558821 22.730801891535521 19.663953812792897 7.3595614507794407 4.8041140362620345 14.628514800220726 5.7803042139857999 6.1311595905572194 4.1154045630246445 3.7183104343712321 17.737234551459551 91.956459607928991 23.894951708614823 11.803648453205822 32.158264242112637 10.840883749537172 9.5861637741327268 11.894793884828688 13.839402314275501 12.609371948987244 3.5765548069030038 6.5900280373170954 5.6716474294662467 5.6419933661818487 4.8194511942565432 3.4589761793613425 3.4326443746685973 7.5508674206212154 6.4883566237986079 8.6580981016159093 6.6958946660161045 4.6914379447698584 12.179584777913986 7.2479592375457278 15.552177950739862 4.8775174198672167 6.4490402862429619 8.7276558857411128 15.2942309807986 13.902099523693321 6.4062025677412739 9.5325616430491191 5.6143246777355662 12.07043696194887 15.040752563625565 12.398039467632772 5.8627761583775282 10.866230064071713 11.621026333421467 7.5390489306300941 3.9453082643449298 4.4404641427099687 50.954825003631413 4.6216755229979745 6.4515179581940174 17.290109269320968 6.3346299864351741 10.450049825012682 10.259723611176016 4.8335418440401545 5.8235564576461902 4.5779261398129156 36.816469176672399 4.8521404061466438 3.887121006846427 8.3484215009957552 5.1668878681957748 21.70125297550112 12.212874446995555 9.3968783486634475 7.2850578986108294 17.930948670953523 9.0453315638005716 6.2384065128862849 6.8008755017071953 3.5056505613029003 4.5927414447069195 5.5531831067055437 9.6524835899472219 14.513246625661848 29.438422730192542 10.681090204045178 30.490337087772787 11.632529409136621 17.973597793839872 14.428707785904406 5.3430002517998219 6.0339128579944372 26.911435350775719 4.6522731892764693 22.413321232423186 4.6794937644153896 5.6635413374751797 9.8700446933507937 11.026821272447703 4.3487451309338212 13.181795836426323 4.1207190062850705 2.9132833015173665 4.5078268349170685 25.532928214408457 16.957632868085057 11.603156931698324 4.0487084444612256 4.0606721155345422 6.3467543991282582 8.6712044924497587 20.957822751253843 6.5573447644710381 8.0703286267817003 8.7748071718960983
leaf_count=556 99 39 925 45 96 63 75 37 76 33 59 32 19 92 401 95 47 138 85 56 71 123 128 41 101 58 49 40 63 26 94 24 75 69 39 60 63 129 60 74 72 84 76 35 68 38 67 124 168 57 108 127 78 44 43 490 65 104 117 44 68 46 38 60 49 223 56 32 88 76 255 117 89 36 76 43 51 41 32 63 76 68 112 190 54 222 69 107 88 36 61 198 23 246 74 69 123 115 52 138 41 48 58 296 187 125 30 43 74 26 160 50 49 45
internal_value=-0.000193683 0.0192013 -0.0400962 -0.0595497 0.030325 -0.0379653 -0.000521287 0.0169079 -0.00216288 -0.054364 -0.0190946 -0.00827782 -0.0216713 0.0434612 0.0529149 0.0281341 0.0248807 0.0374487 -0.0171729 0.023665 0.0249749 -0.0233917 -0.00273685 -0.0211335 -0.0304881 -0.0300888 0.00553927 0.00998789 0.0233015 0.0314563 -0.0161859 -0.00913782 -0.0353468 -0.0115674 0.0148004 0.0506524 -8.56905e-05 0.00849237 0.0206527 0.0128696 0.0226164 0.0120583 0.0275852 -0.00992414 0.0288018 0.0310487 0.0326316 0.0393541 -0.0530848 0.0430947 -0.0112195 -0.00478585 -0.0434196 -0.0144371 -0.0330651 -0.0507094 -0.0321642 0.00249947 -0.0178233 -0.00211247 0.010905 0.0451721 -0.050165 -0.025577 0.00762014 -0.0730911 0.00832733 -0.0223735 0.0360193 -0.0448984 -0.0368019 0.0381833 -0.0470764 0.0296614 0.0225854 0.00837267 0.00369359 0.0346703 0.00764312 0.024093 0.000750228 0.0324847 0.011136 0.0365858 -0.0232539 0.0309241 0.0385355 0.00904681 -0.00249082 0.0443089 0.0347302 0.0185584 -0.0192967 -0.0561624 0.0259962 0.0182349 0.00556678 -0.00847409 -0.0356839 -0.0106938 -0.00615483 -0.00998542 0.0423113 -0.0147535 -0.003957 -0.0258535 0.0186707 0.0310198 -0.00266815 0.0638373 0.0531863 0.0219888 -0.0100275 -0.043664
internal_weight=1513.01 1018.15 494.861 256.858 650.975 90.8021 367.172 113.06 28.5414 62.2607 238.003 254.112 230.161 218.926 145.048 44.42 73.8787 56.1415 170.897 432.048 422.462 226.443 55.4624 41.623 38.0465 170.98 21.9847 83.2145 55.1638 50.3444 28.0506 51.215 148.995 37.7907 21.698 44.3378 44.7267 39.9226 32.6746 13.0391 399.731 147.719 86.5687 61.1506 252.012 242.479 236.865 72.6667 25.0074 11.5048 144.822 115.761 111.205 22.3763 18.431 88.8284 37.8735 10.892 54.7444 34.0748 27.7402 34.1547 26.0759 15.235 9.41147 42.5968 27.7971 12.2449 17.0065 33.2519 29.0608 46.9118 16.0928 57.3724 50.0874 35.0466 20.4997 228.138 8.35779 14.2613 10.1459 216.067 34.8468 181.22 20.3336 151.782 112.579 39.2032 32.4023 100.946 70.4558 37.5976 10.6862 27.5802 34.6989 31.2399 25.5764 20.8969 10.4799 104.14 93.2735 89.1528 7.42111 81.7316 56.1987 28.5608 27.6379 23.5892 10.4074 100.628 32.8582 11.9003 26.0013 20.6696
internal_count=11356 7457 3899 1365 3688 440 3769 989 121 319 2534 2780 2435 944 607 180 337 245 1837 2744 2688 2416 635 512 471 1781 217 943 627 587 316 433 1564 360 202 198 409 372 309 175 2592 868 488 380 1724 1656 1618 412 296 106 1605 1275 1204 269 225 935 445 147 345 229 185 141 232 147 87 256 249 120 163 380 330 561 158 328 292 168 222 1546 88 171 139 1479 234 1245 122 1055 819 236 195 750 528 282 84 322 444 381 312 238 111 1148 1040 999 106 893 597 312 285 255 117 427 246 86 125 116
is_linear=0
shrinkage=0.0534619


Tree=3
num_leaves=115
num_cat=0
split_feature=31 31 5 29 33 4 28 11 15 29 26 32 26 33 31 26 18 21 27 18 4 28 16 18 6 18 12 11 12 11 4 27 13 27 11 16 12 22 18 6 6 3 15 26 15 22 33 27 33 3 29 30 33 3 27 24 6 34 6 21 23 16 20 29 29 32 29 26 34 16 11 27 31 22 31 11 18 27 24 13 11 6 26 24 23 23 13 23 28 3 2 1 22 22 32 16 33 5 1 22 20 20 4 27 1 32 33 18 26 15 4 3 3 16
split_gain=282.126 69.2971 34.4483 21.3133 18.4454 15.9096 20.7002 15.3504 13.9975 15.1084 13.7339 13.7097 13.1922 12.808 11.9996 11.8823 11.4126 10.7928 10.6255 10.213 10.1006 8.97563 8.51782 8.30853 8.27998 10.2834 9.31603 9.34498 7.83617 7.8238 7.35691 8.94916 7.20068 7.17959 7.11106 8.28916 7.05426 10.6077 6.93578 6.73887 11.0548 6.58278 6.89861 6.56602 6.51588 6.26348 6.03559 12.4937 8.36553 11.4723 8.97057 19.2073 14.4525 9.42278 12.5664 10.3265 8.91001 8.69996 7.35237 9.4926 9.22304 8.91081 6.6817 6.34056 9.29959 6.46998 6.26056 6.709 5.79575 6.23034 7.36419 6.30481 5.7768 7.76578 5.74 6.86164 7.10444 6.62093 5.69602 7.74777 5.66632 5.66279 5.63602 6.6938 5.63277 6.90623 5.54219 7.26038 8.43417 7.01254 8.59943 9.93141 6.62018 6.93343 5.51084 8.09141 5.74953 5.69039 5.42852 6.43073 5.41725 5.36987 5.12279 5.0529 11.3248 4.97831 6.28096 6.24024 6.14137 6.04436 4.9683 4.81603 4.76944 4.72506
threshold=82.340571138808926 83.30430568746776 0.20000000000000001 -209.86520500711239 -0.20379791385415977 6.5000000000000009 -0.16951053214778464 0.0034074651826579987 118.06810454004172 -667.46140861089259 0.1486022021921358 0.42928571428571433 0.12534579354461087 1.8211988170364075 64.986200827395933 0.32578379000583652 0.0034164280205562212 3887.500000000015 0.0060329392654133738 0.0044593086798316948 10.500000000000002 -0.024807557523944753 0.075485971556510281 0.010310348233737264 0.08459879799972482 0.0089975478349953401 1.7500000000000002 0.0049693999958250754 3.2500000000000004 0.051604707386173003 17.500000000000004 -0.02496842498626883 0.0049604222719539367 0.0096263902125474105 0.040887441328075043 -0.061440583295698452 3.7500000000000004 -4.0779153878676127 0.00594908320126374 0.23999999999999996 0.14359351988217975 -0.041279048003653389 184.06211853402922 0.15661886439806827 389.48193258807788 -3.3656829576767819 -1.4053348089127793 0.025447434554319085 -1.0865769247047961 0.018826214288250823 -582.19719184153189 -279.0495080273592 -0.70083409977190991 -0.011871818381060382 -0.0099209221508766415 -0.0045791972881860646 0.20067114093959734 0.95000000000000007 0.13783604065735727 167.00000000000185 2.7311738817250285e-16 -0.093513027452166872 -0.52000000000000124 -386.08022128277344 -429.00484510805211 0.72809523809523824 -444.0846493375256 0.16523312652413394 0.81666666666666676 0.020026103142047339 0.016743333851419229 -0.006434574816626403 27.037107221068677 -5.2155566224074876 62.951926171279005 0.010920658525469558 0.0047019465486634084 0.021454325308351011 0.03166733497131536 0.016010005379135165 0.004239019789968144 0.060606060606060559 0.17547300284229536 0.026044093229845803 1.9135075281730354 4.7703436718732126 0.0007049257755057304 1.2199204085662594 -0.17872632992040732 0.10643946601107725 0.61000000000000043 -0.22124380693846316 -3.3877657315040559 -1.1473338361220102 0.61547619047619062 -0.08820877002898013 -0.7099540415117217 0.14999999999999999 0.21434073475934826 -1.4952568244123345 -0.67499999999999971 -0.88999999999999868 5.5000000000000009 0.003639222018981703 -0.035901534701270547 0.54023809523809541 0.71604968206125108 0.0047351649756379724 0.32578379000583652 135.11431813088046 9.5000000000000018 0.03610090017137136 -0.041589379409630527 0.043373332011202421
decision_type=8 10 10 10 2 2 2 10 10 10 2 2 2 2 10 2 2 10 2 2 2 2 10 2 10 2 2 10 2 8 2 2 10 2 8 10 2 10 2 10 8 2 10 2 10 8 2 2 2 2 10 10 2 2 2 2 10 10 10 10 10 10 2 10 10 2 10 2 10 10 10 2 10 10 10 10 2 2 2 8 10 10 2 2 10 10 10 10 2 2 2 2 10 10 2 10 2 10 2 10 2 2 2 2 2 2 2 2 2 8 2 2 2 8
left_child=2 4 3 14 103 6 18 11 15 17 -11 33 13 -7 22 34 -17 28 19 -6 -5 41 36 32 26 44 -9 112 86 30 31 38 82 -4 35 -3 37 -1 -29 40 111 -19 -43 -12 74 84 47 -38 49 56 57 52 -52 55 -55 -54 72 62 60 63 -53 -62 81 64 -60 -65 -63 -68 -16 70 71 -70 -48 -74 75 76 -26 105 79 -51 -44 110 -13 -84 -33 -86 92 88 -88 90 -89 -92 -10 -94 96 -96 -64 -97 99 -37 -23 -59 -30 104 -2 106 -77 -107 -109 -108 -50 -27 -28 -71
right_child=1 8 7 20 5 12 -8 24 9 10 43 23 -14 -15 68 16 -18 21 -20 -21 -22 100 -24 -25 25 39 27 29 102 -31 -32 45 -34 -35 -36 98 46 -39 -40 -41 -42 42 80 -45 -46 -47 48 -49 50 78 51 58 53 54 -56 -57 -58 101 59 -61 61 66 94 65 -66 -67 67 -69 69 113 -72 -73 73 -75 -76 77 -78 -79 -80 -81 -82 -83 83 -85 85 -87 87 89 -90 -91 91 -93 93 -95 95 97 -98 -99 -100 -101 -102 -103 -104 -105 -106 107 109 108 -110 -111 -112 -113 -114 -115
leaf_value=0.044439338751926488 0.010160156876021247 -0.041614655645640659 0.06374433857210314 0.0036093624728097905 0.025851274595644572 -0.054449735166847202 -0.073655764655617864 -0.065124442681410558 -0.0063055046849905443 -0.031493513851182389 0.069011125367636164 -0.074660765242807139 -0.0713955279480286 0.025998853624622877 0.045626135486541958 0.051090717322016026 -0.054594678367485737 0.056427558885449321 0.056518069513626687 -0.046823700297208545 -0.086996383239495337 -0.014322987228295801 0.064432044455868948 0.027069929073424544 0.023551464489400455 -0.030447883258433756 0.094470147970655241 0.075931166604141592 -0.038068442868906788 0.074202780776614671 0.039804341367582957 -0.036569394234442748 -6.2524284230745832e-05 -0.02633039916405799 0.095245979885649659 0.042672599260186232 0.069452878227228593 -0.053581418577736496 -0.0045724741113992102 0.028896555885843545 -0.080856154108766731 -0.055364689748945435 -0.022022844507528314 -0.0040929433454645449 -0.017692940844901649 -0.038375555960786963 0.075701179283823292 -0.0036034172669151699 -0.0056864339493432111 -0.058483354747736735 -0.072011136867832337 0.0039594206177831033 0.018646997321458685 -0.0057518536820472541 0.071776156983537689 -0.060209339652364045 -0.031124567926058715 0.027792206032699142 0.013530635792978073 -0.040433221803361258 0.0059382118753211139 0.080079590317509233 -0.019875188770667313 0.027772827356179204 0.088811451807098499 -0.032307901025240213 0.060839161245624544 0.0084090227194084429 -0.062433724692494377 0.091822834361430378 0.043563176153792779 -0.0057878110510975779 -0.015441432453566694 0.044425046922153932 0.052837466930959046 0.079998954053829188 -0.050982641751957325 0.082488107646001924 -0.070101905069599735 0.029451383247360741 0.061750085972070747 0.073797381297758938 -0.054834769107828051 0.031824433911108299 0.032529291150107685 -0.050221944530120348 0.071521096065415166 0.027072587095653026 -0.034196113991577258 0.035693011430896045 0.033504694682883585 -0.054915209456392472 -0.070890876470068365 0.012443428638982028 0.060887083544331345 0.0046196990512746361 0.048370836197042841 -0.066870511787187545 -0.023363071350078576 -0.019579120020985434 0.065473394306542143 0.074054212777293515 -0.0028930592349505841 -0.078607805692411312 -0.068466986018477977 -0.023730190880391772 0.071180578521199855 -0.0017006691386101686 0.069414383506703259 0.00037752591286749002 0.059530218209362627 0.042205449415506711 0.017138464974238279 0.01323009122683428
leaf_weight=5.9554808102548122 6.5321744279935947 6.1740133296698323 7.3821185631677491 8.2321628918871266 10.900229118764406 13.892176624387504 11.674700027331708 5.8362457808107129 6.9604865554720154 9.9539232924580592 11.919313061982395 17.199108891654763 44.813178915064782 9.4888841062784177 10.246495261788366 3.7400890439748791 12.859326096251605 3.092469189316037 9.5515250070020539 11.131890196353195 6.0925126057118169 3.4834569143131375 24.888058737851679 5.6440917998552314 8.5255932891741377 5.1149328425526672 4.4983067791908979 5.2504040254279882 17.226653749588877 3.680479433387517 9.0937959328293783 8.9242299403995293 8.807396734133361 3.8071514954790473 3.4335855692625037 29.268830650486048 30.505534913390875 6.6230858694761974 7.23628756031394 8.7310118414461595 6.8991204015910617 11.32002327591181 7.2138015478849393 4.9610136374831191 8.1132586542516929 27.905523174442358 8.7131443247199041 8.5582430362701398 6.5241843797266501 4.5309326518327007 6.9726767465472212 11.923663083463905 10.406967952847483 11.896690199151635 11.950226789340377 8.6634875778108817 6.2587139327079049 9.0328332521021348 8.5937447696924227 6.0368883702903977 9.3752923831343633 29.207822322845452 4.1705900672823217 25.290023813024167 10.341382252052425 6.3848478607833377 25.357172104530044 9.6445726267993432 6.9626031462103084 3.2997794765979034 6.8114564828574649 28.454905571416024 8.9079523775726539 20.138515645638112 27.38687248621136 8.4094484243541974 6.3372128028422585 6.661367328837513 5.1966467816382638 7.6298278514295825 3.3450209125876427 17.884739091619849 7.6214394657872599 3.7835106365382671 13.952174719423057 3.592401346191763 4.1227888911962509 4.8115949910134068 4.4402452912181598 3.6222320292145005 3.9272146690636864 44.268411441706121 31.857865520752966 3.1193178799003354 4.5442702546715763 8.8316808231174928 22.133209517225623 4.9287902358919373 5.7377607934176913 5.6316292108967927 7.9033425599336606 36.214292882010341 37.662726243957877 66.217979804612696 26.097355333156884 10.02399390563369 5.0087708495557282 7.4217781219631416 6.4718727935105562 10.871763329952955 6.778363648802042 5.238661352545023 4.6329290573485178 6.3947858884930611
leaf_count=47 38 71 79 63 38 78 72 64 92 138 115 187 333 26 131 27 139 42 30 64 51 40 159 45 96 56 33 57 228 30 127 99 70 58 8 245 208 75 103 50 36 130 96 70 53 314 37 52 61 38 36 74 44 65 60 53 35 63 61 32 55 153 44 166 45 33 159 52 45 33 53 335 59 129 245 85 47 65 34 60 41 135 95 59 162 22 29 63 51 53 36 633 481 25 37 74 200 36 90 38 90 183 511 468 187 69 48 56 50 82 64 37 58 74
internal_value=0.00158046 -0.0298756 0.0211491 0.0291944 -0.0532728 -0.038336 -0.0129546 0.00599361 -0.0130228 -0.0193986 0.0182277 -0.0195335 -0.0544178 -0.0218066 0.0309906 0.00845513 -0.0307101 -0.0244915 0.00954316 -0.0108807 -0.0350511 0.00182772 0.0340259 -0.0332327 0.0121285 0.0208188 6.98957e-05 0.00438474 -0.0303974 -0.0014982 -0.00520463 -0.011348 -0.0423525 0.0331004 0.0214103 0.0159163 0.0322439 -0.00716853 0.0294002 -0.00928557 -0.0286373 -0.0161054 -0.0264464 0.0475595 0.028254 -0.0207224 0.0334436 0.0534567 0.0313501 0.0132878 0.0348884 0.0276917 -0.000845928 0.0107687 0.0331483 -0.0172203 0.027797 0.0462927 0.0377055 0.0227388 0.047604 0.0546685 0.0351829 0.0303022 0.0547508 0.015633 0.0617737 0.0464216 0.00896227 0.00169555 -0.00718354 -0.0169842 0.037589 0.0260649 0.0320993 0.0239274 -0.00827089 0.0326512 -0.0234801 -0.00338483 0.00463558 0.0541619 -0.0553516 -0.0260647 -0.00207698 0.0155035 -0.0388129 -0.0290253 0.0167829 -0.035961 -0.0408828 -0.0476862 -0.0539832 -0.0634498 0.0218751 -0.000649142 0.0375318 -0.0210959 0.0246918 0.0326132 0.0410859 0.0648538 -0.0139543 -0.070091 -0.0527294 0.0257003 0.0427304 0.00835799 0.0315196 0.0228379 0.0276134 0.00632156 0.0554903 0.0402575
internal_weight=1309.91 502.357 807.553 527.489 210.3 111.453 43.2583 280.063 292.057 225.212 26.8342 54.2448 68.1942 23.3811 513.165 66.8452 16.5994 198.378 31.5836 22.0321 14.3247 36.3581 450.995 43.0555 225.818 131.216 94.6028 88.7665 162.02 79.6353 75.9548 66.861 37.4115 11.1893 50.2458 46.8122 426.106 12.5786 12.4867 25.9837 17.2527 24.9713 21.8788 16.8803 105.232 54.3743 413.528 39.0638 374.464 61.3757 313.088 192.045 49.89 42.9174 23.8469 19.0705 44.0183 121.043 142.155 56.6469 85.5085 73.5849 75.7958 50.61 18.9351 31.6749 64.2096 35.0017 62.17 51.9235 42.229 35.4175 37.7596 29.0465 97.1187 69.7318 14.8628 54.869 17.3574 12.1608 10.5588 31.1873 28.6041 11.405 26.4688 17.5446 107.13 65.1925 8.56303 56.6295 53.0072 48.1956 41.9377 34.9772 44.6085 18.3047 26.3038 13.7605 40.6382 34.9005 11.3868 45.2471 54.8894 98.8475 32.6295 48.2076 24.29 23.9176 13.8937 15.8805 13.3025 10.3536 9.13124 9.69457
internal_count=11356 4916 6440 3703 1334 641 204 2737 3582 2964 323 593 437 104 3589 618 166 2641 132 102 114 439 2918 456 2144 1075 1069 1005 2202 914 884 757 411 137 452 444 2759 122 160 179 129 309 267 185 896 597 2637 260 2377 392 1985 1088 258 222 125 97 260 897 830 337 493 419 651 305 106 199 364 211 671 540 433 380 225 188 843 598 143 455 132 98 137 260 341 154 283 184 1463 865 80 785 732 669 598 506 391 147 244 110 373 283 130 246 739 693 225 390 215 175 106 130 125 93 91 107
is_linear=0
shrinkage=0.0534619


Tree=4
num_leaves=115
num_cat=0
split_feature=31 6 12 33 29 31 26 28 13 18 19 2 23 23 21 28 11 10 14 14 18 30 17 17 23 33 26 26 6 2 25 27 31 31 2 14 11 25 1 31 29 10 2 27 26 10 13 30 25 23 25 11 2 25 19 34 2 28 33 30 17 11 24 29 33 24 29 7 10 31 12 29 29 18 1 1 23 27 24 17 17 14 13 24 23 2 18 33 18 17 1 18 29 18 17 1 20 17 21 11 19 34 29 10 7 1 20 24 14 20 19 28 27 28
split_gain=209.446 41.2491 36.5749 15.7923 15.6291 14.2309 11.6199 11.8433 10.3565 12.4379 10.9572 10.5111 9.68794 9.38336 10.0006 9.38139 9.37849 10.9567 8.88043 8.86836 8.80609 8.64446 8.56608 8.1432 8.46292 8.02426 7.88049 10.2778 9.99349 9.02684 8.7637 8.25743 8.13137 9.3388 7.80139 8.70862 7.78489 7.59305 8.97499 7.408 7.31816 7.17276 7.10898 7.75782 7.10806 7.79188 9.8303 7.65507 10.2687 10.1042 7.41651 7.10957 6.94468 6.72038 6.69627 8.51168 6.61651 6.74907 6.48693 6.42491 6.74198 6.34192 6.16561 7.72231 6.1347 15.5339 11.3447 11.4405 9.1486 8.76473 6.02474 5.93262 5.76948 6.89021 5.76038 5.73334 8.60103 5.69765 9.78806 6.63827 5.54314 5.4262 7.93829 9.1581 7.51438 5.32855 7.35635 8.11795 6.43267 5.31573 5.19382 5.06491 5.24544 5.05517 5.03494 5.04243 8.07737 5.02657 4.87968 4.85814 4.83596 4.7487 4.64349 5.97449 4.57297 4.55249 8.45495 4.44544 5.44992 4.51706 4.31641 4.30318 4.29948 4.29401
threshold=84.078934279103166 0.011236309692895238 6.7500000000000009 -0.18240157940638946 -254.37982441752794 26.378273924901432 0.12510885120040097 -0.16951053214778464 0.010645889762648936 0.0093094040225601467 1.5111847553730922 -2.8100000000000001 9.1255879497939585 0.75804351539849057 3887.500000000015 -0.8419975205982263 0.0049693999958250754 0.003644573518789987 -0.00045547416674900082 -0.010171660862601349 0.0025981269302381921 -288.2095654875917 -0.3702288859231429 0.25050969000242296 1.7554062976484806e-16 -1.3346344608374157 0.16280530811596203 0.15188533256087455 0.092307692307692216 2.4449999999999998 -0.016927271962585363 0.016133002156077939 56.940729283482547 45.366330321318195 3.0299999999999989 -0.0060483422067424677 0.0017125506708097692 0.011188215314322571 0.18228713070275351 104.64856583367225 -676.32845845667168 0.0038650889439515975 2.6300000000000003 0.016708717538759247 0.14799207945739254 0.0014731693942765893 0.13321542872462425 -71.813298897508915 -0.0056850157812876603 2.5579061180673475 0.0034755377835095085 0.045981078803732041 -2.1499999999999981 0.0012564744514587114 0.77569591083209233 0.95000000000000007 -0.50999999999999968 0.029093120748284153 -0.57171593731937731 -110.20870268415821 -0.33763052628945084 0.033159765766680123 0.026843767594878169 -935.40831901701233 1.8586734855517235 -0.012731685575352423 -1630.9793368871999 3.7500000000000004 0.0085831671391661032 117.19873389264545 2.2500000000000004 -493.81809172473481 -412.31868705150816 0.0024220946740364743 -0.030439595794854387 -0.14846443541620544 2.2893195191902489 -0.003294035447026666 -0.0027274135325981437 0.53144110310575277 -0.13727791860953342 0.021078453994099442 0.011560612739800413 0.010328322954488158 3.574823815039712 1.3649999999999995 0.0034164280205562212 -0.67240252502225206 0.002361242044245775 -0.59999372940228601 -0.079330369956906663 0.0029374486986901878 -831.61866799064626 0.0043065186257361656 0.18935277529405245 -0.065771740943271914 -0.84499999999999964 -0.063756144777512694 12.499999999990907 0.019691890979880115 0.77569591083209233 0.81666666666666676 -1019.9435606313092 0.0071343336332133763 2.7500000000000004 0.028122673440893146 -0.26500000000000051 0.014091595629762589 0.0097606944360634235 0.065000000000000405 0.73891031126784357 0.16764659469441912 0.0056052264859650655 0.23559739932877224
decision_type=8 10 2 2 10 10 2 2 10 2 2 2 10 10 10 2 10 10 8 8 2 10 2 2 10 2 2 2 10 2 2 2 10 10 2 10 10 2 2 10 8 10 2 2 2 10 10 8 2 10 2 10 2 2 2 10 2 2 2 8 2 10 2 10 2 2 10 2 10 8 2 10 10 2 2 2 10 2 2 2 2 10 10 2 10 2 2 2 2 2 2 2 10 2 2 2 2 2 10 10 2 10 10 8 2 2 2 2 10 2 2 2 2 2
left_child=2 3 5 -2 8 -1 7 93 9 10 11 -4 16 62 20 39 -13 18 54 -14 34 22 40 24 -6 72 27 28 30 41 -24 70 33 -30 35 -15 -22 38 44 -16 56 -28 43 81 61 51 47 48 -47 50 -50 -46 -8 -26 71 -56 57 -7 -19 60 -37 85 63 -3 65 -17 -67 69 -66 -68 -32 -18 73 -23 -21 76 -38 78 79 98 -60 82 83 -27 112 -10 87 -87 -89 -54 -85 -75 -93 -5 -43 96 -96 -29 -77 -58 -51 -79 103 -62 -36 106 -20 108 -103 -109 -35 -92 -83 -91
right_child=1 13 4 6 23 21 52 -9 37 -11 -12 12 19 14 15 64 17 58 105 74 36 25 26 -25 53 42 29 97 32 -31 31 -33 -34 110 104 59 75 -39 -40 -41 -42 94 -44 -45 45 46 -48 -49 49 100 -52 -53 89 -55 55 -57 99 -59 80 -61 102 -63 -64 -65 68 66 67 -69 -70 -71 -72 -73 -74 91 -76 77 -78 101 -80 -81 -82 84 -84 90 -86 86 -88 88 -90 113 111 92 -94 -95 95 -97 -98 -99 -100 -101 -102 107 -104 -105 -106 -107 -108 109 -110 -111 -112 -113 -114 -115
leaf_value=-0.092642296164710244 -0.066048309207855871 -0.054259654944895437 0.065663504079686422 -0.012622370388743238 0.051810408945971838 -0.01305216128594431 0.005400219123982572 -0.054459916008569073 0.067530392012648696 0.061694259454915024 -0.045573005839043113 0.068516729706626034 -0.064715721407609325 0.056467450281096676 0.014485837930146989 -0.048616726434737127 0.013127797809839291 -0.057853647530736921 0.068630474971502667 -0.034817032208796728 -0.054206394675679608 -0.066930362888890413 -0.085524337449792917 -0.056606383301857702 0.019077371541821417 0.031035653544004827 -0.053254965929688966 0.0010844772264139945 0.051162676286349219 -0.024382576150813424 -0.05683787515721863 -0.053209820067785872 0.056799094026858649 -0.063044016034556505 0.060579489745255108 -0.064668594207521093 -0.037451411757103946 0.063500487118997612 -0.022752561578571806 -0.086784983606690944 0.053132220184981795 0.04892521387845164 0.04975554740155276 0.04669840738603686 -0.045539688451450837 0.056960092057321325 0.085499731675985249 0.050818540566320271 -0.050221269763259566 0.0015207703315659341 0.022943588545786989 0.028506343022686308 -0.012925998889320132 -0.06180729234242225 -0.0082674609889423836 0.055724052838961494 -0.04617154855536116 0.070318817724735444 0.037692661742596667 -0.053039289967170097 -0.047804310277676371 0.082199349106711478 0.074526823506052109 0.05655385939436551 -0.0003775588286594251 0.06230769339087764 0.064532672908407224 -0.055599596584385194 0.10068731583241253 -0.023053817701241902 0.018685789221435777 -0.057532418438755381 0.048918156286073176 0.06595586120331387 0.046564989525174204 0.016870330804335362 0.050407799000276615 -0.056878873930533119 0.031398272764183097 0.023148938361381401 -0.022704506859142722 -0.0064515408313703297 0.048569854740629151 -0.082141688273780628 0.043624900796962948 0.045507222808713679 0.064737258891412103 0.026697629940387685 -0.048136940278752906 -0.066180710419675881 -0.032023895838684709 0.021894303661533374 -0.065218159405136852 0.039166389972431291 0.025860853320887858 0.031590131281332451 -0.080381615284572369 -0.061873610449704207 -0.062942685929281691 0.011749659226326059 0.05648007095616512 0.0036376696819300667 0.033851960566154887 0.051210731008635234 -0.0016789866277950483 0.066051081817357096 -0.015320652785826411 -0.033578036300728198 -0.07920956355402349 0.02867713390602512 0.0050792430919742683 0.025062139497394661 -0.066263077057027053 -0.01767877954171148
leaf_weight=4.2228746935725203 84.458507644478232 3.7937595918774605 12.519272834062575 10.189631059765818 7.5472177881747546 16.617671651765708 6.3410997930914155 10.499791789799927 16.466891594231129 18.834453664720058 7.8943888489156953 10.433382416144012 7.7961090095341206 3.9969045855104914 3.1849934849888069 13.448358500376342 6.9542240034788847 7.1798154693096903 6.4795104954391736 4.3660048171877879 34.069593797205016 7.057340909726924 4.320141337811946 7.868194578215479 5.9480127487331611 17.090578574687243 2.9102315697818986 5.2390349227935102 6.7005486637353959 11.264052972197531 3.4246244104579118 7.8459086436778298 13.936826381832359 5.3234234042465669 6.5234115161001665 4.6944395117461672 5.980809002183376 30.85229745041579 7.411156751215457 5.7672237288206816 3.7619087547063819 26.572041355073452 21.605433669872582 18.06237822258845 7.2142638303339464 12.540579594671724 9.5054629147052747 26.843036966398358 12.501067908480765 9.1549977883696574 5.7567962808534494 7.5390575062483549 7.9436176456511012 5.7281771702691913 11.145275877788665 12.654521673917769 29.146359323523939 3.2906017731875172 7.3507660739123883 15.144395530223845 6.320870473980901 14.289540111087261 5.0874419175088406 3.3448552284389717 5.6734520932659489 11.461244640871874 7.4395330948755225 7.6668149735778561 4.6214416110888124 5.7654606979340324 23.467316682450473 6.5721879024058563 3.4573986139148465 2.5683882469311339 5.6674755178391933 2.6118568219244542 6.7225306853652 25.47822368144989 10.129808264784513 4.6312609184533349 10.494068214669818 6.7246345430612582 15.231234605424104 3.4117152113467464 4.2951902262866488 12.489733258262275 12.45458593778312 5.9242035262286681 7.2685833945870399 42.457371438387781 9.5993122207000834 4.0801797136664426 3.7619758918881381 11.349229764193295 4.8841207949444652 18.548626642674211 3.4615789037197811 11.684794563800095 12.977787925861774 4.8025465961545697 9.1237778719514591 3.4763554185628909 9.0533792763017171 2.3614402972161779 6.9234747402369976 16.972781524062157 7.2051561865955591 6.7558079576119763 6.4643997605890036 6.4946046438999474 5.2545481417328119 6.1645926311612138 7.0136124193668365 5.9951800201088181
leaf_count=23 695 57 63 50 30 185 57 65 106 133 45 73 42 56 42 193 46 37 39 31 546 71 45 93 39 198 27 57 57 163 48 84 133 43 61 58 64 179 54 64 60 362 279 210 37 85 53 188 74 69 45 42 67 57 66 59 355 40 54 261 111 81 22 49 72 97 72 52 40 44 261 39 53 52 47 30 99 394 132 69 69 105 167 30 42 79 69 38 40 337 114 60 43 44 80 272 44 97 153 73 62 54 109 39 86 78 44 109 82 94 56 80 73 38
internal_value=-0.000188031 -0.0295329 0.0171128 -0.0492333 0.0282365 0.00444271 -0.0342261 -0.00801256 0.0311226 0.0209174 0.0154803 0.0190961 0.0142679 -0.0158445 -0.0181193 -0.000136641 0.0205419 0.0151322 0.0262617 -0.0220899 -0.0245846 0.00565033 -0.000995787 -0.0109353 0.00782916 0.0164996 0.00555252 -0.00506875 0.00394334 0.0192415 -0.0140726 -0.00509603 0.0264789 0.00194185 -0.00673533 -0.0181855 -0.0323859 0.0390174 0.0347234 -0.0508358 -0.0185867 0.0279707 0.0223107 0.0155204 0.0372482 0.0281354 0.0343296 0.0278802 0.0153007 0.000952341 -0.0271455 -0.00771806 -0.0475975 -0.0206674 0.00872977 0.025788 -0.0236338 0.000833618 -0.0150918 -0.0261808 -0.00797961 0.0504739 0.0297988 -0.00229427 0.00798497 -0.000410362 0.0196712 -0.00380904 0.0451902 0.0263272 0.00899424 -0.0212627 -0.0138044 -0.0263084 0.0111421 -0.0242597 0.00904548 -0.0296173 -0.0114122 -0.0328839 0.00219599 0.00739748 0.0162344 0.0026125 -0.0178111 0.0421159 0.0310806 0.01468 -0.0145437 -0.0535583 -0.0227253 0.00136617 -0.019996 0.014682 0.0324302 0.0160805 -0.0183617 -0.0424194 -0.0495542 -0.03797 0.0290228 -0.0409492 0.00712852 -0.0207498 0.0286037 0.0475645 0.024503 -0.0233763 -0.0503249 -0.00306013 -0.0292993 -0.00968525 -0.0370977 -0.0602013
internal_weight=1179.05 437.3 741.751 179.234 394.947 346.804 94.7759 32.0387 367.855 160.519 141.685 133.791 121.271 258.066 245.84 65.0285 103.442 93.0083 67.9837 17.8296 180.811 342.581 212.457 27.0916 19.2234 130.124 154.838 87.1972 70.2733 67.6407 39.058 34.7378 31.2153 17.2785 55.0183 41.5714 125.793 207.336 176.484 8.95222 57.6191 56.3766 109.199 87.5932 169.073 100.179 85.4257 75.9203 49.0772 36.5366 18.2579 14.7533 62.7373 11.6762 37.3262 23.7998 53.8572 19.9083 25.0246 37.5745 22.4301 68.8935 12.2261 7.13861 56.0763 45.7814 32.3331 20.8718 10.2949 13.205 26.8919 13.5264 20.9253 17.4679 10.0335 91.7234 12.7033 79.0201 30.3507 20.2209 17.8448 69.5309 51.4974 36.2662 18.0334 54.604 38.1371 25.6825 13.1928 56.3962 19.1756 10.4105 7.84216 21.5389 53.4664 26.8943 8.3457 16.9238 15.5896 33.9489 18.2788 48.6694 17.7357 8.68231 13.4469 30.6574 13.6847 23.1912 9.94076 13.2504 10.578 15.7639 13.7382 48.4526
internal_count=11391 4764 6627 1353 2485 4142 658 159 2266 965 832 787 724 3411 3283 676 604 531 371 120 2607 4119 2542 219 126 1577 1829 881 727 948 438 393 289 156 781 634 1826 1301 1122 106 713 785 1298 1019 1068 655 576 523 335 250 119 79 499 96 210 125 653 225 160 578 317 413 128 106 570 458 265 168 112 116 309 85 279 226 78 1280 163 1117 384 252 123 809 589 422 220 332 226 157 78 442 224 155 103 94 758 396 124 154 183 428 131 733 259 150 147 161 83 339 136 203 99 194 178 375
is_linear=0
shrinkage=0.0534619


Tree=5
num_leaves=115
num_cat=0
split_feature=31 11 12 0 4 0 29 13 17 21 32 17 12 33 3 2 29 33 9 26 12 17 8 13 19 24 19 17 20 32 19 17 3 29 27 7 17 26 24 29 1 13 17 31 31 14 17 25 11 19 11 11 0 2 32 9 29 26 20 20 32 8 24 26 3 1 3 12 14 0 17 19 32 14 20 11 0 17 3 32 2 11 27 11 22 11 26 14 0 14 1 3 0 3 8 8 19 27 25 1 1 8 0 27 34 11 3 14 25 34 3 11 13 8
split_gain=147.965 33.5135 28.0324 17.9664 16.912 11.3708 10.9759 9.56778 10.7379 7.74662 9.70094 9.22447 11.3537 9.87045 7.42314 10.0041 10.539 7.2958 7.26489 9.40988 7.6903 7.03789 7.0266 6.87555 6.74683 6.56431 6.47239 8.2597 6.76408 6.48446 9.74245 6.35669 8.44163 6.95308 6.84294 6.83408 6.30088 6.26361 6.25592 12.645 6.1644 6.10797 6.05757 5.59293 8.93085 6.66715 5.58666 5.51715 5.57112 5.46024 5.44723 5.28352 5.74246 13.8774 5.30591 5.04743 6.28394 4.9261 4.92303 4.89586 6.47055 5.72616 4.87937 5.29203 9.91121 4.83625 4.83185 5.52703 5.01369 4.69895 4.69182 4.67049 4.66757 4.58359 4.5621 7.06774 5.58799 6.88461 4.56033 4.47271 4.36981 4.3629 6.11355 5.49487 4.34802 4.62404 4.23922 5.79103 4.72742 4.15337 4.08877 4.07751 4.04959 4.03067 4.45209 4.01217 4.00183 4.29694 3.89932 3.88006 3.8207 3.78933 3.72938 3.69773 3.66597 3.64048 4.25386 3.59283 9.93791 6.30923 3.81276 8.77104 8.71397 7.51507
threshold=84.078934279103166 -0.0007800126406502585 6.7500000000000009 0.15242650957589046 2.5000000000000004 0.19697035387678877 -254.37982441752794 0.13321542872462425 0.87318888517204896 3738.9999999999823 0.82547619047619059 -0.12890134529145988 3.7500000000000004 -0.45397306965395728 -0.077281483154721928 0.6900000000000005 -474.49739987620353 0.023744421249426034 0.0071825991770711421 0.1430814275402742 1.2500000000000002 0.25050969000242296 0.0028968294376563604 -0.004852127375176366 0.74742446197944601 0.018685782439937352 0.54471867355517156 -0.35505298611682362 -1.2849999999999999 0.52642857142857158 1.2559669631182959 0.19402129402125803 0.14575955248143271 -1720.9576023610898 0.0028701186352529944 3.2500000000000004 -0.67141920780897635 0.23227247236139034 -0.0055408714063696065 -2792.8016502360692 -0.0035762698859276294 0.0004785816687582344 0.20347973288580481 36.7567461973427 43.176717088696599 0.032571388828254812 -0.17793739941931161 -0.0081023514571735272 0.019297577384975461 0.77284776499817531 0.0049693999958250754 0.0080594129804434245 0.44272415213836042 -2.8100000000000001 1.2047619047619051 0.0041857751653083704 -391.42290633391036 0.13215636563140645 -2.6100000000000008 -0.42500000000000066 0.43285714285714288 0.017800517515242451 0.0064759269815729556 0.1521821300880136 0.05550701429833705 0.18003036545537623 -0.0031920663045522653 4.7500000000000009 -0.021377661404708256 -0.29095248544546753 0.67472385043023364 0.62902098855707589 0.41928571428571432 0.020294911143577361 -0.079999999999999169 0.00021723863652305111 0.056306519868654321 0.59341488723508828 -0.06100755562428483 0.51500000000000012 0.64999999999999958 0.0037879182268381333 0.0047850090261977183 0.01106158190754983 -2.0141437465638181 0.028168395770964198 0.12868859217016013 0.0081026939183643804 0.048971532202257258 -0.0019817139857750683 0.030951825417932625 -0.0075342510248438957 -0.15604798407604334 -0.11069933370026312 0.018047614191704808 0.0060535884364846569 0.33165651864553258 0.045131915762401283 0.0011162841156920902 -0.0935134162524459 -0.063463326465832234 0.0055002330503081953 -0.34701475752545413 0.0092785146615174136 0.78333333333333355 0.007186186903313325 -0.015729058707915796 -0.021377661404708256 -0.0093786574754670653 0.95000000000000007 0.085186903424245522 0.015635651878545157 -0.0044800445644598078 0.0028425016580868288
decision_type=8 10 2 2 2 2 10 10 2 10 2 2 2 2 2 2 10 2 10 2 2 2 10 8 2 2 2 2 2 2 2 2 2 10 2 2 2 2 2 10 2 8 2 10 10 10 2 2 10 2 10 10 2 2 2 10 8 2 2 2 2 10 2 2 2 2 2 2 10 2 2 2 2 10 2 10 2 2 2 2 2 10 2 8 10 8 2 10 2 10 2 2 2 2 8 10 2 2 2 2 2 8 2 2 10 10 2 10 2 10 2 8 8 10
left_child=2 3 26 62 -5 -6 7 8 14 18 11 12 36 -13 15 16 17 -4 20 89 57 72 -17 -15 -7 -24 28 29 -1 30 40 33 34 -29 47 78 -11 43 39 -12 -28 -25 105 -30 -45 59 49 48 -33 -37 -16 92 54 -54 55 102 -57 -3 -22 60 -46 -62 63 64 -2 80 68 86 -60 -36 -26 -31 -8 -44 75 -61 77 81 -35 -74 -42 100 -83 98 85 -49 87 88 -68 -20 91 96 -52 -71 -95 -48 -70 -98 -84 -19 -76 -69 -53 -65 -43 106 -21 108 -104 -110 -109 -112 -113 -114
right_child=1 9 6 4 5 24 21 -9 -10 10 38 13 -14 23 50 22 -18 99 19 42 58 -23 25 41 70 -27 27 31 37 71 -32 32 -34 35 69 46 -38 -39 -40 -41 65 104 73 44 45 -47 95 84 -50 -51 51 52 53 -55 -56 56 -58 -59 66 74 61 -63 -64 103 -66 -67 67 101 90 93 -72 -73 79 -75 76 -77 -78 -79 -80 -81 -82 82 83 -85 -86 -87 -88 -89 -90 -91 -92 -93 -94 94 -96 -97 97 -99 -100 -101 -102 -103 107 -105 -106 -107 -108 110 109 -111 111 112 113 -115
leaf_value=0.077357622761148798 -0.047443866356290214 -0.01405120307093638 0.05821040068176505 0.044332866934385033 0.022066341137889509 -0.0068023655683517705 -0.037751847032702505 0.061216249069973708 -0.040513397456433412 -0.011531988502865053 0.081158822684553572 0.068646707197032156 0.034047167663221238 0.048553746340658614 0.071654186200533612 0.061639460374000123 -0.079169456074574859 0.0049908794250105469 0.02631053612223113 0.073660965295811856 0.040569267787200387 -0.060021276469425525 0.034593212449396595 -0.068388211082019659 -0.076461674120941264 -0.021703580591952064 0.054033086809811823 0.049344270606232192 -0.039033305762345996 -0.081896644601533869 -0.060690740582679405 -0.042615902001048464 -0.05775891189935458 0.036524138133290321 -0.061923594286829121 0.02226731437931587 -0.081982777923090513 -0.036665426599533729 0.061991254674742029 -0.052640585127175815 -0.067994128662347469 0.03443960652290138 0.025527553276516401 0.071123840474782068 0.03975475377187436 0.07994912051785473 0.0021793116874762571 0.051217992226239822 0.042233753356311139 -0.046800793571695601 -0.035230062259102718 0.0035471150844275461 0.052151672747789972 -0.036325799078832481 -0.009447793761613317 -0.044691184466967744 0.038151346470200027 -0.074487268739278176 0.061141531548650478 -0.025196199843699606 0.0042553172788076408 -0.062438517061669314 -0.063864323206933762 -0.070735028566867322 0.031862240966332486 0.036087048957355046 0.050342050729484604 -0.042334105683792575 0.038827758055593735 -0.047681191130846672 -0.013739394400013108 -0.024375385577268087 0.054160427992408708 -0.037222361089253898 -0.0096581366339670502 0.060841864852240329 0.052396345917614162 -0.048992149486065242 -0.032879662892162535 -0.011311371696779067 0.012374344562112435 -0.043328094279828096 0.034694377150608385 0.078982751349357158 -0.0076514999392303532 -0.02183711237346642 -0.059171727482444279 -0.055197400847393413 -0.035748854172305958 -0.048220505007138252 0.038399946809410813 0.036935856010391739 0.021567983706393366 -0.0076946966006589618 0.056080155507452191 0.049828046178710381 -0.033443862349486035 0.024944928746068622 -0.049077910471775746 -0.059990911625145554 0.062697214088670239 0.020901507716145275 0.066443229292157582 -0.014494324818644874 -0.041397783164945648 -0.0090851938675156254 0.016645717126783952 0.04657178434637857 -0.039695554846324706 0.027617620377993601 0.068767636553377587 0.050835940693390223 -0.056668265846734796 0.021848174766051897
leaf_weight=4.7025106782093635 13.575770263560118 5.4667024100199368 4.8799754995852735 10.200325119309126 8.3207058478146774 8.078083489090206 4.6529707629233661 23.198172166012228 6.8241760917007914 5.541071686893706 3.3048623092472553 6.4567885082215097 5.0093618910759679 4.5052253436297178 9.0891273235902172 11.45329271443188 5.945293301716446 6.8034411231055856 2.5414396859705457 7.8991503901779625 3.697184592485427 5.9578073322772971 13.982939137145879 5.8371129762381289 17.330128096044067 10.207361952401696 8.6204995848238521 15.17027759645134 5.0118552194908252 4.5621584299951783 5.4365351451560846 7.1636013165116292 7.6869497289881101 3.3225149773061302 5.3313157465308896 7.7669433010742051 10.577596433460712 6.9930139221251002 10.763199216686187 5.0541715873405355 4.1499209292232973 4.5445814495906278 5.528551770374178 8.3986011473461968 4.8861626330763057 4.0234750816598526 7.0875121876597431 18.049078615382314 3.1542717097327113 5.5921734012663364 5.9851284287869921 8.6809605322778207 9.3442653212696332 10.973923986777661 7.6591382361948481 4.850863303989172 5.5904516745358688 13.255144513677804 2.5964826587587586 3.4722709087654868 6.9442242407239956 7.767563690431416 73.492400517687201 16.848956059664491 6.6955591514706603 5.0570581927895546 4.0271961768157762 4.2102052588015768 2.7305319514125577 5.7807113248854902 4.2716888114809981 33.648775141686201 6.6720069851726276 8.231765943579374 3.0276175942271948 12.364047856070099 6.6855701049789777 6.7637929413467637 13.882757368497549 5.3418769501149654 3.567808672785759 6.9445110959932235 3.1815038882195976 3.2082387544214681 6.894723501987758 2.8439483726397183 21.994604272767901 7.396295104175806 3.2660628017038107 12.642998551018533 3.8177532227709881 3.4243126884102812 8.8305896306410414 21.025969706475738 3.6347890812903634 17.618144909851253 36.204432880273089 3.9689035573974243 3.0932690100744367 4.2293726969510299 6.5802655974403184 7.42844182252884 8.6065929662436265 4.2022427525371304 2.9838597942143679 4.2741305995732537 7.1405998421832964 126.04220077581704 7.6333170887082789 8.2291607297956944 9.423297952860592 8.185204476118086 7.13724940270186 6.7378330864012241
leaf_count=87 116 91 29 46 44 49 43 123 42 47 31 53 58 57 81 57 41 70 37 73 52 93 113 79 173 78 164 198 48 55 71 95 106 53 60 97 135 88 82 83 50 79 59 73 70 54 74 266 42 79 32 44 62 60 38 31 47 231 40 34 95 108 711 153 36 55 61 49 31 75 18 427 41 107 53 175 85 72 176 42 55 80 65 25 69 26 415 124 51 180 53 37 75 259 41 226 661 51 41 36 70 103 55 32 26 77 73 841 49 53 54 45 47 63
internal_value=0.000420487 -0.025438 0.0155127 -0.0440832 -0.016669 -0.0330758 0.0256872 0.0280829 0.025653 -0.0125706 0.00321152 -0.0102278 -0.0360398 0.0122064 0.0271126 0.00976185 -0.0186898 0.00403851 -0.018505 -0.000911935 -0.0253771 -0.0103516 0.0272144 -0.00828509 -0.0485477 0.0108364 0.0040036 -0.00125164 0.0149637 -0.0171896 0.00295056 0.00557002 -0.00458817 0.0173303 0.000970352 0.00851207 -0.0578591 0.0119795 0.03512 0.000376773 0.0192095 -0.02754 0.01508 0.0156784 0.0188355 0.0132383 0.0211463 0.0167284 -0.0166025 -0.00668819 0.0310534 0.0295286 0.0315293 0.00438077 0.0341695 0.0358327 -0.000347379 -0.0569135 -0.0197208 0.00961376 -0.0133253 -0.0310222 -0.0555813 -0.0408001 -0.0212321 -0.00437386 -0.0219425 -0.0341508 -0.0107377 -0.0158117 -0.064112 -0.0313237 0.00749586 -0.0120011 0.0177461 0.0419536 0.00800175 -0.00109562 -0.019417 0.0250968 -0.0309507 0.011398 -0.00534185 0.022527 0.0291149 0.0412454 -0.0443256 -0.0219892 0.0117869 -0.0357021 -0.0145071 -0.0188986 -0.00140103 -0.00766225 0.00177468 0.036189 -0.0233877 -0.0276535 -0.00663162 -0.0200333 0.0399375 -0.00202861 0.0378142 -0.0595623 0.00430625 0.0343658 0.0467138 0.0394469 0.0203299 -0.00478499 0.0424098 0.0257064 0.00721674 -0.0185773
internal_weight=1083.58 399.337 684.245 163.016 48.2009 38.0006 363.148 340.523 317.325 236.321 64.5778 45.4556 21.128 24.3276 310.501 57.5017 21.8581 15.9128 171.743 48.2586 123.484 22.6247 35.6436 17.8708 29.6799 24.1903 321.097 217.048 104.048 65.0428 26.8318 152.006 81.5654 70.4403 73.8784 55.27 16.1187 99.346 19.1222 8.35903 21.3953 13.3656 33.0742 92.353 87.3411 78.9425 38.0648 38.1056 10.3179 13.3591 252.999 243.91 229.094 20.3182 208.776 201.117 10.4413 18.7218 104.762 74.919 19.598 14.7118 114.815 41.3225 20.2713 12.7748 101.065 48.3228 52.7424 35.7728 21.6018 38.2109 16.6669 13.7603 55.3211 15.8363 39.4848 32.7992 17.2053 12.0139 7.71773 26.0354 16.4275 9.48301 27.7878 20.893 36.6842 14.6896 7.29326 15.1844 50.1459 46.3282 14.8157 30.4415 24.6608 24.7057 42.9039 40.1733 6.27477 11.0328 9.60788 11.6386 190.676 21.0512 7.52844 19.3139 15.0398 181.995 24.4691 15.8625 157.526 31.4836 22.0603 13.8751
internal_count=11391 4764 6627 1378 330 284 2485 2266 2143 3386 730 534 240 294 2101 424 176 135 2656 606 2050 219 248 241 240 191 4142 2819 1323 877 395 1942 1039 903 933 705 182 1236 196 114 324 184 389 1148 1100 1027 476 498 137 176 1677 1596 1489 122 1367 1329 78 322 1728 973 273 203 1048 337 152 160 1676 803 873 435 191 482 126 166 700 209 491 406 229 83 105 334 211 131 361 292 651 236 112 217 833 780 107 375 300 300 743 712 106 106 123 152 1251 185 105 223 146 1207 157 102 1050 209 155 110
is_linear=0
shrinkage=0.0534619


Tree=6
num_leaves=115
num_cat=0
split_feature=31 11 5 1 6 15 11 16 31 6 8 7 11 24 32 15 31 10 13 28 6 3 7 20 28 10 32 19 16 21 11 7 15 13 19 14 3 8 4 20 20 20 23 14 31 28 27 15 23 1 10 28 27 20 6 20 12 10 19 8 10 27 16 10 11 27 12 16 14 18 3 4 14 19 18 18 6 4 20 13 28 27 27 23 8 3 15 31 27 13 24 23 4 15 10 1 28 15 20 23 21 10 16 11 24 1 9 5 11 10 11 27 13 6
split_gain=115.757 36.5712 15.189 14.9823 10.4312 9.3385 8.90583 8.85382 8.34362 7.15057 8.54434 8.35667 8.18433 6.83061 6.77254 9.03556 7.13952 10.9854 9.00686 7.03878 6.6623 6.46536 7.18753 7.73708 7.64562 6.41514 6.37664 10.4028 7.94526 10.3937 7.9188 7.9153 7.3903 6.97895 6.85966 6.36395 8.68643 6.35089 6.34577 6.26114 6.25554 9.50237 6.53256 6.20757 6.06784 6.75695 5.86408 5.73054 5.71322 6.55493 5.56867 7.23036 8.94482 7.16076 6.22978 7.41365 5.41398 5.3582 8.22051 5.76917 7.18775 6.38323 5.66441 5.31296 5.25921 6.79815 5.22849 5.19847 4.95159 4.89864 6.16755 5.75094 6.2296 4.89583 4.81057 4.81005 5.19785 4.78971 4.71409 4.63565 4.59746 4.64072 7.63906 4.63273 4.52627 5.80479 5.86344 4.46927 4.38913 5.52548 4.78144 7.08055 4.50283 4.3004 4.28838 4.12036 5.77486 5.39364 4.10023 4.0663 4.06536 3.9324 3.90755 3.88424 4.34596 3.86647 5.85227 3.84737 3.82361 3.74336 3.71632 3.71031 3.64938 3.60268
threshold=74.942459761985319 0.0005838912983439985 0.19999999999999987 0.28662889451115942 0.33249581239530995 50.573883618042075 0.026313274272929846 -0.11707647256156216 25.000029737858068 0.19758530942741476 0.0065155253384782275 7.7500000000000009 0.016034438762543752 0.0062703822410739027 0.53404761904761922 297.12231343868677 35.613992742015512 0.0046245034412574632 0.0079096586788403849 -0.36423414192855769 0.11067366579177605 0.0057373186834744913 1.7500000000000002 0.17000000000000084 -1.1114041423757046 0.0011053356368794934 0.74214285714285733 0.42959443219807281 -0.056239252337350158 3475.0000000000141 0.0070836092259069791 4.2500000000000009 129.60535045333327 0.00040957106893872144 1.4900018847833845 0.027214165953749581 0.0068078506560241845 0.00158283526576017 13.500000000000002 1.5799999999999994 -0.94000000000000028 -0.16999999999999901 4.197292186675619 -0.01494591517497623 116.09800964918409 -0.71752621938443883 -0.0011527896380017497 389.48193258807788 2.7611480101819454 -0.025914378222808506 0.0055086696437861475 -0.024807557523944753 0.003423669126120799 -0.059999999999999602 0.026607669616519083 -0.049999999999999815 7.5000000000000009 0.0050083980478037755 1.6292827736055722 0.033988749722609811 0.016369877339973613 -0.079409889992325997 -0.054675069124397173 0.0062936037553440764 0.0030384311235932969 0.028628669441433389 3.2500000000000004 -0.0051146388739976003 -0.022153804635645171 0.0025981269302381921 -0.11069933370026312 6.5000000000000009 -0.0088859455448615215 0.63118697685359126 0.0035786063972859535 0.0030212778875894799 0.031250000000000062 17.500000000000004 -0.52000000000000124 0.024740789127074093 -0.59775664108843396 0.0040708066643976313 -0.0011527896380017497 1.9715010318652899 0.013845506299472198 -0.038480948454634449 139.43853708465329 58.002481878906167 -0.0095789793554815188 -0.066773842074863157 -0.039685771546634933 2.1537102137568613 11.500000000000002 197.62527877657263 0.0084098565353123069 -0.022214855909500172 -0.7472721983739663 180.03175031204938 -0.59999999999999598 1.7210906422140055 74.749999999997286 0.0051265636766710801 -0.020107176418544811 0.0091569354801375336 0.0067087113804655827 0.0099966113747635994 0.0028234949058728036 0.60000000000000109 0.023344052359308549 0.0048959717376905821 0.001102511375472383 0.0040708066643976313 0.010837063858680192 0.061906769376205616
decision_type=8 10 10 2 10 10 10 10 10 10 8 2 10 2 2 10 10 10 10 2 10 2 2 2 2 10 2 2 10 10 8 2 10 10 2 8 2 10 2 2 2 2 10 10 8 2 2 10 10 2 10 2 2 2 8 2 2 10 2 8 8 2 8 10 10 2 2 10 8 2 2 2 10 2 2 2 8 2 2 8 2 2 2 10 8 2 10 10 2 10 2 10 2 10 10 2 2 8 2 10 8 10 10 10 2 2 10 8 10 10 10 2 10 10
left_child=2 3 4 7 6 -3 9 13 40 11 -11 14 103 -2 16 19 17 18 -1 102 47 22 -4 48 -25 -10 32 31 77 64 -31 113 33 38 50 80 -37 -27 43 -5 -8 -42 74 68 45 -9 -14 -17 49 -24 53 95 54 78 -53 -56 99 58 87 60 61 -59 -63 -21 65 -30 -47 -48 -7 -46 71 -71 -73 -68 -43 76 -55 -29 101 88 98 82 83 -82 85 86 -50 100 89 -64 -91 -92 -90 -93 -83 96 -52 -98 -18 -26 -23 112 -16 104 -13 -39 -107 -66 -6 -84 -54 -100 -34 -28
right_child=1 5 21 39 108 26 8 44 25 10 -12 12 46 -15 15 20 35 -19 -20 63 -22 57 23 24 56 37 27 28 29 30 -32 -33 34 -35 -36 36 -38 105 -40 -41 41 42 -44 -45 69 66 67 -49 84 -51 51 52 110 75 55 -57 -58 59 -60 -61 -62 62 79 -65 107 -67 73 -69 -70 70 -72 72 -74 -75 -76 -77 -78 -79 -80 -81 81 94 109 -85 -86 -87 -88 -89 92 90 91 93 -94 -95 -96 -97 97 -99 111 -101 -102 -103 -104 -105 -106 106 -108 -109 -110 -111 -112 -113 -114 -115
leaf_value=0.081133550964918352 0.049198063494087216 0.070540878166635096 -0.046293208882982197 0.049195679600387454 -0.082600329945080236 -0.031355667399818793 -0.0248590499115986 0.029346228943059799 -0.0016814122139224535 -0.056965100253340145 0.02134874466512313 0.062173333438376339 -0.015948884583370609 -0.03207021550516994 0.051733213817446069 0.031554163715722054 0.048620311246260615 -0.051068871551140371 -0.02084817117297073 -0.044552138647441168 0.059670242732029866 0.08166735645163288 0.0066211811697902169 0.048847097834370884 0.0011877268130122533 0.0086198114481526623 0.037919974693022121 -0.049552427646521534 -0.078311867466767326 0.062000435442736132 -0.0076409815713609453 -0.019196477829360816 0.05948510962645135 0.044336874507496321 0.051428874755934773 0.033452138858838659 -0.062793230436659478 0.06657911050187415 0.028603701691664069 -0.023945489187937787 0.074837449743612477 0.016944013304828708 0.043656299096394319 -0.072056819830843416 -0.069721539706277369 -0.049189721608472951 0.01170658635183245 -0.019057929727119428 0.043040941092269143 -0.049063019964653821 -0.07020535780265999 0.062237543371313507 0.02887228482315185 0.049969583995147324 0.034194349283969819 -0.057196098927535619 0.028366286980878123 0.077902165744178742 -0.018244136126953026 0.071327897259745129 -0.067638657647432335 0.025306380534365503 -0.06874423199865623 0.013218140352651576 -0.0085361513770985612 0.015565629851852827 0.055061363512033661 0.07272394250889691 0.062699231400871608 0.020528658549024307 -0.051718868923277178 0.0008328197995335669 -0.082861339223158595 -0.03598121616307421 -0.05355599493092901 0.064297940710520016 -0.02873881671569517 0.034879403822409019 -0.055821020512663001 0.043941708340712288 -0.0073493693404085092 0.065333277286912184 -0.071644009735949782 0.058430359242686476 0.073086531061725898 0.058075664257189213 -0.022456869611157414 0.0095458006899208532 -0.0034563661864336179 0.047642922939266627 0.036891718633031402 -0.0059957952816697959 -0.063022578157646031 -0.084650337475222548 0.018908884965668688 -0.055909362724501838 0.046877015459308453 -0.028189963335705129 0.02402673890962944 -0.05363409348204215 0.02236539222177622 -0.058970974489453216 -0.0091643176959538327 0.068974996306934044 -0.0067315694378702285 0.053496335670432452 -0.0093479023895339883 0.046719628194013089 -0.0012445312936763305 0.0096473823833445795 -0.045273281030632502 -0.046827341571609088 -0.01841916539869724 0.10101337909831011
leaf_weight=5.0303802657872456 4.937832107767461 4.2376962518319479 10.947460380848495 7.2299408214166743 3.505995847284793 4.4928621565923095 8.9460951089858991 5.28265107423067 7.6210916563868514 7.855720481835303 7.9993059970438489 5.3619668968021887 10.399917328730227 7.2394198318943381 5.2567536560818553 13.098625453189017 4.3514110920950761 8.6296312082558853 4.8085506688803434 20.677738520316783 9.3256044536828977 11.040963989682499 31.379453291185197 3.6858135126531151 4.8771664369851413 9.2952027618885023 5.5848801182582957 14.564407483674588 6.4136404413729888 12.036787981167434 7.5883544944226768 4.1537840953096739 3.307300669141112 9.9274012474343163 3.5119802588596931 6.1283009350299817 4.7008024612441659 38.361753428354859 7.5874015046283594 6.1609269045293331 8.1134247314184922 5.1668783742934483 7.5970454113557926 6.0735395764932063 32.054442045278847 21.539619761519138 10.50028299726546 12.417085547931491 5.986639257520447 7.4411898748949197 5.2655746107921031 5.6004166575148675 2.1464436370879438 3.7712242705747459 5.4806420458480707 4.6553503545001158 3.5501144044101229 3.3629284501075736 6.7873128326609722 3.6129118828102937 3.9125798353925338 21.133223584853113 2.8855655100196556 5.8069697450846425 28.767003890126944 3.3285359926521778 3.0102436617016783 6.4228843320161095 2.4330662488937405 7.0632838793098953 81.423992299474776 4.940592661499978 5.1880519934929881 3.7419220916926861 5.8739073183387518 4.9964125249534836 6.4298991682007918 2.180753997527062 8.9008516194298881 4.2779012192040673 3.9923207480460468 25.775058629922569 2.7739824168384066 12.908156401477752 5.0432897312566629 7.0739954747259608 11.066686292178927 5.9801234947517505 6.4017168954014805 6.4696617117151609 5.8252646801993313 4.5804271595552546 8.3583496101200563 3.4832088816910982 7.3565043518319717 31.912138645537198 4.0410365546122167 8.2611439162865281 3.8026505112647992 18.519878114573658 4.7710335459560165 2.446213535964489 6.9525267425924522 20.882961708121002 5.0545179657638073 18.290039651095871 5.4900355227291575 4.0766954813152543 3.0985533148050308 3.7896189298480749 17.225764656439424 4.6576124336570501 3.5004620607942343 4.9226741753518581
leaf_count=30 28 49 161 39 45 77 56 55 59 64 51 41 61 72 75 169 42 79 53 178 81 82 367 30 67 47 85 251 88 94 95 56 62 119 40 49 45 264 100 46 52 40 39 83 340 426 68 133 68 108 80 73 47 43 87 99 22 28 56 33 69 248 41 64 455 25 48 38 26 42 786 23 51 64 41 88 110 32 114 53 63 296 27 134 58 80 120 62 98 59 59 80 99 25 112 536 58 186 42 237 59 34 70 106 51 130 48 49 36 64 317 49 56 31
internal_value=-0.000527747 -0.021221 0.0151434 -0.0389085 0.0217128 -0.00777776 0.0229311 -0.0430463 0.0352364 0.0172023 -0.0174908 0.019588 0.0370195 0.000926018 0.0136473 0.00136156 0.0227947 -0.00715684 0.0313955 -0.0164116 0.0210999 0.0037593 -0.00527627 -0.000705371 -0.0229981 0.0449214 -0.00914081 0.00183361 -0.00585051 0.00295264 0.0351049 0.0431283 -0.015901 0.00760901 -0.0218093 0.0296906 -0.00839177 0.049893 -0.0101468 0.0155638 0.0137581 0.0266946 0.00561653 -0.0327919 -0.0463067 -0.0259803 0.0155999 0.00692778 0.00934415 -0.00408819 -0.0240077 -0.0312999 -0.012719 -0.00549438 0.0171935 -0.00782703 -0.0328867 0.0133818 0.0330388 0.00580598 0.00241757 0.00656158 0.00273034 -0.0318801 -0.0118802 -0.0462913 -0.0363417 0.0349872 0.00183569 -0.051519 -0.0455755 -0.0164207 -0.0421795 0.00467298 -0.0206092 0.0215457 0.000426881 -0.0384932 -0.0281343 -0.00856363 0.0356355 0.0421788 0.0239178 0.0429032 0.0272057 0.0175066 0.000575368 0.0490211 -0.0145165 -2.14348e-05 0.00982712 -0.00786413 -0.0372741 -0.0402339 0.0550637 -0.0444608 -0.0235786 -0.00345074 0.00668013 -0.0422183 0.0638819 -0.0013668 0.0171273 0.0556706 0.0288266 0.0560553 0.038991 -0.00162597 -0.0446847 -0.0249127 -0.0370095 -0.015002 0.0195342 0.0677576
internal_weight=1020.17 439.635 580.533 189.813 368.078 249.822 361.473 176.422 114.755 246.718 15.855 230.863 58.6225 12.1773 172.24 73.5353 98.705 18.4686 9.83893 38.694 34.8413 212.455 109.572 98.6242 30.633 79.0581 245.585 93.6175 78.9562 62.211 19.6251 14.6613 151.967 30.5143 121.453 80.2364 10.8291 71.437 20.5869 13.3909 35.6974 26.7513 18.6378 12.9995 164.245 33.5744 27.3231 25.5157 67.9913 38.8206 117.941 84.5885 35.1086 33.3524 15.7364 10.136 26.9472 102.883 28.5794 74.3037 70.6908 66.7782 63.4153 26.4847 42.5859 9.74218 28.2918 16.9232 6.92593 130.67 98.6159 17.1919 10.1286 6.75217 11.0408 15.1975 10.2011 16.7452 18.1548 42.2821 69.4073 56.5956 23.4641 16.9005 29.1706 24.1273 17.0533 21.7921 38.0042 23.2441 20.3586 13.8889 14.7601 8.06364 33.1316 49.4799 17.5678 12.3022 12.8117 23.397 15.812 9.25398 12.2093 31.2994 10.4165 62.1418 23.7801 32.8437 6.60455 6.5636 19.3722 8.46026 6.80776 10.5076
internal_count=11426 5765 5661 2020 3192 3745 3111 1935 776 2335 115 2220 365 100 1855 770 1085 162 83 387 383 2469 1318 1157 356 548 3696 1261 1089 806 189 172 2435 405 2030 923 94 489 286 85 228 172 120 186 1835 593 167 302 801 475 1990 1483 623 507 259 186 326 1151 259 892 859 790 762 242 617 113 538 106 103 1242 902 116 74 112 81 241 153 283 266 514 829 696 288 197 326 268 188 203 461 264 223 164 197 105 408 860 324 244 133 304 141 152 145 198 92 442 178 504 81 91 364 91 118 116
is_linear=0
shrinkage=0.0534619


Tree=7
num_leaves=115
num_cat=0
split_feature=11 12 1 26 29 15 29 6 1 0 33 4 23 4 33 11 1 24 29 20 26 11 27 4 33 18 19 13 11 0 29 30 0 23 6 1 18 29 23 0 4 33 17 24 26 24 29 1 24 21 28 24 7 17 13 11 18 21 23 23 17 15 20 1 14 1 28 1 19 24 17 6 20 19 10 11 6 27 23 19 14 19 27 30 11 29 14 34 9 30 11 30 0 15 11 17 28 33 19 24 26 6 29 34 17 9 13 0 18 0 21 10 0 0
split_gain=86.1229 32.3754 12.3872 12.7278 10.8021 10.2585 9.50947 10.5256 10.1521 8.87409 8.52438 8.3682 8.04405 7.93458 7.77512 7.67057 8.46578 6.62055 6.61217 6.42815 7.49248 7.14015 6.35061 6.22227 5.93672 6.30332 5.92325 8.10963 5.8126 5.77098 5.46827 5.38804 9.22272 8.36625 7.43868 6.9387 6.39256 5.70462 5.47324 5.24752 6.56829 5.21902 4.94527 4.94215 4.90577 5.12281 4.86607 4.85861 4.57729 9.12412 7.03727 7.66884 5.72971 5.06525 9.35394 6.38365 5.40211 4.46717 4.429 7.72619 4.42592 4.35983 7.79996 7.28703 6.50761 6.31972 6.1262 4.3439 8.2393 6.43419 6.8775 5.19723 4.59381 5.32715 5.20527 4.25299 4.51637 4.21659 6.64664 4.17186 5.8953 8.32251 6.16553 5.40729 4.13332 4.12348 4.00593 3.95691 3.8884 4.84054 3.88154 4.68603 4.64365 4.36987 5.26865 4.94629 5.38918 3.75372 4.2 7.16259 4.58098 3.66109 6.07645 3.59204 3.54548 6.12327 3.73251 3.52611 3.48874 3.43441 3.465 3.3787 3.33707 3.33299
threshold=0.0005838912983439985 5.2500000000000009 0.28662889451115942 0.12565993040799189 -209.86520500711239 50.573883618042075 -724.9170865948746 0.10526315789473682 -0.027699485812226195 1.0312633969990725 -0.22438195134306832 1.5000000000000002 2.1646496870911949 1.5000000000000002 0.040819558601975059 0.026313274272929846 0.21434073475934826 -0.026205963361150438 -862.22914774101935 0.15499999999999939 0.1385477800525263 0.0036980978235526961 -0.010726384943006593 15.500000000000002 -1.1544102538261016 0.0072272876123582004 0.67217340350023036 0.0062732287980426602 0.026619170347515018 1.0312633969990725 -1224.0917538912388 -288.2095654875917 0.1778583559815399 5.246033805541641e-16 0.18301435406698571 0.0070040988967863269 0.0024058493462309817 -461.07262027660221 9.427646596954796 -0.16509799201620837 11.500000000000002 1.1166696342545823 -0.24159660677954961 0.061144136738823358 0.12493073558985192 0.00097811250646240321 -3548.5434735269796 -0.20958691111626829 -0.011631953998461729 3493.7500000000023 -0.39330357503840135 0.01185783846840416 2.7500000000000004 0.4649850174777414 -0.0040813246866904544 0.0057524260554154836 0.0036204250901761092 1.0000000180025095e-35 2.3729764723561813 3.4131655069059819 -0.28930393350928846 141.30245086102371 -0.24500000000000097 0.051661839925827853 0.017858755742617954 -0.14524921451013997 0.20199926286331496 -0.034998040240397148 0.44234150923699711 -0.048794294480660409 -0.24159660677954961 0.058947629684785313 -0.81500000000000117 0.832525171186841 0.0026442250986984457 0.005851514867777464 0.061906769376205616 0.0074809756829264948 2.6170275217850185 0.51301804089127168 0.0079532189880074256 0.7344235610449007 -0.0015734417509482011 -771.67615774384956 0.013490625728627028 -2940.4414129386419 0.015043602691372603 0.71666666666666667 0.0075410447267402749 -1071.3631896277559 0.012316404999282689 -165.96541625498728 -0.29095248544546753 386.51088490940953 0.006035422339963765 0.40755052590812807 0.08667782203821621 -1.3737897065527962 0.46320678290350015 0.019459106023072107 0.17376743899661187 0.02513091760743141 -1283.7194158831173 0.91666666666666685 0.20347973288580481 0.0017177150884889441 0.00086695837130872577 -0.06687910096108117 0.0051320253851741401 -0.35484806346947789 2150.7500000000086 0.0022067676331377546 -0.060876987882499282 -0.28640990707205299
decision_type=10 2 2 2 10 8 10 8 2 2 2 2 10 2 2 10 2 2 10 2 2 10 2 2 2 2 2 10 10 2 10 10 2 10 10 2 2 8 8 2 2 2 2 2 2 2 10 2 2 10 2 2 2 2 8 10 2 8 10 10 2 10 2 2 10 2 2 2 2 2 2 10 2 2 8 10 10 2 10 2 8 2 2 10 8 10 8 10 10 10 8 10 2 10 8 2 2 2 2 2 2 8 10 10 2 10 10 2 2 2 10 8 2 2
left_child=2 5 6 -4 9 46 10 8 42 13 12 22 108 24 44 16 17 -15 29 20 23 -21 -12 58 -3 26 84 -28 -6 48 -17 33 34 -19 47 36 -36 38 79 40 -22 -18 -8 67 -13 -46 -2 -33 53 61 77 52 -52 55 -55 85 -57 -16 112 -60 -54 62 66 88 86 -66 -50 104 -69 -70 -71 -72 -73 107 -75 -41 -77 78 -51 -35 82 -82 83 -81 -26 -7 -63 -23 89 -64 93 -92 -93 94 -49 96 -96 -94 99 -99 -100 -56 -103 -83 105 106 -32 -74 109 -1 -111 -86 -20 -42
right_child=1 4 3 -5 28 18 7 -9 -10 -11 11 14 -14 15 57 30 41 31 19 21 39 87 -24 -25 25 -27 27 -29 -30 -31 43 32 -34 37 35 -37 -38 -39 -40 75 113 -43 -44 -45 45 -47 -48 90 49 50 51 -53 60 54 101 56 -58 -59 59 -61 -62 64 63 -65 65 -67 -68 68 69 70 71 72 73 74 -76 76 -78 -79 -80 80 81 103 -84 -85 111 -87 -88 -89 -90 -91 91 92 97 -95 95 -97 -98 98 100 -101 -102 102 -104 -105 -106 -107 -108 -109 -110 110 -112 -113 -114 -115
leaf_value=-0.0058709498809470786 0.0096092687032249199 0.054876045152256553 0.067263297959866936 -0.034005633667077297 -0.079761207263839645 0.0099389918394114391 0.051254022775875277 0.070873184044626308 -0.073329316556810201 -0.042139242793404613 0.042902749715486535 0.043959205719418991 0.0041535598415097163 0.049880377705189459 -0.0078430154492398624 0.068668488973606154 -0.072360778146603577 0.066576167736944761 -0.048229775175413214 -0.054469363323871929 -0.036931873131839744 0.056685024308860105 -0.031389696440701283 -0.055067182248067434 -0.037031903482215883 0.04268486965347347 -0.0013809828273257481 -0.084683759230997843 0.010342891941114376 0.065474153595125636 0.0081353647057673863 -0.027772329165574323 -0.052976247171473742 0.049946238126061498 0.045852969675271804 -0.053544547048322781 -0.032115047684882998 -0.069946021871656758 -0.05942155816864815 0.065041442504983976 0.067268302184976037 0.0024723080653303265 -0.030241046942540633 -0.019993921826932808 0.025462855261154198 -0.048420501523639935 0.095481682765934592 0.04864897303297868 -0.05060493876511736 -0.077597102790155484 0.077184845066602253 -0.01828085874660814 -0.041734820305817114 -0.056050451521741027 0.071948715686295697 0.044949030232491957 -0.023482243606410526 -0.04810013602869511 0.063857269373714609 -0.021478563125920357 0.050989227465240636 -0.012319038163023563 0.067303082860329322 -0.02623774943612522 0.020023706426181537 -0.046701606983014524 0.017413270497092178 -0.037727368724635037 -0.03332708996404074 0.05757625787646975 0.060037918973050629 -0.027035708796766443 0.013852872201006004 0.038487415109399424 -0.025941588205424412 -0.019393693215487937 0.047375331318807612 0.036681916988681347 0.028891265857849527 0.027952992194442999 -0.069768627496780908 -0.028273226573845393 0.04241894656079874 -0.042351029777624713 0.049550386336764077 -0.060817468101700495 0.040514400961965645 -0.0070275801924376373 0.092506140875251053 -0.026916001764856434 0.067375924413832833 -0.013411672770449662 0.080511917228152319 0.035461513958345424 0.0033761071900683618 0.037854952093216973 -0.068308230085484173 0.041255388690868748 0.065912515702546123 -0.044871373374061711 0.0079171285823435855 -0.029061168071413037 0.065701500475751781 0.032038676592966095 0.05875925181013561 -0.0057254376204827146 0.064200718907764021 0.082017229888546844 -0.032016904544944803 -0.066827161781603667 -0.0045121412466032169 -0.0068368466184156292 0.011491958782303026 -0.0031681775673203525
leaf_weight=3.069120828062295 3.4531848207116127 4.6068530697375527 7.175918906927107 6.9410311412066221 4.8534968197345716 2.6498574176803258 4.9365199469029903 4.6631544400006524 6.1285270529333511 6.6036863084882489 7.8493440244346857 4.8894576057791737 7.0250437622889867 18.085023514926434 9.2703342679887992 11.097999675199388 4.5967088881880027 5.3699182029813519 5.359762346372011 8.9585426896810514 6.2695938479155284 3.1483542304486063 5.6016232110559923 5.8260398292914024 5.413101601414386 5.6072482522577038 6.3150435565039498 7.0616829311475158 3.4994457298889756 2.7412989269942036 4.695107586681849 3.9561574943363658 4.4718758873641482 5.4761616988107553 7.8250890141353029 5.9960620887577525 4.827983982861042 3.3804113790392867 3.8915344309061757 13.412670430727305 4.3458312805742025 6.2479628212749958 3.6822690106928349 5.4820585325360289 4.3313379660248739 6.9169361107051373 4.152010101824998 5.4624429577961635 9.2776659242808837 4.6942968126386386 10.583384925033902 5.6631559729576102 2.526468250900507 5.3544316003099084 3.783373538404704 3.6873262282460919 28.656797119416296 53.378972912207246 7.2239630669355375 5.1762908482924104 3.411077367141842 45.399694111198187 3.610067030414938 4.5057396385818711 4.6647159140557042 30.013401660136878 6.3435659897513679 5.7907830327749243 4.4182581063359967 21.362256798893206 7.3193273730576101 7.2707052016630724 3.7288694065064165 6.2042431086301777 8.3737649107351899 4.7332451520487648 7.3404954234138131 2.8129751738160849 2.564654003828764 5.7760056471452117 6.7140602031722656 5.0522562228143197 13.229349220171576 6.7252730131149274 5.553048763424159 20.151658791583031 4.469523772597312 22.066276774741709 4.4633969524875283 2.68825605418533 15.18260965589433 5.432964391540728 5.4019117224961404 27.736292822286487 6.5663039050996357 4.1971912719309321 5.4655616013333201 6.8034058371558981 12.546676731668414 4.5858605755493045 5.6605380661785594 4.8691412638872871 3.1522860042750827 6.2931194473057985 23.828495246358216 8.9340370912104827 12.378022954799233 5.2260577725246664 14.714362330734728 56.309809402562678 2.6820127340033642 6.6220558835193524 5.268992391414943 3.4038418075069785
leaf_count=40 33 53 23 68 73 46 45 39 100 59 47 31 113 180 103 107 41 47 75 136 110 24 46 86 61 52 57 53 42 47 30 42 43 48 55 43 56 25 38 163 52 67 67 40 43 80 46 78 155 62 96 71 40 102 76 56 437 552 98 55 55 881 51 78 77 557 65 42 36 202 54 59 30 33 53 76 99 24 46 58 63 64 183 61 29 348 102 348 31 56 131 41 34 265 64 41 49 82 98 54 58 94 48 62 163 71 101 57 174 761 60 53 94 57
internal_value=-0.000522845 0.00796297 -0.0308107 0.0175065 0.0179207 -0.00445778 -0.0343041 0.00120103 -0.0209514 0.0191578 -0.0382191 -0.0269832 -0.0505663 0.0201735 -0.0336349 0.0227225 0.016611 0.0189682 -0.00589616 0.00533619 0.0147988 -0.0135846 0.0119533 -0.0059042 -0.00204953 -0.00927502 -0.0187305 -0.0454862 -0.0421263 -0.0110674 0.0327247 0.0160767 0.0221738 0.00305684 0.0248231 -0.00636078 0.0160858 -0.00301614 0.00128643 0.0299143 0.00361534 -0.0293829 0.0164427 0.0295121 -0.000532773 -0.0199699 0.0567579 0.0301601 -0.0120333 -0.00663329 0.0184877 0.0352959 0.0536686 -0.0230521 0.00230513 -0.0309405 -0.0156318 -0.0421539 0.00660087 0.02827 0.0114986 -0.0136578 0.00352502 0.0306636 -0.0199356 -0.0377099 -0.0230014 0.0317895 0.0231451 0.028683 0.03331 0.0196636 0.0100016 0.021476 0.00150003 0.0443477 0.0212118 -0.0185145 -0.0400039 0.00612798 0.000605424 -0.0227779 0.017032 -0.00987254 0.00166777 -0.0525861 -0.00755307 0.000998887 0.0545076 0.0271515 0.0323528 0.0420463 0.0324752 0.0214187 0.00342498 -0.0118701 -0.0292935 0.039609 0.032042 0.00653056 0.0479449 0.0288831 0.00830276 0.00516507 0.0438483 0.0301133 0.0488443 0.0538324 -0.0555744 -0.0611339 -0.0640011 0.018948 -0.0186792 0.0364555
internal_weight=957.645 748.08 209.566 14.117 415.202 332.877 195.449 19.4105 14.7473 406.849 176.038 92.238 83.8003 400.246 78.787 359.067 222.957 212.112 325.272 102.534 68.3607 34.1732 13.451 28.855 41.179 36.5722 30.9649 13.3767 8.35294 222.738 136.11 194.027 132.119 61.9081 127.647 18.6491 12.6531 56.5382 53.1578 39.5057 14.0193 10.8447 8.61879 125.012 16.1377 11.2483 7.60519 108.998 219.997 147.692 32.256 22.1841 16.5209 72.3049 17.1592 55.1456 32.3441 62.6493 23.029 12.4003 5.93755 115.436 30.8887 15.2675 84.5473 34.6781 15.6212 119.53 69.6943 63.9035 59.4852 38.123 30.8036 23.5329 14.578 25.4864 12.0737 10.0719 7.25895 49.2662 43.7901 18.0594 25.7306 12.5013 17.5882 22.8015 49.8692 25.2146 10.7617 6.29832 105.042 55.614 40.4314 49.4278 21.6915 16.2291 12.0319 34.9984 29.5965 11.3893 18.2072 11.8048 8.02143 11.3454 49.8357 26.0072 17.0731 8.95493 76.7753 62.0609 58.9918 12.1751 10.6288 7.74967
internal_count=11426 9034 2392 91 3781 5253 2301 251 212 3666 2050 902 1148 3607 809 3249 2171 2063 5174 1473 965 508 93 408 358 305 253 110 115 3701 1078 1883 1234 649 1191 154 111 602 577 557 219 108 112 971 154 123 79 1037 3654 2447 394 262 191 1207 320 887 493 655 322 153 95 2053 436 216 1617 634 220 931 566 524 488 286 232 173 86 338 175 132 108 539 491 189 302 119 143 394 983 372 138 107 995 498 367 497 232 154 113 326 292 136 156 218 142 126 365 202 131 87 1035 861 821 82 169 109
is_linear=0
shrinkage=0.0534619


Tree=8
num_leaves=115
num_cat=0
split_feature=11 12 33 33 34 28 14 5 27 11 2 2 22 30 15 24 28 10 34 2 19 24 14 33 5 25 17 33 10 14 13 9 17 13 18 33 27 24 24 17 30 17 33 29 5 18 8 17 20 17 14 33 10 17 30 19 30 14 14 20 28 23 17 20 11 17 13 13 11 20 9 29 10 34 22 21 20 25 25 15 20 17 10 28 21 20 21 29 15 2 25 29 29 21 22 33 19 18 24 2 20 27 10 28 24 10 28 10 27 28 29 19 28 24
split_gain=70.9898 27.3559 9.42366 7.53565 11.6811 9.048 7.27173 8.10127 8.61972 7.16349 7.40063 8.20355 9.74866 7.4531 7.40279 7.41388 5.84254 9.00994 6.92239 6.58351 8.86776 11.7809 6.09772 11.9563 8.33371 6.32712 5.6877 5.70839 6.26447 5.96232 6.53533 5.51379 6.94914 5.41608 5.30542 5.19247 6.26004 4.77055 6.07926 7.96528 5.19678 4.89423 4.7183 4.64011 5.81394 5.62844 4.59626 4.57007 5.11706 4.55739 4.49143 4.33415 5.57828 7.63713 5.7471 6.18827 4.53941 4.31514 5.50098 6.10158 4.31285 4.29976 4.28537 4.1425 4.1424 4.05952 5.16357 4.04033 3.97297 4.60004 5.34743 8.55288 4.95604 5.08051 4.67987 4.4343 6.67122 5.32799 5.17974 5.27048 5.76207 5.41139 5.26254 4.97298 6.01808 4.86599 4.31546 6.34243 5.8112 4.6224 4.83427 4.27233 5.17034 5.49007 4.24167 4.59873 3.93425 3.82288 3.81013 3.80126 4.55865 3.75512 3.63397 3.62639 3.79004 3.61407 3.60086 3.58453 3.77063 3.5806 4.75566 3.4865 3.42811 3.42024
threshold=0.0012297505421339924 6.7500000000000009 -1.3830897504615582 -0.5945021081747035 0.68333333333333346 -1.2910053064197025 0.011946817236366191 0.34999999999999998 0.021537703092714636 0.053954769690968372 -3.5500000000000003 0.16499999999999918 -5.3767827334872722 -1117.262145814542 475.46421314987498 0.020111944234849414 -0.53564505848180144 0.0076522599805233507 0.88333333333333341 1.4300000000000008 0.7912339926263674 -0.044812688453933207 -0.011623314583131509 2.1850830022009697 0.29999999999999943 4.9607231641601863e-05 -0.36609016575916387 3.1234371680095081 0.010543756437469418 0.041639577383111019 0.050687509376137745 0.0016765350138683896 0.61490623475838169 0.035880740111003888 0.0054695270890408069 1.042142747036108 -0.022650643289063129 0.003941110372322588 -0.013476915826599821 0.53144110310575277 -760.85697825732575 -0.53296267896873328 0.86686625407297357 -614.13678983548277 0.14999999999999999 0.0042683042924678951 0.0044720467520797955 -0.015642873801985781 -0.60500000000000032 -0.64467022441159993 -0.00045547416674900082 0.81622188326757894 0.011440430098643886 -0.39039063637686294 -110.20870268415821 1.1608710084773544 -43.920305719791081 -0.0019817139857750683 0.021078453994099442 0.065000000000000405 -0.42444601897125828 4.7703436718732126 -0.43005414299104489 0.84499999999999986 0.0016042187512795016 -0.53767750860105112 0.0058304684384698482 -0.015184744932521707 0.011719681776462156 0.59499999999999986 0.0035362002552052213 -819.89866033555847 0.009356089284424619 0.8500000000000002 -2.8880729878409968 5686.5000000000227 -1.2099999999999997 -0.0093786574754670653 0.011881655415217242 181.8213102321013 -0.18999999999999859 -0.10387103671086745 0.012237833643415541 -0.27289757087638883 1157.7500000000039 -1.8200000000000018 957.99999999999648 -813.69577278938743 225.18546794677204 -0.10000000000000052 -0.00066143050801303882 -961.83715999717549 -1436.8671568659472 1501.2499999999766 -4.6666931118184491 0.10953537751792701 0.6048642957664524 0.0031537989028510099 -0.029812216822911183 3.0600000000000001 -0.48999999999999927 -0.016045338391385163 0.010174926709292613 -0.0067098513197185444 0.032201663217040773 0.0062185546731682072 -0.71752621938443883 0.0051990004119700011 0.018162165563410885 -0.29922002196528619 -1162.3924737028758 0.58356755722229769 -0.81370969506885837 0.025805644119091035
decision_type=10 2 2 2 10 2 8 10 2 10 2 2 10 10 10 2 2 8 10 2 2 2 10 2 10 2 2 2 8 10 10 10 2 10 2 2 2 2 2 2 10 2 2 10 10 2 10 2 2 2 10 2 10 2 8 2 10 8 10 2 2 10 2 2 10 2 10 10 10 2 10 10 10 10 10 10 2 2 2 10 2 2 10 2 10 2 10 10 10 2 2 8 10 10 10 2 2 2 2 2 2 2 10 2 2 10 2 10 2 2 8 2 2 2
left_child=3 26 33 4 -1 -5 -6 8 -8 10 -4 12 34 -14 31 -16 17 -7 22 20 -19 -22 -18 24 57 -26 35 29 -29 68 -31 37 99 113 50 51 -37 38 39 40 -13 -40 46 -39 -45 96 67 -43 -49 -11 -12 52 53 54 55 64 -56 -24 -59 -60 -57 -51 -20 -54 -2 102 -67 -15 75 70 72 -72 94 -74 -71 77 -77 83 79 80 81 -79 -83 -28 -85 -81 87 89 -89 -87 -91 92 93 -82 95 -70 -46 -93 -76 100 -33 -44 107 112 -105 -88 -21 -66 -109 -107 -111 -68 -90 -3
right_child=1 2 9 5 6 16 7 -9 -10 49 11 14 13 42 15 -17 18 19 62 106 21 -23 23 -25 25 -27 27 28 -30 30 -32 32 -34 -35 -36 36 -38 43 41 -41 -42 47 101 44 45 -47 -48 48 -50 61 -52 -53 63 -55 56 60 -58 58 59 -61 -62 -63 -64 -65 65 66 111 -69 69 74 71 -73 73 -75 98 76 -78 78 -80 85 91 82 -84 84 -86 86 105 88 103 90 -92 97 -94 -95 -96 -97 -98 -99 -100 -101 -102 -103 -104 104 -106 109 -108 108 -110 110 -112 -113 -114 -115
leaf_value=-0.056083105451647727 -0.083351671292067997 0.055045009577915548 0.074208143086648443 -0.077221956267377545 -0.050808005038122155 -0.06770827213505641 -0.036953528549251449 0.048300587073464678 0.065607599777305375 0.0012828881786516356 -0.019737775732637661 0.0018354515022622757 0.038280271981682532 0.013003097686490455 0.017112035869542526 -0.053491031064070022 -0.050566037810208304 0.058836863568076804 0.055746180428774023 -0.069909958078653647 0.056340183561314532 -0.048433260355165673 0.0013565470991453552 0.061360651682020699 0.044640575402982219 -0.036349206292619139 -0.067212598902319676 -0.063465039160113909 0.022931753479812456 -0.058188789983594801 0.037969085228705658 -0.016914379996966277 -0.059144699730536883 0.076454239016180772 0.057714454708670038 -0.0070240186243980445 -0.071566047541388247 0.057428679173083821 -0.04066711183685711 -0.015811570822561644 0.073239253595715634 0.044874503293294607 -0.025251249553305124 0.036232142716857138 0.00462834897210579 0.050353596171776475 0.037663291728583209 0.033245262242237526 -0.043873276287587804 0.070052717900817421 0.037332044024568148 0.046250744674826497 -0.067542214874597717 -0.066288380722516263 0.075706055211464354 -0.015349890749773351 0.011401984666574355 -0.055915160097387034 -0.049928399812069382 0.02401724163007693 0.062429500225408767 0.011927576360926912 -0.021239709674608642 0.015587767804967696 0.0056728450356547241 0.06396696976115783 0.044233614648512741 -0.054631360479084602 0.046922515641511196 -0.023447490630819912 -0.0319119502891691 0.032827317729876425 -0.037175137726452472 0.053374784942221656 -0.033351573600832692 -0.030042799258411152 0.051043956527627977 0.043590726747750816 -0.028842444643611364 0.079353784977535272 -0.031382928314425088 -0.038429795190034172 0.045216943904185521 0.050019029640302991 -0.047391132097233196 0.029912163935818831 0.051662386358932291 -0.044908835438770008 -0.020606337344871693 -0.07221516201212104 -0.020751271476841825 0.044894998464745851 0.08391806483917158 0.069098456332281011 0.053574459542013675 -0.051104060271032259 -0.074996189751148731 -0.02328515174887737 0.041735459975899204 -0.024673158376118796 0.038484841950065532 -0.075595340999760674 0.031328227431625562 -0.00080509148382433343 -0.076991541084855286 -0.027061417668766123 0.0050372966668711947 -0.025160629443480045 -0.078674867505014859 0.079265688410793914 -0.0038298396881525621 -0.045629872127010425 0.028958342210381762 0.0071512032699731541
leaf_weight=46.982697346247733 2.4282078691758207 8.1625494640320593 5.8969755349680772 7.0136463632807127 11.087045125197617 4.4577493630349627 13.548498750664299 7.2945738080888978 2.791886447928845 5.4207859393209246 8.9972804710268957 3.883019990287722 5.2976445835083714 4.2218982046470046 9.752452330663802 7.4752454962581387 22.376628000754863 12.116220903582876 4.9689290020614862 3.5282003628090024 5.1852593123912829 7.3890824066474998 7.8123997431248426 4.9495439063757649 7.5406699008308333 4.2954903179779649 6.2851207256317139 7.1536023896187517 3.57107923552394 8.0170753430575115 2.6639986615627995 5.7599123623222193 4.335975218564271 12.580086823552845 8.3443067222833616 8.9706172738224286 8.2268668748438341 21.639157742261887 7.1897530201822546 6.2523641688749185 11.694391184486449 6.9907569075003329 9.032752778381111 47.414775390177965 3.5688625331968051 3.1892899423837662 4.4083249252289525 4.2184793520718848 5.7839812403544695 15.57115782145411 6.950828360393646 4.3070972673594943 7.0242910021916014 5.0484422869049004 4.4503282131627193 3.2191503420472145 10.500006806571035 26.616125614382327 6.3561178743839246 6.325116116553545 5.4411683268845064 4.7736667469143859 3.4871046142652613 2.2418592590838671 6.2060225382447234 4.0240267133340293 1.8195933969691394 6.183747813105585 2.9231458175927427 14.327205393463375 10.67772763874382 12.757551087532191 4.721329689025878 2.7805103687569499 2.5166203584522009 3.8939357278868547 11.059916162863372 5.3105318695306805 13.806033737957476 2.0549562172964206 3.0556579604744902 9.9685116438195092 2.7010474130511275 3.3396949321031553 3.8709955215454102 3.197816805914047 6.4290159335359958 6.4442300610244407 4.7658669510856155 7.9073720248416128 15.364917727187256 4.5818673204630631 8.3685498405247909 3.0860845390707254 26.475995746441185 2.5015490595251322 3.4725241763517261 4.7455157488584518 7.9132013488560897 5.8629682082682839 15.878346310928464 8.0519836507737619 3.165523136034607 12.935478801839063 2.1423565987497559 6.2077991012483844 3.7507028281688681 12.517334753647448 5.389908396638929 3.0434998981654644 5.4292258908972109 3.6368934540078044 23.586013480089608 8.9137708432972413
leaf_count=633 25 68 46 75 269 54 263 90 57 25 59 36 46 47 79 62 287 68 38 45 19 87 74 20 101 82 106 102 35 101 48 54 35 83 66 135 165 219 37 44 103 79 73 359 51 27 53 42 54 102 51 64 138 80 101 30 150 329 72 48 76 54 53 32 108 54 49 70 52 231 141 183 99 52 52 53 162 62 254 43 48 140 30 59 71 76 129 90 64 158 335 48 55 35 373 29 36 48 127 59 145 63 38 231 29 120 34 214 63 82 97 66 342 61
internal_value=0.000601729 0.00904926 0.0212761 -0.0258417 -0.0387134 -0.0182204 -0.0151696 0.00159969 -0.0193067 0.0181002 0.0152382 0.0137511 -0.00303596 -0.0202327 0.0196711 -0.0135682 -0.0150421 0.00314892 -0.022037 0.0131042 0.0262747 -0.00517706 -0.026563 -0.018129 -0.0248422 0.0152148 -0.000239598 0.00350276 -0.0347066 0.00496172 -0.0341427 0.0233187 0.0034418 0.0498578 0.0232806 -0.0113408 -0.0379997 0.0283656 0.0146495 0.0350764 0.0554978 -0.00381159 -0.0299896 0.0363129 0.0283504 -0.00816504 -0.00786376 0.0118325 -0.0113337 0.0448838 0.00515849 -0.00569272 -0.00861777 -0.00328993 0.00181106 -0.00723096 0.0307008 -0.0349133 -0.0421212 -0.0130761 0.0335651 0.0564699 0.0240328 -0.0474355 -0.0162746 -0.0117557 0.0183204 -0.0272325 0.00650716 0.0158727 0.023559 0.00332104 0.0355773 -0.0034932 -0.00363775 0.0020353 0.0298974 -0.000441168 0.00236418 0.0054208 0.0213373 -0.00151104 -0.0205022 -0.0326103 -0.00223088 -0.00127255 -0.00300538 -0.00892271 0.00230469 -0.0300536 -0.0383354 0.0385504 0.0566621 0.0192052 0.0447621 0.00165303 -0.0348206 0.0102415 0.0235483 0.0133846 0.0237284 -0.049105 -0.0222243 0.00934763 -0.011811 0.0183659 -0.0314548 -0.0292994 -0.0414124 0.00367656 0.0262334 -0.0155377 0.0206052 0.030126
internal_weight=908.244 688.37 297.17 219.874 81.7047 138.169 34.722 23.635 16.3404 267.514 241.748 235.851 61.4888 37.1964 174.362 17.2277 131.155 36.4272 94.7281 31.9695 24.6906 12.5743 86.2721 63.8955 58.9459 11.8362 391.2 292.583 10.7247 281.858 10.6811 157.135 31.8372 29.6564 24.2924 98.6173 17.1975 125.297 46.0127 21.8298 15.5774 24.183 31.8987 79.2846 57.6455 10.2307 14.814 16.9932 10.0025 25.7656 15.9481 81.4199 77.1128 67.8466 62.7982 47.8478 14.9503 47.1098 39.2974 12.6812 8.66032 20.3448 8.45603 9.26615 39.1875 36.7593 9.48051 10.4056 271.177 87.5948 62.8378 23.4353 39.4025 7.50184 24.757 183.582 14.9539 168.628 155.132 141.326 41.8178 17.9801 12.6696 13.4958 7.21069 99.5085 97.4536 76.3441 49.8739 26.4701 23.2723 23.8377 14.5103 6.14174 31.9007 5.42469 7.04139 9.32738 10.4298 27.5012 21.6383 17.0847 27.2788 43.4297 15.0778 21.1095 7.2789 24.1133 17.9072 14.6805 8.47273 5.45649 28.3519 17.0763
internal_count=11466 8668 2488 2798 1312 1486 679 410 320 2276 2095 2049 528 352 1521 141 1411 307 1104 253 174 106 1013 726 706 183 6180 4592 137 4455 149 1380 293 212 176 1588 300 1087 395 183 139 212 306 692 473 114 170 175 96 181 110 1288 1224 1054 974 723 251 523 449 120 106 156 91 170 617 592 169 117 4306 1339 929 324 605 151 410 2967 215 2752 2516 2262 466 232 170 236 130 1796 1753 1325 756 569 493 234 138 83 454 81 87 96 179 258 199 136 423 666 260 428 79 385 277 299 179 115 406 129
is_linear=0
shrinkage=0.0534619


Tree=9
num_leaves=115
num_cat=0
split_feature=11 12 26 33 11 5 33 34 14 5 31 14 23 3 24 17 24 31 16 34 4 0 20 33 3 19 33 17 18 0 32 24 7 33 33 5 8 13 14 16 31 13 32 29 25 29 29 3 3 25 19 3 0 31 23 31 25 9 31 0 23 7 34 18 32 17 17 3 19 8 24 23 31 26 5 18 24 33 19 4 7 24 19 24 8 8 32 23 18 23 23 31 29 23 8 0 24 22 17 8 3 0 17 3 12 32 19 25 18 19 22 33 33 13
split_gain=56.7955 18.327 10.5335 8.77119 8.13841 8.7483 7.38896 10.6421 7.13408 7.14075 6.97695 6.88401 6.86079 6.37228 6.46521 5.88985 5.96121 7.39289 5.68752 5.36563 6.16165 12.2513 7.34515 9.6382 7.19836 8.41812 6.70426 8.5673 5.44208 5.7485 5.29446 5.2772 7.33504 5.61814 5.4434 5.18247 5.16008 4.95343 4.8426 4.60226 4.57022 6.81758 5.30204 4.48266 5.10922 4.57944 5.67138 4.4542 6.49462 4.43817 7.08394 6.62769 6.44957 5.68736 4.81164 4.74073 6.77378 6.22393 5.4046 4.95681 4.52718 4.45498 4.39878 5.18841 5.37991 6.902 5.62444 5.39919 4.39839 4.27454 6.71077 4.87103 4.53239 4.09691 6.72937 4.05433 6.06836 5.48792 3.9296 5.16027 4.93815 3.89088 3.8865 4.37494 3.82796 3.797 3.77894 3.88362 3.50588 3.49106 3.81077 3.42663 3.3493 3.34156 4.22305 3.38241 3.32859 5.35975 3.34669 3.60469 3.29336 3.29121 3.27515 3.21424 3.20793 3.15251 4.73746 4.10635 4.40662 3.09966 4.77511 4.32066 3.09524 3.35991
threshold=0.0012903060640741678 6.7500000000000009 0.10150794253760505 -1.3830897504615582 0.03445146469320929 0.12500000000000069 -0.55399956929062133 0.68333333333333346 0.011946817236366191 0.32500000000000023 17.773613448534377 0.012153415512344988 6.1456414123713961 0.10976977245600673 -0.045764786088564539 0.57833222124332762 0.0092541487773418769 27.87753155728635 0.048014491055295767 0.95000000000000007 2.5000000000000004 0.19122437304441223 0.88500000000000079 2.7861819477674201 -0.11069933370026312 0.7516359608272779 -0.40349871789294639 -0.28231556962260607 0.0047841269294510097 0.079531656229650319 0.41928571428571432 -0.016784681161255751 6.7500000000000009 1.3221104722026988 1.5578992822394515 0.59999999999999987 0.0081964341686093112 0.035880740111003888 0.0024363231227976239 -0.029829267061149464 23.302024336710481 0.031839034855840047 0.93833333333333357 -3251.669779909515 -0.013566155390305699 -757.39443346025985 -2201.9702520720698 -0.033642764065501256 -0.0092677294020219163 -0.0034049398357926526 0.49176572644616307 -0.045888114859210953 0.28765036354377976 59.765270433710661 1.5118310693761658 65.821517424968206 -0.0014414021700026589 0.011140085939304616 126.88226938242779 -0.30485862651560319 1.6978685596228709 1.2500000000000002 0.58333333333333337 0.0070260828990708199 0.59309523809523823 -0.33215849258892211 0.60533725502509739 0.0084179714846254212 0.44234150923699711 0.0038708898410531414 0.024748799709132911 1.1430445821401543 43.176717088696599 0.13660036238417192 0.20000000000000065 0.0023786765212788245 0.015431861302267371 -0.5945021081747035 0.65251867485944592 6.5000000000000009 1.7500000000000002 0.048320529504899297 1.2450544333749078 0.033254647062506811 0.0068304684935527795 0.011017437994700648 0.48857142857142866 0.63165814786108732 0.0046776566353232312 1.6561187702854465 2.2736152168454429 101.11076587829784 -493.81809172473481 2.0783861241045791 0.012858386976262294 -0.06687910096108117 0.022563236940057022 -3.7923512567853437 0.022611815630259924 0.011336958336113633 -0.035869570854038739 0.1778583559815399 0.32194907240113652 0.028466375530168512 2.2500000000000004 0.50023809523809548 0.62597604774982962 0.0052502630824934346 0.0029778092540263539 0.66936934444051077 -2.5474361657894891 -0.25787003870964204 0.090053335016747796 0.029251758529442198
decision_type=10 2 2 2 10 10 2 10 8 8 10 10 10 2 2 2 2 8 8 10 2 2 2 2 2 2 2 2 2 2 2 2 2 2 2 10 8 10 10 10 10 10 2 10 2 8 8 2 2 2 2 2 2 10 10 10 2 10 10 2 10 2 10 2 2 2 2 2 2 10 2 10 8 2 10 2 2 2 2 2 2 2 2 2 10 10 2 10 2 10 10 8 8 10 10 2 2 10 2 10 2 2 2 2 2 2 2 2 2 2 10 2 2 8
left_child=6 13 -3 37 5 15 7 -1 -9 11 -6 -10 38 14 18 40 17 -17 -2 20 21 91 23 24 25 -22 -26 28 29 -28 -12 32 33 109 49 84 -30 39 88 -4 41 -5 69 -15 -45 46 -46 102 -49 50 -33 53 54 -52 -53 59 85 58 62 -51 -56 -60 -58 64 81 67 82 68 -66 71 86 -42 -72 74 -59 76 77 -61 80 -80 -77 104 83 96 -35 -57 87 -71 -7 -48 -91 -8 -75 -62 95 -95 97 -67 -99 -100 -73 -27 -40 -89 -64 106 107 108 -106 -16 111 -111 113 -50
right_child=1 2 3 4 10 12 19 8 9 -11 30 -13 -14 43 31 16 -18 -19 -20 -21 22 -23 -24 -25 26 101 27 -29 36 -31 -32 34 -34 35 -36 -37 -38 -39 47 -41 42 -43 -44 44 45 -47 89 48 112 55 51 52 -54 -55 60 56 57 73 61 75 93 -63 63 -65 65 66 -68 -69 -70 70 72 100 -74 92 -76 78 -78 -79 79 -81 -82 -83 -84 -85 -86 -87 -88 103 -90 90 -92 -93 -94 94 -96 -97 -98 98 99 -101 -102 -103 -104 -105 105 -107 -108 -109 -110 110 -112 -113 -114 -115
leaf_value=-0.053718410563572114 0.059554541130719098 -0.06404133101160088 -0.0025806746673767591 -0.045618846773767922 -0.029121639229505145 -0.0084506268318173053 0.013828659241992912 -0.04996463301868468 0.078635644519549297 0.045953475710230285 -0.01615090669698574 -0.03088511376508744 -0.047315145274559711 0.033246745563343359 -0.078030640076796984 -0.084420886123200506 0.019048826462831962 0.0042179556734378322 -0.02479493711773377 0.046068536931451493 0.052231468075390475 0.040095542533935144 -0.049042903588317519 0.053235155374130601 0.018437514194275806 0.0041089442510714724 -0.017537240461703144 -0.055619449342572964 0.0069239054809291448 0.061359293222154415 0.039592500527842182 0.076986292200935863 0.046467344380246703 0.022386807697388423 -0.051931616322616121 0.060330511045799819 -0.0686319416341091 0.074840597161703881 -0.049566557356842039 0.054475258598940195 0.07324889144121001 0.032229666155380185 -0.013960671992299804 -0.05092940891139483 -0.064563693870693703 -0.058857471351231809 -0.037490856833550495 0.068895457423212972 0.043388106161707386 -0.027086864463753357 -0.014346861017516274 -0.037969718058643874 -0.06946140049241778 0.072288903244365404 0.07407204748361404 -0.013529099168495345 0.069802891048347054 0.06746426391864338 0.0061055018656785524 -0.057769054069280276 -0.025992232332853082 -0.067453315511039558 -0.063869441540333249 -0.05665776085890676 0.024143826405608797 -0.034301672605041522 -0.033503883803016013 0.050142998934454806 -0.05755301735283077 -0.032191096679510936 -0.047104868106966798 -0.0013616837913466855 0.024590474447438483 0.064131518807882204 -0.045439676101351731 -0.032611666993859638 0.02395999380354755 0.02479572000213983 -0.026074421124645863 0.028471148932164691 0.051123415353468822 0.056168697365137674 0.094587473459283963 -0.0083424643127913787 -0.040195460177228089 -0.071036420782931362 0.051533671858485522 0.059426325101327129 0.043370525033549948 0.055430163608774626 0.0021655708790175713 -0.052198100217122213 -0.0012174204320577568 0.0013192483001165042 -0.040191844492003172 0.0517454252477638 0.073492631130327807 0.089491008682990592 0.052977577567916927 -0.020400986330684337 0.043555633556471372 -0.067491268433929413 0.0090102318783620416 -0.007765571733690726 0.043005494506196729 -0.035843061074912842 0.055388523582283883 -0.046386292066156971 -0.04910756021323498 -0.073851084323911936 -0.05484108919232044 0.014308991666419323 -0.044136057087551347 -0.028740787474772246
leaf_weight=44.823605550453067 9.9316838637460005 4.3123083645477882 7.2740199463441995 6.172425617463885 5.0866676643490782 5.7611299734562662 3.0332710733637223 10.621058281743897 1.8261762070469583 7.4197422424331299 5.2325373776257029 13.591453824657945 9.9563639815896732 4.4953574091196051 4.5867526521906283 4.7253871923312554 13.079775115475057 6.1604777686297902 2.937245709821581 3.835309092886745 7.4825228080153448 13.640583474189041 24.653833502903581 5.3805942684411994 7.2924465630203477 4.0685903113335371 6.1654391172341985 28.329837868921462 4.3522656150162193 4.557224940508604 66.155090960673988 5.4386882549151769 4.8498442703858009 4.7398846009746176 4.7512686029076567 3.4292539833113542 6.2837967555969962 11.625540072098373 9.9613070003688318 9.0301486039534229 12.533397344872354 6.6256112614646554 7.4559370148926964 12.873244166374205 3.6012276532128453 4.816250296309593 4.0932404892519179 3.7647790601477018 4.0317443171516087 7.9901510821655384 2.9419550960883489 5.2394379717297843 3.2692713551223269 8.0254389764741045 3.5145502081140902 7.0655717784538847 2.3941176906228057 2.2995948605239418 3.5944045297801477 7.0472941510379314 5.7619387283921268 6.7259361636824906 4.2288628341630128 4.8342170272953799 2.4361113198101432 3.2834147820249155 4.2060092659667125 2.3897023140452793 7.9647895819507539 3.8727821884676841 5.8412353224121008 6.2271058000624206 4.3746537026017913 8.7230263398960215 4.2115608798339963 2.2100598397664752 12.669410740956662 3.3774654613807815 7.2497954806312945 15.462609953247009 19.924547067843378 1.9611750179901708 2.5787184927612534 7.5600211070850483 6.6904729437083006 6.1366286426782608 15.662306120619176 4.9884654521010798 10.474851035512982 5.2310281875543323 14.16791029833257 8.4405627343803644 3.0052928528748444 6.4242853792384293 2.7499021268449715 9.30045044608414 5.7710126917809239 3.1458738716319399 4.8686934048309922 3.1052847374230623 18.474337011575699 3.2919693747535348 3.7320204474963257 3.3994242679327726 4.6897299271076971 11.161110457498578 3.5374595765024415 5.9779839823022485 2.1251270584762096 1.937253126874565 10.296009385958312 8.0581010626629013 4.8362412182614207 3.3386908732354614
leaf_count=657 235 52 40 50 63 78 40 280 22 91 33 313 93 42 60 32 92 57 28 35 48 71 321 21 72 51 73 408 65 50 560 113 74 62 79 47 86 82 106 87 70 49 38 219 62 67 87 35 38 126 38 118 39 112 34 139 12 54 39 89 97 127 97 98 26 39 120 59 152 47 56 73 48 94 72 46 182 48 111 247 316 19 21 135 112 140 153 60 91 78 234 103 48 92 53 120 92 43 74 63 141 36 41 32 112 198 82 105 35 30 192 156 42 44
internal_value=0.000547511 0.00829982 0.01851 0.0197913 0.0166339 0.0102849 -0.0237054 -0.0366966 -0.0138527 0.00299377 0.0311856 -0.017737 -0.0071781 0.0004581 0.00320864 0.0184418 -0.0052466 -0.0344133 0.0402757 -0.0159212 -0.0178083 0.00589808 -0.0236547 -0.0155249 -0.0207041 0.0124254 -0.0293388 -0.0363622 -0.0107585 0.0160849 0.0354982 0.00165411 -0.0153458 -0.0229316 0.00453492 0.00307067 -0.0377915 0.0482034 0.00155849 0.0290676 0.0243795 -0.00533135 0.028972 -0.0174328 -0.0225476 -0.011045 -0.00246779 -0.0112827 0.00789002 0.00558071 0.0194241 0.0127339 0.00169868 0.0490698 0.00882874 0.00203637 -0.00416287 -5.27341e-05 -0.00536666 0.0126467 0.0177102 -0.0418962 -0.00107503 -0.00308479 0.000137369 0.0117612 0.0241866 -0.0217337 -0.038387 0.0332256 0.0206066 0.046112 -0.0164148 0.0285989 -0.00537936 0.0173344 -0.000860906 -0.0310148 0.0266994 0.0110397 0.042714 -0.0161807 0.0322286 0.0262999 -0.0142455 -0.040401 0.0341598 0.0118614 0.0249989 0.00713815 0.0166184 -0.0347446 0.0474278 0.00942492 0.0205095 0.0312067 0.0392787 0.0253982 0.0430962 0.0244266 0.0322431 -0.0280861 -0.0336128 0.0322713 -0.020722 -0.0139983 0.000974491 -0.0141863 0.0141457 -0.038448 -0.0293604 -0.00298848 -0.0110764 0.010719
internal_weight=863.322 654.231 284.167 279.854 251.925 175.45 209.09 78.282 33.4584 22.8374 76.4743 15.4176 55.8571 370.065 320.786 119.593 23.9656 10.8859 12.8689 130.808 126.973 25.1144 101.859 77.2047 71.8241 14.8431 56.981 49.6886 21.3587 10.7227 71.3876 307.918 44.5876 39.7377 263.33 14.8596 10.6361 27.9297 45.9008 16.3042 95.6277 12.798 82.8296 49.2783 44.7829 31.9097 27.0934 29.6648 15.9715 258.579 52.6659 47.2272 36.2598 10.9674 32.9906 205.913 129.981 116.779 98.5398 75.9313 27.7511 10.3203 88.2194 85.8253 80.9911 47.3096 34.519 12.7906 10.4009 75.3737 38.1389 37.2348 10.2159 18.2395 6.51116 67.9412 23.0942 10.4248 44.847 22.7124 22.1346 33.6814 30.313 27.7343 11.4304 13.2022 27.923 12.2607 16.236 23.4922 19.3989 11.4738 11.7283 24.2366 18.4746 15.7247 20.1743 14.4033 11.1199 7.97398 24.7014 7.36056 13.6933 8.38789 31.7203 27.4914 16.3303 12.7928 6.81486 24.8781 20.2914 9.99535 12.2067 7.37044
internal_count=11466 8623 2483 2431 2222 1566 2843 1363 706 426 656 335 568 6140 5351 998 181 89 263 1480 1445 214 1231 910 889 135 754 682 274 123 593 5088 733 659 4355 221 151 209 475 127 817 99 718 789 747 528 461 306 159 4276 816 703 553 150 514 3460 2295 2016 1748 1165 396 166 1582 1570 1472 824 587 237 178 680 396 284 104 268 126 1039 319 137 720 358 362 648 467 446 174 279 292 139 169 399 312 143 142 362 265 212 311 219 180 137 214 87 147 92 629 532 334 252 147 438 378 186 124 82
is_linear=0
shrinkage=0.0534619


Tree=10
num_leaves=115
num_cat=0
split_feature=6 33 12 27 10 6 16 15 2 15 26 14 28 18 6 28 15 6 15 14 6 28 26 28 14 14 26 1 2 16 7 18 25 9 33 15 6 24 24 10 18 21 15 28 28 8 10 16 28 30 3 30 21 33 30 30 30 25 14 6 16 2 28 25 23 6 24 27 16 16 14 33 10 23 8 6 34 18 5 24 3 18 3 32 33 21 32 16 10 33 16 25 3 18 34 33 32 6 10 8 16 14 1 24 10 23 25 24 10 1 24 14 30 1
split_gain=29.8363 14.1783 12.3962 8.88682 6.49968 6.10082 6.0693 6.643 7.32626 8.23509 8.39393 6.05235 6.67297 9.24208 7.02817 6.95853 7.34236 6.66238 5.95355 7.91757 5.92733 5.32445 5.32321 7.64474 7.20599 9.91002 7.19191 5.37792 5.27537 4.98316 5.06548 4.97882 4.91904 4.7622 5.75112 4.66026 4.51831 4.49473 6.21995 4.48081 4.69835 4.48044 4.43896 7.77635 7.38376 4.40526 4.34685 4.30984 6.51748 6.22083 7.79788 7.09356 8.08693 7.98094 5.58936 5.31769 6.10182 7.2578 4.73851 4.73635 5.5174 9.89979 4.86295 4.71199 4.42315 4.41743 5.05965 4.2894 4.68418 4.1041 6.31849 6.58146 6.89833 4.02605 4.01137 4.0006 6.14033 3.92116 3.89117 3.88602 3.877 4.91009 3.80812 3.74153 3.72319 3.66453 3.65472 3.62464 3.611 4.67418 3.90052 3.57405 6.20894 3.47495 3.4169 3.39665 3.38302 3.34757 3.31895 4.42464 4.40666 4.70987 3.31572 3.23966 3.19602 3.13402 4.46042 3.13106 3.12646 3.09805 3.6708 3.09035 4.46845 3.08668
threshold=0.029850746268656737 -0.34188804067295758 4.2500000000000009 -0.0095789793554815188 0.0012241073037484278 0.025823122447278444 0.12822064429074156 75.920756738204773 3.0600000000000001 160.57377508611572 0.17332753630180578 0.03087400429663759 -0.12675567325516504 0.0072894377992226648 0.086956521739130474 -0.43387836778118272 180.77584910047239 0.066666666666666777 259.18726244468127 0.011850193662963264 0.055045871559633031 0.024952989202351752 0.12510885120040097 -0.95375111372052479 -0.0016050329126898325 -0.0080251263600241134 0.12446230577612248 0.099600604196717804 2.5750000000000006 0.16272692363608124 2.7500000000000004 0.0028996686258856777 0.002453167972125692 0.010198314187076873 -0.33456337657093466 241.80116197747677 0.018750183107256981 0.010612674971859472 -0.0072471278585756185 0.0044142654350726139 0.0055684856551650634 6713.2500000000082 178.79233796322231 -0.28245091329409827 -0.63384438214123984 0.018425832178968541 0.0015324115146453311 -0.044368613883394685 0.70235696223171862 -536.75783200730211 0.028466375530168512 -347.59791541789917 471.49999999998641 1.042142747036108 -612.66268928143234 -219.20214523315576 -365.02280340486055 0.0020913707461718283 -0.00023547659357187054 0.074074074074074028 0.020905621636543862 0.46999999999999981 -0.66450434294857719 -0.0082451942470460598 4.7160135419322238 0.18301435406698571 0.012223494179216201 0.014720704809817577 -0.059469290023539227 -0.10236481932226453 0.031785370740015036 -0.030135513593926463 0.0073472182393345816 1.6312299034590843 0.0063501800482057445 0.037735849056603793 0.91666666666666685 0.0045330577766401628 0.20000000000000015 0.029490277241488453 -0.083442700796608246 0.0071657245514211683 0.03610090017137136 0.44500000000000001 0.71604968206125108 3163.9999999999877 0.39738095238095245 -0.0030479583664979044 0.010998595137993726 1.7575991204989168 0.023709303296421517 0.0055293441748417447 0.025659149434232757 0.0074535978783116684 0.78333333333333355 -0.069678454362931033 0.42071428571428576 0.1144115796098176 0.0023652274507270626 0.0039330294762959907 -0.0021257560935665771 0.021078453994099442 -0.065771740943271914 0.016226671226708737 0.0057097655499349512 0.50362732806116572 -0.0089673232556212717 0.001290220021008093 0.0055086696437861475 -0.061223715092645174 -0.02352074462821124 0.0024363231227976239 -771.67615774384956 0.053577792380227758
decision_type=10 2 2 2 10 8 8 10 2 10 2 10 2 2 10 2 10 10 10 10 10 2 2 2 8 10 2 2 2 10 2 2 2 8 2 10 10 2 2 8 2 8 10 2 2 10 10 8 2 10 2 10 10 2 10 10 10 2 10 10 10 2 2 2 8 10 2 2 10 10 10 2 10 8 10 10 8 2 10 2 2 2 2 2 2 8 2 10 8 2 10 2 2 2 8 2 2 10 10 10 10 8 2 2 10 10 2 2 10 2 2 10 8 2
left_child=1 3 6 5 32 -1 7 -2 11 -10 45 12 13 15 18 16 33 -18 19 20 31 -21 26 -24 25 39 35 37 96 30 105 -14 -4 34 -9 42 93 38 85 -25 -41 -29 43 44 -3 104 82 48 49 50 54 52 -51 69 109 56 59 83 -59 62 78 97 -49 -64 -52 98 -67 68 -16 70 71 72 74 -63 -53 -65 -77 84 -61 -38 -27 -82 102 -58 91 -26 -20 -45 89 -42 -90 92 -19 -5 -70 -40 -17 -62 100 -100 101 -57 -32 -68 -11 -6 -107 -71 -37 -48 -111 112 -33 -109
right_child=2 22 4 36 29 -7 -8 8 9 10 -12 -13 14 -15 67 28 17 77 86 21 -22 -23 23 24 27 80 -28 41 -30 -31 46 111 -34 -35 -36 108 79 -39 95 40 88 -43 -44 87 -46 -47 47 55 -50 51 64 53 -54 -55 -56 65 57 58 -60 60 61 73 63 75 -66 66 103 -69 94 107 -72 -73 -74 -75 -76 76 -78 -79 -80 -81 81 -83 -84 -85 -86 -87 -88 -89 90 -91 -92 -93 -94 -95 -96 -97 -98 -99 99 -101 -102 -103 -104 -105 -106 106 -108 113 -110 110 -112 -113 -114 -115
leaf_value=0.061536809667372593 0.035298775859387045 -0.018841518983673897 0.014863101489605939 -0.053749469168306981 -0.012134076602102278 -0.026738034297078946 -0.065339496618889756 -0.068405301282940256 0.074733302227092374 0.037341615636388201 -0.046104580176572776 -0.062343772398535537 -0.069131134163182159 -0.070486430822284618 -0.051426386577393214 0.022725559582274953 -0.048559188485099582 -0.061976513862479668 0.037730487753204436 -0.038679249043869893 -0.05464083702580632 0.061363837168960191 -0.062096499973787272 0.0569388977797637 0.029769211279375613 0.079967748635919073 0.050907677431184309 -0.0087885136464722329 0.029103752340480224 0.066749442485675173 -0.02496777652807701 0.001383820301401192 0.06736060585690945 0.061624141618273807 0.021994707271068906 -0.0009225260484214716 -0.005983690973144367 -0.03785095002442921 -0.0050859235890524501 0.011051963857436967 -0.034948225203611544 -0.076213203699846591 0.049511599119307845 -0.0073335693694597777 0.057983049418606568 0.060096840058611531 0.016331354300510505 0.041755427510727867 0.060927727292289999 -0.063442995955928672 0.072467047290682943 0.0094292208671257881 0.022390513668574946 0.068073279426873912 0.04992083977946269 -0.0044555761865565776 0.00189076225614114 -0.040931848980573254 0.028250371379375212 0.057410789273961621 0.05684598819742593 -0.084699548545941236 -0.041062055262315773 0.054500148369952622 0.0097586170130599652 -0.052871368915431587 0.063132906118962273 0.06582932545587708 0.05894437950428693 -0.056771003891459872 -0.049965062907657051 -0.037768334882314999 -0.027678622505539131 -0.010911341080495737 0.068230609341724827 -0.022481317771201506 0.035840114001376544 -0.050067999400406259 0.020943606922696964 -0.050762456715876397 -0.023932047529369962 0.061167546714761913 -0.052061866401625002 -0.049216395737893041 0.074997777891341849 -0.048147675724090108 -0.044914729808001402 -0.07463172977672311 -0.070003137696644097 0.050653592578819739 0.0016321986109193161 0.058687344476600921 0.042738829360136468 0.014900895712023609 -0.0049111605271863947 0.067503146567527622 -0.047162010756890672 0.0078054796111927064 -0.01896593828255828 0.025989339001197518 0.065268190920351826 0.0550709835014421 0.033929509177605573 -0.0051662833577219187 -0.052730563993959853 -0.011710488074796448 0.061385706326570269 -0.0032853959116636178 -0.078886268280613167 -0.0080478799259895151 -0.080682854106864918 -0.037123137439778374 0.078291135982681059 -0.044265306848424037
leaf_weight=4.2617325484752628 11.778053013607858 6.8462665788829327 10.38390967436135 45.130261080805212 3.0739235831424621 4.628116781823338 4.6103213047608724 2.3780551692470935 6.1442430736497071 2.1364585468545574 6.3017127313651136 6.1028226809576145 1.9816369330510557 8.5779594886116666 2.5181013601832101 2.1392860189080372 11.519570054020734 3.7496811570599657 1.70735369529575 1.80998000409454 6.5493960492312899 8.720895210746674 8.4239184744656068 2.5989902894943944 2.3842166829854223 5.318546106107533 9.1682995874434692 4.217608600854871 3.4377968544140449 4.317806568928062 6.3011643746867785 4.7889206595718861 10.057867022231219 6.60431845486164 11.935927391052237 2.599755427800118 15.475903352722527 11.293148075230418 2.9372200025245547 11.650465599261226 5.0105838198214796 8.5386050846427679 5.5424271160736671 4.4707807917147875 7.4081803467124718 6.2837324170395732 3.5562623767182222 6.7272783974185577 4.9244703138247123 11.841501539573075 8.5560440253466332 4.8550969734788039 4.2374782096594563 4.3784879259765139 3.738811448216441 8.2470990270376223 5.8019042657688287 3.550381792709234 13.342814835719762 15.19899905938655 6.9292031750083032 3.6003290191292736 9.0127010289579612 3.7362494440749314 5.1658387221395978 4.3008328378200522 2.9290062580257636 6.8538886774331322 5.2333112191408864 5.0499010737985364 4.3370288070291272 4.5565199414268127 4.143896077759563 5.0836398303508767 10.553582109510897 16.839476560242478 7.3917528036981812 2.8272543968632808 18.734975388739258 8.6052078492939454 3.6778929159045202 4.0157030578702688 6.1115085901692501 13.810555185191332 2.642023147083818 5.9868945777416238 12.6292129708454 4.6747128143906611 8.3019953193142992 2.8137086015194654 2.930597534403204 2.3791958456858993 2.7876421166583896 2.1916983388364306 4.3720977306365976 4.8667633906006875 23.103038650006056 9.3225053986534459 7.2060183417052022 46.140211066231132 13.112780681811271 6.9902756148949257 4.7607315736822793 5.9669176787137985 2.2945055766031146 2.957113008946183 12.017709508538241 25.850346460938454 3.3566312026232481 4.0958259962499133 3.8517717933282256 1.9940971457399417 3.9001454538665694 6.5589917581528416
leaf_count=59 144 46 66 738 35 65 88 45 64 39 168 112 36 192 42 50 270 67 44 55 139 153 116 43 50 33 43 84 62 60 47 96 61 58 196 26 305 193 44 146 90 106 51 36 39 82 82 82 61 110 125 49 50 29 36 64 63 41 153 134 63 23 116 63 68 59 15 95 65 64 44 48 39 75 93 209 99 48 250 181 54 21 53 176 36 94 329 56 124 66 30 40 43 27 80 53 490 84 54 748 100 40 47 91 46 34 170 318 56 47 50 64 50 65
internal_value=9.2455e-05 -0.0168057 0.00619915 -0.0346873 0.0114112 0.0156512 -0.00499815 -0.00350579 -0.00610468 0.0218945 0.00267961 -0.0103417 -0.00816792 -0.0180245 0.00497571 -0.012029 0.000675418 -0.0183337 -0.00673561 0.00690527 -0.0135099 0.0440771 -0.00647126 -0.0135959 -0.00884742 0.00552603 0.00887843 -0.0253908 -0.0327471 0.00988234 0.00924484 0.00785413 0.0407793 0.0242126 0.00682069 -0.00220456 -0.0409615 -0.0120296 0.00603883 -0.00993367 -0.0156634 -0.054026 0.00667021 -0.00353797 0.0211261 0.0314469 0.00789796 0.00917223 0.000944851 -0.00163529 0.0197874 -0.00882726 -0.0408151 -0.00148877 -0.00652877 0.0133993 0.00673755 -0.0120225 0.0136417 0.0134172 0.0233106 0.00420028 7.99626e-05 -0.0075345 0.0489641 0.0231551 -0.00552274 0.0321434 0.0129375 -0.00615003 0.00914952 0.0198532 0.0333366 -0.0417625 0.0497824 0.00330813 -0.00465585 0.00592762 0.0373286 -0.0220471 0.0450172 0.0205553 -0.0183394 -0.0341177 0.0197588 -0.0259054 -0.0349872 -0.0419193 -0.0319916 -0.00404926 -0.051362 0.00311894 -0.0173164 -0.0505576 0.0299651 0.0402784 -0.0412079 0.0288094 0.0277895 0.0199049 0.0425731 0.0229163 0.000399229 0.0174869 -0.00932667 0.0368759 0.0469501 -0.0177691 -0.0451085 -0.0249939 -0.0434904 0.0223477 0.0361163 -0.0116265
internal_weight=826.329 219.327 607.002 80.2929 414.209 8.88985 192.793 188.182 176.404 23.1607 17.0164 153.244 147.141 84.0817 63.059 75.5038 46.8237 25.9054 44.0816 29.7451 19.2142 10.5309 139.034 94.9669 86.5429 46.3185 44.0671 40.2245 28.6801 393.768 389.45 12.6648 20.4418 20.9183 14.314 34.8988 71.4031 27.4682 16.1751 33.3063 30.7074 12.7562 28.9424 23.3999 14.2544 10.7147 371.401 354.228 120.252 115.327 28.9646 86.3628 16.079 70.2839 15.2427 233.976 139.083 36.5057 16.8932 102.577 58.8697 24.9357 43.7075 36.9802 13.7219 94.8931 13.1968 18.9774 12.1235 65.9054 28.4461 24.1091 19.5526 8.68397 15.4087 27.9675 24.2312 14.3858 33.934 24.0811 13.0121 7.6936 17.1734 19.6125 11.5585 8.37111 14.3366 9.14549 19.0569 7.82429 11.2326 8.91652 6.53732 47.322 9.60541 7.80398 25.2423 16.2517 81.6964 53.3462 28.3502 15.2374 11.0619 8.89592 4.43096 18.0487 14.9748 37.4592 5.95639 11.5039 7.9476 10.6832 8.68907 32.4093
internal_count=11416 3075 8341 1375 4753 124 3588 3500 3356 399 335 2957 2845 1597 1248 1405 803 504 966 593 385 208 1700 1347 1231 607 353 624 602 4626 4566 246 127 299 241 310 1251 434 241 499 456 190 228 177 85 167 4327 4180 1378 1317 408 909 160 749 215 2802 1631 433 194 1198 629 245 569 487 193 1171 165 282 187 720 273 229 181 98 142 371 308 234 384 486 108 75 147 239 186 144 373 92 310 156 154 150 110 765 145 97 540 147 1006 802 204 104 94 106 85 239 204 447 82 179 97 210 146 383
is_linear=0
shrinkage=0.0534619


Tree=11
num_leaves=115
num_cat=0
split_feature=31 31 33 11 33 28 32 1 14 14 34 16 10 3 4 17 16 3 16 4 8 17 11 11 19 24 32 8 32 25 30 11 33 24 32 22 32 19 13 9 19 18 19 19 3 18 33 19 30 14 18 1 13 11 17 24 6 22 3 19 13 10 11 28 19 8 24 33 11 22 18 18 13 33 10 17 31 10 32 8 3 3 8 18 31 4 33 31 19 22 22 21 21 13 10 8 25 24 22 18 16 8 25 8 31 18 25 33 6 24 6 16 30 7
split_gain=32.2583 7.72466 6.91693 5.56008 6.12551 7.3635 8.26363 9.04533 5.78471 6.37117 9.25717 9.88103 7.29903 6.71909 5.98753 7.72912 5.57064 5.43806 5.04485 4.62945 4.43143 5.76265 4.31421 4.55189 4.12147 4.78496 4.80534 7.326 4.41046 4.15098 4.08693 4.00137 4.12044 3.86673 5.41648 4.48919 4.98368 4.58458 4.85438 4.11387 8.41348 5.15549 3.78753 3.74336 3.74147 3.7116 3.70519 3.49128 4.33532 4.46033 3.38942 3.28707 3.28478 4.32485 3.28363 4.92387 3.25255 4.1248 3.32372 3.91151 3.23409 4.61071 3.70218 8.79462 3.94603 4.55527 3.53914 3.58793 3.7875 3.42454 4.68233 6.72759 3.36079 5.83877 4.14219 4.06297 7.77199 4.21247 4.04781 4.73184 3.96211 4.39682 3.91075 4.961 5.89287 4.89376 3.66215 5.76572 3.48547 3.44991 3.30708 3.21576 3.17041 3.12039 3.05141 4.78305 3.04713 7.02613 5.22006 5.07444 3.19151 3.74188 4.78615 4.85766 2.98435 4.2773 2.96474 3.12332 2.95887 3.52535 2.93995 2.88952 2.87149 2.84176
threshold=67.574738649108994 16.995115923905416 -1.3830897504615582 0.002625262671843973 1.8211988170364075 -0.75334439283483079 0.47500000000000003 0.10575236122628519 -0.013817856550044414 -0.0016050329126898325 0.68333333333333346 -0.16429167380737716 0.0080983910153037478 0.043758776091626046 1.5000000000000002 0.2970371766850215 -0.034462788847027241 -0.024730886944545335 0.16272692363608124 13.500000000000002 0.010404136836143572 0.48048296489761649 0.041835879779454486 0.0028491627453701295 0.44717226023213003 -0.011080294704109315 0.46642857142857147 0.012006177517024137 0.82547619047619059 0.00014225415309232495 -288.2095654875917 0.026313274272929846 -1.3254405016271735 -0.045764786088564539 0.83166666666666678 -3.7333238244269502 0.88000000000000012 0.54471867355517156 0.069103156125389961 0.0013050527862727534 1.0315805234407776 0.0036204250901761092 0.3911287646171776 0.65874255431138773 -0.045059979839831225 0.0078450360234891721 0.2998004990819087 1.1418499474212409 -296.77454448264092 0.0032077236089099741 0.0027626163079152986 -0.10681031997974182 0.0064355652480672385 0.0061262093686887476 0.42025452165082833 0.024748799709132911 0.13783604065735727 -2.9134429277413143 0.021667198657800871 0.72334289450515077 0.049443339791088413 0.0029683474915751721 0.00021723863652305111 -0.12164680860831641 1.566478040637967 0.0041868958793842212 -0.048794294480660409 2.1850830022009697 0.018540947353742915 -2.8880729878409968 0.0032347059782478417 0.0023929149000060245 0.021945129991441607 -0.8939098076412485 0.0042122072216652633 -0.13727791860953342 28.96002841567347 0.012897319683517211 0.61547619047619062 0.0095403921556350101 -0.064764594553114993 -0.018045995156336977 0.0040598673661405337 0.003857430144988004 36.172420734105543 18.500000000000004 -0.84023371158676186 50.432871996798831 0.85904742981694493 -5.4772255750516514 -3.1686468260387 14763.500000000038 891.00000000000375 0.0014002308276706123 0.0022673085831043092 0.014851843925320197 -0.0065572557984442384 0.001290220021008093 -1.5407246484125936 0.0057275144520190545 -0.08820877002898013 0.0090958587353442161 -0.0077337689607582241 0.0078377330030423836 44.922690662827392 0.0014639777868954487 0.0021846183672576962 0.71604968206125108 0.11251780344991295 0.01366954487478589 0.027842377260981963 -0.032614819776689168 -126.51779309229163 1.2500000000000002
decision_type=8 10 2 10 2 2 2 2 8 8 10 10 8 2 2 2 10 2 10 2 8 2 8 10 2 2 2 10 2 2 10 10 2 2 2 10 2 2 10 10 2 2 2 2 2 2 2 2 8 8 2 2 10 10 2 2 10 10 2 2 10 10 10 2 2 10 2 2 10 10 2 2 10 2 8 2 10 10 2 8 2 2 10 2 10 2 2 8 2 10 10 8 10 10 8 10 2 2 10 2 8 8 2 10 10 2 2 2 10 2 10 10 8 2
left_child=1 43 20 4 8 -6 -7 -8 -4 12 11 -11 -10 24 15 -13 -14 -18 31 -9 21 -2 23 54 28 -26 -27 -28 51 30 -29 32 56 34 -33 36 47 -38 46 41 44 50 52 -1 -41 -19 -39 48 49 -35 -37 -12 -25 -54 55 -5 57 58 93 -60 62 -62 63 -34 66 -66 -64 68 72 70 71 -70 75 89 -75 77 -77 80 82 -80 -68 -82 -78 84 -84 104 -85 -88 94 -74 -91 96 -22 -3 -83 -96 97 98 100 -99 -44 102 103 -102 -86 -106 107 -72 109 -63 -94 -73 -31 -98
right_child=2 18 3 22 5 6 7 19 9 10 13 14 16 -15 -16 -17 17 45 -20 -21 92 -23 -24 42 25 26 27 29 -30 112 -32 33 60 35 -36 39 37 38 -40 40 -42 -43 91 -45 -46 -47 -48 -49 -50 -51 -52 -53 53 -55 -56 -57 -58 -59 59 -61 61 108 64 -65 65 -67 67 -69 69 -71 106 111 73 74 -76 76 78 -79 79 -81 81 88 83 86 85 -87 87 -89 -90 90 -92 -93 110 -95 95 -97 113 99 -100 -101 101 -103 -104 -105 105 -107 -108 -109 -110 -111 -112 -113 -114 -115
leaf_value=-0.071645432356082062 0.038799437489757976 -0.034968395618569098 -0.046488017534991863 -0.044897149175967009 -0.040007498946699284 0.071301319892220646 0.06108120150645955 -0.068633673547404947 -0.053072889939410964 0.059619505157260444 -0.082835489033148094 -0.036533251532521648 -0.024884576225469034 -0.039443024082219474 -0.043605080771718256 0.06339314319595736 0.059411325077950876 -0.030519812906875148 0.071849795627469321 0.014803294682613355 -0.056734216470828505 -0.058557968527169026 0.054997173170645938 -0.022926972273514194 -0.042812359592342489 0.054403230741595261 0.054894180925432474 0.078489046817928232 0.048703986374157772 -0.076874243546610654 -0.025259819027245861 -0.026042608337607829 -0.077627588848079021 0.034231931929172489 0.048005072341610035 0.025636947569897883 0.051054581125622667 0.054477472406043968 -0.033736554704129562 -0.019920667644140393 -0.054025971185904326 0.042262018515759156 -0.05676921512790243 -0.0057935043509804345 0.037041607112926297 0.042346073891497811 -0.018560916267313952 0.074034076796835047 0.050245651346120287 -0.031482838282524933 -0.042510510435494892 -0.015734266340749481 0.084524025672927577 0.004821073267992507 0.075447510890325892 0.073566854485530117 0.054847077609249124 0.058150715155433567 -0.061162917664181894 0.01788217457069181 -0.049418595391007146 -0.061302607900494202 0.056317816378700862 0.024495923027184983 -0.058674487644560624 0.020391391488386961 0.058224684829251742 -0.026129851521823566 0.032361537481466085 0.048038726265268415 0.075465325260769059 -0.083512400750434604 -0.028806301323315246 -0.071424381041251248 -0.0098925980595920178 -0.052163649521683023 0.070109161737073752 -0.027362898764673169 -0.062288257382954772 0.020395619080463903 -0.011737316847433142 0.059695169196686472 -0.042366589787160631 -0.064993717392316228 0.072350700434287332 -0.033372623711082169 0.056021734846458712 -0.029897385052648086 0.065773127390343369 0.063057354253640591 -0.010698378515359316 0.058363653403274734 -0.051738652936602278 0.03349189111492213 -0.030275940260569251 0.04204989830998411 0.013050745939548962 0.070772585229482307 0.074268242705584783 -0.01132907923517365 -0.022292634066870355 -0.056886502296471984 0.079351590790187415 0.055388565160681177 -0.036914927824311369 0.035574639272335576 0.0045563372318613345 0.010588352984353651 0.035891988309859339 0.01603964881613679 0.039401561123004865 -0.01044017014134524 -0.0057532605829669348 -0.015750457816603766
leaf_weight=4.4278661673888546 4.423148283269259 2.289842855185273 18.235453185159713 2.3480826374143353 6.3232283703982857 7.2401090916246202 4.3158135646954161 4.6604924313724041 4.6845554523170021 3.1170933200046411 2.5751817822456351 5.5758727341890317 6.0592221645638409 12.002226086333392 57.751140165142715 3.6111697051674128 10.448417536914354 4.5788062512874514 3.9936046889051786 3.1676206439733505 18.180949367582802 2.806337830144912 3.7863328969106069 2.8163024075329286 3.3482830827124408 9.7692676694132441 5.9275577655062106 1.945125166326761 2.4332215255126348 3.640375922434032 2.361309608910231 10.617941070348023 4.645984604023397 8.1654804209247214 3.8016545679420224 4.0282656885683554 6.0338618587702539 4.8932812130078656 7.7583753941580644 5.0787494406104097 7.1525597460567942 16.576334877870977 4.3899919623509049 5.537995733320713 9.2334438171237707 3.4820387810468674 3.2924761157482862 8.3033555364236218 20.815931878983974 4.572741567157208 4.2433563377708197 10.517869975417851 3.8074549781158566 3.9549544868059456 3.5106034697964787 1.6895712371915577 8.0997926071286184 5.185358700342479 3.8029182250611475 3.3190107387490571 7.1951939370483187 2.9792559938505274 4.6555905435234299 4.9315309287048859 5.0801626667380315 3.4811514420434833 9.7035882887430471 7.7840537596493951 5.4007075345143694 12.842682986520229 6.0190426362678391 3.2445667525753379 3.22253661416471 5.4208655110560331 7.3657550681382427 6.7247196338139466 3.2660755943506947 4.2220956915989509 4.5791116007603678 3.4307153895497331 9.2167602065019292 3.6424170807004019 3.7460920060984781 3.424920577555894 5.1269791983068052 3.25358036532998 3.3147202115505907 6.6348952003754684 6.2658238438889375 4.864974498283118 2.6711396584287304 2.0885037919506422 1.8903005644679063 10.434785917401312 5.6300959847867489 4.8085199175402522 10.95027932920493 6.5821391502395254 1.9541444489732409 3.1693311864510179 11.57512363698334 3.4471441777423015 2.0667635528370747 2.8298115311190495 2.5996088534593609 19.912510783411562 6.034877124708145 3.2930491231381893 4.9900980684906244 3.7788141337223351 2.0865257186815143 2.9561933632940054 2.9217040138319135 90.095873010810465
leaf_count=59 92 32 323 72 67 33 44 73 78 19 44 74 82 243 919 27 59 72 65 23 388 52 36 61 75 144 74 21 31 73 56 119 81 69 42 41 38 54 71 51 49 186 76 62 86 29 36 56 173 39 33 216 68 92 34 26 89 71 51 36 68 36 104 73 67 78 107 80 52 135 67 33 46 46 114 71 31 88 62 54 121 21 45 47 59 59 42 110 79 76 39 32 37 150 100 77 176 115 28 71 230 73 41 43 24 316 94 44 59 59 54 49 43 1806
internal_value=0.000350452 0.0111468 -0.010525 -0.00849595 -0.0144327 0.00992021 0.0262616 -0.000724344 -0.0180125 -0.0146882 -0.0198501 -0.0328893 0.00780207 -0.00393393 -0.0372316 0.0028346 0.0194808 0.0340331 0.0123541 -0.0349504 -0.0354539 0.000877452 -0.00109597 -0.00246062 0.00546856 0.0170633 0.024667 0.00727681 -0.016849 -0.0187863 0.0218597 0.0117212 0.00788803 0.0195772 -0.00643398 0.0229846 0.0321755 0.0115251 -0.00351565 0.0102968 -0.00683728 0.0250904 -0.00450743 -0.0352313 0.0168204 0.000993557 0.0251367 0.0429944 0.0352316 0.0106076 -0.00934364 -0.0291506 0.02627 0.044161 0.037936 0.0048761 0.0254667 0.0158836 0.00474062 -0.0244128 0.00526421 -0.0158402 0.00723286 -0.0251457 0.00883809 -0.0265646 0.0104799 0.00928575 0.0108871 0.0253519 0.0144811 -0.0111227 0.00655385 -0.0117538 -0.036128 0.0104943 0.00213014 0.0231743 0.00832096 -0.0269318 0.0286333 0.0188517 0.0138463 0.00996207 0.0206363 0.0283245 -0.0176533 -0.00115271 0.0327101 0.0172295 0.0369789 -0.00685494 -0.047294 0.0210925 0.0178461 0.00306173 -0.00786615 0.00547929 -0.00891457 0.0441378 -0.0157161 -0.00656767 0.00406608 -0.00691415 0.035629 0.0271484 0.0338232 0.0526776 0.00481095 -0.0181958 -0.00397163 -0.0489816 -0.0454508 -0.0126242
internal_weight=785.163 394.02 391.143 361.756 200.693 25.7073 19.384 12.1439 174.986 156.75 127.497 70.0553 29.253 57.4421 66.9382 9.18704 24.5685 18.5093 384.055 7.82811 29.3873 7.22949 161.062 157.276 45.4399 29.9136 26.5653 16.7961 15.5263 10.8685 4.30643 380.061 255.493 124.568 14.4196 110.148 63.8355 21.978 15.9441 46.3127 21.4648 24.848 149.728 9.96586 14.3122 8.06085 8.18576 41.8575 33.5542 12.7382 8.27162 13.0931 10.5787 7.76241 7.54826 4.03765 33.1317 25.0319 19.8466 7.12193 222.361 18.9434 203.418 9.57752 193.841 8.56131 185.279 180.624 172.84 39.7911 26.9484 11.6015 133.049 23.5453 12.7866 109.503 66.0139 43.4893 59.2892 8.00983 39.2672 29.5636 51.2794 48.0133 34.6388 30.8927 13.3745 9.94962 20.3469 10.7587 7.53611 139.149 22.1578 12.7246 14.081 10.4386 137.061 36.0144 26.263 9.75147 24.3088 19.9188 16.4717 14.4049 27.6391 22.5121 15.347 9.31209 11.7482 6.75807 3.97683 6.20076 6.56208 101.046
internal_count=11416 4771 6645 6022 2942 240 173 140 2702 2379 2059 1039 320 1020 1020 101 242 160 4650 96 623 144 3080 3044 777 486 411 267 291 193 77 4585 3442 1143 161 982 536 199 161 446 186 260 2912 121 137 101 90 337 281 108 74 260 221 160 132 98 429 340 269 87 3013 222 2791 154 2637 145 2492 2388 2308 474 339 134 1834 321 160 1513 920 593 849 116 505 398 733 702 503 458 199 152 277 161 115 2691 479 182 198 177 2659 677 491 186 463 387 314 273 399 340 205 111 154 95 91 82 116 1982
is_linear=0
shrinkage=0.0534619


Tree=12
num_leaves=115
num_cat=0
split_feature=11 33 10 10 28 26 4 16 19 10 21 22 20 7 26 16 0 0 0 0 0 0 4 26 11 33 4 21 28 20 22 22 31 33 29 31 30 10 20 18 7 11 3 25 7 26 26 3 0 18 4 28 16 6 4 19 16 19 3 6 31 24 17 24 29 16 0 29 0 2 30 5 17 31 24 30 10 20 4 28 11 31 0 11 18 24 16 2 16 7 0 33 10 4 2 4 17 11 26 31 24 4 25 29 21 18 19 24 2 33 10 20 19 5
split_gain=31.3894 13.3479 10.4991 8.77854 6.36502 6.77368 6.53176 6.78665 5.7395 10.0468 5.22049 5.13907 4.94335 4.85291 4.8949 5.09347 4.70441 4.70883 4.65307 4.88297 6.55722 6.43271 4.63718 4.59813 4.57634 4.54473 4.48334 4.36543 7.91708 4.45418 4.17157 4.11061 4.64446 4.04807 4.11095 6.32338 4.93925 4.76475 4.03288 3.84466 3.74856 3.6333 3.62323 3.60163 3.591 3.45459 3.97711 3.44675 3.70546 3.35094 3.64716 3.81943 3.44522 3.32971 5.54498 4.94975 4.66144 5.63984 4.50368 3.95355 3.32473 4.33125 4.05875 3.32352 4.57098 3.28488 3.22834 3.8955 4.47365 3.13132 3.65111 3.02895 3.0228 5.88737 3.77338 3.39119 3.62146 3.21384 2.9986 3.03663 2.94056 2.90247 2.89784 3.31484 3.16422 2.77645 4.76871 2.77148 3.33077 3.0329 2.71983 2.68147 4.69357 3.0462 2.70979 2.6642 2.66147 3.56949 4.07654 4.38959 4.48609 2.64446 2.63333 2.6316 4.09523 4.57203 4.43411 4.15867 3.77371 3.08636 2.94586 5.32684 5.02339 3.28814
threshold=0.0031078679835647165 1.8211988170364075 0.0027387553346696885 0.0050481297198141529 -0.96884894835723545 0.3399947323814333 13.500000000000002 0.023330461912351778 1.0478031926418572 0.013191637983130864 1.0000000180025095e-35 -2.5474361657894891 -1.0849999999999997 2.2500000000000004 0.23227247236139034 0.025229345059775147 0.037514069012348779 0.014591615835293783 0.060830392674163576 0.19697035387678877 0.19122437304441223 0.13070758114322203 7.5000000000000009 0.12899532680509038 0.047864704662815651 1.0000000180025095e-35 4.5000000000000009 1056.5000000000284 0.09819215229281128 -0.95999999999999897 -4.3753892765483284 -5.4734878124967858 23.808549565267001 -1.2799454740678977 -347.08223084780235 38.27052248555426 -88.213073562085611 0.0020258810423547592 -0.90500000000000014 0.003999936514374647 1.7500000000000002 0.0080594129804434245 -0.073134516880083641 0.0011162841156920902 1.7500000000000002 0.1486022021921358 0.15355577668109135 -0.039807557163493483 -0.28640990707205299 0.0072272876123582004 13.500000000000002 -0.23282824183487325 -0.15335369469169793 0.08730296206478437 21.500000000000004 0.71383711018742524 -0.089548804192132833 0.52244895896351362 -0.11069933370026312 0.33469945355191261 95.605924565013822 0.032201663217040773 -0.57016357994695765 -0.00080491089077872047 -1008.0066374862137 -0.02171908395225047 0.1718466367616848 -576.73412590017517 -0.065433069072352787 0.96000000000000008 -409.54715541309355 0.24999999999999986 -0.47855656269565544 26.060159039247928 0.032944948885277332 -448.81074884036792 0.0038262898028895592 0.2800000000000003 10.500000000000002 -0.40145292460580723 0.0036980978235526961 67.574738649108994 0.079531656229650319 0.0047369033165290684 0.0032114265901707424 0.00025079720916842968 -0.022638355060995981 -2.6249999999999996 0.015859598837478898 4.7500000000000009 -0.40239575956310164 1.8586734855517235 0.0052702010533563024 15.500000000000002 0.24000000000000113 2.5000000000000004 -0.38066779432835768 0.0022306870791440757 0.1264465061415759 97.508844620509507 0.021340900605272276 1.5000000000000002 -0.017301776199539095 -802.46571542245408 1101.7499999999839 0.0045688100060104703 1.2350475618808636 0.029490277241488453 3.2850000000000024 -0.42064162403887223 0.0069173234075996471 0.23499999999999946 0.36339871992012418 0.34999999999999998
decision_type=10 2 10 8 2 2 2 8 2 8 10 8 2 2 2 10 2 2 2 2 2 2 2 2 8 2 2 10 2 2 10 8 10 2 10 10 10 10 2 2 2 10 2 2 2 2 2 2 2 2 2 2 10 10 2 2 10 2 2 8 10 2 2 2 10 10 2 8 2 2 10 10 2 8 2 10 10 2 2 2 10 10 2 10 2 2 10 2 8 2 2 2 10 2 2 2 2 8 2 10 2 2 2 8 10 2 2 2 2 2 10 2 2 10
left_child=1 3 4 44 -2 6 10 66 22 -10 24 13 -13 14 15 78 17 31 27 20 21 25 -3 -12 33 -20 -21 29 -29 -14 81 32 -4 43 35 85 -36 -37 60 -7 -30 -19 -34 -6 -1 -44 -47 48 -31 52 51 -51 -40 54 55 58 -55 -58 -18 72 62 -62 -33 64 -60 -38 67 -8 -69 70 71 -64 73 -59 75 -74 -77 -75 79 -5 -57 -15 101 -84 -85 86 -35 89 91 -86 -54 92 -89 102 -94 -50 -32 98 -98 100 -100 -82 -93 104 105 -92 108 -107 -106 110 111 -105 -112 -114
right_child=2 8 16 11 5 39 7 -9 9 -11 23 12 18 30 -16 -17 53 41 19 26 -22 -23 -24 -25 -26 -27 -28 28 40 47 96 38 42 34 36 37 65 -39 49 -41 -42 -43 45 -45 -46 46 -48 -49 95 50 -52 -53 90 56 -56 80 57 59 63 -61 61 -63 69 -65 -66 -67 -68 68 -70 -71 -72 -73 74 77 -76 76 -78 -79 -80 -81 82 -83 83 84 87 -87 -88 88 -90 -91 103 93 94 -95 -96 -97 97 -99 99 -101 -102 -103 -104 109 106 107 -108 -109 -110 -111 112 -113 113 -115
leaf_value=0.068106100038292233 0.053532290103360233 -0.0030661363030005844 -0.074357924911175377 0.058093014863405276 0.018394010465442132 -0.050182848643472944 0.039226455385955039 0.049652431887629897 0.055278652611693818 -0.056458992049105074 0.038312851781750236 -0.049233262879779277 0.024791517467962286 0.065123462394634971 -0.048344504926205414 -0.035401734124180892 -0.080916782810062551 -0.0045376780638515376 -0.031211534053115011 0.0074634338523992374 0.069372985245020155 -0.045875433230471281 0.053521769006362539 -0.039347377024720291 0.060161808639635286 0.035980997920690032 -0.053283388164236493 -0.044392931568416949 0.062145927336764648 0.017471631263652608 -0.053702469399005623 -0.0053409462367569908 -0.044213588735470807 0.057305529401254926 -0.04863269093052304 -0.048419520466802972 0.045060374570282266 0.02759387272179591 -0.031836457724376287 0.011807260749965572 -0.016985335060124746 0.063884142903423868 0.066118827269330605 0.076344540720516718 0.0052403163752213983 -0.063220953273948902 0.012256666440947127 -0.050509013144128062 0.0018044055963822407 -0.091814952919024667 0.032261999219729734 -0.014873622406977378 -0.039472425171228891 -0.020850157582360303 0.042900531737133762 -0.048143083280947671 0.059115929803232006 0.049434829332066062 -0.035880556189858172 -0.044119003439888727 -0.052302451328495654 0.048884858865102375 0.077273118344123759 -0.037039912373639412 0.034701968323137156 -0.021262183030337615 -0.045435099155423563 -0.042462742828658147 0.01637368440095769 0.05557484459938445 -0.035203474246603868 -0.0051107002613960655 0.036001428723053751 -0.065580617444408643 -0.04165450236132482 0.035879919494122225 -0.033035732373086248 0 0.051347955924456137 -0.021030144692559302 0.018008465685823399 -0.022253265314223281 0.04493636125935252 -0.059260180328953353 -0.051533582770759236 0.059788704087762233 -0.016929399197758613 0.019573491571332643 0.028921667422607766 0.016529685503721522 -0.028033636821724949 0.009339469308958492 -0.051481150362146878 -0.026239230438208205 -0.00085228278452663289 -0.044771118783166697 -0.049164738474413307 -0.058465974076299575 -0.046888234262754069 0.047184714686444619 0.030184972130043081 -0.043904585322714615 0.087115368283648978 0.037511232317865177 0.047894701879368916 0.045681630243780427 -0.044030392091046699 -0.022237959832407426 -0.027972913630154625 0.047091854052739801 0.067466036709940183 -0.0080598581715160562 -0.025804029807837393 0.045109295822726908
leaf_weight=3.2009462378919151 14.387964671477674 6.0402740314602914 3.1692899260669973 1.9898768365383146 5.2092690020799548 6.4632227690890414 4.9391783410683274 6.2041751760989419 3.635663362219927 6.1098809214308867 3.4664537576027197 26.555158957373351 3.1436318932101122 2.4518273249268523 3.5444253869354716 3.8538184864446512 4.2631577127613154 3.1629554075188917 4.0778957079164746 5.2572048492729655 3.8642552718520156 7.4462333507835856 13.053823242429642 5.7200812119990587 14.02575725503265 9.5262883361428958 10.120538266142828 7.2316232905723137 4.7688691215589643 4.7646359652280834 8.7021861178800446 6.520216345787051 4.9645478990860346 5.1980913961306214 4.893458171747624 4.3821476968005282 5.2173334574326864 5.0084943473339081 5.9242417048662892 5.077159209176898 2.6310893427580595 7.3223514715209603 2.4314214452169791 7.5441637570038438 13.14869233034551 2.4695869772694996 9.7051484105177206 37.265740103088319 4.4701222740113762 2.7287424728274337 2.548289996571838 5.5980528425425282 3.0550492014735928 15.034254154190419 5.4523665821179739 4.1192652373574665 6.5489047942683092 3.1787748206406805 4.8962596766650677 4.0200481573119751 3.1938888700678936 1.8929468281567094 2.8440929520875216 16.153319944627579 5.5556137198582345 3.5595821524039186 6.3456074185669413 7.9919987455941772 6.8049129676073807 16.195257721003145 2.7333775875158635 2.2742824270389974 21.562977436929938 4.5935184061527252 2.6359555609524241 3.7908425852656418 5.0166226970031857 3.966598910279572 9.7245732350274903 4.3355362536385753 2.6296945530921203 1.8967789257876573 4.8577697803266338 2.501017950475215 5.1007751268334598 13.439121730625628 4.6558899395167703 7.8697726065293159 13.774575196672222 2.9143675360828638 17.130881863646213 2.5160680189728737 8.1086500785313529 2.264272534288466 4.8125770189799359 16.171718903351575 5.0604262212291422 5.142477134242653 5.2782931886613351 4.8998264288529745 3.5965271284803748 7.5994417360052466 2.4506648536771527 22.592727455310516 11.062843940220771 6.0031555392779392 2.347779410891234 4.457223879173398 2.2249753242358556 9.1896000504493767 2.3673702660016742 10.820074066985397 12.999494181480257 2.1436971244402221
leaf_count=36 116 57 41 35 35 44 58 69 60 81 50 459 49 32 93 90 62 85 82 57 9 90 70 59 84 101 189 175 62 57 181 92 70 45 50 41 49 71 81 43 69 149 38 60 190 35 161 645 73 40 41 89 44 174 61 62 81 20 106 49 89 27 35 268 96 46 40 94 78 317 40 56 312 58 37 37 65 71 150 84 21 57 81 33 102 97 41 118 242 52 428 22 131 28 154 317 90 88 115 60 67 125 73 377 219 111 39 67 36 149 49 164 256 32
internal_value=-0.00018521 -0.0155852 0.00744167 -0.0199908 0.0198808 0.0160261 0.0199587 -0.000418283 0.0186287 -0.0147067 0.0279484 -0.0229594 -0.0283469 -0.00982577 0.00919236 0.01952 0.0027184 0.00852208 -0.0237376 -0.00889182 0.00572867 -0.00605659 0.0356447 -0.00999098 0.0327187 0.0157987 -0.0325418 -0.0311635 -0.00472542 -0.0370328 -0.0218693 0.00650469 -0.014735 0.0261687 0.0187966 0.0290839 -0.00580249 -0.00791874 0.00954896 -0.0229524 0.0340528 0.0432928 -0.00494316 0.0528135 0.0176901 0.00847924 -0.00319812 -0.0401495 -0.0248948 0.00496126 -0.0233199 -0.0404167 0.00770787 -0.00353733 -0.00943904 -0.0122429 0.00550805 0.0126841 -0.0301216 0.00640333 0.0253741 -0.0145372 0.0320302 -0.0218699 0.00161457 0.0181735 -0.0123906 -0.0016903 -0.0154246 0.0421606 0.0143366 0.0408836 0.0109801 -0.0122842 0.0192626 0.0246011 -0.00333176 -0.0353395 0.0327697 0.00404693 -0.00451218 0.0271255 -0.00181714 0.00287571 -0.00105858 0.043995 0.0222901 0.00190577 0.00743553 -0.02681 0.00992191 -0.00314762 -0.0129041 0.0248054 -0.0326938 -0.0346947 -0.0284176 -0.0191627 -0.00832544 0.00676631 -0.0156449 -0.0279679 0.0481243 0.0113979 0.00133143 -0.0110496 0.0231603 0.016754 0.0351365 0.0186289 0.0134576 0.0227581 -0.00429342 -0.0156661
internal_weight=763.757 252.961 510.796 224.121 140.534 126.146 114.606 32.2859 28.8396 9.74554 82.3198 207.772 147.295 60.4766 23.4482 19.9038 370.262 192.074 120.74 40.2924 24.9147 21.0504 19.0941 9.18653 73.1333 13.6042 15.3777 80.4474 14.6316 65.8158 37.0283 181.588 22.74 59.1076 46.3541 32.6837 13.6704 9.39064 158.848 11.5404 7.39996 10.4853 19.5707 12.7534 16.3496 14.6062 12.1747 62.6722 25.4065 123.194 10.8751 8.3268 112.319 178.188 107.84 102.387 70.3485 55.3142 30.8684 48.7653 35.6541 5.08684 30.5672 26.6052 10.4519 8.77692 26.0817 19.7361 14.7969 24.047 7.85175 5.11838 44.7453 11.7389 33.0064 30.3704 8.80747 8.56012 16.05 6.32541 71.5189 4.34861 67.3996 57.1705 52.3127 23.2931 9.85398 49.8117 41.7966 8.01514 106.395 28.022 20.791 7.23101 12.9212 20.6418 32.6797 23.9776 18.8351 13.7746 8.87482 10.2291 4.96673 103.34 43.2269 27.5913 15.6356 10.4604 13.2878 60.113 50.9234 33.4128 17.5106 15.1432
internal_count=11538 4070 7468 3802 1270 1154 1067 339 268 141 728 3576 2434 1142 452 359 6198 3457 1975 528 282 273 127 109 619 183 246 1447 306 1141 690 3223 345 535 440 295 145 112 2878 87 131 234 304 95 226 234 196 1092 447 2222 170 129 2052 2741 1837 1776 904 730 532 649 656 116 540 470 202 95 270 230 172 448 131 91 600 149 451 414 102 129 269 119 1244 89 1182 1036 955 183 86 922 768 154 1971 526 403 123 285 390 601 420 332 242 182 146 95 1927 900 606 294 178 255 1027 878 541 337 288
is_linear=0
shrinkage=0.0534619


Tree=13
num_leaves=115
num_cat=0
split_feature=31 11 33 7 10 12 17 3 25 25 3 24 0 16 32 33 32 26 33 33 15 14 11 22 19 6 24 14 10 34 7 33 24 29 4 0 14 17 16 2 2 15 20 19 29 33 24 8 4 26 10 32 8 6 8 20 11 10 3 22 19 17 17 2 29 24 15 8 12 19 25 15 4 19 14 14 0 11 23 16 4 26 22 3 3 26 22 14 4 10 11 20 2 20 25 25 19 7 19 3 11 24 8 8 15 10 11 33 33 24 14 17 24 29
split_gain=27.3917 8.26445 10.7839 5.93975 7.63637 5.33711 5.14317 8.08705 6.15682 7.35497 4.89422 4.85414 4.56534 4.33541 4.95956 6.12231 5.45827 4.22061 4.68584 4.15207 5.37566 4.20587 5.78453 4.09119 4.76563 3.83161 3.80061 3.75048 4.4166 3.73127 3.5962 3.58908 3.55911 4.0995 4.58189 3.55439 5.19395 4.16961 3.94178 3.54826 3.38473 3.35139 3.28537 5.7017 3.21176 3.19576 3.90217 3.51062 4.20575 3.73634 5.88562 5.60666 3.92999 3.70005 3.65441 4.04663 3.77763 3.67747 5.18441 3.36532 3.25675 4.58601 4.28006 3.36166 3.24406 3.14595 3.01796 4.45201 2.98418 2.97455 2.95709 2.86491 2.81924 2.70186 2.66727 6.36746 3.24559 3.82028 3.5401 3.02602 2.94109 3.387 4.74883 3.42489 4.41641 4.04292 3.34843 2.83146 2.74097 2.60409 2.70984 3.98848 3.90621 3.61739 2.57891 3.12654 3.16144 2.55857 3.52221 2.49827 3.88899 2.47521 2.41171 3.87527 2.35291 2.30362 3.78977 2.30304 2.29235 2.43301 2.2809 2.2714 2.24746 2.22038
threshold=52.121682881290447 0.0031078679835647165 1.8211988170364075 2.2500000000000004 0.0049320727052024607 4.7500000000000009 0.10849240134620337 0.13075891719963653 -0.0029941673631194705 0.0083393773782221032 -0.12086046072585004 0.049108884642011803 0.037514069012348779 0.0015147712234889756 0.4640476190476191 -1.0395136388232553 0.43809523809523815 0.1382664055704016 2.3212790756055397 -1.3830897504615582 505.86517777184093 -0.15810654129040849 0.061751009741152892 -1.4492652909344492 1.2226547507609125 0.035714285714285733 -0.02726204368928575 0.024574955472350963 0.0070558073202368439 0.81666666666666676 6.2500000000000009 -0.61235860637201223 -0.0045791972881860646 -1305.427962927819 10.500000000000002 -0.18226283106732663 0.0096458917039965609 -0.11823944079140107 -0.12983695802293591 1.4799999999999998 2.1100000000000008 548.15321704246787 -0.11000000000000031 0.95651393075102598 -757.39443346025985 2.016194178724978 -0.036175677290151524 0.020035480398110737 11.500000000000002 0.14012291840438282 0.0014731693942765893 0.73214285714285732 0.0026720868681247372 0.082031562925578838 0.0059487510384353655 -1.0400000000000016 0.026024786236353684 0.0023652274507270626 -0.034320007811617974 -3.0369713907586529 1.0813160802166528 -0.56043407063958839 0.6993692930669938 1.0000000180025095e-35 -418.58743895841377 -0.011631953998461729 470.03405979537632 0.022431374475040292 4.2500000000000009 1.2677692243778356 0.0041004568912877968 109.10598444973088 2.5000000000000004 0.91286181677899703 0.021644879035000734 0.011850193662963264 0.15470678594995749 0.0049693999958250754 7.6300580518878656 -0.0030479583664979044 2.5000000000000004 0.15346350132809974 -2.4258563173129484 -0.039009936000964023 0.040774803011513379 0.12868859217016013 -2.8468100940149972 0.0013910690665240868 10.500000000000002 0.010248767197386282 0.022355212309518733 -0.28500000000000009 1.0050000000000001 -0.34499999999999881 -0.00040190786970867304 -0.0093786574754670653 0.58356755722229769 2.2500000000000004 0.36339871992012418 -0.047300450115235697 0.028658263936803308 0.026674427367600954 0.01275407119671578 0.015231564009532978 126.23044985062945 0.0095288538100315231 0.011341884169385927 2.0499056457666325 -0.13838604287905928 0.034384785333380082 -0.010766319081484897 -0.2955545726494701 -0.010301736337449628 -967.57575253516177
decision_type=8 10 2 2 10 2 2 2 2 2 2 2 2 10 2 2 2 2 2 2 10 10 10 10 2 10 2 10 10 10 2 2 2 10 2 2 10 2 8 2 2 8 2 2 10 2 2 10 2 2 10 2 10 10 10 2 10 10 2 10 2 2 2 2 8 2 8 10 2 2 2 10 2 2 10 8 2 10 8 8 2 2 10 2 2 2 10 8 2 10 10 2 2 2 2 2 2 2 2 2 10 2 10 10 10 8 10 2 2 2 8 2 2 10
left_child=19 2 3 4 -2 13 11 8 -8 10 -10 29 30 14 16 40 25 26 107 -1 21 -21 45 66 -25 -6 -4 28 72 -5 32 -27 42 34 -34 36 44 105 -39 -30 -16 -22 -3 -44 -35 47 69 49 -49 59 51 -51 53 -52 55 56 112 58 -57 60 61 -23 63 -63 65 -59 67 74 -31 -47 -43 -17 -12 -40 75 76 77 -14 80 -79 -78 83 86 113 -85 104 87 110 -87 90 91 92 -56 -92 95 -15 -97 -38 -99 100 -65 -94 -73 -104 -86 106 -37 -19 109 -29 -83 -105 -54 -82
right_child=1 12 17 6 5 -7 7 -9 9 -11 27 -13 23 94 15 71 -18 18 -20 20 41 22 -24 24 -26 31 -28 108 39 68 -32 -33 33 35 -36 37 97 38 73 -41 -42 70 43 -45 -46 46 -48 48 -50 50 52 -53 54 -55 89 57 -58 64 -60 -61 -62 62 -64 99 -66 -67 -68 -69 -70 -71 -72 102 -74 -75 -76 -77 78 79 -80 -81 81 82 -84 84 85 88 -88 -89 -90 -91 93 -93 101 -95 -96 96 -98 98 -100 -101 -102 -103 103 111 -106 -107 -108 -109 -110 -111 -112 -113 -114 -115
leaf_value=0.035818664633137862 0.067003031146701919 -0.052822092188996896 -0.00286066334870912 -0.04496271062946533 -0.059263106657716474 0.044688912488419205 -0.052111798185355433 0.06181420541018557 0.043634192566825741 -0.050677124511469739 0.012536327240809345 0.017517969244399204 0.013839545388766602 -0.075358240463187412 0.069203276039179445 0.029344608279969861 0.067503259055572265 -0.01946669952783283 -0.065347879573123213 -0.023862994146911339 -0.057990416827263407 -0.030933417453327498 0.048048465752697105 -0.0040963939352256003 0.0786886155154356 -0.027692214990613088 0.048170587871008815 -0.026805230891953764 0.043671903598168596 -0.032314680742211617 0.027044649476392853 0.065322563762808733 0.045559136075763645 0.078692575398948181 -0.013350017121493822 0.022151742997303672 -0.062967798571526942 -0.03542318808600059 0.03473142214432641 -0.044363857153641002 -0.023438138241546461 0.037637091152609596 0.057230352123365698 -0.042133685769640682 -0.0079448952940325123 -0.07399072186055615 0.017359619333703825 0.02149858294728408 -0.07119666565209079 0.012509598041830425 -0.0063753714852187926 -0.064970454317962723 -0.046704399487695281 0.046160859311414927 -0.052181451916302121 -0.040983378541739363 0.050240884412535262 0.020519655146142003 0.037897315255852035 0.049054298925321725 0.060403528393249084 -0.0078210402366468198 -0.035072362954876035 -0.022055832105600161 -0.057904505966049812 -0.0249183044737269 -0.065633753859192054 0.05858225875855292 0.021462764877317506 -0.0071639797018738264 -0.034459910827524032 -0.06500873080794306 -0.040743015506009131 -0.013561846536228475 -0.033727405593848708 0.034021080150126226 -0.039027584575374474 -0.059817462209378919 0.052776509195504161 -0.015003137513866314 0.017948824325712875 -0.016078822210257224 -0.051912437375160769 -0.048442397760985231 0.02520318984373085 0.080556228873131533 0.051737548249722216 -0.054110183998098145 0.01372942518527589 0.070540604890554692 0.066350583015200387 0.027378791223468504 0.043468432717326866 -0.0036936166592601966 -0.0520389327220643 -0.051038604814803129 0.032444963521064851 0.051944145023769941 -0.027662294267412752 0.048727004083793025 0.049817187722155459 -0.022274220127535847 0.010502897980371462 0.002157997641093333 -0.042840819100184203 -0.042393458554367144 -0.028994297022812251 0.053622600989901355 0.06033978249002097 0.047409358187222139 0.055358401528213759 -0.068097117138164964 0.019937918260347763 0.079283066926418691
leaf_weight=22.253889626823366 3.8204076956026247 6.0378159042447805 6.3053837213665274 55.444759626872838 2.467985740862785 4.5804204400628796 12.984834012575446 3.6770686591044059 6.0708751045167437 10.467267354018984 3.4343143468722763 4.6166930422186843 4.4278012816794243 1.6773822139948604 3.089270678581669 2.0038435934111538 4.8236487973481417 2.4001666493713838 3.1929531134665012 8.2611909313127381 4.7976920162327561 5.4713861881755284 14.049637326970695 5.2532819136977178 3.15147814899683 2.1694086128845811 12.234932439401748 3.2439874839037657 4.7370257806032887 8.0485353651456517 19.565980224404484 2.5278907064348459 12.933836034033449 2.2554799285717309 5.2964534605853251 9.3595004705712253 4.7581449300050762 3.1191218681633472 22.859142640605576 1.7653433056548236 1.7344629229046402 3.1524956147186467 2.9086985867470485 3.7105907518416643 2.5993846314959255 3.4718098510056734 7.0134489294141513 2.6334460424259296 2.9074479257687926 5.1424064058810455 4.9319476308301118 5.4824032699689269 2.3794463975355029 16.936330461408943 4.7088595321401936 3.2901895283721379 7.4025959810242057 6.2498343149200002 8.334681487642241 14.586702158208935 4.9073553700000039 6.0531052090227631 3.3952104086056343 4.3823233712464589 5.2774574523791697 14.132597233634451 2.8269720748066893 2.5979219065047792 4.6052450463175765 4.1890588235110044 3.2747406829148531 6.0645077209919718 15.813146765809504 3.8451871178112915 13.66656981455162 9.0511478092521411 8.129282674752174 10.532710260711609 2.7059081485494962 7.3384876465424922 5.1336936876177788 3.7539686062373221 8.2232509031891805 4.7352170348167553 2.145528528839348 2.6540054250508547 2.7878433368168798 3.2878972715698174 5.1083654304966331 2.8434284790419033 6.0706697283312678 14.055530902929606 3.3319927174597979 3.2057547699660045 11.313031425932421 1.843566089868548 4.1230452028103173 1.7749551739543665 12.807001745793967 16.388336108531803 4.154469421133399 3.1440860340371728 5.3250181595794839 1.7604561168700481 4.3145240498706698 4.7624930273741475 7.3619481851346782 2.4562282636761665 2.9590908922255021 2.0117774158716202 1.8868703674525011 5.0956170498393449 3.5582481529563506 2.503491373732678
leaf_count=267 43 129 73 970 50 58 219 33 47 214 39 57 67 32 65 40 62 51 53 70 53 57 107 85 14 49 56 75 92 191 342 33 214 60 146 219 94 49 518 67 67 39 92 75 47 31 86 45 30 38 46 42 34 137 65 46 73 104 88 187 52 66 46 62 55 181 20 49 99 57 40 137 262 55 259 172 136 195 39 118 117 96 134 96 34 63 68 50 80 45 56 182 59 65 272 46 75 36 282 187 33 46 84 36 98 97 149 23 22 20 40 124 58 33
internal_value=-0.000325123 -0.00794653 -0.0151826 -0.0193511 -0.00591112 -0.0105505 -0.0255364 -0.0148533 -0.0193313 -0.0108666 -0.000415372 -0.0353888 -0.00104576 -0.0150977 -0.00444466 -0.0179638 0.0237845 0.0168225 -0.0154408 0.0137668 0.0116595 0.0134833 0.0149292 -0.00868648 0.0271528 -0.005838 0.0308394 -0.00833398 -0.0183673 -0.0389855 0.00600366 0.0224653 0.00212428 0.00572135 0.0284455 0.000220889 -0.0166532 0.00818728 0.0211125 0.0196284 0.0359468 -0.0243759 -0.0244392 0.00159125 0.0325896 0.0125934 -0.0113946 0.0144951 -0.0272781 0.0157887 0.010373 -0.0275509 0.0140506 0.0343165 0.00899906 -0.000360956 0.0248624 -0.00940582 0.0154979 0.0267683 0.0194647 0.0143647 0.0216058 0.0278585 -0.0206994 -0.0109669 -0.0114905 -0.0100073 -0.0127271 -0.0376891 0.000897536 -0.0308572 -0.0312237 0.0277632 -0.0117707 -0.00837361 -0.0132061 -0.0304975 -0.00646657 -0.0414958 -0.00943737 -0.00423681 -0.0208746 0.00824532 -0.00394035 0.0109604 0.00099976 -0.0149862 0.0368857 0.0216727 0.0175675 0.0084512 -0.0153356 0.0422181 -0.035866 -0.0117697 0.00646362 -0.029062 -0.0178499 0.036527 0.0129752 0.0115901 -0.0375248 -0.0236656 -0.0202069 -0.00975524 -0.000374111 0.0176085 0.0230383 0.00172028 0.00801357 -0.0501302 -0.00687914 0.0383747
internal_weight=728.884 473.062 230.89 204.3 64.42 60.5996 139.88 67.1647 63.4877 50.5028 40.0356 72.7152 242.172 56.0191 37.0621 25.0732 11.9889 26.5897 8.04935 255.822 233.568 222.343 214.082 116.216 8.40476 7.16529 18.5403 33.9647 25.7498 68.0985 125.956 4.6973 106.39 93.7326 18.2303 75.5024 24.195 51.3074 29.8235 6.50237 4.82373 11.2249 12.6571 6.61929 4.85486 200.033 14.6743 185.358 5.54089 179.817 120.478 10.6248 109.854 21.8683 87.9854 50.6251 13.3403 37.2848 11.6249 59.3389 44.7522 39.8448 34.3734 30.9782 25.6599 20.3824 107.811 104.984 12.6538 7.66087 6.42724 20.2494 19.2475 26.7043 102.387 88.72 79.6688 22.299 57.3698 17.8712 54.6639 46.5347 19.9398 26.5948 18.9576 14.2224 11.7166 8.92874 7.76237 37.3603 34.5169 25.2405 11.1849 9.27642 18.957 7.64399 5.96661 19.3401 14.582 24.9251 8.53679 6.47608 18.2456 12.1811 6.46005 21.4839 16.7214 4.85639 8.21486 5.25576 5.64084 6.85607 5.93769 7.63719
internal_count=11538 8603 3936 3680 1273 1230 2407 1090 1057 838 624 1317 4667 1172 747 553 194 256 127 2935 2668 2536 2466 2063 99 132 129 577 460 1260 2604 82 2262 1966 360 1606 519 1087 622 159 132 132 296 167 107 2359 174 2185 75 2110 1420 80 1340 183 1157 639 165 474 134 690 503 451 394 348 340 285 1964 1944 290 88 79 421 301 573 1895 1636 1464 380 1084 313 1045 909 388 521 371 275 254 186 143 518 473 352 170 121 425 153 121 412 318 282 95 105 381 244 132 465 368 74 117 95 136 160 92 150
is_linear=0
shrinkage=0.0534619


Tree=14
num_leaves=115
num_cat=0
split_feature=34 12 17 31 29 4 21 17 24 28 33 3 18 33 21 31 27 22 17 33 17 26 24 20 17 21 33 21 17 26 31 34 4 0 17 14 14 5 14 26 15 27 17 31 29 8 33 28 18 22 26 31 24 24 5 27 4 0 33 3 6 31 31 17 17 31 32 17 3 24 14 24 17 0 0 18 27 14 3 14 28 8 3 0 31 24 32 28 31 17 3 28 29 0 31 26 17 6 31 23 3 21 17 8 8 22 14 22 26 14 8 28 20 31
split_gain=18.0775 8.09678 9.44837 5.46182 4.84947 5.26767 4.8328 5.45288 5.73204 4.09472 7.43608 4.6015 4.16644 4.00268 4.60722 4.35264 3.92355 3.71074 3.61298 3.60353 3.46197 5.17031 4.7412 3.42509 3.9491 3.40817 4.08334 4.91752 5.1166 4.19248 11.6003 5.08697 8.30015 6.67013 4.28855 3.66233 4.7818 5.43769 6.58902 4.86026 3.98516 4.99688 3.64842 3.62573 3.50154 3.38896 6.13282 3.33686 4.73977 3.29214 4.25494 3.28231 3.26892 4.29537 3.22547 4.06488 3.1944 3.18627 3.15129 6.29048 3.39303 3.84292 2.97084 2.9031 3.8801 2.88862 4.20041 2.83711 3.60311 2.81768 3.96198 3.20172 2.80664 6.07062 3.89737 3.36636 3.32679 3.29374 4.21857 3.39597 2.73143 2.7209 2.62369 2.61758 2.50683 2.49891 2.4821 3.22486 2.84369 2.44703 2.433 2.39249 2.8758 2.60162 2.38213 2.76592 2.37833 2.56717 2.37324 2.36125 2.31388 2.25721 2.42394 2.23377 2.18922 2.18266 2.57686 3.08237 2.24474 2.17427 2.93025 2.17273 2.16896 2.16236
threshold=0.88333333333333341 6.7500000000000009 -0.16444202108324449 30.415584435984318 -380.83387449132289 12.500000000000002 3475.0000000000141 -0.19407119741097437 -0.012731685575352423 -0.56248683247578701 2.1115907780017906 -0.077281483154721928 0.003356876841930177 1.1637470392395761 5304.7500000000227 58.426090914131905 -0.0332875716814292 -2.1761344648441043 0.26557404710004712 0.15221612039689111 0.28471555736837401 0.17547300284229536 -0.024029314675033716 0.29999999999999988 -0.52530852032906139 2693.7500000000005 2.7278486071834527 824.49999999998647 -0.39801968550942018 0.11751945980398647 39.243192613238143 0.68333333333333346 2.5000000000000004 0.19122437304441223 0.37926112940640283 0.03660803000626426 0.0015612765789611573 0.34999999999999981 0.0097606944360634235 0.12498107248108396 186.50656473603843 0.021454325308351011 0.28471555736837401 50.91384693454836 -1952.3328793901885 0.0027292388804748525 1.7575991204989168 -0.25080868554806662 0.0019342532241179639 -1.902810251925968 0.16280530811596203 89.004858889452677 0.01366954487478589 0.01316800378183214 0.17499999999999985 0.030798968212944703 15.500000000000002 -0.22481582818955173 1.042142747036108 0.028466375530168512 0.03181834616914344 78.102381617557214 71.189261322864127 -0.50972309952258921 0.61490623475838169 41.944792067737076 0.38833333333333336 -0.41598236209050793 -0.018045995156336977 -0.0021807310791565611 0.014667899455501109 0.022879519922986539 -0.50972309952258921 -0.024414518298877082 0.58409687942034016 0.0039628725263527809 0.017558692764719223 0.024574955472350963 0.057158207922002997 0.026635490645221738 -0.625321605255725 0.002297205198519961 -0.11069933370026312 0.14946323073134252 57.342508146838078 -0.031636966236761259 0.65833333333333333 0.048076810660777347 91.225432870988712 0.37369970703307243 -0.055339769073482363 -0.20771475218000665 -1646.2571095739884 -0.17762964094519781 43.661809812503158 0.1578758045038415 0.31086247996957811 0.040057306590257795 26.060159039247928 0.094652728161464181 0.0017505074277278656 1690.5000000000139 0.21794262420547691 0.0087124574934524471 0.0071468132809911671 -1.8137445483801073 -0.0067548531308360129 -3.7822436256391545 0.1370364584715838 0.025397665140830975 0.020393557255356524 0.1791245155738099 0.4650000000000008 37.806154431511096
decision_type=10 2 2 10 10 2 10 2 2 2 2 2 2 2 10 10 2 8 2 2 2 2 2 2 2 10 2 10 2 2 10 10 2 2 2 10 8 10 10 2 10 2 2 10 10 10 2 2 2 10 2 10 2 2 10 2 2 2 2 2 10 10 10 2 2 10 2 2 2 2 8 2 2 2 2 2 2 10 2 8 2 10 2 2 8 2 2 2 10 2 2 2 10 2 10 2 2 10 10 10 2 10 2 10 10 8 10 10 2 10 10 2 2 10
left_child=6 3 45 -2 9 69 25 17 13 81 11 12 -11 15 -15 -9 51 23 -7 -14 21 83 -22 -8 -25 26 27 29 44 30 34 32 33 42 -1 36 57 38 63 -39 41 103 -31 -42 -29 46 -3 48 -47 -19 -51 -16 53 62 109 -56 67 -33 60 -60 91 82 80 -38 -65 -59 -67 68 -50 -6 98 89 73 -34 77 -75 -77 -74 79 -79 -5 -4 -62 -13 -82 -27 -41 88 -88 -72 -45 -30 -93 -94 99 -96 97 -32 -71 -24 -83 102 -84 -40 111 106 107 -68 -109 -54 -111 -49 -86 -101
right_child=1 2 4 52 5 18 7 8 -10 10 -12 20 19 14 16 -17 -18 49 -20 -21 22 -23 94 24 -26 85 -28 28 58 31 96 35 72 -35 -36 -37 37 39 40 86 43 -43 -44 90 -46 47 -48 104 56 50 -52 -53 54 -55 55 -57 -58 65 59 -61 61 -63 -64 64 -66 66 105 -69 -70 70 71 -73 74 75 -76 76 -78 78 -80 -81 84 100 101 -85 112 -87 87 -89 -90 -91 -92 92 93 -95 95 -97 -98 -99 -100 113 -102 -103 -104 -105 -106 -107 -108 108 -110 110 -112 -113 -114 -115
leaf_value=0.0077359004756117145 -0.066171600286164658 0.057089582391636931 0.069180165335514701 -0.024258817145648578 0.045109262136957068 0.0012975162400438779 -0.046394570563229591 0.044331017224542052 0.039662133927927889 0.02049131804104554 -0.059861988884491041 0.047354159735200317 -0.076361960576058971 -0.034415019139436391 -0.046012836124600352 -0.060357220879796454 0.054281136647806635 0.043477028334862361 -0.064352985053545239 -0.0042522563944408205 -0.027297473578773768 -0.037712538557936444 0.069563588040979896 0.038551153807233889 -0.047718202524984335 0.011083830691594358 0.018023008716481201 0.050156967032857665 0.068773022380075516 -0.05342623635521062 0.036331098112964741 0.039796808345539378 -0.058964328047145589 0.046246647856117193 0.064033918029311299 -0.046942234437587119 -0.02275172742291098 -0.035680788893767711 0.0053343874199527699 0.052349050200678038 0.019143743312527935 0.044481260834567389 0.011586484110266785 -0.01302452839290752 -0.040470413304697375 0.055149407923551025 -0.0092029592618964907 0.054163780682457967 -0.039578619752339769 -0.036492289472549067 0.047235061553099839 0.030364212333153579 0.032940465523544835 -0.079378204208609554 0.0042471338031903954 -0.057866541549564394 0.028797130325805189 0.015382045789329217 0.030818340825407069 -0.054737335551775755 -0.034987448701722469 -0.019833355074010049 -0.027812792999930256 0.055155325855384074 -0.024382455531875253 -0.092377476991248805 0.030345335618108409 -0.055495088326526519 0.029486443904136423 -0.0012936833671578743 0.025354613533847454 0.048972244617850831 -0.049661781982835523 0.054312248707560448 0.030707707915702806 -0.049185064526853436 0.030779036190086685 0.015518397590396662 0.045390254716542712 -0.056841519267021842 -0.0042758972181071849 0.042603813610427435 0.045548930180625384 -0.011591153281144228 0.047780579774260215 -0.046139127776646305 0.041946604999723316 0.058798534565420828 -0.044913731740819106 -0.048227220283826713 -0.043575931981727718 -0.040065896067657508 0.086933404175728146 0.0095819927541779728 -0.013839978535198255 0.044872511008518079 -0.065659536205430788 -0.037720010769077862 -0.059672082788252048 0.016291695092576799 -0.001917749747171357 0.053088605481420789 -0.015779586242730948 -0.069244298271532681 0.0030085187026499434 0.032002738270797977 -0.052502762588196278 0.013795804310859262 -0.042775378057137284 -0.022435311811054379 0.048718181850382875 0.021470327362891381 0.00013906525448579557 0.061410260900180112
leaf_weight=7.818094393238427 3.6364303212612858 22.709481718949977 4.9604081921279457 8.3969021248631126 3.8614786937832859 3.6300374218262714 11.145858961157503 1.4424974778667117 18.303906661923975 5.2451876960694772 4.400458554737269 5.5164504330605251 3.980190098285675 4.4323760038241771 2.7828197013586795 4.8830797434784472 7.4552159225568122 4.8887311550788572 6.9785047899931669 3.9223536914214492 3.7994731888174966 6.5492388452403238 7.5981482565403082 3.6550502926111221 2.5331316217780104 2.6492378627881399 14.921693394891916 1.3555562836118031 5.142718150280416 4.9803197858855146 1.9060750072821955 2.0700769154354921 5.3346923943609008 7.1443037763237944 7.6486710188910365 7.0107308318838468 2.8150036418810478 3.2786278566345599 2.4003071836195868 9.9317116038873809 4.4466849369928232 5.7826104778796434 4.8240473158657551 11.927020826842627 9.7968556354753655 4.6116290567442801 4.8206409215927115 14.407505718991166 3.9459038451313999 5.8140312954783457 2.4267556262202561 3.698743705637753 18.141884663142267 2.3725276263430706 24.763802503235642 3.387913951650261 5.4712338675744823 3.8241797052323809 4.4524380974471551 5.3847158886492252 1.9385768570937241 9.593045453540979 13.089320465922354 8.149533343035726 2.2032967247068873 3.0989566072821644 3.1124718007631627 4.2268931125290683 4.6713610440492621 3.6815244932658961 2.5235659852623957 4.7579374546185136 42.369475214742124 3.4111163206398452 2.1092837797477832 3.1620803102850914 2.7388754868879914 2.673662904649972 2.4024786353111258 5.8854240970686069 14.111271259374922 7.4713458837941271 3.1709231636486965 3.4898597337305546 7.0133117865771037 11.879633088596163 1.6029898333363224 2.5760618229396641 3.0971806487068534 2.5668725166469812 20.073437805287547 1.6631010333076117 2.0130221066065128 3.1898590351920562 4.9861482130363566 4.1821521231904626 4.5639065457507968 4.2552028726786375 4.3093327963724732 8.7593766599893552 5.9881267128512263 6.7536045191809535 4.2844432038255036 2.1464641829952598 5.3171323696151367 1.659787642769518 9.4050037343986279 2.5933619467541602 8.5149528286419791 5.4176513580605379 2.334333922713995 9.879790264181791 4.4665198121219873 4.6518039386719456
leaf_count=87 36 182 43 139 28 48 199 28 307 51 39 73 41 85 75 145 110 69 102 54 43 101 58 64 58 60 157 35 81 96 59 35 112 31 40 159 56 53 51 173 72 68 54 264 271 36 42 160 58 99 49 51 366 27 475 76 61 53 68 95 31 285 309 192 51 31 61 59 54 50 41 46 770 27 27 62 19 32 30 111 253 69 50 31 115 278 53 36 67 39 498 41 30 78 54 48 85 62 47 83 70 101 80 66 56 31 169 88 178 109 25 127 72 41
internal_value=-7.91908e-05 0.00970563 0.0161141 -0.00213108 0.00647825 -0.0111553 -0.0076047 0.00476953 0.0170242 0.0131452 0.00700233 0.0117332 -0.016342 0.000203324 0.0128442 -0.0363375 0.0279378 -0.0125233 -0.0419554 -0.0407856 0.0191949 -0.00168579 0.0287492 -0.0287374 0.00313821 -0.0104185 -0.0092237 -0.0106107 0.00322144 -0.0140694 0.00608127 -0.0165989 -0.026467 0.0070866 0.0356767 -0.00953534 -0.0072327 -0.00010229 -0.00823139 0.0236477 -0.0176364 0.0116335 -0.0215071 -0.0259387 -0.0293057 0.0302813 0.0454804 0.0222854 0.00694949 0.00889567 -0.0117135 -0.00248865 0.000142202 -0.00978558 0.0092286 -0.00329401 -0.0052724 -0.0239403 0.0108651 -0.0160325 0.0178871 0.00690973 -0.0062122 0.0251217 0.0381877 -0.0280843 -0.033958 -0.0198384 -0.00216075 0.00394459 -0.0050388 0.0176204 -0.0345823 -0.0137069 -0.0400814 0.0123461 -0.0120915 -0.0429041 -0.0166881 -0.0342559 0.00212546 0.0354466 0.0228148 0.0245487 0.0108115 -0.0356946 0.0350146 0.0111821 -0.0151612 -0.0118105 -0.0322229 0.0413072 0.0204415 0.0399624 0.0358362 0.0130059 -0.036561 -0.0147058 -0.0329302 0.0457502 0.0228392 0.0307847 0.0103905 -0.0301387 0.034133 -0.0266606 -0.0308336 -0.0163883 -0.0295549 0.0228323 -0.000854883 0.040926 0.0293192 0.032085
internal_weight=701.603 305.003 197.872 107.132 117.81 32.3093 396.6 73.4622 42.9986 85.5007 67.0808 62.6804 13.1477 24.6947 18.3692 6.32558 13.9368 30.4636 10.6085 7.90254 49.5327 15.5555 33.9771 17.334 6.18818 323.138 308.609 293.687 58.7389 234.948 26.1919 208.756 87.0358 16.9487 15.4668 121.72 114.71 80.4309 59.9444 20.4866 46.7765 10.3294 9.80437 36.4471 11.1524 80.0616 27.5301 52.5314 22.927 13.1295 8.24079 6.48156 103.495 49.4499 54.0456 28.1517 18.3154 34.2788 47.5864 9.83715 37.7493 25.7406 47.0773 13.1678 10.3528 32.2087 28.3845 12.8442 8.61726 21.7007 17.8392 9.84838 70.0871 14.6468 55.4403 9.31207 5.90096 53.331 10.9616 8.55909 33.988 18.4199 16.1475 9.00631 25.5911 14.5289 17.2079 7.27623 4.70017 5.09044 32.0005 12.0087 6.86598 5.20288 30.1776 9.1683 10.7252 6.16128 7.99086 21.0093 13.4595 14.209 7.45537 4.54677 29.6044 25.2856 23.6258 14.2208 11.1083 25.8939 7.75199 24.2873 11.4798 13.4112
internal_count=11426 4137 2135 2002 1300 401 7289 1339 801 899 717 678 146 494 321 173 236 538 150 95 532 205 327 321 122 5950 5612 5455 1246 4209 333 3876 1371 181 127 2505 2346 1700 1318 382 1019 185 150 834 306 835 224 611 268 217 148 126 1966 915 1051 551 232 646 940 163 777 547 888 299 243 611 558 171 112 251 223 126 1190 220 970 108 81 943 173 143 579 182 262 104 440 338 329 156 120 80 762 230 149 108 284 102 206 121 97 182 139 231 130 117 343 527 496 327 266 500 134 287 187 124
is_linear=0
shrinkage=0.0534619


Tree=15
num_leaves=115
num_cat=0
split_feature=11 5 26 26 9 19 20 22 29 2 11 22 16 0 30 29 21 22 11 3 3 1 22 26 6 6 19 4 30 17 32 22 17 32 16 0 29 12 0 22 30 24 23 24 1 29 34 19 19 19 33 2 24 13 34 11 11 22 4 17 12 32 16 5 17 22 20 19 6 20 24 24 26 20 30 4 3 3 29 17 3 19 24 24 13 1 24 30 17 13 19 1 29 1 32 16 0 0 0 24 29 0 24 16 33 1 1 1 9 5 16 29 3 26
split_gain=17.0367 7.50862 4.33637 5.52038 3.84116 4.72441 4.78762 4.31033 3.92955 3.90043 5.05998 4.93413 3.93832 4.05521 5.46644 3.68845 3.48441 3.28451 3.07217 3.39346 3.19757 3.59295 2.97358 5.28637 7.94881 4.83046 4.41717 4.40482 7.41638 4.28014 4.01877 4.31619 4.87635 6.80942 6.95799 3.82022 3.5215 3.36775 3.34593 3.13439 4.83181 2.95987 2.8279 2.70908 3.15049 2.63522 3.57841 4.34503 4.64782 4.97668 3.82737 4.08151 3.7743 4.72007 3.70941 4.10151 3.49009 3.4615 2.76279 2.57244 3.00864 2.55867 3.2195 2.64701 3.67087 2.53816 2.77292 2.45612 2.54458 3.37162 3.31002 2.91999 5.02786 3.48248 3.16594 2.64127 2.80627 3.56664 2.42458 3.16231 2.40926 3.33708 3.80865 3.68453 4.80961 3.3215 3.28888 3.23288 3.18755 3.13483 2.55432 2.40903 2.57261 3.12114 2.27029 2.34479 2.26929 2.22577 2.27809 4.03275 3.21411 5.21009 3.60067 4.35805 3.23777 3.07126 4.0031 4.33967 2.61426 2.21345 3.50592 2.72153 2.20713 2.44321
threshold=0.019003702935617334 0.19999999999999954 0.24148186877944636 0.20595892099694382 0.0028234949058728036 0.82578347434284161 -0.17500000000000068 -2.3003091032681113 -535.40996855688388 -1.2149999999999996 0.035013820232949806 -1.525040415221008 -0.070523637851378593 0.16285282683718563 -536.75783200730211 -391.42290633391036 1013.9999999999674 -3.1253200542386934 0.00082198769546561201 0.11400300945488508 -0.14851871750167919 -0.16607377608352589 -1.9890213887156045 0.11779930709427983 0.14634146341463414 0.10526315789473682 0.82914043342357113 1.5000000000000002 -1151.8253793880219 0.21794262420547691 0.43285714285714288 -1.8828517852736926 0.40755052590812807 0.56023809523809531 -0.014897752436425602 -0.33224896985469526 -787.56292857740686 3.7500000000000004 -0.13392839280176852 -1.4952568244123345 -165.96541625498728 -0.02352074462821124 1.8761764549019855 0.0074882635729208733 -0.030439595794854387 -2624.9725066588776 0.78333333333333355 1.4900018847833845 0.83714383154472027 0.80467564476173681 2.2474538924142911 -1.365 0.03921664241380541 0.00093707657149369266 0.75000000000000011 0.001168235935593759 0.0070836092259069791 -2.1560054401208393 9.5000000000000018 0.28471555736837401 4.2500000000000009 0.74880952380952392 0.045225691443581136 0.15000000000000011 -0.055862100558711526 -4.0239641767998551 0.065000000000000405 0.5489670421057733 0.043514674823392364 0.40000000000000041 -0.043638005334267753 -0.014198839964098818 0.15054741164447097 0.30999999999999966 -332.49313479373478 12.500000000000002 -0.073134516880083641 -0.023883023089714902 -1266.2475994660956 0.40755052590812807 0.03301406272991337 0.53831829223746286 -0.011631953998461729 0.001290220021008093 0.06370972008683963 -0.067423837598649991 0.0074882635729208733 -185.17415843011341 0.066289895736999116 0.077568527447584273 0.36339871992012418 -0.054499352681634188 -857.2169119889578 -0.0935134162524459 0.92333333333333345 0.015859598837478898 0.081172522536638217 -0.36347005068894123 -0.13657750311561359 0.038228747499043154 -352.97018991268811 0.019682979481764899 0.022879519922986539 -0.11889145197977406 -0.42064162403887223 -0.079330369956906663 0.053577792380227758 0.064840214461008197 0.011244983588521872 0.099999999999999936 -0.019118852156659535 -1240.4028997618868 -0.055339769073482363 0.17499101155826233
decision_type=10 8 2 2 10 2 2 10 10 2 10 8 10 2 10 10 10 8 10 2 2 2 10 2 8 10 2 2 8 2 2 10 2 2 10 2 10 2 2 10 10 2 10 2 2 8 8 2 2 2 2 2 2 8 10 10 10 10 2 2 2 2 8 10 2 10 2 2 8 2 2 2 2 2 10 2 2 2 8 2 2 2 2 2 10 2 2 10 2 8 2 2 10 2 2 10 2 2 2 2 8 2 2 10 2 2 2 2 8 10 10 10 2 2
left_child=1 2 3 18 9 6 7 94 -8 11 80 12 -2 -14 41 61 -7 -18 19 59 21 -20 23 24 26 30 -3 28 -25 96 39 -32 33 37 -35 36 -29 -33 -30 40 -24 -15 -36 -17 -45 -37 47 48 49 54 52 -52 56 -54 -47 -56 67 -50 -55 60 -1 -12 63 64 -63 66 -40 -48 -69 70 -70 72 -72 74 75 -73 -77 -78 -71 -80 81 90 85 -84 86 -83 -85 -88 -87 -82 -11 92 93 -58 95 -6 -26 -22 108 100 102 -102 103 -100 -104 -105 -107 -108 -99 110 -5 -111 -57 -114
right_child=4 22 -4 109 5 16 8 -9 -10 10 15 -13 13 14 -16 43 17 -19 20 -21 97 -23 25 27 29 -27 -28 35 38 -31 31 32 -34 34 42 45 -38 -39 65 -41 -42 -43 -44 44 -46 46 50 -49 57 -51 51 -53 53 58 55 112 91 -59 -60 -61 -62 62 -64 -65 -66 -67 -68 68 69 78 71 73 -74 -75 -76 76 77 -79 79 -81 89 82 83 84 -86 88 87 -89 -90 -91 -92 -93 -94 -95 -96 -97 -98 98 99 -101 101 -103 104 105 -106 106 107 -109 -110 111 -112 -113 113 -115
leaf_value=-0.035157960561741419 0.034770164032389909 -0.035990335166150016 -0.040582335817650181 0.04909262362983647 0.047645543146374786 -0.046405392215197128 -0.0042207808776770165 -0.064347125979784356 0.05756844319812663 -0.013173779097986484 0.064345027091983628 0.070728764210084089 0.021694490220889148 -0.023662433000441362 -0.083738880618586406 0.045753939450221333 -0.051343322253723567 0.025673991009375792 0.00069012152464859922 0.047351156182249179 -0.036267716690304104 -0.089720938256663649 -0.030856865043761499 -0.059050672400825101 0.031468849746588319 -0.03590960472661129 0.050417286753467003 -0.0066684240889437934 -0.020255435207224691 0.051492184833534634 0.041015547102344146 -0.057032513921833304 -0.050342630461994407 0.058823670843965288 0.016152006790800828 -0.059531930976058162 0.06008148465894065 0.02571267951509552 0.034995897065708749 0.065582507251557662 0.057747346916656568 0.041990684887597912 -0.058600308164082411 0.026568894383773817 -0.040353206458728419 -0.028832794466990077 -0.04489500448266065 0.05226969509245246 -0.049136169164252466 0.075387210006856761 -0.029596960737025217 0.036330297414014223 0.063434994010488813 0.015151634330017483 0.057395706910818328 0.032044985410057382 -0.039632733642911165 0.016056191000167998 -0.034393171416764005 -0.069050551986050826 0.048632666664211212 -0.035653760695287751 0.069680965976045339 0.045239034683059128 0.035424664780000968 0.052567856553901081 -0.016921866214878359 -0.059639851318633169 -0.077142549261167731 0.012323226225931572 -0.041270178182642316 -0.05583434821292188 0.039490251409655064 0.038952833421728845 0.028537790729546354 -0.059723949700607654 0.041830594468836121 -0.040686525233275005 -0.064357760315928658 -0.0087862055052444557 0.039035440158501439 0.063196254238427937 -0.049903811344267274 0.062902033218714307 -0.053329378715926419 0.04145594841471071 0.016184408006835297 -0.046845295640100738 -0.029389306770393402 -0.031296235186631251 0.033951847884113373 -0.023617861375762206 0.032949659434328045 0.039547110021984973 -0.036481178772253056 -0.017963611673655178 -0.031870090578551405 0.015920145976693514 -0.045301323523193555 -0.061076110415241781 -0.049069413897610256 0.027473626146721716 0.06101471895836922 -0.022872125068807685 0.00788033675363492 0.033829195236677032 -0.066165205908545147 0.0075216886437566265 0.079271207795108642 0.0058939914849372626 -0.021176712558848725 0.054537152955763869 -0.061121039935189053 0.014437924219546271
leaf_weight=4.9009666461497527 5.5506599107757273 11.204497143626215 5.9485817821696392 3.3257070332765579 4.2869594441726786 8.6992564019747096 4.491609043441712 3.114086406305435 8.4382728966884297 4.0474879788234857 12.503479971550403 2.6007558489218381 6.2495764205232254 11.106519860215494 3.9082567188888708 4.1027479902841133 2.1982770152390003 5.3660254194401196 2.9961634818464518 1.6027145264670242 3.4286380475386968 2.1199232046492389 3.7014251267537475 4.3932321853935719 2.9273010129109052 8.3428542129695398 1.9536152705550183 7.5604679780080914 5.5360701614990893 11.301901166327296 5.6501644994132176 5.8903263770043948 6.5276857228018335 7.6240791161544612 3.0570445768535128 4.5582743235863745 3.1766448216512781 1.8148400839418171 6.531928125768907 5.2275165384635311 3.2819735426455736 2.3436634382233015 2.6808734256774187 3.9113927418366075 4.0550358630716801 9.4719234807416832 33.028825516346842 3.4887630380690089 10.529624283313749 2.4864287609234443 4.6421982673928142 6.2514160396531206 2.7278461121022683 5.5531966760754568 4.2971946876496077 2.5597581495530903 4.7637273254804313 2.9610921107232562 7.5418523014523089 3.9717387091368437 1.5902688768692312 4.0583768440410459 5.1819470450282088 6.8776810253038994 4.1711673261597806 6.9147561220452127 5.2849214915186167 5.9441847573034456 2.1308897314593116 2.0340472415555269 3.1457916377112181 8.8068211236968619 7.1155135887674987 2.5296347318217149 2.513012146577263 2.6375806219875813 3.4092272627167404 2.6061921278014761 11.014190415851774 4.0070208329707375 15.248861431144176 3.9397623017430305 5.9986483035609153 2.8926136326044825 4.044613608159124 3.2524947356432659 8.8705655392259359 3.1080438699573252 4.0066101495176554 2.0230367109179523 16.979848090093583 22.697750570252538 5.4646077458746714 1.984435254242271 2.3592831250280142 2.402239159680903 3.5129572823643684 25.246851244475696 4.7719110921025196 2.6916612638160577 7.0822571730241162 3.9182350742630661 6.5264479252509773 7.7987264338880697 6.5843919189646822 16.840271769091501 2.4861545683816102 23.874395307153463 1.9766817083582271 4.6231297478079822 5.073104365263136 11.480441762134431 2.8092322698794305 2.1176922130398452
leaf_count=149 78 229 111 57 79 131 77 36 107 41 123 25 57 171 39 37 38 93 59 24 49 28 75 68 45 181 47 148 104 65 115 160 164 130 68 108 39 22 54 64 37 39 59 45 42 276 726 70 253 36 78 38 30 93 55 45 93 58 161 95 37 43 47 76 46 139 60 150 39 51 47 176 82 23 59 33 38 63 212 61 259 53 73 30 67 37 122 37 60 36 170 535 111 52 29 41 32 505 55 39 117 62 133 138 108 340 24 376 23 100 82 180 50 44
internal_value=-1.15269e-05 -0.00537268 0.00405808 0.00578297 0.0134395 -0.000993263 0.0135443 -0.0105131 0.0361468 0.0173916 0.0218236 0.000736516 -0.00558916 -0.0151258 -0.0284085 0.0360018 -0.0234089 0.0031252 0.00140396 -0.0242483 0.00402761 -0.0371486 -0.0100853 -0.0123866 0.00840172 0.0013825 -0.0230394 -0.0150959 0.00454712 0.0317258 0.00825493 -0.00138522 -0.0101176 0.00241102 0.0254748 -0.0177961 0.013216 -0.0374953 0.0161426 0.034431 0.010857 -0.012124 -0.0189139 0.0106755 -0.0075109 -0.0194822 -0.0185251 -0.00443617 -0.00980261 0.00443746 -0.022283 0.00821926 -0.0246312 -1.3534e-05 -0.00398039 0.0160151 -0.0277248 -0.0348127 -0.0133909 -0.0353644 -0.0144415 0.0452952 0.0334473 0.0208614 0.000354582 0.0269266 0.0117868 -0.0332426 -0.0265667 -0.0227377 -0.013185 -0.00893372 0.0146563 -0.0197033 -0.0272007 -0.0352766 -0.0141806 0.00602714 -0.0421995 -0.0496037 0.0132596 0.00795676 -0.00190243 -0.0135423 -0.00192479 0.0239387 0.0121517 -0.000259363 0.00238883 0.0307378 0.0248672 -0.013329 0.00579751 -0.0162354 0.00819929 0.0240981 -0.00304498 0.00590152 0.00723202 0.00280479 0.00498791 -0.0217937 0.00927676 0.00333818 0.0344433 0.00792321 0.0135011 0.000478825 0.0206326 0.0290445 0.00673272 0.0406286 -0.00789631 -0.0287624
internal_weight=675.176 482.786 160.859 154.911 192.39 41.356 25.0925 12.1626 12.9299 151.034 119.274 31.7594 29.1587 23.608 17.3584 44.8618 16.2636 7.5643 130.408 12.0657 118.343 5.11609 321.927 268.128 30.9003 53.7988 13.1581 237.228 28.6609 17.7422 45.4559 33.245 27.5948 21.0672 13.362 208.567 10.7371 7.70517 24.2677 12.2109 6.9834 13.4502 5.73792 12.0692 7.96643 197.83 193.272 40.7217 37.2329 23.7422 152.55 10.8936 141.656 15.8229 21.2558 11.7839 125.833 13.4907 13.095 10.463 6.49124 32.7927 20.2892 15.1072 8.22954 18.7316 11.8168 90.9229 57.8941 51.9499 34.8947 32.7638 10.2613 22.5025 19.9728 17.4598 8.653 6.01542 17.0553 15.0212 74.4126 57.1407 36.1134 24.9145 18.9158 11.1989 14.8712 11.9786 7.2591 17.2719 21.0273 34.9105 12.2128 6.74816 9.04848 6.6892 6.44026 113.227 109.798 82.5745 79.8828 11.0005 68.8823 55.7715 13.1108 50.9995 43.2008 26.3605 27.2235 24.5024 8.39881 16.1036 7.48668 4.92692
internal_count=11426 8942 2891 2780 2484 631 369 185 184 1853 1444 409 384 306 249 459 262 131 2361 305 2056 87 6051 4976 418 1075 276 4558 425 142 894 718 603 439 257 4133 187 182 357 176 112 210 127 124 87 3946 3838 887 817 506 2951 116 2835 284 470 194 2551 311 254 281 186 335 212 165 89 253 114 1760 1034 884 560 521 129 392 369 310 134 101 324 273 985 690 479 329 256 150 189 159 97 295 211 791 256 145 149 120 77 1969 1920 1392 1353 179 1174 933 241 878 740 400 528 419 139 280 139 94
is_linear=0
shrinkage=0.0534619


Tree=16
num_leaves=115
num_cat=0
split_feature=31 6 3 3 19 29 19 20 3 11 8 24 34 24 25 34 29 16 8 33 33 15 13 18 26 13 20 19 6 6 14 25 25 25 24 5 20 33 34 18 32 29 28 31 6 32 19 24 29 18 26 19 14 18 14 25 31 29 5 6 13 31 11 31 18 20 13 31 16 10 33 4 15 28 11 26 32 19 18 8 16 4 3 15 32 31 19 24 25 18 19 4 15 29 12 25 18 24 32 2 28 15 11 8 34 14 14 2 16 16 12 11 20 16
split_gain=16.0008 7.49468 5.58484 4.30377 4.80813 4.20173 7.30193 4.67928 4.02553 5.29517 3.96144 3.86871 3.70784 4.4498 4.03567 3.89272 3.61725 3.19229 3.23964 6.6007 4.98208 3.16232 3.15934 3.15513 3.39405 3.14222 4.01798 3.06336 3.05453 3.84383 3.35181 4.7032 4.7047 3.23175 3.12493 3.03593 3.53744 3.32759 4.42479 3.39522 3.19095 3.9698 3.14118 3.19122 2.79122 3.56888 2.74066 5.01169 3.32728 5.12324 4.19891 3.11899 2.6256 3.45219 2.61763 2.4924 2.87225 2.4799 2.47867 2.54648 2.55307 2.46405 6.3803 3.89977 4.80653 3.70816 5.35352 4.01298 3.57625 3.36533 3.21403 3.64821 3.21383 3.66147 3.17753 3.02192 2.85849 4.74587 4.63081 2.79837 2.7047 2.673 3.52858 2.83843 2.55858 2.4196 2.3343 2.91261 2.86565 2.69538 2.54888 3.4138 3.13377 2.77183 2.40348 2.50963 2.24243 2.2342 2.22644 4.29875 3.29799 2.74431 2.34434 2.22527 2.19385 2.16614 2.84426 2.14349 2.13789 2.53337 3.0584 2.11918 2.27351 2.11267
threshold=49.994183961740823 0.18056426332288414 -0.035869570854038739 0.05435307260718137 0.34853692817042731 -1067.5946698269092 0.42581665652758605 0.52499999999999958 -0.081535658502806072 -0.0031855955694663758 0.0044159011992894641 0.054435564598966042 0.78333333333333355 -0.025134007682743261 0.016214183808603736 0.65000000000000002 -1014.2007170665908 -0.15335369469169793 0.010698956437703806 -0.61828662460489059 -1.209976263331658 453.8660889023061 0.090790342957007608 0.0022366622272833822 0.11259165999662583 0.022667263129046059 -0.36000000000000026 0.77569591083209233 0.076923076923076969 0.071428571428571383 -0.0083166426159951828 -0.0093786574754670653 -0.0018143144704703682 0.0016623888130760103 -0.02352074462821124 0.60000000000000109 -1.8200000000000018 -0.21397304138062087 0.65000000000000002 0.0035786063972859535 0.57166666666666677 -2002.7890713001407 0.065577994101219048 75.739640940634573 0.052631578947368383 0.54738095238095252 0.41974113767271043 0.042285213497112124 -488.8391469417146 0.0023929149000060245 0.14387697345887393 0.43123946543955366 0.033174110052647122 0.0026258169259515216 0.0081026939183643804 0.0015707897584774646 96.720623263144674 -520.8669748985825 0.34999999999999998 0.058947629684785313 0.010446791433306431 27.87753155728635 0.0093810962303435153 23.302024336710481 0.0047841269294510097 -1.0250000000000001 0.13321542872462425 30.415584435984318 -0.038545720299896662 0.0098936709649993636 -0.62690343143317506 11.500000000000002 530.00667251322909 -0.28756918398507275 0.0053771318077173455 0.14210874569054782 0.42928571428571433 0.43866597605966323 0.0029128681092019716 0.0066709765708669608 0.041465716735458076 7.5000000000000009 0.022573703352133049 209.57689127444908 0.49500000000000005 69.533684983791673 0.46320678290350015 0.0067087113804655827 -0.0029065064421205373 0.0033866558629140468 0.64304671725524487 14.500000000000002 297.12231343868677 -836.58672725111467 4.7500000000000009 0.0012564744514587114 0.004212198032489122 0.0069272061120070347 0.67023809523809541 2.0799999999999996 0.059533553088451444 262.19551639467687 0.0073645069780134765 0.0061164622443112592 0.8500000000000002 0.018603559835249878 0.0015612765789611573 -2.2749999999999999 -0.025041881934509843 0.0070419451512190321 4.7500000000000009 0.018166730307237079 -0.69000000000000028 -0.072281760248999169
decision_type=8 10 2 2 2 10 2 2 2 8 8 2 10 2 2 10 10 8 10 2 2 10 10 2 2 8 2 2 8 8 10 2 2 2 2 10 2 2 10 2 2 10 2 10 10 2 2 2 10 2 2 2 8 2 10 2 10 8 10 10 8 10 10 10 2 2 8 10 10 8 2 2 8 2 10 2 2 2 2 10 8 2 2 8 2 8 2 2 2 2 2 2 10 10 2 2 2 2 2 2 2 8 10 10 10 10 8 2 8 10 2 10 2 10
left_child=1 52 25 4 -4 6 -2 11 9 -8 -5 12 15 -14 46 -7 -9 -10 23 20 -20 -6 57 -19 -25 27 -27 -3 29 98 85 34 -33 97 -32 36 -11 38 -38 -39 41 -41 43 -37 45 96 47 48 -15 50 -50 -48 61 -54 -36 -40 -57 107 59 60 -17 62 -1 64 -64 68 67 75 -63 72 -65 -72 73 80 -75 -67 79 -78 -79 -76 104 83 -83 -80 -70 -30 94 89 -89 -88 -90 92 93 -92 95 -53 -22 -34 101 100 108 -26 -101 -102 -69 106 -60 -18 -100 -110 -111 112 -91 -35
right_child=5 2 3 10 21 7 8 16 17 35 -12 -13 13 14 -16 58 22 18 19 -21 44 -23 -24 24 28 26 -28 -29 30 -31 31 32 33 113 54 42 37 39 55 40 -42 -43 -44 -45 -46 -47 51 -49 49 -51 -52 86 53 -55 -56 56 -58 -59 105 -61 -62 65 63 70 -66 66 -68 69 84 -71 71 -73 -74 74 76 -77 77 78 81 -81 -82 82 -84 -85 -86 -87 87 88 90 111 91 -93 -94 -95 -96 -97 -98 -99 99 102 103 -103 -104 -105 -106 -107 -108 -109 109 110 -112 -113 -114 -115
leaf_value=-0.031166847340206947 -0.044981887344694299 -0.073922714501438974 -0.046448377571815032 -0.046814185399845033 0.040800414205593681 -0.04008488015456619 -0.07680346687567928 0.031722993441428857 0.025648567193508744 -0.044750657671477401 0.024666071242004824 -0.056595669474466946 0.071551041611316771 0.027370639283472626 0.063169610116992944 0.038446092899763223 0.021276472464128136 -0.047835329734925963 -0.035987680698493681 -0.044791112851650772 -0.014897207396629619 -0.016283285078963306 0.043730907766861692 0.039735431514138615 0.0069917251107388858 0.023113503970384114 -0.043951972764086113 -0.012254497172218097 0.0018345568111785135 0.067050443989621386 0.055158784824811062 -0.048055107808380591 0.045503218042205175 -0.064561062919540058 -0.049047427711052201 0.060422466799865293 -0.060869892974397447 0.051438981172007257 0.044644384487456563 -0.066838168559938183 0.021461605989011673 0.028259305135462889 0.071390744961665045 -0.055181160421210837 0.086828849928421215 -0.063637833642345112 -0.05568158962168529 -0.063400249837701164 0.017432434686237737 0.059365195681661341 -0.068286345467141144 -0.055597693651688804 -0.0043333836892501002 0.054606866880748034 0.033556082731663141 0.020424181016445987 -0.06492383491364663 0.018299714948474839 0.05603184929806429 -0.018233464208598709 -0.031975992497861365 0.0042460651126894761 -0.053635262568769528 0.063049515789893429 0.031508228122876986 -0.055132395976151521 -0.070283887970363168 -0.0072542046671577312 0.0088422937204427447 -0.034279038405567432 0.04545789477058209 -0.0025867992749866765 0.064433846489591079 0.057614390807942291 0.061099795509372758 0.0043627877926419468 -0.061859615952034777 0.039960350798418108 -0.07046296164674383 -0.0075159574504638218 -0.0060890246904459584 -0.02813345162762242 0.035822493286213446 -0.0075355539012219837 0.059358796565715521 -0.04585506864683507 0.036669252293026103 0.036860066055099401 -0.031943303497343561 -0.058589180586430152 -0.04246751476098215 -0.049332088711667013 0.076535632920384455 0.031907589737728476 0.054081463729322175 0.026116668037595773 0.074587199523574552 -0.0082424952364435165 -0.057586022453301702 0.03521607992426163 0.030374008560804574 -0.045385044880091437 -0.022671122942605811 -0.031554647694936246 0.039952399877534274 0.070317350015867738 -0.015165900092888181 -0.038088528433898837 0.013851775023279781 -0.056878949118368563 0.017381650577634709 0.025872266394626864 0.0063922080158939892 -0.012143140235282904
leaf_weight=5.0575254661962381 16.695723953656852 6.0520299226045591 2.6226810878142777 6.3589867949485752 15.164610951673241 2.6095705954358008 2.1141082942485809 3.7116626803763202 6.2429526299238205 3.9036023295484474 3.3569560204632589 2.8683192618191233 2.4411078914999953 21.213255048030987 2.6900738030672064 9.6875012018717808 1.8495588507503331 5.98944924538955 4.8524296670220792 22.589272593148053 1.2705556629225596 3.3665286106988779 1.8142868597060431 4.0376263186335555 41.10653829574585 5.4497862928546965 4.7347651035524922 3.7390682422555983 3.7500328915193704 2.151781763881444 4.5677470378577709 10.996670535299925 4.6038400735706109 2.5034262393601265 2.1700200480408949 1.2053129011765116 3.933191115036605 6.8654375625774291 3.168860845733434 3.0412172898650169 12.949580440763382 2.0848741587251451 4.0672256862744689 1.4713722039014099 2.0199527582153678 1.2591213644482193 3.8306939825415602 2.427299595437943 2.6797953173518199 2.166708436794579 4.0830589164979756 1.6965628508478392 3.9047734062187365 10.288878279738126 2.1375711709260941 2.5482976539060473 1.960080847609788 2.8914332524873378 3.5930766128003579 4.8618507962673894 1.7008174643851877 10.224301821552219 3.0204619867727152 11.756111359689386 4.9383043413981795 4.7641605576500279 2.5771144405007353 3.2339717317372516 3.9668246642686418 4.2847795332781962 12.017791690304877 7.2095783669501534 3.439990894868969 2.5552020431496265 3.4218271235004059 4.9411501265130937 4.4118863875046399 5.7373636849224594 3.875849563628436 3.3155644265934825 6.1379550318233695 4.8942204155027849 4.8890355555340648 4.3302047569304714 10.490099447313694 15.860043148975818 6.1249051890335968 2.4683620757423261 24.061208373866982 3.1559371799230567 2.5721648596227165 2.9072237191721797 1.9286782485432921 3.1316008646972464 3.4495649854652584 2.778358690906316 2.0637302715331316 4.1936648022383451 7.9820544612593949 6.3107560798525792 4.2747362097725263 3.0331171513535073 2.8837659880518913 2.6545753292739391 20.851249490864575 5.60434829024598 2.8431840501725674 23.509848586749282 3.8513134745881024 6.2943751495331508 2.0904024257324636 3.242829421069473 2.9489880623295894 16.536421610508114
leaf_count=65 383 70 35 77 182 74 16 47 77 110 56 73 54 448 38 225 27 121 131 576 63 50 25 42 880 79 72 42 75 48 26 193 43 52 47 44 88 86 73 57 201 69 44 54 50 52 77 37 70 75 61 31 43 101 27 66 43 77 62 135 44 137 43 88 61 50 21 44 71 73 105 76 37 48 42 57 71 70 46 52 71 77 81 53 123 295 145 58 464 58 61 57 31 74 78 88 41 68 179 64 66 66 69 47 282 58 61 496 65 129 50 59 50 253
internal_value=-0.000657809 0.0110453 -0.00696383 0.00728615 0.0208071 -0.00660316 -0.0107912 -2.36317e-05 -0.0084969 0.00518094 -0.0221044 0.00440656 0.0057405 0.000821427 -0.000939235 0.021952 -0.017819 -0.0118657 -0.0130783 -0.0280457 0.0049747 0.0304108 -0.0239729 -0.00988525 -0.00839651 -0.0289625 -0.0081021 -0.0505289 -0.00970345 -0.00281206 -0.018154 -0.0104865 -0.0185127 -0.00678648 0.0245447 0.00891683 0.00336025 0.00854447 -0.0150577 0.019543 0.00733594 -0.0282157 0.0420177 -0.00295736 0.035084 0.0117567 -0.00274586 0.00987958 0.0158598 -0.0114717 -0.0343976 -0.00914544 0.0164158 0.0384162 -0.00809556 0.00858769 -0.0168959 -0.0283802 0.0277266 0.0140396 0.0278437 0.0144085 0.0251319 0.0324709 -0.000894462 0.0102001 0.00503883 0.00735325 0.0284893 0.0115229 0.0410357 0.027468 0.0143026 0.0117157 0.000531898 -0.0249345 -0.00370707 -0.0112038 -0.00169225 0.0274674 0.0255438 -0.0150419 0.00383038 -0.0374672 0.045568 -0.0367437 -0.00616082 -0.0102442 -0.0183718 0.00921697 -0.022353 -0.000409978 0.0183662 -0.00167213 0.0208144 -0.0050509 0.040676 0.0199467 -0.0047134 -0.0145063 -0.0252003 0.00335245 0.0170276 0.00658731 0.0336072 0.0460822 0.0246606 -0.0337276 -0.0360926 -0.0219214 -0.0383556 -0.00883573 -0.02734 -0.019161
internal_weight=657.212 221.382 50.8454 30.8698 21.1538 435.831 266.287 169.544 249.591 49.3132 9.71594 135.767 132.899 101.998 99.5573 30.9003 33.7768 200.278 194.035 34.0551 11.4658 18.5311 30.0651 159.98 153.99 19.9756 10.1846 9.7911 149.953 82.6334 67.3194 47.7094 38.834 27.8374 8.87534 47.1991 40.4551 36.5515 11.6104 24.9411 18.0757 5.12609 6.74391 2.67669 6.61336 4.59341 96.8672 32.5701 30.1428 8.92956 6.76285 64.2971 170.536 14.1937 4.30759 7.67724 4.50838 28.2508 28.2908 16.2502 11.3883 156.343 43.9998 38.9422 7.95877 112.343 87.6615 85.0844 24.6812 75.3791 30.9835 19.2274 71.0943 67.6543 37.4312 9.70531 34.876 28.1386 23.7267 6.73739 30.2232 17.9893 9.78326 8.20605 14.4569 19.6101 60.4664 52.5419 37.0692 15.4727 34.6009 10.5397 7.63244 5.70377 7.92449 4.47492 3.33429 8.7975 80.4816 36.342 27.1475 44.1397 9.19452 6.92931 24.0852 12.0406 6.43626 25.3594 20.2181 12.2361 8.38478 9.34775 6.10493 19.0398
internal_count=11498 2751 663 400 267 8747 5229 3518 4846 951 133 2846 2773 2114 2060 659 672 3895 3818 913 337 232 625 2905 2784 263 151 112 2742 1663 1079 709 609 416 100 935 793 683 270 413 327 126 142 98 206 156 2022 691 654 206 131 1331 2088 144 74 182 109 600 585 404 269 1944 438 373 104 1506 1175 1154 331 1047 269 181 974 937 540 107 492 398 327 94 397 257 158 99 194 370 1254 1057 745 312 687 223 166 135 197 119 104 111 1615 669 536 946 133 113 326 181 123 523 423 244 179 167 108 305
is_linear=0
shrinkage=0.0534619


Tree=17
num_leaves=115
num_cat=0
split_feature=11 30 19 5 16 6 20 9 5 3 27 3 6 16 20 20 3 23 0 14 16 28 11 6 32 23 17 4 4 27 17 26 33 26 33 26 16 4 28 17 20 23 3 19 8 31 3 30 4 22 27 8 8 31 8 13 19 16 31 27 19 30 33 22 33 5 33 22 0 0 17 16 32 6 16 17 16 11 19 6 26 17 8 15 20 11 14 23 0 3 27 2 8 16 26 30 14 19 13 20 8 5 22 30 17 4 4 30 13 13 22 16 20 30
split_gain=14.1105 5.24333 5.6442 5.21014 7.20351 5.20805 5.12761 4.10055 4.04215 5.064 4.12498 3.76808 3.38079 3.36614 4.90026 4.1515 4.07477 3.72861 3.65289 4.84815 3.82319 3.23048 3.27925 4.00768 5.34468 4.93703 3.43741 3.10997 3.50384 3.09306 4.04006 3.04396 3.03992 2.99914 2.91934 3.36677 2.90856 5.08546 4.28639 3.54586 3.37391 4.25586 3.87801 3.5698 3.20276 3.17851 2.90119 2.84127 2.81605 2.79312 2.74653 2.73993 2.72985 2.71926 3.31005 2.9219 3.61855 3.29523 2.8361 2.76499 2.68913 2.67672 5.04803 2.62984 2.61376 2.5189 3.67133 2.49513 2.43671 2.43357 2.41142 2.40831 2.59991 2.39017 2.61447 2.42592 2.37717 2.43282 3.49166 5.56227 3.66142 2.3411 3.20019 4.41146 3.22608 2.67919 2.31111 2.34954 4.4415 4.87194 3.18447 2.97438 2.89759 4.6991 3.86128 2.31095 2.29741 3.2866 2.46177 2.29689 2.2611 2.25136 2.50785 2.22856 2.21898 2.16522 2.15363 3.05767 2.28633 2.13643 2.09228 2.0883 2.5301 2.22789
threshold=0.0092804318103783933 -342.14188318549571 0.47610919993814177 0.32500000000000023 -0.068462525167906449 0.12456896551724138 -1.1149999999999982 0.002567614907827052 0.20000000000000065 0.039684878402802111 0.019445990887162593 0.041411515660243599 0.014201203320896768 -0.0062093572001918887 2.1549999999999998 0.73999999999999944 0.066239615820699607 1.5908433965964723 0.44272415213836042 0.019231400561109131 -0.016379361969251379 0.63736514572743463 0.033159765766680123 0.15450928381962872 0.80071428571428582 0.89728039686501682 -0.16183954326614561 22.500000000000004 5.5000000000000009 0.026731189223507149 0.23954695468362028 0.15835867426942199 -0.17277113411325931 0.33829497442058515 -0.22438195134306832 0.12407621178599611 -0.039258944405954226 19.500000000000004 -0.20771475218000665 -0.57016357994695765 0.45000000000000112 6.874831274942501e-16 0.027726561989298241 0.80467564476173681 0.0051888053923760556 25.611750784738728 0.011889289802732185 -771.67615774384956 4.5000000000000009 -2.3484073166444395 0.047133662417282347 0.0061826188174780592 0.0059987044204700595 30.415584435984318 0.0074647834550654098 0.013173782507911477 0.43556257572492191 -0.044368613883394685 116.09800964918409 0.0028701186352529944 0.8704909465738887 -55.652499234009518 -0.67690811709351906 -2.5474361657894891 1.8211988170364075 0.37499999999999939 0.8386166199902948 -2.2010787724499079 0.55124109004076038 -0.14687601856615409 0.6863186375028153 -0.0070641231345206492 0.59785714285714298 0.058947629684785313 0.039054105935723012 -0.27060106963254643 -0.12983695802293591 0.02507359949600942 1.1418499474212409 0.095238095238095219 0.15384764227037004 -0.33509950347750889 0.0089702741334563522 205.81164672819702 -1.3350000000000006 0.0036980978235526961 0.041639577383111019 2.3308943473116424 1.0000000180025095e-35 -0.03031780359707725 0.012145753369418923 0.88 0.0077253479043062597 -0.022638355060995981 0.13596708714401654 -126.51779309229163 0.0035027490569106983 1.0771084137313911 0.085474522033714487 -1.0000000180025095e-35 0.015870863168400379 0.12500000000000069 -2.7352853076844372 -551.22717583336453 0.36707444782937576 11.500000000000002 15.500000000000002 -28.018473666824168 0.030531698680018319 0.0041464406846727182 -2.817648531072606 -0.070523637851378593 -0.020000000000000458 -415.09699285088976
decision_type=10 10 2 10 10 10 2 10 10 2 2 2 8 8 2 2 2 8 2 10 10 2 10 10 2 8 2 2 2 2 2 2 2 2 2 2 10 2 2 2 2 10 2 2 10 10 2 10 2 8 2 8 10 10 10 8 2 10 8 2 2 8 2 8 2 10 2 10 2 2 2 8 2 10 8 2 8 10 2 8 2 2 8 8 2 10 10 8 2 2 2 2 8 10 2 10 8 2 10 2 10 10 10 10 2 2 2 8 8 10 8 10 2 8
left_child=1 2 34 8 -5 13 -7 21 9 53 11 -10 -11 15 17 16 50 46 19 20 49 22 33 26 25 -25 -24 28 31 61 -31 65 -28 36 -1 -36 37 38 45 44 42 -42 106 51 60 -2 69 -45 -33 105 64 -43 -14 -3 95 57 -57 -56 59 109 -38 62 -9 -48 86 66 -19 -63 101 -15 -51 72 -6 74 75 -61 -40 78 79 -78 -81 82 -30 -84 -85 -83 87 88 100 91 92 -90 -89 94 -94 -55 97 103 -98 -73 -4 102 104 -64 -47 -17 107 108 -41 -59 -77 -35 113 -113
right_child=7 3 5 4 71 6 -8 29 10 12 -12 -13 52 14 -16 18 -18 27 -20 -21 -22 -23 23 24 -26 -27 32 -29 81 30 -32 48 -34 111 35 -37 39 -39 76 40 41 43 -44 47 -46 68 63 -49 -50 70 -52 -53 -54 54 55 56 -58 58 -60 73 -62 67 96 -65 -66 -67 -68 -69 -70 -71 -72 99 -74 -75 -76 110 77 -79 -80 80 -82 85 83 84 -86 -87 -88 90 89 -91 -92 -93 93 -95 -96 -97 98 -99 -100 -101 -102 -103 -104 -105 -106 -107 -108 -109 -110 -111 -112 112 -114 -115
leaf_value=-0.053633609104165259 -0.02462331351216868 -0.042507022199179373 0.030109965167182087 -0.057381271076666018 0.078753749502460876 0.003260976292727692 -0.070456495967901059 0.035091798553412629 -0.05516606387428475 0.059182509146156165 0.027584851647270123 0.020460206149368165 0.045228783903702184 -0.0013580587348517 -0.058483921253159279 -0.025065810747077269 -0.039886980521319004 0.021472029747589067 0.04787685737908761 0.050650884335775838 0.038937004011956003 0.037098787703263809 0.048478850967250763 0.068076219253358439 -0.041298150777337346 -0.0029983064267010561 -0.0071118498866638551 0.036709832611802155 -0.050725269472550613 -0.069540890018478921 0.016626534783023655 -0.002317234517582506 0.031252220825692498 0.014678946024755182 0.029244528054022726 -0.038380532710202427 0.046559891536416056 -0.06078793998206948 -0.062302467811670856 0.0051526559279968668 0.0640461902505957 -0.059444673795449966 0.049151076606596955 -0.015190978536226302 -0.032339352605806074 0.018416377946265151 -0.061176726038740768 0.039229597739887025 0.056758177586708043 -0.052593127930470641 0.040165623993056933 0.00040348042965152069 -0.039642504474207203 0.0011358469468686649 0.038647785911764293 0.0153421586669113 -0.053588300656316389 -0.038737206606414741 -0.04608672273895803 0.05542410846951458 -0.01243222928334492 -0.0083383318016601142 0.047624834176126174 0.023094120332778755 0.030773944088645803 -0.068625448062069827 -0.046325966356005506 -0.071186339236329027 -0.031604911450266282 0.073040191733581533 0.011240938606294503 -0.025652187749102232 0.012605232007809473 -0.012621441607296186 0.075320687288006005 0.018603385132681501 0.049441152820939249 -0.04402870100958766 -0.047909939580421251 -0.039820322841486691 0.02715486354081998 -0.057078186908675402 0.051969808760912173 0.026323233814138432 -0.041901025652133633 -0.0085506955121152188 0.044426126856618516 -0.058339560752821859 0.040319022779972132 -0.074900532855410179 -0.045772271373438651 -0.045831601987071445 0.020219543042850067 0.033718228565053736 -0.049871165269181741 0.065794010111897144 -0.02473784211471243 -0.023255033339957706 0.038491046317353964 0.034550675172645137 -0.02790729568482278 0.039399749942461891 0.047584726378910473 0.0034253103019682486 -0.035203807637915176 0.031579758714203793 0.036625148079720955 -0.049754405064151297 0.045474330834822808 0.025574239753838084 -0.044469836462190736 -0.049159245787688301 -0.076941138194614719 0.022960509858770548
leaf_weight=13.76787279546261 4.9309641737490884 2.8087266734801224 11.129787179175766 2.5654804189689484 5.722085456363855 4.1559965219348669 7.6079723732545954 11.762605841737239 10.597527512116356 1.2001103479415149 2.9888171707279971 2.2637655786238602 1.1440712991170592 2.0055555524304509 7.1314897048287085 3.4933982519432902 10.32943374244496 5.152614348568024 7.0802649473771444 5.2222773302346459 4.1740398034453419 12.797971557825802 16.408534506801516 4.0281531289219865 6.0913840699940911 8.8973271595314145 9.3671103268861788 2.8920625438913694 5.4283014619722953 4.2639449904672793 2.4119413669686764 6.4827566775493306 15.847162620630113 3.1770336865447462 3.2126686861738545 5.9302028333768249 3.9544484084472078 3.7972067026421419 2.5367979202419519 17.99757971288637 2.6884943628683713 4.8129396773874769 15.027082257904111 5.2255189628340331 8.1645868527702969 4.7275858013890666 1.8502984433434901 5.6880749757401601 3.5347163644619286 7.1228858977556282 3.7923342068679622 3.971002151723952 13.435336653143166 2.3457380207255483 9.9711483796127052 3.993282785639158 4.7035630219615996 4.9585748501122202 2.9704175242222837 3.4524344373494351 4.9073631027713418 5.7882518689148128 5.8689007167704412 2.3696783403865993 4.8728358494117847 2.4958143518306306 4.0352348070591688 2.596709887031464 2.2437292337417594 3.3048331066966039 2.1943655875511467 2.3809025180526104 2.4391003283672035 4.8895825622603288 2.9257971220649752 5.4995796424336731 6.304474419448538 4.3924365420825771 3.5491346591152242 6.166459503117947 3.7016375372186303 12.549343607854103 3.2076442530378673 2.8524049241095781 6.2750254049897194 4.4137834454886606 2.1046310923993579 2.8601527023129227 2.8928055139258504 3.6962948916479927 10.417660528793929 1.8402907270938156 3.5084760496392828 6.7528475401923087 6.1107168784365058 4.8339948737993828 16.907900435384363 6.4485118556767693 1.9271253766491998 7.2033462012186638 2.2838321886956683 15.498173152562229 3.3678164060693296 7.3048040941357657 4.0664148074574769 4.2078820075839758 10.967581357806919 2.3157416461035636 5.143997142091389 2.0610018917359412 2.0235171904787492 2.4007450267672539 2.7839888678863627 2.4201173498295248
leaf_count=327 61 55 209 63 88 61 137 247 296 13 73 76 20 30 149 79 231 70 68 57 49 187 216 33 73 104 89 38 121 80 43 107 179 78 50 117 42 77 59 303 23 68 222 125 179 65 36 59 26 147 50 80 399 42 245 93 123 130 76 116 58 128 108 53 53 44 57 41 45 63 32 82 60 129 48 125 140 68 78 79 50 255 56 32 133 117 24 58 68 78 216 43 62 82 139 69 316 128 44 93 65 298 37 97 52 73 184 37 85 52 78 39 49 39
internal_value=-0.000481743 -0.0082164 -0.0130313 0.001325 0.0257326 -0.0100597 -0.044479 0.00777061 -0.00424845 0.00105387 -0.0286913 -0.0418233 -0.0257309 -0.00782595 -0.0164126 -0.00167107 -0.00885506 -0.012022 0.0138868 0.00471352 -0.00667357 0.0109975 0.00952285 0.0201679 -0.000161648 0.0192818 0.0294505 -0.0170102 -0.0197894 -0.00410835 -0.038476 -0.00292142 0.0170062 0.00565129 -0.0381064 -0.014581 0.00753647 -0.00107014 0.00265247 0.0137192 0.0187893 0.00145335 0.0263226 -0.00719447 -0.00825378 0.0149936 0.0189547 0.0132003 0.0186563 -0.0179317 -0.00368283 -0.0324938 -0.0328699 0.00842711 0.0110769 0.00593732 -0.0219972 0.0122257 0.00302705 0.00874586 0.0139678 -0.000168035 0.00450458 -0.0140505 -0.0065541 -0.0214331 -0.00836157 -0.0280585 0.0215542 0.0451163 -0.0375618 0.0378561 0.0591551 0.0194352 0.0307234 0.0185964 -0.0134719 -0.00823647 -0.000186514 0.01037 -0.0146765 -0.0303116 -0.0166792 -0.00157258 -0.0205452 -0.0445079 -0.00997025 -0.0122283 0.00107322 -0.0292525 -0.0220201 0.00669443 -0.00908022 -0.000347614 -0.0243154 0.044808 -0.00487401 0.00791706 -0.018195 0.0195384 0.0201697 0.0259098 0.00863707 0.0232091 -0.00641038 0.0058717 0.0168584 0.00829404 0.014183 -0.0197998 0.00147838 -0.021567 -0.0367232 -0.0130363
internal_weight=631.769 326.121 216.743 109.378 20.3109 193.833 11.764 305.647 89.067 73.2169 15.8501 12.8613 15.7795 182.069 75.9816 106.087 72.5921 68.8501 33.4951 26.4148 21.1926 240.367 227.569 60.6397 19.0169 12.9255 41.6228 59.3197 56.4276 65.2807 6.67589 21.7011 25.2143 166.929 22.9107 9.14287 156.147 65.2828 61.4856 90.8644 73.838 22.386 51.452 19.6975 17.0264 34.8347 9.53037 10.9136 10.0175 17.0185 62.2627 8.78394 14.5794 57.4374 54.6286 47.4489 8.69685 38.7521 28.7809 25.8105 8.86181 58.6048 50.2198 4.21998 58.4703 11.6837 9.18785 8.38496 29.9037 5.31039 9.31725 17.7454 8.16119 18.7909 13.9013 10.9755 26.6509 24.1141 19.7217 16.1726 9.8681 34.7265 17.7634 12.3351 9.12743 16.9631 53.5975 51.4929 21.843 8.42939 29.6499 4.7331 19.2322 16.372 9.61919 7.17973 38.4572 19.6222 18.835 9.58425 13.4136 27.66 12.1618 13.1737 8.794 7.70128 36.4249 25.4573 23.1416 7.01958 7.5231 10.7819 7.60485 4.82086
internal_count=11498 6606 3962 2644 386 3468 198 4892 2258 1813 445 372 432 3270 1387 1883 1378 1238 505 437 380 3660 3473 694 210 137 484 1056 1018 1232 123 304 268 2779 494 167 2574 1109 1032 1465 1186 355 831 332 279 558 182 184 133 331 1147 148 419 1381 1326 1215 216 999 754 678 100 1109 940 89 1097 171 127 169 497 93 179 323 148 496 367 319 474 415 347 269 129 714 342 221 165 372 1044 1020 463 189 557 111 341 283 201 111 693 333 360 175 274 452 154 205 117 152 609 425 388 182 203 205 127 78
is_linear=0
shrinkage=0.0534619


Tree=18
num_leaves=115
num_cat=0
split_feature=11 23 21 27 31 18 29 4 29 9 24 19 1 19 6 12 27 17 28 24 22 22 24 18 13 20 28 28 22 10 19 29 27 27 1 22 20 31 31 17 28 27 29 29 0 29 32 0 20 17 17 19 1 22 6 0 22 0 22 6 4 19 28 23 23 18 31 17 28 20 1 11 28 6 20 27 17 28 33 6 28 18 1 31 12 2 28 33 32 23 23 31 10 1 19 22 28 11 19 29 32 28 9 3 27 28 1 6 19 6 20 18 31 34
split_gain=11.1013 4.89005 5.44956 4.15202 4.62908 4.54672 4.11303 4.08789 4.38238 4.68661 4.10565 4.04536 4.77183 4.67476 4.00128 6.25288 4.96903 3.84588 6.45902 5.28066 5.1861 3.9307 4.51558 5.03019 3.81266 3.6953 3.78271 4.53539 6.8725 4.70572 3.6 4.30376 3.58787 3.40185 5.85681 3.18656 3.18472 4.1073 3.32102 3.71629 3.2838 4.33093 4.02895 3.14467 3.0396 2.98824 3.12918 2.9724 3.48931 3.73862 3.20774 3.61944 2.84104 2.81211 2.77736 2.89215 2.79638 3.55779 3.4057 2.74192 3.33805 2.70563 3.20902 2.66157 3.43998 4.27039 4.20413 3.44713 3.58059 2.99903 2.96412 2.93532 3.78799 2.59712 4.71065 4.57728 2.97741 3.13891 2.94999 2.5954 2.5616 2.55213 3.82974 3.45346 2.53249 2.9318 2.52525 3.82069 4.57884 2.50154 2.42779 2.43373 2.38969 2.99521 2.37851 2.37803 2.37258 2.72964 2.36196 2.34383 2.33322 2.3231 2.31198 2.1816 2.48776 2.36965 3.1245 2.20983 2.83226 3.72023 2.68565 2.29148 2.14817 2.04383
threshold=0.02176911227577873 1.0652553346968889 777.24999999998556 0.036520353610276508 74.578802577002577 0.0054695270890408069 -209.86520500711239 9.5000000000000018 -1755.656094187867 0.0068352622136439228 0.0085724466356990065 1.0072284265033913 0.2008075056011949 1.0771084137313911 0.03181834616914344 5.2500000000000009 -0.02946105555021766 -0.051181410093860367 -0.6696150003882495 -0.0072471278585756185 -1.4952568244123345 -2.6991527398351165 0.0062703822410739027 0.0029128681092019716 0.0022794903624350983 -0.25999999999999884 0.54824054903876507 -0.30323330111913915 -4.6472955996408496 0.0015324115146453311 0.45312172016114444 -461.07262027660221 -0.013400632011122125 -0.00041919100408321913 -0.07537742134174695 -3.6558422391386243 -0.84499999999999964 29.434903495672163 35.613992742015512 0.022611815630259924 -0.17605378420712398 0.0038389399189119326 -488.8391469417146 -2792.8016502360692 -0.40239575956310164 -672.87195919652663 0.43404761904761918 1.0312633969990725 1.5799999999999994 0.038433812115501835 0.53144110310575277 0.70026643123106191 0.1251002802755912 -5.3767827334872722 0.03338907469342247 0.024695074203232362 -4.6666931118184491 0.0057681480613644984 -3.9992876432901743 0.065830882732291138 4.5000000000000009 0.70026643123106191 -0.88288864204803541 1.3081916585296332 2.511827238806696 0.0019137397773687115 49.994183961740823 0.10849240134620337 -0.23282824183487325 -1.2649999999999986 0.062693363944724148 0.011178354325072611 -0.59775664108843396 0.11111111111111117 -0.95999999999999897 0.021022636029531142 0.74786541374350624 -0.084956420789823586 -0.030135513593926463 0.057142857142857176 -0.015814175185585051 0.0030212778875894799 -0.016380665193003071 48.541807720318012 1.7500000000000002 0.55999999999999972 -0.019781677662209167 -0.13838604287905928 0.50023809523809548 3.0199227562407147 6.9191905093813304 41.262675677723678 0.0068057016499689779 -0.01863924608313999 0.42959443219807281 -2.817648531072606 0.20199926286331496 0.035772881523606498 0.71060408116085827 -1827.9686249031404 0.54214285714285726 -0.6696150003882495 0.011140085939304616 0.037910240620819609 0.00029371694539181986 -0.59775664108843396 -0.047712306127637931 0.1144115796098176 0.68377156421558649 0.054054054054054043 -0.21499999999999983 0.0063835184996423365 40.036769993900428 0.78333333333333355
decision_type=10 8 10 2 10 2 10 2 10 10 2 2 2 2 10 2 2 2 2 2 10 10 2 2 8 2 2 2 10 10 2 10 2 2 2 8 2 10 10 2 2 2 10 10 2 10 2 2 2 2 2 2 2 8 10 2 10 2 10 10 2 2 2 8 8 2 10 2 2 2 2 10 2 8 2 2 2 2 2 10 2 2 2 8 2 2 2 2 2 10 10 8 10 2 2 10 2 10 2 10 2 2 10 2 2 2 2 10 2 10 2 2 8 10
left_child=1 44 3 4 5 11 25 61 -9 45 -11 12 32 -13 15 16 43 19 -19 -18 33 100 -23 -24 99 36 27 28 -27 -29 -31 53 52 -21 -35 90 37 40 -38 98 41 -2 -42 -4 -1 46 -10 48 50 89 103 92 -3 -32 55 -46 57 112 -58 101 -61 94 -63 -34 70 66 -66 68 81 -69 71 72 -65 78 -75 76 77 -76 -71 -74 -64 82 83 -67 -81 -86 87 -37 -89 -50 91 -7 93 -52 102 -82 97 -39 -40 -5 -20 -30 -6 104 -16 106 -106 108 110 -110 -105 -111 -56 -12
right_child=6 2 14 24 7 35 -8 8 9 10 113 13 -14 -15 47 -17 17 18 21 20 -22 22 23 -25 -26 26 -28 29 59 30 31 -33 63 34 -36 86 38 96 39 -41 42 -43 -44 -45 54 -47 -48 -49 49 -51 51 -53 -54 -55 56 -57 58 -59 -60 60 -62 62 80 64 65 67 -68 69 -70 73 -72 -73 79 74 75 -77 -78 -79 -80 84 95 -83 -84 -85 85 -87 -88 88 -90 -91 -92 -93 -94 -95 -96 -97 -98 -99 -100 -101 -102 -103 -104 107 105 -107 -108 -109 109 111 -112 -113 -114 -115
leaf_value=0.052088616099663497 -0.069075390821851726 0.047997061792262298 0.021421683727008117 -0.042985428072091388 -0.039090685941432411 0.052446238753294357 -0.040408320917491421 0.042443456878657998 0.010474132538751641 -0.048291584592731446 0.059849179059358347 0.058343557080901866 -0.048772760259711084 -0.010648335763621923 -0.031037282142887215 0.07142675769550795 -0.041438977109568211 -0.0561626176290125 0.02944838679519178 0.073778962547438182 -0.05445261699970886 0.070681977159975859 0.055792183945210204 -0.050911462908568024 -0.047838996954114282 0.046874807322433647 0.055958112920419772 -0.055138655417385884 0.072327537396293273 0.053661180616041262 0.04015663144258582 -0.047053255709112805 -0.046092629681468739 0.073220081150990157 -0.049542375286081929 0.017159522107918986 0.058339256065194439 0.021323702141482576 0.019684256943969462 0.047858880973764069 0.06248215980929131 0.012024849376970535 -0.020945555717713341 -0.060837040848222432 0.061408118481749083 0.040340521604124983 -0.046947130737623043 0.056040098133152014 -0.029296202429198288 -0.060697568447558505 -0.037297682595082066 -0.013318164106875441 -0.011104221630207431 -0.0058258473594795801 -0.062868747928630009 -0.0095019922288865841 0.040993727764166744 0.024707993820465672 0.0020773772241529744 -0.048895309737935835 0.0031431412581804773 0.043779963227761294 -0.057428344044040264 -0.055951143932646719 -0.055088980381555769 0.046274968634806166 0.029304959551395077 -0.043861699227379175 -0.035473056586263305 0.010385570583300779 -0.030241265842663116 0.044412794630460155 0.049537885208829527 0.067535594992527814 0.0036394043668826256 0.058381881054659593 0.035914095368246877 -0.052588698829624393 -0.052880256419353899 0.039765484548973315 0.048541279642087466 -0.02539718638450637 0.062598198140525099 -0.033319326427972099 -0.071784071739752986 0.003339553410640541 -0.059294885887150491 0.017099212487558257 -0.058351275631681666 0.057194878048991003 -0.04054655172461849 -0.0065414732823974855 0.076282308254762898 0.058303311844926188 -0.060857918749252712 -0.037191470419650485 -0.013717372777312631 0.06448422785858067 -0.054703714266864149 0.028426727913808288 -0.044133434644614375 0.00035731777030689331 0.031894277066002778 0.0059883440287907142 -0.05878122605625738 0.012017473691957858 0.017340820088494181 0.040629988928703058 0.039227519930144894 0.011262603959101353 -0.062621526919308987 -0.063750866608543719 -0.014858513867048234 0.0032412263410955167
leaf_weight=4.2738342219963661 4.0708110551349819 7.1490854527801257 1.8705005971714852 1.9824944948777554 5.4365275746677133 3.2038973188027713 4.0081082361284635 4.1661749077029517 3.2863877476193073 2.219169488642363 3.9761618883349001 6.7558252471499127 6.1928779771551481 4.7602369491942227 16.656126129440963 4.8563796319067469 6.6667654709890511 2.2566012190654865 2.7179965116083649 3.9754624487832189 2.1359261493198547 10.835302656749265 2.8641909006983033 2.1953500499948859 15.174106755759569 14.036059137899427 4.2149004638195029 5.358401575125753 2.4206028208136559 3.0498696248978368 4.700104673858732 6.0545123890042332 4.0206467732787123 1.9785459437407551 2.43120191199705 5.0857471348717835 12.660107210278513 12.157038204837596 2.4582586339674872 5.3074802574701607 3.17782814335078 3.4489004863426089 3.3728167382068914 4.3909782792907199 4.7331588026136151 1.529332810081544 15.069013520376755 2.1705514676868907 2.3355183638632284 6.4208327042870224 1.668415255378932 4.8840784323401749 3.4125008219853044 19.159154536202553 4.2394417433533791 2.4890639232471585 7.7321273353882125 4.1565085700713089 37.236064529512078 4.5613421387970474 15.008826566860078 2.1831924971193075 4.1637862464413047 2.3478306762408492 8.818740767426787 2.3314052205532798 2.0553708965890101 2.9195450237020841 14.610545942094182 5.845356771722436 4.0108321672305456 8.7245634053833765 4.7201117575168672 4.9504571822471908 7.9257169412449038 4.3124466156586996 4.1069660019129506 4.3736513322219306 3.2433442687615734 3.7874143030494443 1.733162706717849 6.5283594951033583 3.4720907895825777 4.5050844801589847 1.8283775364980082 7.2130009364336729 7.2068592850118902 3.1143309548497191 8.557299620471893 1.5599329965189097 2.8671828173100939 5.1838223147206017 3.6612977357581258 2.0378137547522766 12.852620374877004 1.893597339745609 3.1409648223780087 6.4152829064987591 2.3501836527138948 3.7097444264218211 2.1863315561786294 2.6847938932478455 1.6896641126368193 3.028769263997674 3.8237729743123055 11.593967569526288 2.5364375011995408 4.0875729047693303 6.5736643681302649 2.5168467098847032 3.4696472361683908 2.1065870611928403 7.173541961936281 3.3562089344486594
leaf_count=36 59 71 55 45 142 50 65 99 69 58 80 54 77 89 403 70 169 64 61 58 40 159 38 60 276 170 52 54 50 30 64 85 80 31 81 69 123 221 42 67 39 47 38 104 67 22 460 38 77 127 29 153 56 288 52 58 111 76 692 62 181 33 133 70 170 33 45 64 307 131 86 144 76 28 109 59 44 90 48 52 60 123 52 85 27 172 161 47 159 47 34 130 94 53 370 62 47 98 49 80 41 66 32 69 67 316 58 70 110 69 104 55 138 87
internal_value=-0.000261384 -0.00424561 -0.00657077 -0.0110027 -0.00903874 -0.00465911 0.0127308 -0.0214399 -0.00861763 -0.0158958 0.0148332 -0.000469166 -0.00309761 0.0298755 0.00227852 0.0139503 0.00789008 0.0147918 0.0290435 -0.00434087 0.0192217 0.0383827 0.0512651 0.00943301 -0.0338728 0.0142661 0.00687958 0.00416537 0.0170648 -0.00886613 -0.00128362 -0.00695299 -0.000858687 0.0381703 0.00567091 -0.0218769 0.0245009 0.0145229 0.0401197 0.0171674 -0.00795869 -0.0319938 0.0196394 -0.0362637 0.00856574 -0.0306627 -0.0366591 -0.00511208 -0.0068218 -0.0357507 -0.00245439 0.0222939 0.0289191 0.00327848 0.00579007 0.0370336 0.00203892 -0.0174585 0.00880174 5.54018e-05 -0.00905338 -0.0357902 -0.012963 -0.00356468 -0.00202983 -0.0079974 -0.0390776 -0.00308685 -0.0161457 0.00781486 0.0125881 0.0186277 0.00724936 0.0122039 0.0208934 0.00963572 -0.00327905 -0.0164494 -0.0123084 0.0158184 -0.0290208 0.000662324 0.0172116 -0.00604789 0.00328848 -0.0120843 -0.0328825 -0.0214034 -0.0382185 0.00553358 0.00157867 0.0161156 0.0458639 0.0152942 -0.0471317 0.00382609 0.0290849 0.0363441 -0.0167973 0.00340887 -0.00341929 0.0347974 -0.0221594 -0.00784506 -0.0161812 -0.00235434 -0.0284847 0.00539943 -0.00280388 0.0134735 -0.0307817 -0.0231394 -0.0328583 0.0341112
internal_weight=612.906 469.09 397.056 264.563 243.697 180.142 143.816 63.555 33.6024 29.4363 9.55154 144.922 133.406 11.5161 132.493 51.3615 46.5052 40.2437 23.0558 17.1879 10.5211 20.7992 15.8948 5.05954 20.8663 139.808 81.2486 77.0337 38.7116 38.322 32.9636 29.9138 127.213 8.38521 4.40975 35.2191 58.5597 35.7836 22.776 10.1159 14.0704 7.51971 6.55064 6.26148 72.0337 19.8847 18.3554 81.1318 78.9613 10.3163 68.645 12.2516 10.5616 23.8593 67.7599 7.22222 60.5377 15.5695 44.9682 24.6756 19.5702 29.9526 9.97374 116.652 112.631 79.9991 10.8741 69.125 31.4475 37.6775 32.6321 28.6213 19.8967 34.7579 25.6692 20.7188 16.4063 12.2994 9.0887 17.5489 7.79055 16.8369 10.3086 6.83649 12.8288 9.04138 23.9642 16.7574 11.6716 3.89545 11.2549 8.38772 7.36753 3.70623 19.9788 3.62676 21.7133 18.5723 4.80844 5.69224 4.90433 5.1054 7.12619 56.3934 34.6103 17.9542 6.36021 21.7831 17.6955 11.1971 6.49842 4.62343 11.413 7.33237
internal_count=11397 9400 8170 5200 4799 3092 1997 1707 875 776 225 2442 2299 143 2970 1031 961 802 423 379 210 359 257 98 401 1932 1102 1050 529 521 467 437 2222 170 112 650 830 549 281 158 183 106 77 159 1230 551 529 1939 1901 251 1650 329 127 352 1194 125 1069 266 803 359 243 832 288 2095 2015 1388 215 1173 600 573 627 541 397 509 330 302 243 199 179 327 255 293 170 118 251 199 436 275 206 124 214 180 176 82 544 122 366 319 91 125 102 116 174 1321 844 441 125 477 407 234 173 124 190 167
is_linear=0
shrinkage=0.0534619


Tree=19
num_leaves=115
num_cat=0
split_feature=31 3 2 3 29 33 5 18 15 26 26 29 17 31 29 23 19 19 8 1 28 14 26 10 24 18 14 6 23 18 8 26 1 1 25 12 7 17 15 22 18 5 10 14 10 31 2 15 28 18 29 1 8 22 2 25 5 3 13 10 10 18 23 32 17 15 32 26 17 19 19 17 6 28 8 8 17 29 25 18 17 17 29 31 10 17 1 1 18 10 23 14 1 1 23 33 25 19 8 19 8 15 19 6 28 25 33 7 8 23 22 3 19 2
split_gain=6.58764 3.93802 5.58862 4.92308 3.71173 3.79809 3.27403 5.68822 4.15314 4.00378 5.85086 4.47414 4.32487 3.2206 3.02026 2.92086 3.81423 2.73256 2.705 3.19394 8.15684 3.06758 2.76463 2.64599 3.03603 4.45686 3.7262 3.75301 3.2059 6.30096 7.52397 6.57873 5.75435 6.48457 3.47226 2.99904 3.09306 3.29136 4.41987 2.9009 3.07006 2.66474 2.53534 2.4988 2.47282 3.23236 2.35181 3.43708 3.06823 2.91193 3.70406 2.31079 2.26543 2.31067 2.23187 2.52169 2.53365 2.81357 3.57499 2.22921 3.96157 2.42311 2.21056 3.64496 3.34367 2.46869 2.20446 2.18458 2.32622 2.8093 2.93493 2.1712 2.45397 2.21925 3.05657 2.13927 3.05737 2.13819 2.50688 2.13699 2.29178 2.09247 2.07063 3.14095 2.04606 4.14367 2.04391 2.25345 2.57603 3.04273 2.01206 2.4161 1.99541 3.03204 3.18435 2.93513 2.78437 3.32392 2.66416 4.93106 2.59321 2.16324 2.82061 2.43967 3.29444 3.54006 3.17805 1.962 1.95679 2.20511 1.90212 1.89821 1.89088 2.749
threshold=52.121682881290447 -0.077281483154721928 1.8899999999999999 -0.11069933370026312 -209.86520500711239 -1.3254405016271735 0.32500000000000023 0.0033271059257392317 137.3635032556115 0.16165193214689103 0.15346350132809974 -1129.9169720328805 0.74786541374350624 119.31887402879705 -638.42825463589975 3.9914950357608565 1.566478040637967 0.32692813615201494 0.0070374502008389425 -0.058514160730340929 -0.26831825859288055 -0.06673952797032702 0.20040098279322735 0.0027387553346696885 0.01185783846840416 0.0053889180221787887 0.010718274353007972 0.01020434726018488 1.3946369128124434 0.0029374486986901878 0.024766370244331853 0.11779930709427983 0.18228713070275351 -0.11255519281524005 -0.0073583111235112067 3.2500000000000004 1.7500000000000002 -0.59999372940228601 266.06655573946324 -2.0020779114413725 0.0077730250337921967 0.050000000000000162 0.0035326991212765346 -0.0013088402449469569 0.004497497889903993 41.262675677723678 -12.325000000000001 141.30245086102371 -0.39330357503840135 0.0072894377992226648 -709.57333207317879 -0.091838730914398578 0.00578075436463674 -4.1662646770492957 -1.365 -0.0057889403846542722 0.29999999999999943 0.038666569962342863 0.0034962569791332576 0.017245782695495659 0.012897319683517211 0.0019506703911600267 6.874831274942501e-16 0.41357142857142865 0.61935609252336776 463.70258810609681 0.54547619047619056 0.15114359698341392 0.68091867890660762 0.68377156421558649 0.89768390079537097 0.64602986320880829 0.052631578947368383 0.11104162212521324 0.026410857019662625 0.0045323608853083371 0.28471555736837401 -386.08022128277344 0.0022210468727251746 0.0036629908816679323 -0.16444202108324449 0.21794262420547691 -2169.7537449860988 97.508844620509507 0.012143395635146251 0.19402129402125803 -0.16088165292135817 0.1251002802755912 0.0023786765212788245 0.008202152339427041 2.7853620526986824 0.025397665140830975 -0.036936961816431406 -0.026669974074192634 5.3959071111550143 2.0499056457666325 -0.012197163068674853 0.82578347434284161 0.0027819803665245658 0.54471867355517156 0.0045323608853083371 170.64593308693861 0.76999181707183906 0.10880902043692742 0.08667782203821621 -0.0012620963707700159 -0.075119938971434333 6.7500000000000009 0.0065155253384782275 2.9066879808368689 -3.9804692013195044 -0.053975625167545775 0.77569591083209233 -1.365
decision_type=8 2 2 2 8 2 10 2 10 2 2 10 2 8 10 8 2 2 10 2 2 10 2 8 2 2 10 8 10 2 8 2 2 2 2 2 2 2 10 10 2 10 8 10 8 10 2 10 2 2 10 2 8 8 2 2 10 2 8 8 10 2 10 2 2 8 2 2 2 2 2 2 10 2 8 10 2 10 2 2 2 2 10 10 10 2 2 2 2 10 8 8 2 2 10 2 2 2 10 2 8 10 2 10 2 2 2 2 8 10 8 2 2 2
left_child=1 2 14 -4 5 77 23 8 -8 10 12 18 15 59 42 16 -9 -7 21 20 -20 -11 -21 43 25 28 54 -28 29 30 -25 -32 33 -31 -34 67 -37 38 -38 81 -41 -30 -1 -2 -44 -46 -19 48 -48 62 107 -22 53 -16 -26 -56 57 58 -57 60 61 -10 63 -49 111 92 -50 -29 69 -69 -71 73 -73 74 86 76 -45 78 -3 80 -75 -27 -23 -84 85 -24 -43 88 89 -88 91 -63 98 -94 95 101 -96 -98 -64 -100 -101 -95 103 106 105 -105 -103 -51 -89 -110 -83 -65 -35 -114
right_child=6 4 3 -5 -6 17 7 9 13 11 -12 -13 -14 -15 52 -17 -18 46 19 22 51 82 84 24 26 39 27 35 41 32 31 -33 34 112 -36 36 37 -39 -40 40 -42 71 44 75 45 -47 47 49 66 50 -52 -53 -54 -55 55 56 -58 -59 -60 -61 -62 90 65 64 -66 -67 -68 68 -70 70 -72 72 -74 79 -76 -77 -78 -79 -80 -81 -82 110 83 -85 -86 -87 87 108 -90 -91 -92 -93 93 94 96 -97 97 -99 99 100 -102 102 -104 104 -106 -107 -108 -109 109 -111 -112 -113 113 -115
leaf_value=0.040381784399006984 -0.036758498180046437 -0.012840963696208414 0.056555125747036444 -0.017712021410437487 -0.034437653806971412 -0.032425535131160636 0.074824179048624206 -0.030106778074611297 -0.032972765284394433 0.043012725678616345 -0.072989669748085573 -0.036290437189834303 0.051218488516429038 -0.046413850939782397 -0.027585698870027004 0.02833042805647128 0.045065188942743008 -0.033982226904495032 -0.070970301377889192 0.08248181357091347 0.066157079848144729 -0.064226326716310567 -0.039857158733304504 0.040466056840160892 -0.05015033567563066 -0.012908865706958213 0.061077502822124888 -0.056384087392853478 -0.059922601922153026 -0.029157963767188211 0.041871787078529336 -0.061778017523010133 0.016493679860874237 0.055668876710981238 -0.060161929060303022 0.035924315744575802 -0.027401963378053732 -0.023754908758585495 0.055702969067206683 -0.015541283141065402 0.058098749472931518 0.031412908997346681 -0.067524721947432864 -0.033353433490704548 0.035790030627816896 -0.034790045282368003 0.060024497887659414 -0.021082602446443742 -0.020201283348451754 0.041129897704887328 -0.053274371170845693 -0.0067425294420577356 -0.0011050885177581714 -0.077859616693124717 0.033371603606828136 0.043455536564862174 -0.042726763829993415 -0.025218734402787459 -0.0039141681396028249 0.062129565551636359 -0.037963978855115675 0.062421838228712251 0.067589778274724233 -0.0019197415569358362 -0.014797631678470875 -0.030801104575808768 0.028786312411703343 -0.053297151844147364 0.027007308831315129 0.040280686397028462 -0.052723619097919144 0.058077642100419366 -0.014208818276881991 -0.027133935491050115 0.052441766469777586 0.052070059288105576 0.043771537548139179 0.062212376973973874 0.044852436757163605 0.053682061631931892 0.032336620018787732 0.0083352916195999112 0.016768365252164567 -0.068358734130560678 0.061711678183861883 0.04958273561657256 0.032719567530745799 0.047667268452450118 -0.036310699282333818 -0.056152541899013149 -0.015671287306553854 -0.010596375112771056 -0.040282291741279432 -0.027757244133169247 -0.01514389995687093 -0.055613234486798398 0.068026699706784835 0.012311706208268044 0.049141209804627856 -0.0524480315811812 0.0076510400119759424 0.058455650476961017 0.032469454156414806 0.047891023461958469 -0.053790574051183974 -0.029587746223247391 -0.010797796460461887 -0.018039092930872847 0.01200302352209937 -0.046808363410179819 -0.046442991147157095 0.048351571260046154 0.059034482760643076 -0.0072886694515531215
leaf_weight=2.9963473621755812 2.0873595634475359 3.6568231643177551 5.9199585979804397 4.4312257519923133 4.9864152783993623 4.2513976749032727 4.1441558925434974 19.74348130170257 1.5379550738725871 2.8208810631185761 4.5762726161628953 5.4712653411552301 3.0910427668131879 2.0655417651869348 5.8404036047868431 3.702051429077982 2.1014693202450863 3.2271735966205588 2.8720074822194874 3.7178363506682244 3.4277889616787434 2.2680530105717471 2.6832141331396979 4.6521508623845849 2.4640720495954147 21.407663060352206 1.5294794775545586 10.688602988375353 2.4732991587370625 3.7742146234959355 2.1677356362342843 8.5352451633661968 3.5933654867112637 16.95769251277671 3.1227467004209748 3.0718155270442358 3.5730908764526239 49.588401107350364 3.6686162920668721 3.9159906785935155 2.7014008304104209 2.3734029727056543 2.0236236779019228 2.9598613712005282 3.4915621075779208 3.8665550081059337 7.1666858531534698 4.2118818769231465 3.4036478018388143 2.9002442443743348 4.7370223631151003 1.9220382738858441 3.5383233791217217 4.8101985268294811 6.0931849568150929 6.9012805405072903 4.1657504774630061 7.8822044134140006 13.212279785890134 3.4187230831012121 3.2009226470254353 6.8903443771414397 3.2211736179888204 2.4589199237525525 3.5126328915357581 4.7006562943570307 11.072758876718579 7.2212683034595084 2.1289561884477726 2.3595970980823044 1.5882724118418989 3.2037216471508136 2.2642035372555256 4.0687061608769 1.9090891890227784 5.0151291280053556 2.8398112049326301 6.089966111117973 5.1357435369864106 2.8806257098913193 3.3329767812974733 2.0851664124056697 4.7841398124583057 1.6274576350115237 3.2209173571318388 3.2062063589692116 3.6111171827651658 2.0939253810793135 20.426063243532553 1.537161326035857 1.6279892004095025 1.5766755077056611 4.1020165681838909 5.4992459518835082 3.4210295141674569 2.610279692336916 5.8939896523952466 6.3786736126057804 7.0277416259050396 2.79264302877709 7.4144703438505539 3.38390381494537 9.4962003389373404 2.9930501137860031 4.5614096038043499 3.7549972669221532 4.2113445624709192 3.4812386119738221 4.8022947628051051 2.8835421865805984 13.075632475316523 16.467169625684619 3.2156675364822149 3.9351396821439257
leaf_count=58 35 61 64 77 98 69 59 451 60 52 74 152 55 60 85 94 52 35 72 42 58 63 84 104 50 489 10 310 40 48 15 187 30 193 51 77 88 1137 62 98 46 89 32 57 58 73 124 52 41 58 55 48 62 51 144 196 121 179 262 25 75 137 33 26 37 81 112 245 52 56 52 98 71 84 44 88 40 83 71 95 106 40 112 48 81 42 90 42 470 34 45 48 55 59 40 32 93 71 114 40 113 68 145 52 65 62 50 57 96 71 288 219 19 78
internal_value=-0.000388796 0.00735084 -0.00845229 0.0248036 0.0108209 0.0122122 -0.0045055 0.00406706 0.0262879 -0.0035721 -0.0171239 0.00826837 -0.00810421 0.0162564 -0.0214319 -0.0153547 -0.0228014 0.00962205 0.0157967 0.0271724 0.00112339 -0.00503559 0.0438034 -0.00733462 -0.0084373 -0.00332054 -0.0145587 -0.0209006 0.00249253 0.0124101 -0.0160582 -0.040697 0.025052 0.0357452 -0.0192731 -0.0224247 -0.0160065 -0.0188386 0.0147552 -0.0178249 0.014668 -0.00607036 -0.00210249 0.0162948 -0.0157966 -0.00126938 0.010872 0.0119096 0.031494 0.00834434 -0.0176613 0.0400856 -0.0382331 -0.0505064 -0.00124456 0.00195072 -0.00403185 0.00177348 0.0123862 0.02344 0.0143738 0.0288654 0.0110254 0.0243821 0.0329436 0.00664455 0.0172363 -0.0383952 -0.0238029 -0.0335599 0.0026813 -0.0036224 0.0282346 -0.00713393 -0.0128758 0.0266425 0.00443005 0.0379294 0.0208935 0.0149527 -0.000308133 -0.0237176 -0.0207895 -0.00510599 0.0277179 0.0088189 -0.0162357 -0.0194694 -0.0278054 0.0059351 0.0383903 0.0488241 0.00895386 0.00374926 0.0072393 -0.00142035 0.0273464 0.0392114 0.0232389 0.0148071 -0.00891836 0.00280856 0.00876167 -0.00318343 -0.0189025 0.00483766 0.0201829 0.00891996 0.00234104 -0.0101718 -0.0388987 0.0418232 0.045942 0.0226793
internal_weight=590.878 205.141 36.9182 10.3512 168.223 163.236 385.737 95.6984 24.4623 71.2361 33.2143 38.0218 28.638 20.3182 26.567 25.547 21.845 148.354 32.5505 21.05 8.22183 11.5005 12.8282 290.039 277.137 151 126.137 85.4181 107.814 49.954 15.3551 10.703 34.5988 27.8827 6.71611 83.8886 59.9019 56.8301 7.24171 43.1859 6.61739 57.8601 12.3781 12.9022 9.38174 7.35812 144.102 140.875 21.6431 119.232 11.1185 5.34983 14.1889 10.6506 40.7188 38.2547 32.1615 27.9958 20.1136 18.2526 14.8339 11.633 108.113 26.6506 22.4387 81.4628 14.4764 23.9867 13.2981 11.1691 3.94787 55.3868 5.46793 49.9189 39.6366 10.8148 5.79967 14.8825 8.79257 10.2823 7.40168 36.5685 8.67965 6.4116 9.11034 5.88942 37.7275 35.3541 25.5743 5.14828 10.095 8.46702 76.7622 56.3061 52.2041 36.5104 15.6937 12.2727 20.456 17.2349 10.2071 33.9002 28.4009 18.9047 11.3095 6.74805 7.59525 6.38148 9.77976 7.68584 15.1608 18.9261 24.1085 7.15081
internal_count=11397 2931 560 141 2371 2273 8466 2089 509 1580 726 854 652 450 419 597 503 2058 702 427 178 275 249 6377 6157 3116 3041 2089 2155 725 306 202 419 338 81 2079 1364 1287 150 961 144 1430 221 220 163 131 1989 1954 277 1677 170 106 198 136 952 902 758 637 458 390 365 290 1507 334 282 1173 153 715 405 353 108 1390 169 1221 936 185 97 215 132 285 190 817 223 160 207 126 892 803 594 124 230 185 1092 792 737 533 204 164 300 267 153 501 442 297 179 114 118 115 209 167 328 245 290 97
is_linear=0
shrinkage=0.0534619


Tree=20
num_leaves=115
num_cat=0
split_feature=11 11 15 13 14 29 12 8 4 16 3 4 26 3 3 6 14 15 3 29 14 17 27 27 0 29 30 14 6 3 1 28 28 26 11 0 15 14 5 13 30 11 25 21 16 29 3 0 18 18 8 26 19 14 29 30 28 28 26 30 14 16 29 8 21 0 14 4 13 8 1 28 18 13 26 13 21 30 1 15 18 1 11 29 30 14 31 5 11 17 7 8 11 3 25 27 14 4 21 1 18 16 14 30 27 15 8 14 27 29 1 25 8 14
split_gain=6.31791 2.48274 3.83223 3.77829 2.47185 2.35252 2.9488 4.84873 3.91925 4.6737 2.97798 4.00433 3.72522 2.66203 2.39661 2.32448 4.32487 3.79903 3.98379 2.25311 2.13316 2.09645 2.07982 2.36378 2.18719 2.01733 2.96952 2.11663 2.00959 2.01113 3.78076 3.26976 3.11829 3.4818 3.02872 2.70847 5.07972 3.43699 2.70193 2.66766 3.23603 2.73186 2.64178 2.51155 2.46671 3.29832 2.42441 2.26832 2.19398 2.32921 2.18366 4.21508 3.75103 3.59923 3.57304 3.40665 2.70308 4.87998 2.78137 2.30891 2.29117 2.18736 2.14783 2.10096 2.09679 4.15895 4.08224 4.37496 3.53682 2.0437 3.74576 3.03117 2.00238 2.89284 4.18472 5.59918 4.79556 3.42079 2.82142 1.99384 1.96476 1.95305 2.60281 1.93665 2.23618 2.7309 3.11879 4.31761 4.81517 3.46002 2.86302 2.711 2.57293 2.10529 3.13919 2.03015 1.95809 4.13399 1.93471 2.15979 1.93323 1.93061 2.23018 3.29993 3.74921 2.72392 2.94708 1.88546 1.88321 1.87506 1.86533 2.52057 1.8549 1.83505
threshold=0.02176911227577873 -0.00052564651191880352 75.920756738204773 0.0071371379586731495 -0.0019817139857750683 -465.43735277743997 7.5000000000000009 0.00158283526576017 5.5000000000000009 -0.042468589616146073 0.039684878402802111 10.500000000000002 0.24058767090191097 -0.022676695958401823 0.090314628048601034 0.11251780344991295 0.028507308970851578 249.70758697567868 -0.045059979839831225 -2492.6091429055018 -0.080656076349567965 -0.88559074723824005 0.026731189223507149 0.0015438896871026178 -0.010960520774694114 -1207.1412415315108 -803.77350291271512 -0.00080452540336412015 0.093143752259308432 -0.023883023089714902 -0.0084413634443409862 -1.2910053064197025 -0.51515779701729769 0.16300530345975636 0.00031438101048740513 -0.18093018907012257 378.5957248369736 -0.014117013014835198 0.39999999999999974 -0.00051420377424196326 -1055.9283716187165 0.012996966569299622 0.005818994449804272 4063.2499999999532 -0.048086286282556227 -825.44527811270018 -0.025556314589981751 -0.43130329679318963 0.0089975478349953401 0.0036204250901761092 0.010698956437703806 0.15835867426942199 0.82914043342357113 0.017068559970572859 -1664.0588107944195 -1013.133972643059 0.32763112391044608 -0.012371041523923503 0.23162213410769858 -102.81109878939749 -0.019095442887638005 -0.0078733534611908334 -1142.9200822865378 0.011533005188540597 95.499999999994557 0.15242650957589046 -0.0019817139857750683 1.5000000000000002 -0.0028442161117308916 0.016020112816435183 -1.0000000180025095e-35 -0.19835324111142685 0.0043065186257361656 0.00022758102839372167 0.13327997215457807 0.001095699225490409 4257.9999999999754 -174.39926417875856 0.055104109187259949 128.40655097062952 0.0036629908816679323 0.072864369164959322 0.0032787815980759656 -209.86520500711239 -14.391479190012786 0.023188226511358687 63.844133412075394 0.9750000000000002 0.015104166460477549 -0.39039063637686294 2.2500000000000004 0.0031222570083377786 0.0026779184142677608 -0.089873117994747273 0.0027554314470590317 0.014567076674234182 0.0053281575726876482 6.5000000000000009 5418.5000000000264 0.30575517464424312 0.0019619351223447387 -0.065936207254567655 0.022914398253703481 -233.37312265590774 0.00029371694539181986 202.19221577215703 0.0041173393378842868 0.012566695342035654 0.0025632182278446662 -1283.7194158831173 -0.12155772511119249 -0.027426109230427816 0.0073608999846103357 0.0021429135661256153
decision_type=10 8 8 10 10 10 2 10 2 8 2 2 2 2 2 10 8 8 2 10 8 2 2 2 2 10 10 10 10 2 2 2 2 2 8 2 10 10 8 10 10 10 2 10 10 8 2 2 2 2 10 2 2 8 8 10 2 2 2 8 8 10 8 10 8 2 8 2 10 8 2 2 2 8 2 8 8 10 2 8 2 2 10 8 8 10 10 10 10 2 2 8 10 2 2 2 8 2 10 2 2 10 8 10 2 8 10 10 2 10 2 2 10 8
left_child=1 3 110 4 -1 6 7 -2 9 -9 12 -12 -8 -11 -13 17 101 18 -7 -10 -4 -22 23 25 -25 -21 -27 -28 29 30 31 -23 -32 -34 38 44 37 39 -31 41 -41 48 -38 -43 45 109 47 -33 49 -37 51 54 55 60 -49 -52 57 58 63 112 -53 -56 -63 -57 65 -62 -66 -68 -69 -46 71 -71 98 78 76 -76 113 81 -74 -35 107 -77 -83 84 85 86 90 89 -89 -88 -30 -87 -92 94 -94 -93 97 -95 99 -39 -86 -17 103 104 -103 -105 -107 -81 -20 -36 -3 -112 -55 -75
right_child=5 2 20 -5 -6 15 10 8 19 13 11 14 -14 -15 -16 16 -18 -19 108 22 21 28 -24 24 -26 26 27 -29 83 34 32 46 33 79 35 36 42 72 -40 40 -42 43 -44 -45 69 -47 -48 50 -50 -51 52 53 -54 59 61 56 -58 -59 -60 -61 64 62 -64 -65 66 -67 67 68 -70 70 -72 -73 73 74 75 77 -78 -79 -80 80 -82 82 -84 -85 100 91 87 88 -90 -91 92 95 93 96 -96 -97 -98 -99 -100 -101 -102 102 -104 105 -106 106 -108 -109 -110 -111 111 -113 -114 -115
leaf_value=-0.07519315201130175 -0.063278285216386287 0.070168893650567776 -0.049280209626787981 0.01168636826622807 -0.021228731870854407 -0.084097924815264916 0.048115641285174995 0.044920145173670913 -0.032304152376996152 -0.053686503028299429 0.036238948631043176 -0.063094490313410773 -0.0035376533321218517 -0.0048467929795488768 0.0072499075287615154 -0.030370323748818737 0.046307251549461595 0.022850638086465484 -0.042766346664309125 0.037321855380474313 -0.040619633738058547 -0.048941229267184236 -0.011515114953819582 0.020320201243956736 0.064558700080925374 -0.045008744709472033 0.046076532323672655 -0.0049394556996855462 -0.058248879334193995 -0.048730176141668476 0.051444409595665791 0.042447677088569898 -0.030915069524299229 0.076913292010406809 -0.048703882600323052 -0.014461792098527677 0.040479450137784888 -0.017641183244516113 0.0073386302248564421 -0.054022872765081421 0.036622389873941029 -0.05427599168858166 -0.021467156180021138 0.022965152372124674 -0.021691308690301558 -0.067198217093773396 0.058867939842892451 0.027910801312454457 -0.022873481321994286 0.036080833839257205 0.07974261009441963 -0.039213030208592646 -0.059510606167868768 0.042284561808629204 -0.042706130954634977 0.070735575399706457 0.041898845805401534 -0.044358271813286013 -0.053496761059695357 -0.052948552287508353 0.021775400130225615 -0.057210854857583926 -0.0040595059272283155 0.01108546762856682 0.075029294307614694 -0.076690590969251279 0.061385533684855345 -0.044717681363220706 0.040678649091008816 0.06160662313830053 -0.053393541034894937 -0.018732054832358087 0.028489050709681329 0.015525674462747283 0.061441372576367961 -0.048810154130519576 0.049996285083098967 0.035300882662792347 -0.049057960361907592 0.069710951951619304 -0.021295574734105871 -0.033618512859070582 0.030911468598327833 -0.045917191393161624 -0.0031457549336733497 0.03531741887795381 -0.014260658307852933 -0.048382244477418658 0.062264901857265728 0.060635954620085766 -0.055535700038022384 -0.047561902068064162 -0.0488846996204471 0.040260050288321324 0.015514800305603073 0.011043263276735302 0.019814793531611391 -0.020374211024643315 0.025272483789640299 -0.067112528665887322 0.050063794840871659 0.021682985556965621 -0.0377784253481908 0.070979697914912349 -0.056780477571477035 -0.029224835953878373 0.040684335652661309 0.0042887894696727819 0.01869951153435797 0.04250597607915705 0.061343849818841598 -0.0026464401192285271 -0.027946130637493759 -0.07097768492979642
leaf_weight=4.2100659236311904 2.6497579161077729 2.3556989170610896 2.8906036182306707 5.254130184184759 5.7805650765076271 3.4162916494533411 18.687600455246869 3.2613185229711235 2.245554535649716 5.6632946808822471 5.2965340642258507 2.7879798240028322 5.0591687597334376 7.2724836058914661 2.6922943834215403 5.5980600370094171 6.386966353282328 4.1140493592247376 2.717892354819921 7.4382765910122517 4.2654481669887891 4.3888312177732578 4.5094107580371192 5.8552861213684082 7.1562687498517317 2.8829659163020525 3.9820082033984319 5.4834164278581836 2.2615226600319138 9.2393257648218388 6.5097039211541441 2.9919473752379409 4.6584244733676305 1.7080829129554302 1.0537932752631607 3.0413502608426013 10.267608162946997 54.413804855430513 3.3232968635857114 3.6644737706519663 1.5830011167563345 2.7874022847972801 2.4025331302545956 2.0618374012410641 18.400966807734225 5.8935005464591068 1.795457184780388 3.4528100318275392 2.6571157490834585 17.290705604478717 1.8669968955218781 1.9464288786984978 2.3123415801674119 1.8534037177450953 16.14045047108084 1.8212819800246567 5.0842712442390612 5.6861735282000181 1.721266843844204 4.2618612837977725 4.4845691206865075 2.6327100824564695 11.707407496869566 18.600585111184046 4.3725179545581341 1.6423083469271658 3.3205344546586257 3.8997338032350006 2.1009887061081765 3.6696844887919724 1.8908026684075583 2.0769336018711329 1.69597582379356 1.2930116709321708 2.7165006697177905 7.7722511258907634 8.6924463892355561 2.6593162338249376 5.9646066729910672 2.2501627346500763 2.8863281575031579 5.0092493100091815 2.726559582632035 2.1400195383466771 3.0149146777112019 1.9194664494134457 2.1822552755475053 3.5226715179160228 1.6036968091502783 8.8035492831841111 2.0406689140945664 7.1751153457444161 4.582630922086528 4.3536181543022563 4.0354570681229234 2.1848403844051063 24.412373769097023 11.931805030675603 2.8024929836392394 2.6146349133923641 5.4492326390463859 3.5680564492940947 2.9340230757370618 3.3200379107147482 3.3277684664353728 2.8601745809428403 4.2133860546164215 2.8195083751343191 2.9106415188871324 1.5287519972771404 2.468515974469482 5.8730367561802259 2.4474697750993073 1.4567201388999822
leaf_count=95 30 29 73 63 160 32 158 60 37 96 73 27 61 132 48 88 72 45 36 175 109 104 92 114 118 57 74 96 39 297 83 50 140 29 38 56 221 1221 67 110 62 53 55 38 419 118 31 97 80 278 23 53 72 39 331 28 142 157 83 110 141 56 206 443 50 23 26 83 52 58 53 67 32 40 40 201 84 64 130 27 87 77 94 49 65 12 53 104 19 160 40 150 61 66 82 61 404 212 62 43 98 35 34 32 42 46 62 64 39 52 35 117 79 39
internal_value=-0.000684384 -0.00376364 -0.00301634 -0.0249423 -0.0441881 0.00930454 0.014175 0.00684168 0.010219 -0.011907 0.0265546 0.00321555 0.0371182 -0.0263367 -0.0287089 -0.000672382 0.00706049 -0.0195738 -0.0388998 0.0192857 -0.00381728 -0.00349941 0.0224251 0.0271035 0.0447822 0.0154059 0.0021175 0.0166115 -0.00311434 -0.00509111 8.83098e-06 -0.00392954 0.0208791 0.00687506 -0.00856859 -0.00679299 -0.00359696 -0.00668381 -0.0339114 0.00823995 -0.0265852 0.0148372 0.028693 -0.0214882 -0.02025 -0.0452435 -0.00204973 -0.00312094 0.0225286 0.028501 -0.00448331 -0.0104434 0.00583933 0.0040347 -0.0233774 0.0102501 0.00621369 -0.000351402 0.0110024 -0.0252505 0.0155855 -0.0292199 -0.0139564 0.0165374 0.0210403 -0.00491989 0.0326452 0.0125176 -0.0147275 -0.0120532 0.011144 0.0326194 -0.011633 -0.0023634 0.00464257 -0.00959079 0.0305754 -0.0203289 -0.0318156 0.0251557 0.0137036 -0.0299417 -0.0108168 0.00387481 0.00508682 0.00234626 0.00629828 0.0268928 -0.0135329 0.0457491 9.20968e-05 -0.0220112 0.00270634 0.00516136 -0.0187816 -0.0338798 0.0102478 -0.00409897 -0.0178205 -0.0199563 0.0311693 -0.00269822 0.00499976 0.0123359 -0.0162713 0.0313176 0.0123939 0.0336647 -0.01105 0.00506793 0.0285251 0.0164749 0.00239934 -0.030612
internal_weight=587.018 448.727 433.482 15.2448 9.99063 138.291 92.9236 58.4 55.7503 16.1971 34.5236 10.7768 23.7468 12.9358 5.48027 45.3673 32.2085 13.1589 9.04483 39.5532 422.785 419.894 37.3076 32.7982 13.0116 19.7867 12.3484 9.46542 415.629 324.015 131.365 110.532 20.8322 14.3225 192.651 180.088 145.574 132.903 12.5626 33.0859 5.24747 27.8384 12.6701 4.84924 34.5144 8.47605 106.144 104.348 22.9892 20.3321 101.356 64.2632 37.0929 30.3298 33.9334 34.7806 32.9136 27.8293 22.1431 8.56273 21.7671 30.4806 14.3401 20.4219 19.8207 6.12688 13.6938 9.32126 6.00072 26.0384 7.63742 5.74662 99.8176 39.9866 32.3261 20.8839 11.4422 18.1674 7.66058 9.66408 7.956 15.5081 7.73581 91.6138 89.4738 81.0097 69.7302 16.1122 5.12637 10.9858 53.6181 11.2794 51.3566 49.3159 8.61809 9.35996 40.6978 16.2854 59.8309 57.0284 8.46415 25.8215 20.2234 17.2894 6.89582 10.3936 7.07356 5.06967 5.62853 2.58255 10.6973 8.34155 4.30087 2.74973
internal_count=11525 9514 9196 318 255 2011 1448 1081 1051 288 367 148 219 228 75 563 411 152 107 763 9015 8942 726 634 232 402 227 170 8833 7158 2909 2479 430 347 4249 3885 3080 2804 364 677 172 505 276 91 805 208 2375 2344 414 334 2294 1346 948 656 690 876 853 711 554 228 428 593 262 471 375 164 211 161 135 597 178 125 2127 801 639 476 163 436 162 207 178 372 171 1675 1626 1463 1240 336 123 213 904 223 865 825 143 211 682 278 1326 1264 163 339 251 217 77 140 108 91 75 90 181 152 118 79
is_linear=0
shrinkage=0.0534619


end of trees

feature_importances:
morning_spx_directionality=118
vix_z_60d=103
iv_at_strike_minus_atmf=99
theta=99
spx_10d_returns=96
morning_spx_rv_annualized=95
VVIX_5d_pct_change=94
vega=94
morning_spx_range_pct=93
spx_realized_skew_21d=89
gamma=80
iv_term_slope_5d_30d=79
spx_252d_rv=77
VIX_21d_pct_change=75
morning_atmf_iv_pct_change=73
morning_vix_change=73
days_until_next_pce=72
VIX_5d_pct_change=71
entry_bid_ask_spread_pct=70
gamma_x_morning_spx_rv_annualized=70
theta_x_atmf_iv_5dte_percentile_252d=59
rom_roll_std_30d=58
spx_1d_returns=58
spx_5d_returns=58
rom_roll_skew_30d=55
iv_at_strike_minus_atmf_x_VIX_VIX9D_spread=53
leverage=52
vix_pcr_21d_avg=50
VIX_VIX9D_spread=48
prior_day_strategy_drawdown_max_5d=40
entry_bid_ask_spread=36
iv_at_strike_minus_atmf_wd_rank=34
entry_bid_ask_spread_pct_wd_rank=29
win_rate_30d=27
gamma_x_dte=17

parameters:
[boosting: gbdt]
[objective: lambdarank]
[metric: ndcg]
[tree_learner: serial]
[device_type: cpu]
[data_sample_strategy: bagging]
[data: ]
[valid: ]
[num_iterations: 2000]
[learning_rate: 0.0534619]
[num_leaves: 115]
[num_threads: 4]
[seed: 20260830]
[deterministic: 1]
[force_col_wise: 0]
[force_row_wise: 0]
[histogram_pool_size: -1]
[max_depth: -1]
[min_data_in_leaf: 37]
[min_sum_hessian_in_leaf: 0.001]
[bagging_fraction: 0.722866]
[pos_bagging_fraction: 1]
[neg_bagging_fraction: 1]
[bagging_freq: 2]
[bagging_seed: 3520]
[bagging_by_query: 0]
[feature_fraction: 0.740131]
[feature_fraction_bynode: 1]
[feature_fraction_seed: 25582]
[extra_trees: 0]
[extra_seed: 14767]
[early_stopping_round: 0]
[early_stopping_min_delta: 0]
[first_metric_only: 0]
[max_delta_step: 0]
[lambda_l1: 0.00233315]
[lambda_l2: 0.0394439]
[linear_lambda: 0]
[min_gain_to_split: 0]
[drop_rate: 0.1]
[max_drop: 50]
[skip_drop: 0.5]
[xgboost_dart_mode: 0]
[uniform_drop: 0]
[drop_seed: 20645]
[top_rate: 0.2]
[other_rate: 0.1]
[min_data_per_group: 100]
[max_cat_threshold: 32]
[cat_l2: 10]
[cat_smooth: 10]
[max_cat_to_onehot: 4]
[top_k: 20]
[monotone_constraints: ]
[monotone_constraints_method: basic]
[monotone_penalty: 0]
[feature_contri: ]
[forcedsplits_filename: ]
[refit_decay_rate: 0.9]
[cegb_tradeoff: 1]
[cegb_penalty_split: 0]
[cegb_penalty_feature_lazy: ]
[cegb_penalty_feature_coupled: ]
[path_smooth: 0]
[interaction_constraints: ]
[verbosity: -1]
[saved_feature_importance_type: 0]
[use_quantized_grad: 0]
[num_grad_quant_bins: 4]
[quant_train_renew_leaf: 0]
[stochastic_rounding: 1]
[linear_tree: 0]
[max_bin: 255]
[max_bin_by_feature: ]
[min_data_in_bin: 3]
[bin_construct_sample_cnt: 200000]
[data_random_seed: 4792]
[is_enable_sparse: 1]
[enable_bundle: 1]
[use_missing: 1]
[zero_as_missing: 0]
[feature_pre_filter: 1]
[pre_partition: 0]
[two_round: 0]
[header: 0]
[label_column: ]
[weight_column: ]
[group_column: ]
[ignore_column: ]
[categorical_feature: ]
[forcedbins_filename: ]
[precise_float_parser: 0]
[parser_config_file: ]
[objective_seed: 28250]
[num_class: 1]
[is_unbalance: 0]
[scale_pos_weight: 1]
[sigmoid: 1]
[boost_from_average: 1]
[reg_sqrt: 0]
[alpha: 0.9]
[fair_c: 1]
[poisson_max_delta_step: 0.7]
[tweedie_variance_power: 1.5]
[lambdarank_truncation_level: 5]
[lambdarank_norm: 1]
[label_gain: 0,1,3,7,15]
[lambdarank_position_bias_regularization: 0]
[eval_at: 1,3]
[multi_error_top_k: 1]
[auc_mu_weights: ]
[num_machines: 1]
[local_listen_port: 12400]
[time_out: 120]
[machine_list_filename: ]
[machines: ]
[gpu_platform_id: -1]
[gpu_device_id: -1]
[gpu_device_id_list: ]
[gpu_use_dp: 0]
[num_gpu: 1]

end of parameters

pandas_categorical:[]
